[{"source": "https://www.youtube.com/feeds/videos.xml?channel_id=UCqg5FCR7NrpvlBWMXdt-5Vg", "title": "Salt and Sacrifice (Zero Punctuation)", "description": "This week on Zero Punctuation, Yahtzee reviewed Salt and Sacrifice.\n\nJoin YouTube Memberships and support our content for Early Access to new videos, exclusive Discord perks & more for just $2 per month \u25ba\u25ba https://www.youtube.com/channel/UCqg5FCR7NrpvlBWMXdt-5Vg/join\n\nJoin our growing Discord community: https://discord.gg/A6T2gKrDwB\n\nSubscribe to Escapist Magazine! \u25ba\u25ba http://bit.ly/Sub2Escapist\n\nWant to see the next episode a week early? Check out http://www.escapistmagazine.com for the latest episodes of your favorite shows.\n\n---\n\n\n\n---\n\nThe Escapist Merch Store \u25ba\u25bahttps://teespring.com/stores/the-escapist-store\nJoin us on Twitch \u25ba\u25ba https://www.twitch.tv/the_escapist_official\nLike us on Facebook \u25ba\u25ba http://www.facebook.com/EscapistMag\nFollow us on Twitter \u25ba\u25ba https://twitter.com/EscapistMag\n\n#ZeroPunctuation", "link": "https://www.youtube.com/watch?v=EhoRlrwhMiY", "date_published": "2022-06-01 00:00:00+00:00", "persistent": false, "user": null, "language": "en-US"}, {"source": "https://www.youtube.com/feeds/videos.xml?channel_id=UCqg5FCR7NrpvlBWMXdt-5Vg", "title": "Yahtzee and Jack Play Hardspace: Shipbreaker | Post-ZP Stream", "description": "Join our YouTube Membership program for Early Access to videos, badges, emojis, bonus content and more. \u25ba\u25ba https://www.youtube.com/channel/UCqg5FCR7NrpvlBWMXdt-5Vg/join\r\n\r\nYahtzee plays two hours of Hardspace: Shipbreaker for today's Post-ZP Stream.\r\n\r\nSubscribe to Escapist Magazine! \u25ba\u25ba http://bit.ly/Sub2Escapist\u200b\r\n\r\nWant to see the next episode a week early? Check out http://www.escapistmagazine.com\u200b for the latest episodes of your favorite shows.\r\n\r\n---\r\n\r\n\r\n\r\n---\r\n\r\n\r\nThe Escapist Merch Store \u25ba\u25bahttps://teespring.com/stores/the-esca...\u200b\r\nJoin us on Twitch \u25ba\u25ba https://www.twitch.tv/the_escapist_official\r\nLike us on Facebook \u25ba\u25ba http://www.facebook.com/EscapistMag\u200b\r\nFollow us on Twitter \u25ba\u25ba https://twitter.com/EscapistMag\r\n\r\n#ZeroPunctuation", "link": "https://www.youtube.com/watch?v=diEwUlgzG48", "date_published": "2022-06-01 00:00:00+00:00", "persistent": false, "user": null, "language": "en-US"}, {"source": "https://www.youtube.com/feeds/videos.xml?channel_id=UCqg5FCR7NrpvlBWMXdt-5Vg", "title": "How Halo Infinite's Composers Are Defining the Future of Halo Music | Mini-Doc", "description": "We spoke with composer Gareth Coker (Ori, Ark, Halo Infinite) on how he got involved with the franchise and what it's like to define the future of a legendary franchise such as Halo.\n\nJoin YouTube Memberships and support our content for Early Access to new videos, exclusive Discord perks & more for just $2 per month \u25ba\u25ba https://www.youtube.com/channel/UCqg5FCR7NrpvlBWMXdt-5Vg/join\n\nJoin our growing Discord community: https://discord.gg/A6T2gKrDwB\n\nSubscribe to Escapist Magazine! \u25ba\u25ba http://bit.ly/Sub2Escapist\n\nWant to see the next episode a week early? Check out http://www.escapistmagazine.com for the latest episodes of your favorite shows.\n\n---\n\n\n\n---\n\nThe Escapist Merch Store \u25ba\u25bahttps://teespring.com/stores/the-escapist-store\nJoin us on Twitch \u25ba\u25ba https://www.twitch.tv/the_escapist_official\nLike us on Facebook \u25ba\u25ba http://www.facebook.com/EscapistMag\nFollow us on Twitter \u25ba\u25ba https://twitter.com/EscapistMag", "link": "https://www.youtube.com/watch?v=KF7niypcbp0", "date_published": "2022-05-31 00:00:00+00:00", "persistent": false, "user": null, "language": "en-US"}, {"source": "https://www.youtube.com/feeds/videos.xml?channel_id=UCqg5FCR7NrpvlBWMXdt-5Vg", "title": "Slay the Spire | The Editor's Hour with Nick and JM8", "description": "For The Editor's Hour today, Nick's playing Slay the Spire.\r\n\r\nJoin our YouTube Membership program for Early Access to videos, badges, emojis, bonus content and more. \u25ba\u25ba https://www.youtube.com/channel/UCqg5FCR7NrpvlBWMXdt-5Vg/join\r\n\r\nSubscribe to Escapist Magazine! \u25ba\u25ba http://bit.ly/Sub2Escapist\r\n\r\nWant to see the next episode a week early? Check out http://www.escapistmagazine.com for the latest episodes of your favorite shows.\r\n\r\n---\r\n\r\n\r\n\r\n---\r\n\r\n\r\nZero Punctuation Merch Store \u25ba\u25bahttps://teespring.com/stores/the-escapist-store\r\nJoin us on Twitch \u25ba\u25ba https://www.twitch.tv/escapistmagazine \r\nLike us on Facebook \u25ba\u25ba http://www.facebook.com/EscapistMag\r\nFollow us on Twitter \u25ba\u25ba https://twitter.com/EscapistMag", "link": "https://www.youtube.com/watch?v=GQYVNOTAiIk", "date_published": "2022-05-31 00:00:00+00:00", "persistent": false, "user": null, "language": "en-US"}]