[{"source": "https://americanfaith.com", "title": "Tulsi Gabbard On WEF \u2018Great Reset\u2019 Agenda: \u2018Must Be Condemned By Us All\u2019", "description": "Tulsi Gabbard On WEF \u2018Great Reset\u2019 Agenda: \u2018Must Be Condemned By Us All\u2019", "link": "https://americanfaith.com/tulsi-gabbard-on-wef-great-reset-agenda-must-be-condemned-by-us-all/", "date_published": "2022-05-31 20:57:41+00:00", "persistent": true, "user": "rumpel", "language": "en", "tags": ["tulsi gabbard", "world economic forum", "great reset", "wef"]}]