[{"source": "https://www.youtube.com/feeds/videos.xml?channel_id=UCR-DXc1voovS8nhAvccRZhg", "title": "Hiding Macs in my Rack!", "description": "I rackmounted my Mac Studio and M1 Mac mini so I can boot macOS and Asahi Linux\u2014at the same time.\n\nSupport me on Patreon: https://www.patreon.com/geerlingguy\nSponsor me on GitHub: https://github.com/sponsors/geerlingguy\nMerch: https://redshirtjeff.com\n2nd Channel: https://www.youtube.com/c/GeerlingEngineering\n\n#Mac #AsahiLinux #Homelab\n\nMentioned in this video (some links are affiliate links):\n\n  - MyElectronics.nl Mac Studio 3U rack mount: https://www.myelectronics.nl/us/mac-studio-rack-mount-19-inch-for-1-mac-studio-1-m.html\n  - MyElectronics.nl Mac mini 1U rack mount: https://www.myelectronics.nl/us/mac-mini-rackmount-kit-104427956.html\n  - MikroTik 10G desktop switch: https://amzn.to/3MRU4W2\n  - 3D printable rack mount for MikroTik switch: https://www.thingiverse.com/thing:4633711\n  - My mini rack under the desk (similar): https://amzn.to/38un4Es\n  - Symetrix Voice Processor: https://amzn.to/3a2EZCH\n  - Behringer U-PHORIA USB Audio interface: https://amzn.to/3MYQw4j\n  - ADJ Rack Power Bar with USB: https://amzn.to/3LVYCcT\n  - Brushed 1U cable passthrough: https://amzn.to/3wXJLct\n  - Uptime Lab's scalable Mac mini stand for dense rackmounting: https://uplab.pro/2021/06/scalable-mac-mini-stand/\n  - MacStadium Data Center Tour: https://www.youtube.com/watch?v=iUyTeGKzQlA\n\nContents:\n\n00:00 - Rackmount Macs?\n02:22 - Mac Studio rack mount overview\n03:16 - Rack 'em up!\n06:18 - Review, minor gripes\n07:29 - Should you rack your Mac?", "link": "https://www.youtube.com/watch?v=FG--PtrDmw4", "date_published": "2022-06-01 00:00:00+00:00", "persistent": false, "user": null, "language": "en-US"}]