[{"source": "https://www.youtube.com/feeds/videos.xml?channel_id=UCZYTClx2T1of7BRZ86-8fow", "title": "The Absolute Worst Thing About Butterflies", "description": "Visit http://brilliant.org/scishow/ to get started learning STEM for free, and the first 200 people will get 20% off their annual premium subscription.\n\nWho doesn\u2019t love to gaze at a beautiful butterfly fluttering by? Aesthetically speaking, they are simply wonderful to watch. Wonderful, that is, unless you are getting a rare glimpse of pheromone laced coremata. \n\nHosted by: Hank Green\n\nSciShow is on TikTok!  Check us out at https://www.tiktok.com/@scishow \n----------\nSupport SciShow by becoming a patron on Patreon: https://www.patreon.com/scishow\n----------\nHuge thanks go to the following Patreon supporters for helping us keep SciShow free for everyone forever:\n\nSam Lutfi, Bryan Cloer, Kevin Bealer, Christoph Schwanke, Tom\u00e1s Lagos Gonz\u00e1lez, Jason A Saslow, Tom Mosner, Jacob, Ash, Eric Jensen, Jeffrey Mckishen, Alex Hackman, Christopher R Boucher, Piya Shedden, Jeremy Mysliwiec, Chris Peters, Dr. Melvin Sanicas, charles george, Adam Brainard, Harrison Mills, Silas Emrys, Alisa Sherbow\n\n----------\nLooking for SciShow elsewhere on the internet?\nSciShow Tangents Podcast: https://scishow-tangents.simplecast.com/\nFacebook: http://www.facebook.com/scishow\nTwitter: http://www.twitter.com/scishow\nInstagram: http://instagram.com/thescishow\n#SciShow\n----------\nSources:\nhttps://www.sciencedirect.com/science/article/abs/pii/0022519375901113?via%3Dihub\nhttps://royalsocietypublishing.org/doi/10.1098/rspb.1996.0207\nhttps://www.researchgate.net/publication/349161804_Scent_glands_in_Lepidoptera_Coremata\nhttps://www.ncbi.nlm.nih.gov/pmc/articles/PMC2124467/\n\nImage Sources:\nhttps://www.gettyimages.com/detail/video/butterfly-flying-off-the-grass-in-sunshine-stock-footage/993253088?adppopup=true\nhttps://www.gettyimages.com/detail/video/macro-of-a-big-brown-cockroach-stock-footage/1303483667?adppopup=true\nhttps://www.gettyimages.com/detail/video/two-butterflies-gathering-pollen-on-the-petals-and-stock-footage/1334671387?adppopup=true\nhttps://www.gettyimages.com/detail/video/two-butterflies-gathering-pollen-on-the-petals-and-stock-footage/1334671387?adppopup=true\nhttps://www.gettyimages.com/detail/video/yellow-butterfly-on-pink-flower-super-slow-motion-stock-footage/1162753590?adppopup=true\nhttps://www.gettyimages.com/detail/video/butterfly-flying-slow-motion-stock-footage/1246120588?adppopup=true\nhttps://www.gettyimages.com/detail/photo/blue-butterfly-royalty-free-image/468989672?adppopup=true\nhttps://www.gettyimages.com/sign-in?ReturnUrl=%2Fdetail%2Fphoto%2Fimage-of-butterfly-moth-on-green-leaves-insect-royalty-free-image%2F816042348%3Fadppopup%3Dtrue\nhttps://www.gettyimages.com/detail/photo/aliens-creature-in-the-forest-royalty-free-image/1365094219?adppopup=true\nhttps://commons.wikimedia.org/wiki/File:Androconia_Bicyclus_anynana_San-Martin.jpg\nhttps://commons.wikimedia.org/wiki/File:Pterodecta_felderi_2.jpg\nhttps://commons.wikimedia.org/wiki/File:Brown_King_Crow_Euploea_klugii_showing_hair_pencils_Alibag_by_Dr._Raju_Kasambe_(1).jpg\nhttps://commons.wikimedia.org/wiki/File:Creatonotos_gangis_(7171776400).jpg\nhttps://www.youtube.com/watch?v=x8hMY_P0Rec\nhttps://commons.wikimedia.org/wiki/File:Monarch_butterfly_rush_2.jpg\nhttps://www.gettyimages.com/detail/photo/peacock-royalty-free-image/180699358?adppopup=true\nhttps://commons.wikimedia.org/wiki/File:Creatonotos_gangis_-_Hang_Dong_-_North_Thailand_(5923649050).jpg\nhttps://www.gettyimages.com/detail/video/video-wild-greater-sage-grouse-display-on-colorado-lek-stock-footage/467829928?adppopup=true\nhttps://commons.wikimedia.org/wiki/File:Moth-1235-yercaud-salem-India.jpg\nhttps://www.inaturalist.org/observations/96549838\nhttps://www.gettyimages.com/detail/photo/moth-royalty-free-image/521701065?adppopup=true", "link": "https://www.youtube.com/watch?v=GSyBginQAF8", "date_published": "2022-06-01 00:00:00+00:00", "persistent": false, "user": null, "language": "en-US"}, {"source": "https://www.youtube.com/feeds/videos.xml?channel_id=UCZYTClx2T1of7BRZ86-8fow", "title": "How Did We Figure Out What a Heart Attack Was?", "description": "Head to https://linode.com/scishow to get a $100 60-day credit on a new Linode account. Linode offers simple, affordable, and accessible Linux cloud solutions and services.\n\nHeart attacks are the number 1 cause of death worldwide in the 21st century, but we weren't sure what caused them until 1980.\n\nHosted by: Hank Green\n\nSciShow is on TikTok!  Check us out at https://www.tiktok.com/@scishow \n----------\nSupport SciShow by becoming a patron on Patreon: https://www.patreon.com/scishow\n----------\nHuge thanks go to the following Patreon supporters for helping us keep SciShow free for everyone forever:\n\nSam Lutfi, Bryan Cloer, Kevin Bealer, Christoph Schwanke, Tom\u00e1s Lagos Gonz\u00e1lez, Jason A Saslow, Tom Mosner, Jacob, Ash, Eric Jensen, Jeffrey Mckishen, Alex Hackman, Christopher R Boucher, Piya Shedden, Jeremy Mysliwiec, Chris Peters, Dr. Melvin Sanicas, charles george, Adam Brainard, Harrison Mills, Silas Emrys, Alisa Sherbow\n\n----------\nLooking for SciShow elsewhere on the internet?\nSciShow Tangents Podcast: https://scishow-tangents.simplecast.com/\nFacebook: http://www.facebook.com/scishow\nTwitter: http://www.twitter.com/scishow\nInstagram: http://instagram.com/thescishow\n#SciShow\n----------\nSources:\nhttps://www.sciencedirect.com/science/article/abs/pii/S0002934322000407 \nhttp://www.epi.umn.edu/cvdepi/essay/history-of-heart-attack-diagnosis-and-understanding/ \nhttps://health.clevelandclinic.org/women-dont-ignore-3-subtle-heart-attack-symptoms/ \nhttps://www.heart.org/en/health-topics/heart-attack/warning-signs-of-a-heart-attack/heart-attack-symptoms-in-women \nhttps://www.mayoclinic.org/tests-procedures/ekg/about/pac-20384983 \nhttps://www.mayoclinic.org/diseases-conditions/heart-attack/symptoms-causes/syc-20373106 \nhttps://pubmed.ncbi.nlm.nih.gov/12766530/#:~:text=The%20first%20electrocardiogram%20(ECG)%20from,Mary's%20Hospital%2C%20London. \nhttps://www.britannica.com/biography/Hippocrates \nhttps://www.britannica.com/topic/autopsy \nhttps://www.mayoclinic.org/diseases-conditions/heart-attack/diagnosis-treatment/drc-20373112\nhttps://www.ncbi.nlm.nih.gov/pmc/articles/PMC6124376/ \nhttps://ajph.aphapublications.org/doi/pdf/10.2105/AJPH.28.10.1165\nhttps://pubmed.ncbi.nlm.nih.gov/7412821/ \nhttps://www.ncbi.nlm.nih.gov/pmc/articles/PMC5501035/\nhttps://www.nejm.org/doi/10.1056/NEJMra1112570?url_ver=Z39.88-2003&rfr_id=ori:rid:crossref.org&rfr_dat=cr_pub%20%200www.ncbi.nlm.nih.gov\nhttps://www.ncbi.nlm.nih.gov/pmc/articles/PMC3143862/\nhttps://medicine.yale.edu/news-article/what-kind-of-heart-attack/ \n\nImages:\nhttps://commons.wikimedia.org/wiki/File:Tuts_Tomb_Opened.JPG\nhttps://www.gettyimages.com/detail/photo/human-heart-royalty-free-image/450534929?adppopup=true\nhttps://www.gettyimages.com/detail/photo/chest-x-ray-image-of-women-royalty-free-image/518845556?adppopup=true\nhttps://commons.wikimedia.org/wiki/File:Nicolaus_Tulp_demonstrating_anatomy_to_seven_syndics_of_the_Wellcome_V0006684-2.jpg\nhttps://commons.wikimedia.org/wiki/File:Edward_Jenner._Oil_painting._Wellcome_V0017944.jpg\nhttps://www.gettyimages.com/detail/video/atherosclerosis-coronary-artery-disease-stock-footage/1094720150?adppopup=true\nhttps://www.gettyimages.com/detail/photo/heart-with-arteries-and-veins-royalty-free-image/109721217?adppopup=true\nhttps://www.gettyimages.com/detail/video/patients-condition-monitored-in-intensive-care-unit-stock-footage/613928326?adppopup=true\nhttps://www.gettyimages.com/detail/illustration/set-lines-heartbeat-normal-arrhythmia-and-royalty-free-illustration/1310250309?adppopup=true\nhttps://www.gettyimages.com/detail/video/echocardiography-coronary-angiography-stock-footage/930515010?adppopup=true\nhttps://www.gettyimages.com/detail/photo/coronary-artery-stenosis-on-angiography-royalty-free-image/472954104?adppopup=true\nhttps://www.gettyimages.com/detail/photo/3d-illustration-of-a-constricted-and-narrowed-royalty-free-image/1078217402?adppopup=true\nhttps://www.gettyimages.com/detail/photo/flowing-bloodcells-royalty-free-image/538666628?adppopup=true\nhttps://www.gettyimages.com/detail/video/blood-cells-pulsing-down-artery-hd-stock-footage/883866318?adppopup=true\nhttps://www.gettyimages.com/detail/photo/clogged-arteries-cholesterol-plaque-in-artery-royalty-free-image/1255871988?adppopup=true\nhttps://commons.wikimedia.org/wiki/File:Heart_attack_animation.ogv\nhttps://www.gettyimages.com/detail/illustration/female-doctor-treats-her-patient-with-pain-royalty-free-illustration/1318809223?adppopup=true\nhttps://www.gettyimages.com/detail/illustration/red-halftone-christmas-background-for-web-royalty-free-illustration/1356535359", "link": "https://www.youtube.com/watch?v=qUJ80HBsBdY", "date_published": "2022-05-31 00:00:00+00:00", "persistent": false, "user": null, "language": "en-US"}]