[{"source": "https://www.youtube.com/feeds/videos.xml?channel_id=UCwSv086EAByBY-Z7y-QR_cQ", "title": "Zamro\u017cone rosyjskie aktywa, zamiast na odbudow\u0119 Ukrainy, trafi\u0105 do ameryak\u0144skiego Chabad-Lubawicz!", "description": "\ud83d\udcfa Zapraszam do ogl\u0105dania\n\n\u2b07\ufe0fRozwi\u0144 opis\u2b07\ufe0f\n------------------------------------------------------------\n\ud83d\udc40 Uszi po godzinach: https://goo.gl/cdCFKe\n\ud83d\udc40 Hello World_: http://bit.ly/31BEhnv\n------------------------------------------------------------\n\u2709\ufe0f Ludzie listy pisz\u0105 \n\ud83d\udd8a\ufe0f uszi@protonmail.com\n------------------------------------------------------------\n\ud83d\udc7a Niecenzuralne i agresywne komentarze zostan\u0105 usuni\u0119te.  Jak ju\u017c musisz zakl\u0105\u0107 dawaj znaki (&*%@%).\n------------------------------------------------------------\n\ud83d\udcb2 Donate/ Darowizna\nPLN / SMS / Blik: http://bit.ly/3bsXtJj\nBTC: 174EmE88YFtvs6fuM8ZL5yYbik8hcaY6ud\n-------------------------------------------------------------\n\u2705 \u0179r\u00f3d\u0142a:\n1. https://bit.ly/3Q7g3dR\n2. https://bit.ly/3z8F2av\n3. https://bit.ly/3NedOTZ\n4. http://bit.ly/2Iyfvy7\n---------------------------------------------------------------\n\ud83d\udca1 Tagi: #pieni\u0105dze #Ukraina\n--------------------------------------------------------------", "link": "https://www.youtube.com/watch?v=a7Mx3bsG1Hs", "date_published": "2022-06-01 00:00:00+00:00", "persistent": false, "user": null, "language": "en-US"}, {"source": "https://www.youtube.com/feeds/videos.xml?channel_id=UCwSv086EAByBY-Z7y-QR_cQ", "title": "Anulowanie d\u0142ugu zagranicznego Ukrainy! Ile zap\u0142aci za to Polska?", "description": "\ud83d\udcfa Zapraszam do ogl\u0105dania\n\n\u2b07\ufe0fRozwi\u0144 opis\u2b07\ufe0f\n------------------------------------------------------------\n\ud83d\udc40 Uszi po godzinach: https://goo.gl/cdCFKe\n\ud83d\udc40 Hello World_: http://bit.ly/31BEhnv\n------------------------------------------------------------\n\u2709\ufe0f Ludzie listy pisz\u0105 \n\ud83d\udd8a\ufe0f uszi@protonmail.com\n------------------------------------------------------------\n\ud83d\udc7a Niecenzuralne i agresywne komentarze zostan\u0105 usuni\u0119te.  Jak ju\u017c musisz zakl\u0105\u0107 dawaj znaki (&*%@%).\n------------------------------------------------------------\n\ud83d\udcb2 Donate/ Darowizna\nPLN / SMS / Blik: http://bit.ly/3bsXtJj\nBTC: 174EmE88YFtvs6fuM8ZL5yYbik8hcaY6ud\n-------------------------------------------------------------\n\u2705 \u0179r\u00f3d\u0142a:\n1. https://bit.ly/3wRy3Qg\n2. https://bit.ly/3xjbPpB\n3. https://bit.ly/3Gy01Fm\n4. https://bit.ly/3N0zEu2\n5. https://bit.ly/3xiNvFF\n6. https://bit.ly/3NQoet3\n7. https://bit.ly/3x4HkGi\n8. https://bit.ly/3a8d5oH\n---------------------------------------------------------------\n\ud83d\udca1 Tagi: #Ukraina #pieni\u0105dze\n--------------------------------------------------------------", "link": "https://www.youtube.com/watch?v=PKDDRD2Z6Mw", "date_published": "2022-05-31 00:00:00+00:00", "persistent": false, "user": null, "language": "en-US"}]