[{"source": "https://www.youtube.com/feeds/videos.xml?channel_id=UCNvzD7Z-g64bPXxGzaQaa4g", "title": "10 Things Video Games Did Without Telling You", "description": "Some games pull sneaky tricks without even telling the player. Here are some examples of gamings doing incredibly strange things in order to convince the player.\nSubscribe for more: https://www.youtube.com/gameranxTV?sub_confirmation=1", "link": "https://www.youtube.com/watch?v=ymUnMArNu1g", "date_published": "2022-06-01 00:00:00+00:00", "persistent": false, "user": null, "language": "en-US"}, {"source": "https://www.youtube.com/feeds/videos.xml?channel_id=UCNvzD7Z-g64bPXxGzaQaa4g", "title": "10 Genius Missions in FLOP Games", "description": "Some games don't quite land but they still have some incredible moments. Here are some of our favorite examples of killer moments in \"meh\" games.\nSubscribe for more: https://www.youtube.com/gameranxTV?sub_confirmation=1", "link": "https://www.youtube.com/watch?v=fIK28lZ06Z0", "date_published": "2022-05-31 00:00:00+00:00", "persistent": false, "user": null, "language": "en-US"}]