[{"source": "http://rss.cnn.com/rss/edition.rss", "title": "Lessons from Ukraine prompt top Taiwan museum to conduct 'wartime response' exercises", "description": "In March, amid growing fears of a Russian attack on Ukraine's cultural capital Lviv, staff at the city's National Museum frantically packed up and hid thousands of its treasures.", "link": "https://www.cnn.com/style/article/taiwan-national-palace-museum-exercise-artifacts-intl-hnk/index.html", "date_published": "2022-07-29 23:57:58+00:00", "persistent": false, "user": null, "language": "en-US"}, {"source": "http://rss.cnn.com/rss/edition.rss", "title": "This robot lets pilots touch, feel deep-sea objects without getting wet", "description": "Stanford Robotics built this humanoid robot to provide a delicate touch deep underwater. The OceanOneK uses a touch-based feedback system and 3D camera display to immerse pilots in their deep-sea explorations.", "link": "https://www.cnn.com/videos/tech/2022/07/29/oceanonek-underwater-humanoid-robot-ah-orig.cnn-business", "date_published": "2022-07-29 21:09:00+00:00", "persistent": false, "user": null, "language": "en-US"}, {"source": "http://rss.cnn.com/rss/edition.rss", "title": "Late night hosts roast JetBlue's deal to buy Spirit", "description": "Late night hosts poked fun at JetBlue's deal to buy Spirit Airlines for $3.8 billion, a merger that could create the fifth-largest airline in the US.", "link": "https://www.cnn.com/videos/business/2022/07/29/late-night-reaction-jetblue-spirit-merger-orig-ht.cnn-business", "date_published": "2022-07-29 20:29:34+00:00", "persistent": false, "user": null, "language": "en-US"}, {"source": "http://rss.cnn.com/rss/edition.rss", "title": "At least 16 people are dead after Kentucky's catastrophic flooding, and the death toll is expected to rise", "description": "At least eight people are dead and hundreds of homes ruined following catastrophic flooding in eastern Kentucky on Thursday, and as rescuers work around the clock to reach difficult-to-access areas amid continuing storms, officials say the death toll is expected to rise.", "link": "https://www.cnn.com/2022/07/29/weather/kentucky-appalachia-flooding-friday/index.html", "date_published": "2022-07-29 20:08:47+00:00", "persistent": false, "user": null, "language": "en-US"}, {"source": "http://rss.cnn.com/rss/edition.rss", "title": "US announces new sanctions targeting Russian global influence", "description": "The Biden administration announced sanctions targeting Russia over its global \"malign influence\" and election interference operations on Friday.", "link": "https://www.cnn.com/2022/07/29/politics/us-russia-sanctions/index.html", "date_published": "2022-07-29 19:57:54+00:00", "persistent": false, "user": null, "language": "en-US"}, {"source": "http://rss.cnn.com/rss/edition.rss", "title": "Russian officials requested adding convicted murderer to US prisoner swap", "description": "", "link": "https://www.cnn.com/collections/ukraine-intl-072922/", "date_published": "2022-07-29 19:06:06+00:00", "persistent": false, "user": null, "language": "en-US"}, {"source": "http://rss.cnn.com/rss/edition.rss", "title": "Jared Kushner details West Wing 'war' with 'toxic' Steve Bannon in new book", "description": "Jared Kushner details his clashes with Steve Bannon in his new book, describing a \"toxic\" West Wing presence who accused him of \"undermining the President's agenda\" and threatened to break him \"in half\" if Kushner turned on him.", "link": "https://www.cnn.com/2022/07/29/politics/jared-kushner-steve-bannon-west-wing/index.html", "date_published": "2022-07-29 18:38:35+00:00", "persistent": false, "user": null, "language": "en-US"}, {"source": "http://rss.cnn.com/rss/edition.rss", "title": "Must-watch videos of the week", "description": "", "link": "https://www.cnn.com/collections/videos-of-the-week-072229/", "date_published": "2022-07-29 18:18:37+00:00", "persistent": false, "user": null, "language": "en-US"}, {"source": "http://rss.cnn.com/rss/edition.rss", "title": "House to vote on assault-style weapons ban Friday", "description": "The House will vote on a ban of assault-style weapons Friday, separating packages on gun control and policing laws that had been entwined, House Speaker Nancy Pelosi announced Friday.", "link": "https://www.cnn.com/2022/07/29/politics/house-vote-assault-weapons-ban/index.html", "date_published": "2022-07-29 18:03:22+00:00", "persistent": false, "user": null, "language": "en-US"}, {"source": "http://rss.cnn.com/rss/edition.rss", "title": "'Disgusting': Son who lost his father on 9/11 calls out Trump over golf event", "description": "Brett Eagleson, whose father was killed on 9/11, is protesting outside of Donald Trump's golf club in Bedminster, New Jersey, where Trump is hosting a Saudi-backed golf tournament.", "link": "https://www.cnn.com/videos/politics/2022/07/29/liv-golf-tournament-saudi-arabia-backed-trump-protester-invt-newday-vpx.cnn", "date_published": "2022-07-29 17:02:38+00:00", "persistent": false, "user": null, "language": "en-US"}, {"source": "http://rss.cnn.com/rss/edition.rss", "title": "Jackpot for Friday's Mega Millions now $1.28 billion, second-largest jackpot in game history", "description": "The Mega Millions jackpot for Friday has risen to $1.1 billion, the second-largest in the 20-year history of the game, according to a news release.", "link": "https://www.cnn.com/2022/07/29/us/mega-millions-lottery-jackpot-friday/index.html", "date_published": "2022-07-29 16:54:04+00:00", "persistent": false, "user": null, "language": "en-US"}, {"source": "http://rss.cnn.com/rss/edition.rss", "title": "Erdogan has unfinished business in Syria. What is he waiting for?", "description": "Turkish President Recep Tayyip Erdogan wants to launch yet another military incursion into northeast Syria.", "link": "https://www.cnn.com/2022/07/29/middleeast/turkey-syria-incursion-mime-intl/index.html", "date_published": "2022-07-29 16:33:35+00:00", "persistent": false, "user": null, "language": "en-US"}, {"source": "http://rss.cnn.com/rss/edition.rss", "title": "Pelosi departing for Asia on Friday, but Taiwan stop still uncertain", "description": "", "link": "https://www.cnn.com/collections/int-0728-taiwan/", "date_published": "2022-07-29 16:21:33+00:00", "persistent": false, "user": null, "language": "en-US"}, {"source": "http://rss.cnn.com/rss/edition.rss", "title": "$2,245.62 a second: ExxonMobil scores enormous profit on record gas prices", "description": "ExxonMobil and Chevron both reported massive profit jumps thanks to record gasoline prices during the quarter.", "link": "https://www.cnn.com/2022/07/29/energy/exxonmobil-chevron-earnings/index.html", "date_published": "2022-07-29 16:08:21+00:00", "persistent": false, "user": null, "language": "en-US"}, {"source": "http://rss.cnn.com/rss/edition.rss", "title": "Russia is plundering gold in Sudan to boost Putin's war effort in Ukraine", "description": "Days after Moscow launched its bloody war on Ukraine, a Russian cargo plane stood on a Khartoum runway, a strip of tarmac surrounded by red-orange sand. The aircraft's manifest stated it was loaded with cookies. Sudan rarely, if ever, exports cookies.", "link": "https://www.cnn.com/2022/07/29/africa/sudan-russia-gold-investigation-cmd-intl/index.html", "date_published": "2022-07-29 16:07:53+00:00", "persistent": false, "user": null, "language": "en-US"}, {"source": "http://rss.cnn.com/rss/edition.rss", "title": "Why movie theaters show so few films now", "description": "One crucial thing will be missing from theaters this fall: movies.", "link": "https://www.cnn.com/2022/07/29/media/movie-box-office-year/index.html", "date_published": "2022-07-29 15:48:45+00:00", "persistent": false, "user": null, "language": "en-US"}, {"source": "http://rss.cnn.com/rss/edition.rss", "title": "Maximize your walk routine with mindful movement in nature", "description": "With summer weather and the sun shining, getting outside for some fresh air is highly appealing right now. Whether you head out in the morning to get energized for a busy day or in the evening to wind down, you can use this time to engage both body and mind.", "link": "https://www.cnn.com/2022/07/29/health/meditate-outside-walking-summer-wellness/index.html", "date_published": "2022-07-29 15:44:24+00:00", "persistent": false, "user": null, "language": "en-US"}, {"source": "http://rss.cnn.com/rss/edition.rss", "title": "Biden administration to close border wall gaps in Arizona", "description": "The Biden administration said Thursday it had authorized US Customs and Border Protection to close\u00a0gaps in a border wall\u00a0in Arizona near the Morelos Dam in order to protect migrants from drowning and sustaining injuries while trying to cross the Colorado River into the United States.", "link": "https://www.cnn.com/2022/07/29/politics/biden-border-wall-gaps-arizona/index.html", "date_published": "2022-07-29 15:35:26+00:00", "persistent": false, "user": null, "language": "en-US"}, {"source": "http://rss.cnn.com/rss/edition.rss", "title": "Whoopi Goldberg apologizes for statements on 'The View' about conservative organization", "description": "Whoopi Goldberg has apologized for her statements on \"The View\" about the conservative organization Turning Point USA.", "link": "https://www.cnn.com/2022/07/29/entertainment/the-view-whoopi-goldberg-turning-point-usa-/index.html", "date_published": "2022-07-29 15:31:43+00:00", "persistent": false, "user": null, "language": "en-US"}, {"source": "http://rss.cnn.com/rss/edition.rss", "title": "Electric cars don't need better batteries. America needs better charging networks", "description": "With electric cars, people often talk about \"range anxiety,\" and how cars with bigger batteries and longer driving ranges will alleviate that. I just drove an electric car from New York City to Atlanta, a distance of about 950 miles, and it taught me something important. The problem really isn't range anxiety. It's anxiety around finding a convenient and working chargers on America's still-challenged charging networks.", "link": "https://www.cnn.com/2022/07/29/business/mercedes-eqs-road-trip/index.html", "date_published": "2022-07-29 15:24:28+00:00", "persistent": false, "user": null, "language": "en-US"}, {"source": "http://rss.cnn.com/rss/edition.rss", "title": "The trial between Twitter and Elon Musk now has a date", "description": "Twitter's lawsuit against Elon Musk over his move to terminate their $44 billion acquisition agreement will go to trial on Oct. 17 and run for five days, a Delaware judge has ruled.", "link": "https://www.cnn.com/2022/07/29/tech/twitter-elon-musk-trial-date/index.html", "date_published": "2022-07-29 15:10:32+00:00", "persistent": false, "user": null, "language": "en-US"}, {"source": "http://rss.cnn.com/rss/edition.rss", "title": "Beyonc\u00e9's 'Renaissance' release: What you need to know", "description": "You should know by now that a Beyonc\u00e9 album release is a whole event.", "link": "https://www.cnn.com/2022/07/29/entertainment/beyonce-renaissance/index.html", "date_published": "2022-07-29 14:57:53+00:00", "persistent": false, "user": null, "language": "en-US"}, {"source": "http://rss.cnn.com/rss/edition.rss", "title": "Ukraine detains Russian-owned ship loaded with grain", "description": "Ukrainian authorities have detained a ship at one of the ports where grain shipments are expected to resume through the Black Sea this week -- asserting the vessel is owned by a Russian company.", "link": "https://www.cnn.com/2022/07/29/europe/ukraine-detains-russian-ship-grain-black-sea-intl/index.html", "date_published": "2022-07-29 14:17:26+00:00", "persistent": false, "user": null, "language": "en-US"}, {"source": "http://rss.cnn.com/rss/edition.rss", "title": "Why this Colorado valley is the West's next must-visit destination", "description": "Colorado's iconic destinations have seemingly been around forever, and we know their names by heart: Vail, Aspen and Breckenridge, to name a few, along with Denver, a city that has exploded in the past decade.", "link": "https://www.cnn.com/travel/article/colorado-palisade-grand-valley/index.html", "date_published": "2022-07-29 14:10:51+00:00", "persistent": false, "user": null, "language": "en-US"}, {"source": "http://rss.cnn.com/rss/edition.rss", "title": "CNN reporter confronts staff at alleged Russian operation in Sudan", "description": "CNN has uncovered evidence suggesting that Russia has colluded with Sudan's beleaguered military leadership to enable billions of dollars in gold to bypass the Sudanese state and to deprive the poverty-stricken country of hundreds of millions in state revenue. Multiple interviews with high-level Sudanese and US officials and troves of documents reviewed by CNN paint a picture of an elaborate Russian scheme to plunder Sudan's riches in a bid to fortify Russia against increasingly robust Western sanctions and to buttress Moscow's war effort in Ukraine. CNN's Nima Elbagir reports.", "link": "https://www.cnn.com/videos/world/2022/07/28/russia-sudan-gold-investigation-nima-elbagir-pkg-intl-ldn-vpx.cnn", "date_published": "2022-07-29 14:05:51+00:00", "persistent": false, "user": null, "language": "en-US"}, {"source": "http://rss.cnn.com/rss/edition.rss", "title": "The online ad market is in decline and it's dragging down tech giants with it", "description": "Much of contemporary Silicon Valley was built on advertising dollars. That dependence made even the most powerful companies look at least somewhat vulnerable this week after reporting their latest earnings results.", "link": "https://www.cnn.com/2022/07/29/tech/big-tech-ad-market-decline/index.html", "date_published": "2022-07-29 14:04:41+00:00", "persistent": false, "user": null, "language": "en-US"}, {"source": "http://rss.cnn.com/rss/edition.rss", "title": "Look of the Week: Julia Fox takes the low-rise trend to new extremes", "description": "Since rising to fame in 2021 after a brief but indelible relationship with Kanye West, Julia Fox's sartorial unpredictability has become an almost constant source of internet chatter. From DIY-ing a bandeau top and matching bottoms out of a single pair of jeans using just a pair of scissors, to her now quintessential finger-painted black eyeliner look, Fox seemingly knows no bounds and is fast becoming the enfant terrible of celebrity fashion.", "link": "https://www.cnn.com/style/article/julia-fox-low-rise-leather-pants-ltw/index.html", "date_published": "2022-07-29 13:55:22+00:00", "persistent": false, "user": null, "language": "en-US"}, {"source": "http://rss.cnn.com/rss/edition.rss", "title": "'People thought I was joking': Woman describes 16-hour ordeal to free stuck poodle", "description": "A Florida poodle is recovering after getting its paw stuck in a bathtub drain for 16 hours. With a veterinarian in attendance, plumbers ended up having to dig the drain out to free the dog. CNN affiliate WSVN has more.", "link": "https://www.cnn.com/videos/us/2022/07/29/fl-poodle-stuck-in-bathtub-dnt-vpx.wsvn", "date_published": "2022-07-29 13:49:17+00:00", "persistent": false, "user": null, "language": "en-US"}, {"source": "http://rss.cnn.com/rss/edition.rss", "title": "Justices worry about the future of US Supreme Court -- and point fingers as to who's to blame", "description": "Limping away from one of the most significant terms in decades, justices are sending out flares expressing concern not only for the future of the Supreme Court but the country as a whole as institutional norms dissolve, tensions rise, and the court pivots right with the addition of three new members.", "link": "https://www.cnn.com/2022/07/29/politics/supreme-court-kagan-sotomayor-barrett-roberts-thomas/index.html", "date_published": "2022-07-29 13:44:44+00:00", "persistent": false, "user": null, "language": "en-US"}, {"source": "http://rss.cnn.com/rss/edition.rss", "title": "What Taiwan residents think of a visit from Pelosi", "description": "Tensions rise as President Joe Biden and his Chinese counterpart Xi Jinping participated in a lengthy call that focused heavily on Taiwan and Speaker Nancy Pelosi's proposed visit to the self-governing island. CNN's Will Ripley reports from Taiwan on the local reaction to the call.", "link": "https://www.cnn.com/videos/world/2022/07/29/us-china-biden-xi-call-taiwan-reaction-ripley-pkg-newday-vpx.cnn", "date_published": "2022-07-29 13:36:56+00:00", "persistent": false, "user": null, "language": "en-US"}, {"source": "http://rss.cnn.com/rss/edition.rss", "title": "Ex-Trump Cabinet member reveals what Jan. 6 committee asked him", "description": "Former acting chief of staff in the Trump White House Mick Mulvaney joins New Day to discuss his appearance before the House select committee investigating the January 6 attack on the US Capitol.", "link": "https://www.cnn.com/videos/politics/2022/07/29/mick-mulvaney-january-6-committee-testimony-new-day-sot-vpx.cnn", "date_published": "2022-07-29 13:13:35+00:00", "persistent": false, "user": null, "language": "en-US"}, {"source": "http://rss.cnn.com/rss/edition.rss", "title": "Why did some Proud Boys dress up like Antifa on January 6?", "description": "The Proud Boys started as a right-wing fight club. Now many of its members have been charged in the January 6 attack on the Capitol. CNN's Elle Reeve, who has covered the Proud Boys from their earliest days, discusses the rise of this paramilitary group with Reality Check's John Avlon - and why one former Proud Boy says he left the group he believed had become \"too much like a nationwide criminal gang.\"", "link": "https://www.cnn.com/videos/us/2022/07/27/proud-boys-explained-reality-check-orig-jg.cnn", "date_published": "2022-07-29 12:15:38+00:00", "persistent": false, "user": null, "language": "en-US"}, {"source": "http://rss.cnn.com/rss/edition.rss", "title": "CNN Beijing bureau chief on why the timing of Biden-Xi call is critical", "description": "President Joe Biden and his Chinese counterpart Xi Jinping held a lengthy and candid discussion about Taiwan as tensions mount between Washington and Beijing. CNN's Steven Jiang breaks down Xi's warning to Biden.", "link": "https://www.cnn.com/videos/world/2022/07/29/us-china-xi-biden-call-taiwan-jiang-ovn-intl-hnk-vpx.cnn", "date_published": "2022-07-29 11:50:46+00:00", "persistent": false, "user": null, "language": "en-US"}, {"source": "http://rss.cnn.com/rss/edition.rss", "title": "Trump defends hosting Saudi-backed event: 'Nobody's gotten to the bottom of 9/11'", "description": "Former President Donald Trump spoke to an ESPN reporter on national TV about his decision to host a golf tournament funded by Saudi Arabia at his club in Bedminster, New Jersey.", "link": "https://www.cnn.com/videos/politics/2022/07/29/trump-liv-golf-tournament-new-jersey-club-sot-ac360-vpx.cnn", "date_published": "2022-07-29 11:47:10+00:00", "persistent": false, "user": null, "language": "en-US"}, {"source": "http://rss.cnn.com/rss/edition.rss", "title": "See moment Justice Alito mocks foreign critics of abortion ruling", "description": "Justice Samuel Alito, who appeared for the first time in public since penning the Supreme Court opinion that reversed Roe v. Wade, mocked foreign criticism of the decision during a speech in Rome.", "link": "https://www.cnn.com/videos/politics/2022/07/29/justice-alito-abortion-sot-earlystart-ldn-vpx.cnn", "date_published": "2022-07-29 11:38:16+00:00", "persistent": false, "user": null, "language": "en-US"}, {"source": "http://rss.cnn.com/rss/edition.rss", "title": "Explore where penguins live on Patagonia's edge", "description": "There's just something about penguins -- and for the scientists and conservationists who work with Patagonia's flightless marine birds, it's usually love at first sight.", "link": "https://www.cnn.com/2022/07/29/world/patagonia-penguins-conservation-scn/index.html", "date_published": "2022-07-29 11:35:23+00:00", "persistent": false, "user": null, "language": "en-US"}, {"source": "http://rss.cnn.com/rss/edition.rss", "title": "'How do you shame the shameless?': Jon Stewart to Senate Republicans votes", "description": "Comedian and activist Jon Stewart joins CNN's Jake Tapper after Senate Republicans voted against legislation to help veterans suffering from ailments related to toxic burn pits.", "link": "https://www.cnn.com/videos/politics/2022/07/28/jon-stewart-congress-toxic-burn-pits-bill-intv-lead-vpx.cnn", "date_published": "2022-07-29 11:08:04+00:00", "persistent": false, "user": null, "language": "en-US"}, {"source": "http://rss.cnn.com/rss/edition.rss", "title": "Cold showers and no lights: How one German city is fighting Russia's energy battle", "description": "The German city of Hanover has banned hot water in public buildings and has introduced measures to reduce heating and energy usage as Europe faces a potential natural gas crisis this winter.", "link": "https://www.cnn.com/2022/07/29/energy/hanover-gas-saving-cold-showers/index.html", "date_published": "2022-07-29 11:00:45+00:00", "persistent": false, "user": null, "language": "en-US"}, {"source": "http://rss.cnn.com/rss/edition.rss", "title": "UEFA opens investigation after Fenerbahce fans sing Putin's name in match against Dynamo Kyiv", "description": "European soccer's governing body UEFA has opened an investigation after Fenerbahce fans were heard singing Russian President Vladimir Putin's name during a Champions League qualifier against Dynamo Kyiv.", "link": "https://www.cnn.com/2022/07/29/football/fenerbahce-fans-vladimir-putins-dynamo-kyiv-spt-intl/index.html", "date_published": "2022-07-29 10:33:34+00:00", "persistent": false, "user": null, "language": "en-US"}, {"source": "http://rss.cnn.com/rss/edition.rss", "title": "The two people hoping to replace Boris Johnson would rather not talk about Brexit", "description": "There's one thing that the two candidates locked in a bad-tempered battle to be Britain's next prime minister agree on: Brexit is nothing to do with any of the woes facing the UK right now.", "link": "https://www.cnn.com/2022/07/29/uk/brexit-absent-from-uk-political-debate-intl-gbr-cmd/index.html", "date_published": "2022-07-29 10:24:58+00:00", "persistent": false, "user": null, "language": "en-US"}, {"source": "http://rss.cnn.com/rss/edition.rss", "title": "Lebanon's national basketball team gives crisis-stricken country a glimmer of hope", "description": "The people of Lebanon were given a much-needed reason to smile this week after the Cedars -- Lebanon's national basketball team -- fought their way to the finals of the International Basketball Federation (FIBA) Asia Cup.", "link": "https://www.cnn.com/2022/07/29/sport/lebanon-basketball-hope-nation-spt-intl/index.html", "date_published": "2022-07-29 09:50:06+00:00", "persistent": false, "user": null, "language": "en-US"}, {"source": "http://rss.cnn.com/rss/edition.rss", "title": "The joy of swimming: How getting in the water can improve physical and mental health", "description": "As summer edges closer and temperatures gradually rise, more and more of us will take to the water in search of a range of benefits for body and mind.", "link": "https://www.cnn.com/2022/07/29/sport/joy-swimming-physical-mental-health-spt-intl/index.html", "date_published": "2022-07-29 09:13:02+00:00", "persistent": false, "user": null, "language": "en-US"}, {"source": "http://rss.cnn.com/rss/edition.rss", "title": "Spectacular crash wipes out nearly half Tour de France Femmes field", "description": "A huge crash during Stage 5 of the Tour de France Femmes on Thursday left one rider needing hospital treatment.", "link": "https://www.cnn.com/2022/07/29/sport/tour-de-france-femmes-crash-norsgaard-spt-intl/index.html", "date_published": "2022-07-29 08:46:37+00:00", "persistent": false, "user": null, "language": "en-US"}, {"source": "http://rss.cnn.com/rss/edition.rss", "title": "Through intimate family portraits, Marcellina Akpojotor advocates for girls' education in Nigeria", "description": "Only 10 countries in the world have a bigger gender gap than Nigeria when it comes to education, with around 70% of boys in the country attending primary school, compared to only 58% of girls.", "link": "https://www.cnn.com/style/article/marcellina-akpojotor-girls-education-nigeria-spc-intl/index.html", "date_published": "2022-07-29 08:32:26+00:00", "persistent": false, "user": null, "language": "en-US"}, {"source": "http://rss.cnn.com/rss/edition.rss", "title": "China's top leaders have gone silent on the country's economic goals", "description": "China's top leadership has gone quiet on the growth targets it had set for the year, as the world's second-largest economy continues to battle a largely self-inflicted economic slowdown.", "link": "https://www.cnn.com/2022/07/29/economy/china-politburo-gdp-target-property-crisis-intl-hnk/index.html", "date_published": "2022-07-29 07:59:00+00:00", "persistent": false, "user": null, "language": "en-US"}, {"source": "http://rss.cnn.com/rss/edition.rss", "title": "Unmarried woman loses bid to freeze her eggs -- and sparks a gender equality debate in China", "description": "In the first case of its kind, a Chinese court has ruled against an unmarried woman who sued a hospital that refused to freeze her eggs -- sparking a debate over gender equality in the country.", "link": "https://www.cnn.com/2022/07/29/china/china-egg-freezing-gender-equality-intl-hnk-mic/index.html", "date_published": "2022-07-29 07:13:20+00:00", "persistent": false, "user": null, "language": "en-US"}, {"source": "http://rss.cnn.com/rss/edition.rss", "title": "Entire police force quits after Black town manager takes office", "description": "The entire police force in the small town of Kenly, North Carolina, has resigned, citing a hostile work environment after a Black town manager took office. CNN's Dianne Gallagher reports.", "link": "https://www.cnn.com/videos/us/2022/07/29/police-force-resigns-black-town-manager-kenly-north-carolina-gallagher-dnt-dlt-vpx.cnn", "date_published": "2022-07-29 04:22:33+00:00", "persistent": false, "user": null, "language": "en-US"}, {"source": "http://rss.cnn.com/rss/edition.rss", "title": "Dior accused of 'culturally appropriating' centuries-old Chinese skirt", "description": "Dior is facing accusations of cultural appropriation after Chinese social media users -- and protesters outside one of the label's Paris stores -- claimed that a $3,800 skirt was inspired by a centuries-old traditional garment.", "link": "https://www.cnn.com/style/article/dior-cultural-appropriation-accusations-chinese-skirt/index.html", "date_published": "2022-07-29 03:40:51+00:00", "persistent": false, "user": null, "language": "en-US"}]