[{"source": "https://www.youtube.com/feeds/videos.xml?channel_id=UCXuqSBlHAE6Xw-yeJA0Tunw", "title": "The CRT Hype Train Might Be Out of Control... - CRT vs OLED", "description": "Get up to 40% Off Pulseway's IT Management Software at https://lmg.gg/PulsewayLTT\n\nCheck out the Game On AMD Sales Event at https://amd.ryukyu/3PcncZn\n\nShould you spend your hard-earned money on an HD display from 2003? CRT had some interesting final days that not a lot of people experienced or even remember and we're going to find out what your retro games look best on.\n\nDiscuss on the forum: https://linustechtips.com/topic/1446460-dont-buy-everything-i-recommend/\n\nPurchases made through some store links may provide some compensation to Linus Media Group.\n\n\u25ba GET MERCH: https://lttstore.com\n\u25ba SUPPORT US ON FLOATPLANE: https://www.floatplane.com/ltt\n\u25ba AFFILIATES, SPONSORS & REFERRALS: https://lmg.gg/sponsors\n\u25ba PODCAST GEAR: https://lmg.gg/podcastgear\n\n\nFOLLOW US \n---------------------------------------------------  \nTwitter: https://twitter.com/linustech\nFacebook: http://www.facebook.com/LinusTech\nInstagram: https://www.instagram.com/linustech\nTikTok: https://www.tiktok.com/@linustech\nTwitch: https://www.twitch.tv/linustech\n\nMUSIC CREDIT\n---------------------------------------------------\nIntro: Laszlo - Supernova\nVideo Link: https://www.youtube.com/watch?v=PKfxmFU3lWY\niTunes Download Link: https://itunes.apple.com/us/album/supernova/id936805712\nArtist Link: https://soundcloud.com/laszlomusic\n\nOutro: Approaching Nirvana - Sugar High\nVideo Link: https://www.youtube.com/watch?v=ngsGBSCDwcI\nListen on Spotify: http://spoti.fi/UxWkUw\nArtist Link: http://www.youtube.com/approachingnirvana\n\nIntro animation by MBarek Abdelwassaa https://www.instagram.com/mbarek_abdel/\nMonitor And Keyboard by vadimmihalkevich / CC BY 4.0  https://geni.us/PgGWp\nMechanical RGB Keyboard by BigBrotherECE / CC BY 4.0 https://geni.us/mj6pHk4\nMouse Gamer free Model By Oscar Creativo / CC BY 4.0 https://geni.us/Ps3XfE\n\nCHAPTERS\n---------------------------------------------------\n0:00 Intro\n1:30 Why?\n3:16 Infamous\n6:21 Marvel vs Capcom 2\n8:13 Power Stone 2\n9:55 Sonic Adventure 2\n12:00 FFX Remaster\n13:28 Super Mario World\n15:20 Ape Escape\n17:05 Cross Code\n18:36 Conclusion\n20:11 Outro", "link": "https://www.youtube.com/watch?v=C_-9Rw5CJNE", "date_published": "2022-07-30 00:00:00+00:00", "persistent": false, "user": null, "language": "en-US"}, {"source": "https://www.youtube.com/feeds/videos.xml?channel_id=UCXuqSBlHAE6Xw-yeJA0Tunw", "title": "Is Intel ARC REALLY Cancelled?  - WAN Show July 29, 2022", "description": "Check out the Game On AMD sales event at https://amd.ryukyu/3RGrSIr\nCheck out Secret Lab at https://lmg.gg/SecretLabWAN\n\nPodcast Download: https://anchor.fm/thewanshowpodcast/episodes/Is-Intel-ARC-REALLY-Cancelled----WAN-Show-July-29--2022-e1lvgd1\n\nTimestamps: (Courtesy of NoKi1119)\n0:00 Chapters\n2:13 Intro\n2:42 Topic #1 - Intel's \"allegedly cancelled\" Arc\n6:12 Moore's Law Is Dead's notes on the leak\n8:42 Rumored leaks of internal Intel conversations\n10:20 Discussing the road map, product releases\n12:10 Linus on Intel's Larrabee, comparing to Arc\n13:16 Optane removed, LMG & rumors, expenses of a project\n17:42 Luke wanted a competitive GPU ft. Linus's theory\n19:50 Linus on Alchemist, Tel Aviv tour & silicon costs\n23:46 Intel's fab would take long, chipset funding\n24:56 LTTStore's Stealth Hoodie Pro\n27:13 Backpack to become purchasable by next mid-week\n28:20 Deal of the Week - free LTTStore tote bag\n29:01 Sponsor - AMD\n30:11 Sponsor - SecretLab\n31:22 Sponsor - Ubiquiti' ft. Dennis seeing naked Linus\n33:22 Topic #2 - OverKill reaches out to LMG\n33:48 Explaining the cease & desist\n35:28 \"I'm not threatening you\" was due to harassed wife\n36:08 COVID causing delays, website overhaul & orders\n37:48 NDA, recording builds for content\n38:29 Are Linus & Luke on OverKill's side now?\n40:56 Merch Messages #1\n41:08 Right-to-repair for LTTStore, screwdriver design, WAN LAN\n49:01 Linus testing radio signals\n50:54 Linus is planning to go to Backstreet Boys\n52:03 Updates on the 64oz LTTStore bottles\n52:39 Using the LTTStore desk pad as a bed rug & wall hangings\n53:12 Formula E & racing technologies\n54:09 LTTStore screwdriver holster\n55:08 LTTStore shorts mesh lining, Linus shows prototype belt\n56:54 Travel & packing tips\n58:52 Monitor is fine, but the PC setup struggles\n1:00:15 Preventing companies from killing & withdrawing products\n1:02:05 Intel's Arc issues Are the executives misunderstanding?\n1:03:48 Linus on having his children continuing his legacy\n1:05:40 What LMG does to take care of employees\n1:10:25 Silence-oriented internal GPU enclosure\n1:12:23 Is Linus afraid of the recession affecting LMG's growth?\n1:14:24 Linus Dbranding a house, which design to go for\n1:14:54 Use cases of virtual machines for homes\n1:17:07 Optical disk drive class-action lawsuit\n1:17:50 Particular ChannelSuperFun activity that stood up\n1:19:53 CallMeKris's 6-hour video collab\n1:24:29 Are certificates like CompTIA A+ needed anymore?\n1:25:55 Linus's home & pool progress update\n1:27:08 Most risk in growing LMG\n1:27:36 Wireless earpods, Apple's AirPods\n1:28:48 Dream YouTube collabs that Linus would enjoy\n1:29:44 Outro", "link": "https://www.youtube.com/watch?v=4NnXdK-Kncc", "date_published": "2022-07-29 00:00:00+00:00", "persistent": false, "user": null, "language": "en-US"}]