[{"source": "https://www.youtube.com/feeds/videos.xml?channel_id=UCw--xPGVVxYzRsWyV1nFqgg", "title": "NEW WHEEL OF TIME SHORTS!\ud83c\udf89 Martin Tests Positive\ud83e\udda0 Gollum Delay!\u231b-FANTASY NEWS", "description": "LETS GET INTO THE FANTASY NEWS!!! \n\nNew Channel: https://www.youtube.com/channel/UC9tQc_K_LtoCiVGx7_R3FRA\nPatreon: https://www.patreon.com/DanielBGreene \nAll the Me Social Links: https://linktr.ee/DanielGreene\n\nMerch: https://www.designbyhumans.com/shop/FantasyNews/ \n\nLawful Times Series: \nBreach of Peace: https://amzn.to/3CnKsfX\nRebels Creed: https://amzn.to/3Gtqt2p\n\nEquipment: \nCamera: https://amzn.to/3siqgHv  \nLense: https://amzn.to/3ugGxhQ  \nLighting: https://amzn.to/3aI3brK  \nMicrophone: https://amzn.to/3pCGtWg  \nTripod: https://amzn.to/3kd9yq1  \n\nP.O. Box: PO Box 7874 Henrico, VA 23231\n\n\nNEWS:\n\n00:00 Intro\n\n00:35 George R. R. Martin Covid: https://www.youtube.com/watch?v=qoqMl6XW-k4 \n\n01:16 Malazan Update: https://m.facebook.com/story.php?story_fbid=pfbid0enweTrLCQUG1ZfBVbTBoRjt51mPQrtziJgXV9Av5X2tS7FW5U4maQy7oYdjr45LFl&id=100044126933474 \n\n01:57 New Snow Crash: https://www.penguinrandomhouse.com/books/172832/snow-crash-by-neal-stephenson/hardcover \n\n02:23 Leather bounds coming back: https://twitter.com/DragonsteelBook/status/1552004603025264640?t=IUW_y1RKYeqekZALlU9M_g&s=19 \n\n02:48 New Wheel of Time Audiobooks: https://dragonmount.com/news/book-news/rosamundtghtdr/ \n\n03:40 WoT Shorts: https://twitter.com/TheWheelOfTime/status/1550263651046567936 \n\n04:17 Gollum Delay: https://twitter.com/gollumgame/status/1551598260732792832?s=21&t=WjvspGYNOJgLFPjOvawKcw \n\n06:06 Avatar Cabbage Actor: https://collider.com/avatar-the-last-airbender-live-action-series-cast-james-sie-netflix/ \n\n07:04 Pinocchio Trailer: https://www.youtube.com/watch?v=Tbl5Lbi4xEs&ab_channel=Netflix \n\n07:49 Sandman Trailer: https://www.youtube.com/watch?v=83ClbRPRDXU&ab_channel=Netflix \n\n08:44 EEAAO Box Office: https://mobile.twitter.com/FilmUpdates/status/1552048681888518144 \n\n09:01 Knights Of The Old Republic Delay: https://www.bloomberg.com/news/articles/2022-07-26/star-wars-knights-of-the-old-republic-game-paused-amid-studio-shakeup", "link": "https://www.youtube.com/watch?v=UFbdUEXAAXU", "date_published": "2022-07-29 00:00:00+00:00", "persistent": false, "user": null, "language": "en-US"}]