[{"source": "http://rss.cnn.com/rss/edition.rss", "title": "Global pandemic death toll is three times higher than reported Covid-19 deaths suggest, study finds", "description": "The Covid-19 pandemic may have been three times deadlier than the reported death toll suggests.", "link": "https://www.cnn.com/2022/03/10/health/covid-pandemic-excess-mortality/index.html", "date_published": "2022-03-10 23:36:23+00:00", "persistent": false, "user": null, "language": "en-US"}, {"source": "http://rss.cnn.com/rss/edition.rss", "title": "Powerful storm threatens central US with snow and could become a bomb cyclone as it moves east", "description": "A strong winter storm is expected to impact a large swath of the US, bringing snow Thursday to the central region before forming into a bomb cyclone on its way east over the weekend.", "link": "https://www.cnn.com/2022/03/10/weather/winter-storm-bomb-cyclone-thursday/index.html", "date_published": "2022-03-10 23:05:21+00:00", "persistent": false, "user": null, "language": "en-US"}, {"source": "http://rss.cnn.com/rss/edition.rss", "title": "Bipartisan pressure mounts for US to do more amid frustration over Polish jets", "description": "After two weeks of unity surrounding the Biden administration's swift and sweeping response to Russia's invasion of Ukraine, patience is quickly thinning on Capitol Hill, with Republicans -- and even some Democrats -- challenging the administration to go further to help Ukrainian allies under attack.", "link": "https://www.cnn.com/2022/03/10/politics/congress-reaction-ukraine-aid/index.html", "date_published": "2022-03-10 22:30:07+00:00", "persistent": false, "user": null, "language": "en-US"}, {"source": "http://rss.cnn.com/rss/edition.rss", "title": "Recent North Korean ICBM launches mark a 'serious escalation,' US assesses", "description": "The US has assessed that recent ballistic missile launches by Pyongyang signal the use of a new missile system, a senior administration official said Thursday, adding that it marks a \"serious escalation\" from North Korea.", "link": "https://www.cnn.com/2022/03/10/politics/north-korea-biden-administration/index.html", "date_published": "2022-03-10 22:09:16+00:00", "persistent": false, "user": null, "language": "en-US"}, {"source": "http://rss.cnn.com/rss/edition.rss", "title": "Details trickled in this week on Brittney Griner's February arrest in Russia. But many questions remain unanswered", "description": "Basketball star Brittney Griner's arrest in Russia on allegations of drug smuggling has brought widespread condemnation in the US but few details from Russian authorities on her status and the investigation.", "link": "https://www.cnn.com/2022/03/10/world/brittney-griner-arrest-russia-thursday/index.html", "date_published": "2022-03-10 21:56:36+00:00", "persistent": false, "user": null, "language": "en-US"}, {"source": "http://rss.cnn.com/rss/edition.rss", "title": "Russia has targeted many medical facilities, WHO says, after horrific Mariupol hospital bombing", "description": "", "link": "https://www.cnn.com/collections/intl-mariupol-hospital-attack-0310/", "date_published": "2022-03-10 21:39:52+00:00", "persistent": false, "user": null, "language": "en-US"}, {"source": "http://rss.cnn.com/rss/edition.rss", "title": "Victims of opioid crisis confront family behind OxyContin maker at emotional hearing", "description": "Victims of opioid abuse and their families on Thursday confronted members of the family behind OxyContin maker Purdue Pharma, recounting their immeasurable loss and pain caused by the highly addictive painkillers.", "link": "https://www.cnn.com/2022/03/10/us/us-bankruptcy-purdue-pharma-sacklers-victims/index.html", "date_published": "2022-03-10 21:22:36+00:00", "persistent": false, "user": null, "language": "en-US"}, {"source": "http://rss.cnn.com/rss/edition.rss", "title": "These are the missile defense systems the US sent to Poland", "description": "The two missile defense systems that the US delivered to Poland this week are part of a weapons system upon which the US military has heavily relied for nearly 40 years.", "link": "https://www.cnn.com/2022/03/10/politics/us-patriot-missile-defense-system-explainer/index.html", "date_published": "2022-03-10 20:18:22+00:00", "persistent": false, "user": null, "language": "en-US"}, {"source": "http://rss.cnn.com/rss/edition.rss", "title": "Polish ambassador says country has been right about Putin since 2008", "description": "Polish Ambassador to the US Marek Magierowski joins Amanpour to discuss the Russian threat to NATO countries and explain why he believes a former Polish president understood the intentions of Russian President Vladimir Putin for over a decade.", "link": "https://www.cnn.com/videos/world/2022/03/10/polish-ambassador-ukraine-russia-intv-amanpour-vpx.cnn", "date_published": "2022-03-10 19:34:19+00:00", "persistent": false, "user": null, "language": "en-US"}, {"source": "http://rss.cnn.com/rss/edition.rss", "title": "McDonald's transformed Russia. Now it's abandoning the country", "description": "", "link": "https://www.cnn.com/collections/intl-ukraine-global-reax-031022/", "date_published": "2022-03-10 19:05:04+00:00", "persistent": false, "user": null, "language": "en-US"}, {"source": "http://rss.cnn.com/rss/edition.rss", "title": "Rare wolverine sighting in Yellowstone was captured on video", "description": "A wolverine was captured on video by a tourist in Yellowstone National Park this week -- an impressive feat considering a research survey conducted in the park from 2006 to 2009 only documented seven of them.", "link": "https://www.cnn.com/2022/03/10/us/wolverine-sighting-yellowstone-scn/index.html", "date_published": "2022-03-10 19:00:13+00:00", "persistent": false, "user": null, "language": "en-US"}, {"source": "http://rss.cnn.com/rss/edition.rss", "title": "Russia owes Western banks $120 billion. They won't get it back", "description": "Goldman Sachs is the first major Western bank to get out of Russia following the invasion of Ukraine. More are likely to follow at a cost of tens of billions of dollars.", "link": "https://www.cnn.com/2022/03/10/investing/banks-russia-exposure/index.html", "date_published": "2022-03-10 18:44:19+00:00", "persistent": false, "user": null, "language": "en-US"}, {"source": "http://rss.cnn.com/rss/edition.rss", "title": "'Turning Red' tackles puberty and periods in a way that's rare", "description": "In an early scene from the new Pixar film \"Turning Red,\" the character Mei hides out in the bathroom on a morning before school. Having spiraled from a particularly embarrassing encounter the night before, she's woken up to find that she's turned into a giant red panda.", "link": "https://www.cnn.com/2022/03/10/entertainment/turning-red-puberty-periods-wellness-cec/index.html", "date_published": "2022-03-10 18:04:44+00:00", "persistent": false, "user": null, "language": "en-US"}, {"source": "http://rss.cnn.com/rss/edition.rss", "title": "Biden administration extends travel mask mandate for another month", "description": "Federal officials have notified stakeholders in the airline industry that they will announce as soon as Thursday a 30-day extension of the federal transportation mask mandate, three sources told CNN.", "link": "https://www.cnn.com/2022/03/10/politics/travel-mask-mandate/index.html", "date_published": "2022-03-10 17:18:30+00:00", "persistent": false, "user": null, "language": "en-US"}, {"source": "http://rss.cnn.com/rss/edition.rss", "title": "McDonald's: It transformed Russia. Now it's leaving the country", "description": "When McDonald's opened its doors in Moscow for the first time, it was a big deal.", "link": "https://www.cnn.com/2022/03/10/business/mcdonalds-russia-history/index.html", "date_published": "2022-03-10 17:08:13+00:00", "persistent": false, "user": null, "language": "en-US"}, {"source": "http://rss.cnn.com/rss/edition.rss", "title": "Video appears to show Ukrainian airstrike on Russian tanks near Kyiv", "description": "Ukrainian officials claim the military have defeated a Russian tank regiment outside the capital Kyiv and videos appear to show a number of tanks on fire or destroyed.", "link": "https://www.cnn.com/videos/world/2022/03/10/ukraine-military-airstrike-russian-tanks-kyiv-nr-vpx.cnn", "date_published": "2022-03-10 16:35:33+00:00", "persistent": false, "user": null, "language": "en-US"}, {"source": "http://rss.cnn.com/rss/edition.rss", "title": "Amazon and Alphabet could give the Dow a 21st century facelift", "description": "Amazon and Google owner Alphabet are two of the most dominant companies on Earth. Each is worth more than $1 trillion and is a leader in multiple industries. But neither stock is a member of Wall Street's most exclusive club: the Dow Jones Industrial Average. That may soon change.", "link": "https://www.cnn.com/2022/03/10/investing/amazon-alphabet-google-dow/index.html", "date_published": "2022-03-10 16:11:56+00:00", "persistent": false, "user": null, "language": "en-US"}, {"source": "http://rss.cnn.com/rss/edition.rss", "title": "They bought a Caribbean island to start their own country", "description": "\"Who wouldn't want to buy an island?\" Marshall Mayer asks above the roar of the engine as the boat cuts through the still waters of the Caribbean Sea. Belize City is fast disappearing behind, as a group of mangrove-covered islands grows larger on the horizon.", "link": "https://www.cnn.com/travel/article/islandia-lets-buy-an-island-micronation/index.html", "date_published": "2022-03-10 15:51:04+00:00", "persistent": false, "user": null, "language": "en-US"}, {"source": "http://rss.cnn.com/rss/edition.rss", "title": "This Italian destination will pay your wedding bills", "description": "So you've always wanted a destination wedding. Italy, maybe. In the Eternal City, perhaps. Or one of those hilltop towns -- think of the wedding photos! There's just one problem -- weddings are expensive at the best of times, destination weddings involve even more expense, and these aren't the best of times.", "link": "https://www.cnn.com/travel/article/lazio-italy-wedding-fund/index.html", "date_published": "2022-03-10 15:50:44+00:00", "persistent": false, "user": null, "language": "en-US"}, {"source": "http://rss.cnn.com/rss/edition.rss", "title": "People with disabilities left behind by telemedicine and other pandemic medical innovations", "description": "As the country enters Year 3 of the pandemic emergency, people with disabilities across the United States are still finding it difficult to use innovations in telemedicine, teleworking and testing.", "link": "https://www.cnn.com/2022/03/10/health/pandemic-medical-innovations-disabilities-khn-partner-wellness/index.html", "date_published": "2022-03-10 15:41:14+00:00", "persistent": false, "user": null, "language": "en-US"}, {"source": "http://rss.cnn.com/rss/edition.rss", "title": "Donald Trump was asked about the future of Ukraine. He started talking about windmills", "description": "On Wednesday, former President Donald Trump sat down with the \"Full Send\" podcast for nearly an hour.", "link": "https://www.cnn.com/2022/03/10/politics/donald-trump-ukraine-russia-invasion-windmills/index.html", "date_published": "2022-03-10 15:36:20+00:00", "persistent": false, "user": null, "language": "en-US"}, {"source": "http://rss.cnn.com/rss/edition.rss", "title": "These videos are not proof of 'crisis actors.' CNN breaks it down.", "description": "CNN's Daniel Dale breaks down two videos being spread online to claim the media is broadcasting footage of \"crisis actors.\" Neither video shows what pro-Russia social media accounts claim.", "link": "https://www.cnn.com/videos/business/2022/03/09/fake-videos-spreading-misinformation-ukraine-orig-mh.cnn", "date_published": "2022-03-10 15:33:32+00:00", "persistent": false, "user": null, "language": "en-US"}, {"source": "http://rss.cnn.com/rss/edition.rss", "title": "She left Ukraine for a business trip. Her family are still trapped in the besieged city of Mariupol", "description": "When translator Yulia Karaulan left Ukraine for a business trip to Italy on February 20, she thought she would be back with her family a few days later.", "link": "https://www.cnn.com/2022/03/10/europe/ukraine-family-separated-mariupol/index.html", "date_published": "2022-03-10 15:31:52+00:00", "persistent": false, "user": null, "language": "en-US"}, {"source": "http://rss.cnn.com/rss/edition.rss", "title": "China goes all in on Russia's disinformation campaign", "description": "In public statements and at international summits, Chinese officials have attempted to stake out a seemingly neutral position on the war in Ukraine, neither condemning Russian actions nor ruling out the possibility Beijing could act as a mediator in a push for peace.", "link": "https://www.cnn.com/2022/03/10/china/china-russia-disinformation-campaign-ukraine-intl-dst-hnk/index.html", "date_published": "2022-03-10 15:23:27+00:00", "persistent": false, "user": null, "language": "en-US"}, {"source": "http://rss.cnn.com/rss/edition.rss", "title": "Denmark opens its arms to Ukrainians, while trying to send Syrian refugees home", "description": "When Denmark became the first liberal democracy to tell Syrian refugees to return to their war-torn home in 2019, Russian jets were still dropping missiles in Syria, in an effort to help President Bashar al-Assad's regime regain control of the country.", "link": "https://www.cnn.com/2022/03/10/europe/denmark-refugees-ukraine-syrian-intl/index.html", "date_published": "2022-03-10 15:23:05+00:00", "persistent": false, "user": null, "language": "en-US"}, {"source": "http://rss.cnn.com/rss/edition.rss", "title": "Chloe Cherry says being a porn star cost her friends", "description": "Chloe Cherry has been a breakout star as Faye on \"Euphoria,\" but her previous career was as an adult film actress.", "link": "https://www.cnn.com/2022/03/10/entertainment/chloe-cherry-porn/index.html", "date_published": "2022-03-10 14:50:42+00:00", "persistent": false, "user": null, "language": "en-US"}, {"source": "http://rss.cnn.com/rss/edition.rss", "title": "Cold air mass makes dire situation worse in Ukraine", "description": "CNN's Chad Myers says that many cities in Ukraine without power after being hit by Russian forces, are now having to cope with a cold air mass that has brought near-freezing temperatures.", "link": "https://www.cnn.com/videos/weather/2022/03/10/ukraine-freezing-temperatures-forecast-myers-march-10-vpx.cnn", "date_published": "2022-03-10 13:56:08+00:00", "persistent": false, "user": null, "language": "en-US"}, {"source": "http://rss.cnn.com/rss/edition.rss", "title": "Fool's gold or safe haven? War puts bitcoin to the test", "description": "Advocates of bitcoin have long claimed that the cryptocurrency has much in common with gold. They envision a world in which traders flock to it in times of stress and use it to store value over time.", "link": "https://www.cnn.com/2022/03/10/investing/premarket-stocks-trading/index.html", "date_published": "2022-03-10 13:43:02+00:00", "persistent": false, "user": null, "language": "en-US"}, {"source": "http://rss.cnn.com/rss/edition.rss", "title": "Jussie Smollett scheduled to be sentenced for lying to police in hate crime hoax", "description": "Jussie Smollett, the former \"Empire\" actor who was convicted last month of lying to police that he was a victim of a hate crime, is set to be sentenced on March 10, his attorney Tamara Walker confirmed to CNN on Tuesday.", "link": "https://www.cnn.com/2022/01/25/us/jussie-smollett-sentencing/index.html", "date_published": "2022-03-10 12:20:07+00:00", "persistent": false, "user": null, "language": "en-US"}, {"source": "http://rss.cnn.com/rss/edition.rss", "title": "Why record-high gas prices won't be solved by drilling more oil in the US", "description": "As US oil and gasoline prices skyrocket, politicians in both parties have called for a seemingly easy solution: Drill our way out of the problem to ease prices at the pump and supply additional energy to Europe.", "link": "https://www.cnn.com/2022/03/10/politics/record-gas-prices-wont-be-solved-by-drilling-more-oil-climate/index.html", "date_published": "2022-03-10 12:08:32+00:00", "persistent": false, "user": null, "language": "en-US"}, {"source": "http://rss.cnn.com/rss/edition.rss", "title": "Baby gets first heart and thymus transplant, possibly eliminating need for dangerous lifelong medication", "description": "When Kaitlyn Sinnamon was 20 weeks pregnant with her second child, doctors told her that her baby would be born with a heart defect that would require surgery at the beginning of his life.", "link": "https://www.cnn.com/2022/03/10/health/baby-heart-and-thymus-transplant/index.html", "date_published": "2022-03-10 11:51:51+00:00", "persistent": false, "user": null, "language": "en-US"}, {"source": "http://rss.cnn.com/rss/edition.rss", "title": "Murkowski on tough Supreme Court choice: 'This is a different game'", "description": "Last year, Sen. Lisa Murkowski was one of just three Republicans who voted to elevate Judge Ketanji Brown Jackson to the second most important court in the country. Now, in the middle of an election year, she is faced with a new choice: Promoting her to the highest court in the land.", "link": "https://www.cnn.com/2022/03/10/politics/lisa-murkowski-ketanji-brown-jackson/index.html", "date_published": "2022-03-10 11:00:25+00:00", "persistent": false, "user": null, "language": "en-US"}, {"source": "http://rss.cnn.com/rss/edition.rss", "title": "Original Buzz Aldrin moon walk photo sells for $7,700 at auction", "description": "A series of original NASA photographs from the Apollo missions sold for a total of 1.16 million Danish crowns ($171,831) in an auction in Copenhagen on Wednesday.", "link": "https://www.cnn.com/style/article/moon-walk-apollo-photo-auction-scn/index.html", "date_published": "2022-03-10 10:50:50+00:00", "persistent": false, "user": null, "language": "en-US"}, {"source": "http://rss.cnn.com/rss/edition.rss", "title": "Karim Benzema scores hat-trick in 17 minutes as Real Madrid dumps PSG out of Champions League", "description": "Karim Benzema produced a memorable performance to inspire Real Madrid to a comeback win against Paris Saint-Germain in the Champions League round of 16 second leg on Wednesday.", "link": "https://www.cnn.com/2022/03/10/football/karim-benzema-champions-league-real-madrid-psg-spt-intl/index.html", "date_published": "2022-03-10 10:27:56+00:00", "persistent": false, "user": null, "language": "en-US"}, {"source": "http://rss.cnn.com/rss/edition.rss", "title": "Analysis: Two weeks of war have revealed cracks in Putin's master plan for Ukraine", "description": "", "link": "https://www.cnn.com/2022/03/10/europe/russia-military-ukraine-analysis-lister-intl-cmd/index.html", "date_published": "2022-03-10 10:27:46+00:00", "persistent": false, "user": null, "language": "en-US"}, {"source": "http://rss.cnn.com/rss/edition.rss", "title": "CNN talks to children fleeing the war in Ukraine", "description": "CNN's Miguel Marquez reports from Romania where he meets children - many who do not have parents - and their teachers who fled their homes in Odessa, Ukraine, as the Russians invaded.", "link": "https://www.cnn.com/videos/world/2022/03/10/ukraine-children-flee-war-odessa-marquez-pkg-nr-intl-vpx.cnn", "date_published": "2022-03-10 09:38:39+00:00", "persistent": false, "user": null, "language": "en-US"}, {"source": "http://rss.cnn.com/rss/edition.rss", "title": "How South Korea's new President could shake up the region", "description": "South Korea's new president is taking power at a turbulent time for the country and the path he carves could shake up the region.", "link": "https://www.cnn.com/2022/03/10/asia/yoon-suk-yeol-new-south-korean-president-stance-intl-hnk/index.html", "date_published": "2022-03-10 09:14:17+00:00", "persistent": false, "user": null, "language": "en-US"}, {"source": "http://rss.cnn.com/rss/edition.rss", "title": "Misinformation: Russia resurfaces debunked conspiracy", "description": "The US State Department accused the Kremlin of \"outright lies\" after accusing the US of chemical and biological weapons activities in Ukraine. CNN's Katie Polglase takes a closer look at how these once debunked claims are finding new life.", "link": "https://www.cnn.com/videos/media/2022/03/10/russia-debunked-biolab-claim-ukraine-us-polglase-pkg-ovn-intl-vpx.cnn", "date_published": "2022-03-10 07:45:31+00:00", "persistent": false, "user": null, "language": "en-US"}]