[{"source": "https://www.youtube.com/feeds/videos.xml?channel_id=UC3I2GFN_F8WudD_2jUZbojA", "title": "Parcels - Famous (Live on KEXP)", "description": "http://KEXP.ORG presents Parcels performing \u201cFamous\u201d live in the KEXP studio. Recorded February 23, 2022.\n\nJules Crommelin - Guitar / Vocals\nNoah Hill - Bass / Vocals\nPatrick Hetherington - Guitar / Keys / Vocals\nLouie Swain - Keys / Vocals\nAnatole Serret - Drums / Vocals\n\nHost: Cheryl Waters\nAudio Engineer: Kevin Suggs\nMastering: Julian Martlew\nCameras: Jim Beckmann, Carlos Cruz, Alaia D\u2019Alessandro & Scott Holpainen\nEditors: Alaia D\u2019Alessandro & Jim Beckmann\n\nhttps://www.parcelsmusic.com/\nhttp://kexp.org", "link": "https://www.youtube.com/watch?v=d7vnUgoUttc", "date_published": "2022-03-11 00:00:00+00:00", "persistent": false, "user": null, "language": "en-US"}, {"source": "https://www.youtube.com/feeds/videos.xml?channel_id=UC3I2GFN_F8WudD_2jUZbojA", "title": "Parcels - Full Performance (Live on KEXP)", "description": "http://KEXP.ORG presents Parcels performing live in the KEXP studio. Recorded February 23, 2022.\n\nSongs:\nFamous\nLIGHT\nSomethinggreater\nOnce\n\nJules Crommelin - Guitar / Vocals\nNoah Hill - Bass / Vocals\nPatrick Hetherington - Guitar / Keys / Vocals\nLouie Swain - Keys / Vocals\nAnatole Serret - Drums / Vocals\n\nHost: Cheryl Waters\nAudio Engineer: Kevin Suggs\nMastering: Julian Martlew\nCameras: Jim Beckmann, Carlos Cruz, Alaia D\u2019Alessandro & Scott Holpainen\nEditors: Alaia D\u2019Alessandro & Jim Beckmann\n\nhttps://www.parcelsmusic.com/\nhttp://kexp.org", "link": "https://www.youtube.com/watch?v=UcTj3JBoGkE", "date_published": "2022-03-11 00:00:00+00:00", "persistent": false, "user": null, "language": "en-US"}, {"source": "https://www.youtube.com/feeds/videos.xml?channel_id=UC3I2GFN_F8WudD_2jUZbojA", "title": "Parcels - LIGHT (Live on KEXP)", "description": "http://KEXP.ORG presents Parcels performing \u201cLIGHT\u201d live in the KEXP studio. Recorded February 23, 2022.\n\nJules Crommelin - Guitar / Vocals\nNoah Hill - Bass / Vocals\nPatrick Hetherington - Guitar / Keys / Vocals\nLouie Swain - Keys / Vocals\nAnatole Serret - Drums / Vocals\n\nHost: Cheryl Waters\nAudio Engineer: Kevin Suggs\nMastering: Julian Martlew\nCameras: Jim Beckmann, Carlos Cruz, Alaia D\u2019Alessandro & Scott Holpainen\nEditors: Alaia D\u2019Alessandro & Jim Beckmann\n\nhttps://www.parcelsmusic.com/\nhttp://kexp.org", "link": "https://www.youtube.com/watch?v=wOgybGMTyCA", "date_published": "2022-03-11 00:00:00+00:00", "persistent": false, "user": null, "language": "en-US"}, {"source": "https://www.youtube.com/feeds/videos.xml?channel_id=UC3I2GFN_F8WudD_2jUZbojA", "title": "Parcels - Once (Live on KEXP)", "description": "http://KEXP.ORG presents Parcels performing \u201cOnce\u201d live in the KEXP studio. Recorded February 23, 2022.\n\nJules Crommelin - Guitar / Vocals\nNoah Hill - Bass / Vocals\nPatrick Hetherington - Guitar / Keys / Vocals\nLouie Swain - Keys / Vocals\nAnatole Serret - Drums / Vocals\n\nHost: Cheryl Waters\nAudio Engineer: Kevin Suggs\nMastering: Julian Martlew\nCameras: Jim Beckmann, Carlos Cruz, Alaia D\u2019Alessandro & Scott Holpainen\nEditors: Alaia D\u2019Alessandro & Jim Beckmann\n\nhttps://www.parcelsmusic.com/\nhttp://kexp.org", "link": "https://www.youtube.com/watch?v=_AgWRZkPX_0", "date_published": "2022-03-11 00:00:00+00:00", "persistent": false, "user": null, "language": "en-US"}, {"source": "https://www.youtube.com/feeds/videos.xml?channel_id=UC3I2GFN_F8WudD_2jUZbojA", "title": "Parcels - Somethinggreater (Live on KEXP)", "description": "http://KEXP.ORG presents Parcels performing \u201cSomethinggreater\u201d live in the KEXP studio. Recorded February 23, 2022.\n\nJules Crommelin - Guitar / Vocals\nNoah Hill - Bass / Vocals\nPatrick Hetherington - Guitar / Keys / Vocals\nLouie Swain - Keys / Vocals\nAnatole Serret - Drums / Vocals\n\nHost: Cheryl Waters\nAudio Engineer: Kevin Suggs\nMastering: Julian Martlew\nCameras: Jim Beckmann, Carlos Cruz, Alaia D\u2019Alessandro & Scott Holpainen\nEditors: Alaia D\u2019Alessandro & Jim Beckmann\n\nhttps://www.parcelsmusic.com/\nhttp://kexp.org", "link": "https://www.youtube.com/watch?v=tWlA-gsb_GE", "date_published": "2022-03-11 00:00:00+00:00", "persistent": false, "user": null, "language": "en-US"}]