[{"source": "https://www.youtube.com/feeds/videos.xml?channel_id=UCtZO3K2p8mqFwiKWb9k7fXA", "title": "Why Russia Can't Survive Tech Sanctions", "description": "Sponsored by Curiosity Stream. Sign up at https://curiositystream.com/techaltar and get access to Nebula for free with your subscription!\n\nOnce you have an account, here is the Bonus video: https://nebula.app/videos/techaltar-putins-cyberattacks-are-weak-for-now\n\n\u25ac\u25ac\u25ac\u25ac\u25ac\u25ac\u25ac\u25ac\u25ac\u25ac\u25ac\u25ac\u25ac\u25ac\u25ac\u25ac\u25ac\u25ac\u25ac\u25ac\u25ac\u25ac\u25ac\u25ac  \n\n\u25ba\u25ba\u25ba This video \u25c4\u25c4\u25c4  \n\nAfter Putin's attacks on Ukraine, the US White House, the EU and much of the rest of the world hit Russia with strong sanctions targeting their access to key technologies and the global financial system. From chip imports to SWIFT, the sanctions are hard and many companies also decided to pull out. Will they work?\n\nThe Story Behind - ep. 84\n\nBonus video (Nebula Plus): https://nebula.app/videos/techaltar-putins-cyberattacks-are-weak-for-now\nAsianometry's video about Russian chip manufacturing: https://www.youtube.com/watch?v=N_4R4X7AWtU\nThis video on Nebula: https://nebula.app/videos/techaltar-sanctions-will-they-defeat-putin\n\n \u25ac\u25ac\u25ac\u25ac\u25ac\u25ac\u25ac\u25ac\u25ac\u25ac\u25ac\u25ac\u25ac\u25ac\u25ac\u25ac\u25ac\u25ac\u25ac\u25ac\u25ac\u25ac\u25ac\u25ac  \n\n\u25ba\u25ba\u25ba TechAltar links \u25c4\u25c4\u25c4  \n\nMerch:  \nhttp://enthusiast.store   \n\nSocial media:  \nhttps://twitter.com/TechAltar  \nhttps://instagram.com/TechAltar \nhttps://facebook.com/TechAltar  \nhttps://discord.gg/npKQebe  \n\nIf you want to support TechAltar directly:  https://flattr.com/@techaltar   \n\n\u25ac\u25ac\u25ac\u25ac\u25ac\u25ac\u25ac\u25ac\u25ac\u25ac\u25ac\u25ac\u25ac\u25ac\u25ac\u25ac\u25ac\u25ac\u25ac\u25ac\u25ac\u25ac\u25ac\u25ac  \n\n\u25ba\u25ba\u25ba Attributions \u25c4\u25c4\u25c4  \n\nMusic by Edemski: https://soundcloud.com/edemski", "link": "https://www.youtube.com/watch?v=SV_4M9R8Ggs", "date_published": "2022-03-10 10:25:17+00:00", "persistent": false, "user": null, "language": null}]