[{"source": "https://www.youtube.com/feeds/videos.xml?channel_id=UCRG_N2uO405WO4P3Ruef9NA", "title": "A new currency to rule them all!", "description": "Visit https://brilliant.org/TFC/ to get started learning STEM for free, and the first 200 people will get 20% off their annual premium subscription - Sponsored by Brilliant.\n\n \u25ac\u25ac\u25ac\u25ac\u25ac\u25ac\u25ac\u25ac\u25ac\u25ac\u25ac\u25ac\u25ac\u25ac\u25ac\u25ac\u25ac\u25ac\u25ac\u25ac\u25ac\u25ac\u25ac\u25ac  \n\n\u25ba\u25ba\u25ba This video \u25c4\u25c4\u25c4  \n\nThis week the US government started working on the Digital Dollar, the Nothing Phone basically got confirmed, and Samsung got hacked by Lapsus$, same as Nvidia. \n\nEpisode 87\n\nThis video on Nebula: \nCrrowd app & Release Monitor: https://play.google.com/store/apps/details?id=com.crrowd \nQuiz: https://link.crrowd.com/quiz\n\n \u25ac\u25ac\u25ac\u25ac\u25ac\u25ac\u25ac\u25ac\u25ac\u25ac\u25ac\u25ac\u25ac\u25ac\u25ac\u25ac\u25ac\u25ac\u25ac\u25ac\u25ac\u25ac\u25ac\u25ac  \n\n\u25ba\u25ba\u25ba TechAltar links \u25c4\u25c4\u25c4  \n\nMerch:  \nhttp://enthusiast.store   \n\nSocial media:  \nhttps://twitter.com/TechAltar  \nhttps://instagram.com/TechAltar \nhttps://facebook.com/TechAltar  \nhttps://discord.gg/npKQebe  \n\nIf you want to support my work directly:  https://flattr.com/@techaltar   \n\n\u25ac\u25ac\u25ac\u25ac\u25ac\u25ac\u25ac\u25ac\u25ac\u25ac\u25ac\u25ac\u25ac\u25ac\u25ac\u25ac\u25ac\u25ac\u25ac\u25ac\u25ac\u25ac\u25ac\u25ac\n\n\u25ba\u25ba\u25ba Attributions & Time stamps\u25c4\u25c4\u25c4\n\nMusic by Edemski: https://soundcloud.com/edemski \n\n0:00 Intro\n0:31 Release highlights\n2:18 Digital dollar\n5:00 Nothing phone\n6:51 Samsung hack", "link": "https://www.youtube.com/watch?v=vj_-HhVcPa0", "date_published": "2022-03-11 00:00:00+00:00", "persistent": false, "user": null, "language": "en-US"}]