[{"source": "https://tvn24.pl/najwazniejsze.xml", "title": "\"Chwa\u0142a Ukrainie!\". Dramatyczny obraz wojny", "description": "<img alt=\"\" src=\"https://tvn24.pl/najnowsze/cdn-zdjecie-0qe42c-czarno-na-bialym-5631002/alternates/LANDSCAPE_1280\" />\n    Materia\u0142 Marcina Gutowskiego.", "link": "https://tvn24.pl/go/programy,7/czarno-na-bialym-odcinki,11367/odcinek-1865,S00E1865,726751?source=rss", "date_published": "2022-03-10 20:15:35+00:00", "persistent": false, "user": null, "language": "pl-PL"}]