[{"source": "https://www.lemonde.fr/en/science/rss_full.xml", "title": "Amory Lovins: 'Vladimir Putin has just blown up the fossil fuel era'", "description": "In an interview with 'Le Monde,' American scientist Amory Lovins, an ardent defender of energy efficiency and renewables, shares his belief that the war in Ukraine has triggered a determined move toward more sustainable energy in Europe.", "link": "https://www.lemonde.fr/en/environment/article/2022/11/02/amory-lovins-vladimir-putin-has-just-blown-up-the-fossil-fuel-era_6002684_114.html", "date_published": "2022-11-02 14:30:08+00:00", "persistent": false, "user": null, "language": "en-US"}]