[{"source": "https://feeds.washingtonpost.com/rss/business/technology", "title": "Call of Duty based some maps on real places. Not everyone was happy.", "description": "Several maps in \u201cCall of Duty: Modern Warfare II\u201d use real world locales as inspiration. One such source of inspiration is considering legal action.", "link": "https://www.washingtonpost.com/video-games/2022/11/02/modern-warfare-2-valderas-getty-breenbergh/?utm_source=rss&utm_medium=referral&utm_campaign=wp_business-technology", "date_published": "2022-11-02 15:58:46+00:00", "persistent": false, "user": null, "language": "en-US"}, {"source": "https://feeds.washingtonpost.com/rss/business/technology", "title": "Prince William County board approves controversial data center project", "description": "The \"Digital Gateway\" plan to build 27 million square feet of data centers in a rural portion of Prince William was the subject of a contentious 14-hour vote.", "link": "https://www.washingtonpost.com/dc-md-va/2022/11/02/prince-william-vote-data-center/?utm_source=rss&utm_medium=referral&utm_campaign=wp_business-technology", "date_published": "2022-11-02 13:58:27+00:00", "persistent": false, "user": null, "language": "en-US"}, {"source": "https://feeds.washingtonpost.com/rss/business/technology", "title": "VR is funny. Why isn\u2019t it pitched that way?", "description": "The virtual reality killer app won\u2019t be epic. Normal video games already do that better. So why not let VR be funny and weird?", "link": "https://www.washingtonpost.com/video-games/2022/11/02/virtual-reality-funny-playstation-vr2/?utm_source=rss&utm_medium=referral&utm_campaign=wp_business-technology", "date_published": "2022-11-02 13:00:27+00:00", "persistent": false, "user": null, "language": "en-US"}, {"source": "https://feeds.washingtonpost.com/rss/business/technology", "title": "A new feature for old Echo speakers could boost your home WiFi setup", "description": "Some Amazon Echos can double as WiFi range extenders. It\u2019s not a perfect fix.", "link": "https://www.washingtonpost.com/technology/2022/11/02/eero-built-in-amazon-echo-speaker/?utm_source=rss&utm_medium=referral&utm_campaign=wp_business-technology", "date_published": "2022-11-02 07:00:58+00:00", "persistent": false, "user": null, "language": "en-US"}, {"source": "https://feeds.washingtonpost.com/rss/business/technology", "title": "Workers flee world\u2019s biggest iPhone plant in China over virus restrictions", "description": "Foxconn is struggling to contain an exodus of workers at the plant making half the world's iPhones in the latest example of the economic and social costs China's zero covid policy.", "link": "https://www.washingtonpost.com/world/2022/11/02/china-foxconn-iphone-factory-zhengzhou-covid/?utm_source=rss&utm_medium=referral&utm_campaign=wp_business-technology", "date_published": "2022-11-02 06:41:18+00:00", "persistent": false, "user": null, "language": "en-US"}, {"source": "https://feeds.washingtonpost.com/rss/business/technology", "title": "Musk says Twitter won\u2019t restore banned accounts for weeks", "description": "Elon Musk pledged not to restore banned accounts \u2014 such as former president Donald Trump\u2019s \u2014 to the platform until after the midterm elections.", "link": "https://www.washingtonpost.com/technology/2022/11/02/musk-twitter-bans-trump/?utm_source=rss&utm_medium=referral&utm_campaign=wp_business-technology", "date_published": "2022-11-02 01:48:02+00:00", "persistent": false, "user": null, "language": "en-US"}]