[{"source": "https://tvn24.pl/najwazniejsze.xml", "title": "Komplet dru\u017cyn z awansem do 1/8 fina\u0142u Ligi Mistrz\u00f3w", "description": "<img alt=\"Komplet dru\u017cyn z awansem do 1/8 fina\u0142u Ligi Mistrz\u00f3w\" src=\"https://tvn24.pl/najnowsze/cdn-zdjecie-k4ej2y-piotr-zielinska-bedzie-jedynym-polakiem-w-fazie-pucharowej-lm/alternates/LANDSCAPE_1280\" />\n    Znamy 16 klub\u00f3w, kt\u00f3re awansowa\u0142y do 1/8 fina\u0142u. Kiedy losowanie?", "link": "https://eurosport.tvn24.pl/liga-mistrz-w-2022-2023--kiedy-losowanie-1-8-fina-u--kto-awansowa--z-grup-,1123330.html?source=rss", "date_published": "2022-11-02 21:53:00+00:00", "persistent": false, "user": null, "language": "pl-PL"}, {"source": "https://tvn24.pl/najwazniejsze.xml", "title": "AC Milan w najlepszej szesnastce Ligi Mistrz\u00f3w", "description": "<img alt=\"AC Milan w najlepszej szesnastce Ligi Mistrz\u00f3w\" src=\"https://tvn24.pl/najnowsze/cdn-zdjecie-sitzbz-ac-milan-moze-szykowac-sie-do-meczow-18-finalu/alternates/LANDSCAPE_1280\" />\n    Po dziewi\u0119ciu latach.", "link": "https://eurosport.tvn24.pl/ac-milan-po-dziewi-ciu-latach-w-najlepszej-szesnastce-ligi-mistrz-w,1123405.html?source=rss", "date_published": "2022-11-02 21:52:53+00:00", "persistent": false, "user": null, "language": "pl-PL"}, {"source": "https://tvn24.pl/najwazniejsze.xml", "title": "Szachtar rozbity w decyduj\u0105cym meczu, \u017cegna si\u0119 z Lig\u0105 Mistrz\u00f3w", "description": "<img alt=\"Szachtar rozbity w decyduj\u0105cym meczu, \u017cegna si\u0119 z Lig\u0105 Mistrz\u00f3w\" src=\"https://tvn24.pl/najnowsze/cdn-zdjecie-sz056e-niemiecki-zespol-zdominowal-szachatara/alternates/LANDSCAPE_1280\" />\n    Przegra\u0142 na stadionie Legii w Warszawie z RB Lipsk i wiosn\u0105 zagra w Lidze Europy.", "link": "https://eurosport.tvn24.pl/szachtar-rozbity-w-decyduj-cym-meczu---egna-si--z-lig--mistrz-w,1123397.html?source=rss", "date_published": "2022-11-02 19:41:00+00:00", "persistent": false, "user": null, "language": "pl-PL"}, {"source": "https://tvn24.pl/najwazniejsze.xml", "title": "Koniec marze\u0144 Hurkacza", "description": "<img alt=\"Koniec marze\u0144 Hurkacza\" src=\"https://tvn24.pl/najnowsze/cdn-zdjecie-4c79zc-hubert-hurkacz-podczas-turnieju-atp-masters-1000-w-paryzu-6190970/alternates/LANDSCAPE_1280\" />\n    M\u0142ody Du\u0144czyk nie da\u0142 mu szans.", "link": "https://eurosport.tvn24.pl/koniec-marze--hurkacza-o-fina-ach--m-ody-du-czyk-nie-da--mu-szans,1123381.html?source=rss", "date_published": "2022-11-02 18:58:00+00:00", "persistent": false, "user": null, "language": "pl-PL"}, {"source": "https://tvn24.pl/najwazniejsze.xml", "title": "Marek Falenta przerwa\u0142 milczenie. \"Nigdy nikomu nie sprzeda\u0142em \u017cadnych nagra\u0144\"", "description": "<img alt=\"Marek Falenta przerwa\u0142 milczenie. \" src=\"https://tvn24.pl/najnowsze/cdn-zdjecie-omvazb-0211--marek-falenta-przerwal-milczenie-nigdy-nikomu-nie-sprzedalem-zadnych-nagran/alternates/LANDSCAPE_1280\" />\n    Skazany biznesmen milczy jednak w sprawie w\u0105tku rzekomej \u0142ap\u00f3wki przekazanej synowi Donalda Tuska.", "link": "https://fakty.tvn24.pl/marek-falenta-przerwa--milczenie---nigdy-nikomu-nie-sprzeda-em--adnych-nagra--,1123384.html?source=rss", "date_published": "2022-11-02 18:12:00+00:00", "persistent": false, "user": null, "language": "pl-PL"}, {"source": "https://tvn24.pl/najwazniejsze.xml", "title": "Bachmut. To miejsce w Ukrainie najbardziej dzi\u015b przypomina piek\u0142o na Ziemi", "description": "<img alt=\"Bachmut. To miejsce w Ukrainie najbardziej dzi\u015b przypomina piek\u0142o na Ziemi\" src=\"https://tvn24.pl/najnowsze/cdn-zdjecie-7cjajf-0211--rosja-wznawia-udzial-w-umowie-zbozowej-wciaz-jednak-bombarduje-ukrainskie-miasta/alternates/LANDSCAPE_1280\" />\n    Materia\u0142 Andrzeja Zauchy.", "link": "https://fakty.tvn24.pl/rosja-wznawia-udzia--w-umowie-zbo-owej--wci---jednak-bombarduje-ukrai-skie-miasta,1123361.html?source=rss", "date_published": "2022-11-02 18:11:00+00:00", "persistent": false, "user": null, "language": "pl-PL"}, {"source": "https://tvn24.pl/najwazniejsze.xml", "title": "Justyna Socha nie jest ju\u017c szefow\u0105 STOP NOP. Jest te\u017c zawiadomienie do prokuratury", "description": "<img alt=\"Justyna Socha nie jest ju\u017c szefow\u0105 STOP NOP. Jest te\u017c zawiadomienie do prokuratury\" src=\"https://tvn24.pl/najnowsze/cdn-zdjecie-p9k631-0211--justyna-socha-nie-jest-juz-szefowa-stop-nop-czlonkowie-stowarzyszenia-zlozyli-tez-zawiadomienie-do-prokuratury/alternates/LANDSCAPE_1280\" />\n    Przez lata by\u0142a twarz\u0105 ruch\u00f3w antyszczepionkowych.", "link": "https://fakty.tvn24.pl/justyna-socha-nie-jest-ju--szefow--stop-nop--cz-onkowie-stowarzyszenia-z-o-yli-te--zawiadomienie-do-prokuratury,1123394.html?source=rss", "date_published": "2022-11-02 18:06:00+00:00", "persistent": false, "user": null, "language": "pl-PL"}, {"source": "https://tvn24.pl/najwazniejsze.xml", "title": "TVN Warner Bros. Discovery domem skok\u00f3w narciarskich w Polsce", "description": "<img alt=\"TVN Warner Bros. Discovery domem skok\u00f3w narciarskich w Polsce\" src=\"https://tvn24.pl/najnowsze/cdn-zdjecie-4hnrb5-dawid-kubacki-to-ambasador-skokow-grupy-warner-bros-discovery/alternates/LANDSCAPE_1280\" />\n    To b\u0119dzie zimowe szale\u0144stwo w rytmie skok\u00f3w.", "link": "https://eurosport.tvn24.pl/tvn-warner-bros--discovery-domem-skok-w-narciarskich-w-polsce,1123378.html?source=rss", "date_published": "2022-11-02 18:00:00+00:00", "persistent": false, "user": null, "language": "pl-PL"}, {"source": "https://tvn24.pl/najwazniejsze.xml", "title": "Selekcjoner o szansach w mistrzostwach Europy", "description": "<img alt=\" Selekcjoner o szansach w mistrzostwach Europy\" src=\"https://tvn24.pl/najnowsze/cdn-zdjecie-bbpdef-arne-senstad-w-rozmowie-z-eurosportem/alternates/LANDSCAPE_1280\" />\n    Pi\u0142karki r\u0119czne reprezentacji Polski gotowe na turniej - zapewnia w rozmowie z Eurosportem Arne Senstad.", "link": "https://eurosport.tvn24.pl/-przez-trzy-lata-dru-yna-mocno-si--rozwin--a---selekcjoner-o-szansach-w-mistrzostwach-europy,1123363.html?source=rss", "date_published": "2022-11-02 16:56:00+00:00", "persistent": false, "user": null, "language": "pl-PL"}, {"source": "https://tvn24.pl/najwazniejsze.xml", "title": "Neuer o raku. \"Mia\u0142em trzy operacje\"", "description": "<img alt=\"Neuer o raku. \" src=\"https://tvn24.pl/najnowsze/cdn-zdjecie-bbhfxf-manuel-neuer/alternates/LANDSCAPE_1280\" />\n    Niemiecki bramkarz ujawnia.", "link": "https://eurosport.tvn24.pl/manuer-neuer-wyzna----e-walczy--z-rakiem---mia-em-trzy-operacje-,1123352.html?source=rss", "date_published": "2022-11-02 16:27:00+00:00", "persistent": false, "user": null, "language": "pl-PL"}, {"source": "https://tvn24.pl/najwazniejsze.xml", "title": "93 powody do \u015bwi\u0119towania. Polacy poszukaj\u0105 kolejnych pucharowych zwyci\u0119stw", "description": "<img alt=\"93 powody do \u015bwi\u0119towania. Polacy poszukaj\u0105 kolejnych pucharowych zwyci\u0119stw\" src=\"https://tvn24.pl/najnowsze/cdn-zdjecie-sspibk-kamil-stoch-jako-ostatni-z-polakow-wygral-w-pucharze-swiata/alternates/LANDSCAPE_1280\" />\n    Nowy sezon Pucharu \u015awiata tu\u017c-tu\u017c, a w nim szanse na kolejne polskie triumfy.", "link": "https://eurosport.tvn24.pl/93-powody-do--wi-towania--polacy-poszukaj--kolejnych-pucharowych-zwyci-stw,1123333.html?source=rss", "date_published": "2022-11-02 15:36:00+00:00", "persistent": false, "user": null, "language": "pl-PL"}, {"source": "https://tvn24.pl/najwazniejsze.xml", "title": "W konkursie na trenera nie uwzgl\u0119dnili czarnosk\u00f3rego", "description": "<img alt=\"W konkursie na trenera nie uwzgl\u0119dnili czarnosk\u00f3rego\" src=\"https://tvn24.pl/najnowsze/cdn-zdjecie-qymrps-wayne-rooney-wystepowal-w-dc-united-rowniez-jako-pilkarz/alternates/LANDSCAPE_1280\" />\n    S\u0142ono za to zap\u0142ac\u0105.", "link": "https://eurosport.tvn24.pl/w-konkursie-na-trenera-nie-uwzgl-dnili-czarnosk-rego--s-ono-za-to-zap-ac-,1123329.html?source=rss", "date_published": "2022-11-02 14:54:00+00:00", "persistent": false, "user": null, "language": "pl-PL"}, {"source": "https://tvn24.pl/najwazniejsze.xml", "title": "Nowy wymiar dominacji \u015awi\u0105tek", "description": "<img alt=\"Nowy wymiar dominacji \u015awi\u0105tek\" src=\"https://tvn24.pl/najnowsze/cdn-zdjecie-1z6ljd-iga-swiatek-juz-pieciokrotnie-pokonywala-darie-kasatkine/alternates/LANDSCAPE_1280\" />\n    Takiego wyczynu nie widziano od o\u015bmiu lat.", "link": "https://eurosport.tvn24.pl/nowy-wymiar-dominacji--wi-tek--takiego-wyczynu-nie-widziano-od-o-miu-lat,1123314.html?source=rss", "date_published": "2022-11-02 13:58:00+00:00", "persistent": false, "user": null, "language": "pl-PL"}, {"source": "https://tvn24.pl/najwazniejsze.xml", "title": "\"M\u00f3j \u015bwiat si\u0119 na chwil\u0119 zatrzyma\u0142\". Poruszaj\u0105cy wpis \u017cony Leona", "description": "<img alt=\"\" src=\"https://tvn24.pl/najnowsze/cdn-zdjecie-adv027-wilfredo-leon/alternates/LANDSCAPE_1280\" />\n    Sko\u0144czy\u0142o si\u0119 na strachu.", "link": "https://eurosport.tvn24.pl/-m-j--wiat-si--na-chwil--zatrzyma----poruszaj-cy-wpis--ony-leona,1123332.html?source=rss", "date_published": "2022-11-02 12:07:00+00:00", "persistent": false, "user": null, "language": "pl-PL"}, {"source": "https://tvn24.pl/najwazniejsze.xml", "title": "Amerykanie zbuduj\u0105 elektrowni\u0119 j\u0105drow\u0105 w Polsce. Wskazano preferowan\u0105 lokalizacj\u0119", "description": "<img alt=\"Amerykanie zbuduj\u0105 elektrowni\u0119 j\u0105drow\u0105 w Polsce. Wskazano preferowan\u0105 lokalizacj\u0119\" src=\"https://tvn24.pl/biznes/najnowsze/cdn-zdjecie-ep3y4q-juz-wkrotce-w-polsce-moze-powstac-elektrownia-jadrowa-4212108/alternates/LANDSCAPE_1280\" />\n    Projekt rz\u0105dowej uchwa\u0142y.", "link": "https://tvn24.pl/biznes/z-kraju/elektrownie-atomowa-w-polsce-lokalizacja-gdzie-powstanie-elektrownia-budowana-przez-amerykanow-6190179?source=rss", "date_published": "2022-11-02 11:46:17+00:00", "persistent": false, "user": null, "language": "pl-PL"}, {"source": "https://tvn24.pl/najwazniejsze.xml", "title": "Na dzia\u0142ce Gerarda Pique odkryto 250 grob\u00f3w", "description": "<img alt=\"Na dzia\u0142ce Gerarda Pique odkryto 250 grob\u00f3w\" src=\"https://tvn24.pl/najnowsze/cdn-zdjecie-kbbv2g-gerard-pique-jest-legenda-barcelony/alternates/LANDSCAPE_1280\" />\n    Niecodzienne odkrycie w Andaluzji.", "link": "https://eurosport.tvn24.pl/na-dzia-ce-gerarda-pique-odkryto-250-grob-w,1123316.html?source=rss", "date_published": "2022-11-02 11:10:00+00:00", "persistent": false, "user": null, "language": "pl-PL"}, {"source": "https://tvn24.pl/najwazniejsze.xml", "title": "\u015awi\u0105tek wbija szpil\u0119 organizatorom WTA Finals", "description": "<img alt=\"\u015awi\u0105tek wbija szpil\u0119 organizatorom WTA Finals\" src=\"https://tvn24.pl/najnowsze/cdn-zdjecie-t0qyxj-iga-swiatek/alternates/LANDSCAPE_1280\" />\n    Liderka rankingu nie gryzie si\u0119 w j\u0119zyk.", "link": "https://eurosport.tvn24.pl/-wi-tek-wbija-szpil--organizatorom-wta-finals,1123318.html?source=rss", "date_published": "2022-11-02 09:52:00+00:00", "persistent": false, "user": null, "language": "pl-PL"}, {"source": "https://tvn24.pl/najwazniejsze.xml", "title": "Wygra\u0142 ostatni mecz i straci\u0142 prac\u0119", "description": "<img alt=\"Wygra\u0142 ostatni mecz i straci\u0142 prac\u0119\" src=\"https://tvn24.pl/najnowsze/cdn-zdjecie-2y4l58-steve-nash-byl-trenerem-brooklyn-nets/alternates/LANDSCAPE_1280\" />\n    Koszykarze Brooklyn Nets bez trenera.", "link": "https://eurosport.tvn24.pl/wygra--ostatni-mecz-i-straci--prac---koszykarze-brooklyn-nets-bez-trenera,1123280.html?source=rss", "date_published": "2022-11-02 09:43:00+00:00", "persistent": false, "user": null, "language": "pl-PL"}, {"source": "https://tvn24.pl/najwazniejsze.xml", "title": "Wygra\u0142a szybciej ni\u017c \u015awi\u0105tek. Polce wyros\u0142a konkurencja", "description": "<img alt=\"Wygra\u0142a szybciej ni\u017c \u015awi\u0105tek. Polce wyros\u0142a konkurencja\" src=\"https://tvn24.pl/najnowsze/cdn-zdjecie-tfzvw6-caroline-garcia/alternates/LANDSCAPE_1280\" />\n    Caroline Garcia z przytupem rozpocz\u0119\u0142a rywalizacj\u0119 w Fort Worth.", "link": "https://eurosport.tvn24.pl/wygra-a-szybciej-ni---wi-tek--polce-wyros-a-konkurencja-w-fina-ach-wta,1123315.html?source=rss", "date_published": "2022-11-02 08:36:00+00:00", "persistent": false, "user": null, "language": "pl-PL"}, {"source": "https://tvn24.pl/najwazniejsze.xml", "title": "Wp\u0142acili na kampani\u0119 wyborcz\u0105, wkroczyli na sam szczyt", "description": "<img alt=\"Wp\u0142acili na kampani\u0119 wyborcz\u0105, wkroczyli na sam szczyt \" src=\"https://tvn24.pl/najnowsze/cdn-zdjecie-bdbtjk-beata-szydlo-6189854/alternates/LANDSCAPE_1280\" />\n    Jak to si\u0119 ma do zasady r\u00f3wno\u015bci wybor\u00f3w? Reporta\u017c Grzegorza \u0141akomskiego z portalu tvn24.pl i Dariusza Kubika z \"Czarno na bia\u0142ym\".", "link": "https://tvn24.pl/go/programy,7/czarno-na-bialym---do-spolki-z-odcinki,900735/odcinek-3,S00E03,900739?source=rss", "date_published": "2022-11-02 08:29:08+00:00", "persistent": false, "user": null, "language": "pl-PL"}, {"source": "https://tvn24.pl/najwazniejsze.xml", "title": "\u015awi\u0105tek o kluczu do \u0142atwego zwyci\u0119stwa", "description": "<img alt=\"\u015awi\u0105tek o kluczu do \u0142atwego zwyci\u0119stwa\" src=\"https://tvn24.pl/najnowsze/cdn-zdjecie-aqg3qd-iga-swiatek-nie-przestaje-zachwycac/alternates/LANDSCAPE_1280\" />\n    Iga \u015awi\u0105tek w doskona\u0142ym stylu wesz\u0142a w turniej WTA Finals.", "link": "https://eurosport.tvn24.pl/-wi-tek-o-kluczu-do--atwego-zwyci-stwa,1123313.html?source=rss", "date_published": "2022-11-02 06:45:00+00:00", "persistent": false, "user": null, "language": "pl-PL"}, {"source": "https://tvn24.pl/najwazniejsze.xml", "title": "Kraj wielkich nier\u00f3wno\u015bci. Kto wierzy jeszcze w ameryka\u0144ski sen?", "description": "<img alt=\"Kraj wielkich nier\u00f3wno\u015bci. Kto wierzy jeszcze w ameryka\u0144ski sen? \" src=\"https://tvn24.pl/najnowsze/cdn-zdjecie-1jo24x-ameryka-6188861/alternates/LANDSCAPE_1280\" />\n    W Ameryce wszystko jest wi\u0119ksze - wi\u0119ksze problemy, ale mo\u017ce i wi\u0119ksze mo\u017cliwo\u015bci radzenia sobie z nimi. Czy tak jest w istocie?", "link": "https://tvn24.pl/go/audio,14/podcast-o-zagranicy-odcinki,663543/odcinek-43,S00E43,900732?source=rss", "date_published": "2022-11-02 05:00:00+00:00", "persistent": false, "user": null, "language": "pl-PL"}, {"source": "https://tvn24.pl/najwazniejsze.xml", "title": "Inicjatywa zbo\u017cowa \"b\u0119dzie dzia\u0142a\u0107 jak wcze\u015bniej\"", "description": "<img alt=\"Inicjatywa zbo\u017cowa \" src=\"https://tvn24.pl/najnowsze/cdn-zdjecie-2kf7gm-zaladunek-zboza-w-porcie-w-odessie-2021-zdjecie-ilustracyjne-5785763/alternates/LANDSCAPE_1280\" />\n    Erdogan: korytarz b\u0119dzie otwarty.", "link": "https://tvn24.pl/swiat/ukraina-korytarz-zbozowy-powrot-rosji-do-inicjatywy-oswiadczenie-wladimira-putina-komentarz-biura-prezydenta-wolodymyra-zelenskiego-6189634?source=rss", "date_published": "2022-11-02 04:39:00+00:00", "persistent": false, "user": null, "language": "pl-PL"}]