[{"source": "https://theintercept.com/feed/?lang=en", "title": "Israel's Far-Right Kingmakers Draw on U.S. Funding \u2014 Despite Terror Classifications", "description": "<p>Even as some in D.C. have expressed concern about the figures in Benjamin Netanyahu\u2019s coalition, little is done about the tax-exempt U.S. supporters of Israel\u2019s far right.</p>\n<p>The post <a href=\"https://theintercept.com/2022/11/02/israel-us-funding-terror/\" rel=\"nofollow\">Israel&#8217;s Far-Right Kingmakers Draw on U.S. Funding \u2014 Despite Terror Classifications</a> appeared first on <a href=\"https://theintercept.com\" rel=\"nofollow\">The Intercept</a>.</p>", "link": "https://theintercept.com/2022/11/02/israel-us-funding-terror/", "date_published": "2022-11-02 20:02:45+00:00", "persistent": false, "user": null, "language": "en-US"}, {"source": "https://theintercept.com/feed/?lang=en", "title": "Nobel Laureates Press Egypt to Free Alaa Abd El Fattah, Writer on Hunger Strike, Before COP27", "description": "<p>Nobel winners have urged world leaders to use their remarks at the COP27 climate conference in Egypt to press for the release of political prisoners, including Alaa Abd El Fattah.</p>\n<p>The post <a href=\"https://theintercept.com/2022/11/02/nobel-laureates-press-egypt-free-alaa-abd-el-fattah-writer-hunger-strike-cop27/\" rel=\"nofollow\">Nobel Laureates Press Egypt to Free Alaa Abd El Fattah, Writer on Hunger Strike, Before COP27</a> appeared first on <a href=\"https://theintercept.com\" rel=\"nofollow\">The Intercept</a>.</p>", "link": "https://theintercept.com/2022/11/02/nobel-laureates-press-egypt-free-alaa-abd-el-fattah-writer-hunger-strike-cop27/", "date_published": "2022-11-02 13:08:46+00:00", "persistent": false, "user": null, "language": "en-US"}, {"source": "https://theintercept.com/feed/?lang=en", "title": "The Fed's War on Workers", "description": "<p>How the Federal Reserve is undermining workers\u2019 recent modest gains.</p>\n<p>The post <a href=\"https://theintercept.com/2022/11/02/intercepted-federal-reserve-fed/\" rel=\"nofollow\">The Fed&#8217;s War on Workers</a> appeared first on <a href=\"https://theintercept.com\" rel=\"nofollow\">The Intercept</a>.</p>", "link": "https://theintercept.com/2022/11/02/intercepted-federal-reserve-fed/", "date_published": "2022-11-02 10:01:49+00:00", "persistent": false, "user": null, "language": "en-US"}]