[{"source": "https://www.theguardian.com/world/rss", "title": "Netanyahu poised to reassume power with help from far-right friends", "description": "<p>Former PM appears likely to form next government, mostly thanks to alliance with Religious Zionists</p><p>Don\u2019t call it a comeback. Benjamin Netanyahu was booted from office last summer by a broad coalition united by their distaste for the conservative Likud leader. But after Tuesday\u2019s election \u2013 an unprecedented fifth poll in less than four years \u2013 the short-lived \u201cgovernment of change\u201d is probably going to prove no more than a brief intermission in the political behemoth\u2019s long career.</p><p>With 80% of votes counted on Wednesday, but official results not due until next week, Bibi, as he is commonly known, appears the <a href=\"https://www.theguardian.com/world/2022/nov/02/benjamin-netanyahu-thanks-voters-as-exit-poll-puts-him-ahead-in-israel-election\">most likely candidate</a> to form a new government. </p> <a href=\"https://www.theguardian.com/world/2022/nov/02/netanyahu-poised-to-reassume-power-with-help-from-far-right-friends\">Continue reading...</a>", "link": "https://www.theguardian.com/world/2022/nov/02/netanyahu-poised-to-reassume-power-with-help-from-far-right-friends", "date_published": "2022-11-02 12:30:13+00:00", "persistent": false, "user": null, "language": "en-US"}, {"source": "https://www.theguardian.com/world/rss", "title": "Three girls died after major failings in NHS mental health care, inquiry finds", "description": "<p>\u2018Systemic\u2019 failures at Tees, Esk and Wear Valleys trust found to have contributed to self-inflicted deaths</p><p>Three teenage girls died after major failings in the care they received from NHS mental health services in the north-east of England, a \u201cdamning\u201d independent investigation has found.</p><p>\u201cMultifaceted and systemic\u201d failures by the Tees, Esk and Wear Valleys (TEWV) NHS trust contributed to the young women\u2019s self-inflicted deaths within eight months of each other, it concluded.</p><p>In the UK, the youth suicide charity <a href=\"https://www.papyrus-uk.org/\">Papyrus</a> can be contacted on 0800 068 4141 or email <a href=\"mailto:pat@papyrus-uk.org\">pat@papyrus-uk.org</a>, and in the UK and Ireland <a href=\"https://www.samaritans.org/\">Samaritans</a> can be contacted on freephone 116 123, or by email at <a href=\"mailto:jo@samaritans.org\">jo@samaritans.org</a> or <a href=\"mailto:jo@samaritans.ie\">jo@samaritans.ie</a>. In the US, the <a href=\"https://suicidepreventionlifeline.org/\">National Suicide Prevention Lifeline</a> is at 800-273-8255 or chat for support. You can also text HOME to 741741 to connect with a crisis text line counsellor. In Australia, the crisis support service <a href=\"https://www.lifeline.org.au/\">Lifeline</a> is 13 11 14. Other international helplines can be found at <a href=\"http://www.befrienders.org/\">befrienders.org</a></p> <a href=\"https://www.theguardian.com/society/2022/nov/02/three-girls-died-major-failings-nhs-mental-health-care-inquiry\">Continue reading...</a>", "link": "https://www.theguardian.com/society/2022/nov/02/three-girls-died-major-failings-nhs-mental-health-care-inquiry", "date_published": "2022-11-02 12:20:22+00:00", "persistent": false, "user": null, "language": "en-US"}, {"source": "https://www.theguardian.com/world/rss", "title": "Irish fishers\u2019 libel case against the Guardian settled at 11th hour", "description": "<p>Parties agree to settle claim over article about undocumented foreign workers in Irish fishing industry</p><p>A libel case against the Guardian brought by two Irish fishers accused of exploiting undocumented foreign workers as cheap labour on their trawler has been settled at the 11th hour by agreement of the parties.</p><p>Lenny Hyde and Pat O\u2019Mahony, the Cork-based owners of the Labardie Fisher vessel, sued the Guardian for libel after it <a href=\"https://www.theguardian.com/global-development/2015/nov/02/revealed-trafficked-migrant-workers-abused-in-irish-fishing-industry\">published allegations</a> made by one of their Filipino deckhands about his working conditions in 2015. </p> <a href=\"https://www.theguardian.com/uk-news/2022/nov/02/irish-fishers-libel-case-against-the-guardian-settled-11th-hour\">Continue reading...</a>", "link": "https://www.theguardian.com/uk-news/2022/nov/02/irish-fishers-libel-case-against-the-guardian-settled-11th-hour", "date_published": "2022-11-02 12:11:06+00:00", "persistent": false, "user": null, "language": "en-US"}, {"source": "https://www.theguardian.com/world/rss", "title": "Iceland boss urges Sunak to extend free school meals as \u2018critical priority\u2019", "description": "<p>Food Foundation estimates cost of providing free school meals to families who claim universal credit would be \u00a3500m a year</p><ul><li><strong><a href=\"https://www.theguardian.com/politics/live/2022/nov/02/matt-hancock-im-a-celeb-rishi-sunak-keir-starmer-pmqs-conservatives-uk-politics-live\">UK politics live \u2013 latest news updates</a></strong></li></ul><p>Rishi Sunak should extend free school meals to all families on universal credit to help with the cost of living crisis, the boss of the UK supermarket chain Iceland has said.</p><p>Richard Walker, who is also standing to be a Conservative MP and currently sits on the prime minister\u2019s business council, said he would like to see free school meals extended as a \u201ccritical priority\u201d.</p> <a href=\"https://www.theguardian.com/education/2022/nov/02/iceland-boss-urges-sunak-to-extend-free-school-meals-to-help-with-cost-of-living-crisis\">Continue reading...</a>", "link": "https://www.theguardian.com/education/2022/nov/02/iceland-boss-urges-sunak-to-extend-free-school-meals-to-help-with-cost-of-living-crisis", "date_published": "2022-11-02 11:54:41+00:00", "persistent": false, "user": null, "language": "en-US"}, {"source": "https://www.theguardian.com/world/rss", "title": "Bolsonaro breaks election silence but does not concede to Lula | First Thing", "description": "<p>Brazilian president\u2019s chief of staff indicates administration is ready to begin transition. Plus, why swearing makes you fitter, happier and more persuasive<strong><br /></strong></p><p>Good morning.</p><p>Brazil\u2019s far-right president, Jair Bolsonaro, has <a href=\"https://www.theguardian.com/world/2022/nov/01/jair-bolsonaro-brazil-election-silence-lula\">broken his almost two-day silence</a> over his defeat in Sunday\u2019s presidential election \u2013 but refused to congratulate or recognise the victory of his rival, Luiz In\u00e1cio Lula da Silva.</p><p><strong>What did he say?</strong> He thanked the 58 million voters who had backed his failed campaign but did not explicitly say he would respect Lula\u2019s win or allude to the 60 million people who voted for his opponent. \u201cAs president and as a citizen I will continue to follow all the commandments of our constitution,\u201d Bolsonaro said ambiguously.</p><p><strong>How did Lula win the runoff, from S\u00e3o Paulo to the north-east? </strong>A Guardian analysis shows how votes in big cities such as S\u00e3o Paulo and Fortaleza were <a href=\"https://www.theguardian.com/world/2022/nov/01/brazil-election-how-lula-won-the-runoff-from-sao-paulo-to-the-north-east\">key to Lula\u2019s tight victory</a> in the second round of Brazil\u2019s presidential election.</p><p><strong>Will it hit Earth? </strong>\u201cIt has no chance to hit the Earth, currently,\u201d said Sheppard, noting that at present 2022 AP7 crosses the Earth\u2019s orbit when the Earth is on the other side of the sun.</p> <a href=\"https://www.theguardian.com/us-news/2022/nov/02/first-thing-bolsonaro-breaks-election-silence-does-not-concede-lula\">Continue reading...</a>", "link": "https://www.theguardian.com/us-news/2022/nov/02/first-thing-bolsonaro-breaks-election-silence-does-not-concede-lula", "date_published": "2022-11-02 10:42:45+00:00", "persistent": false, "user": null, "language": "en-US"}, {"source": "https://www.theguardian.com/world/rss", "title": "Two men missing in NSW flood waters as Gundagai braces for worst flooding in 33 years", "description": "<p>Search continued for two people swept off ute near Boorowa as prime minister said he hoped for positive news</p><ul><li>Get our <a href=\"https://www.theguardian.com/australia-news/2022/oct/29/email-newsletters-guardian-australia-best-daily-news-emails-newsletter-free-sign-up-inbox-subscribe-headlines?CMP=cvau_sfl\">morning and afternoon news emails</a>, <a href=\"https://www.theguardian.com/technology/ng-interactive/2018/may/15/the-guardian-app?CMP=cvau_sfl\">free app</a> or <a href=\"https://www.theguardian.com/australia-news/series/full-story?CMP=cvau_sfl\">daily news podcast</a></li></ul><p>Anthony Albanese says he is concerned about two men missing in flood waters after their ute was washed off the road in central New South Wales.</p><p>As the Riverina town of Gundagai braced for its worst flooding in 33 years, the State Emergency Service undertook 39 flood rescues in the 24 hours to Wednesday morning.</p><p><strong><a href=\"https://www.theguardian.com/australia-news/2022/oct/29/email-newsletters-guardian-australia-best-daily-news-emails-newsletter-free-sign-up-inbox-subscribe-headlines?CMP=copyembed\">Sign up for our free morning and afternoon email newsletters from Guardian Australia for your daily news roundup</a></strong></p> <a href=\"https://www.theguardian.com/australia-news/2022/nov/02/two-men-missing-in-nsw-flood-waters-as-gundagai-braces-for-worst-flooding-in-33-years\">Continue reading...</a>", "link": "https://www.theguardian.com/australia-news/2022/nov/02/two-men-missing-in-nsw-flood-waters-as-gundagai-braces-for-worst-flooding-in-33-years", "date_published": "2022-11-02 09:21:39+00:00", "persistent": false, "user": null, "language": "en-US"}, {"source": "https://www.theguardian.com/world/rss", "title": "Labour in bid to avert Northern Ireland power cuts as result of Brexit legislation", "description": "<p>Exclusive: Peter Hain to table amendment in House of Lords to protect single energy market</p><p>A Labour peer is launching a bid to avert a fresh energy crisis with potential power cuts and drastic electricity price rises in Northern Ireland as a result of proposed Brexit legislation.</p><p>The former Northern Ireland secretary Peter Hain will table an amendment to the Northern Ireland protocol bill in the House of Lords on Wednesday to protect the so-called single energy market (SEM), which allows power to be traded with the island of Ireland as one economic unit.</p> <a href=\"https://www.theguardian.com/uk-news/2022/nov/02/labour-in-bid-to-avert-northern-ireland-power-cuts-as-result-of-brexit-legislation\">Continue reading...</a>", "link": "https://www.theguardian.com/uk-news/2022/nov/02/labour-in-bid-to-avert-northern-ireland-power-cuts-as-result-of-brexit-legislation", "date_published": "2022-11-02 08:44:48+00:00", "persistent": false, "user": null, "language": "en-US"}, {"source": "https://www.theguardian.com/world/rss", "title": "Australia delivers police vehicles and rifles to Solomon Islands in \u2018game-changer\u2019 donation", "description": "<p>Handover ceremony comes after turbulent year when Pacific country signed controversial security agreement with China</p><p>Australia has announced the donation of police vehicles and 60 MK18 rifles to the Royal Solomon Islands Police Force (RSIPF) in a move described as a \u201cgame changer\u201d for Australia\u2019s relationship with Solomon Islands police.</p><p>The announcement comes after a turbulent year in the relationship between Australia and Solomon Islands, particularly on the question of security, after the Pacific country signed a controversial and secretive security agreement with China.</p> <a href=\"https://www.theguardian.com/world/2022/nov/02/australia-delivers-police-vehicles-and-rifles-to-solomon-islands-in-game-changer-donation\">Continue reading...</a>", "link": "https://www.theguardian.com/world/2022/nov/02/australia-delivers-police-vehicles-and-rifles-to-solomon-islands-in-game-changer-donation", "date_published": "2022-11-02 08:26:27+00:00", "persistent": false, "user": null, "language": "en-US"}, {"source": "https://www.theguardian.com/world/rss", "title": "Crowds gather for national Cassius Turvey vigils \u2013 as it happened", "description": "<ul><li><a href=\"https://www.theguardian.com/australia-news/2022/nov/02/cassius-turveys-mother-urges-calm-at-vigils-saying-shes-angry-but-violence-breeds-violence\">Cassius Turvey\u2019s mother urges calm at vigils saying she is angry but \u2018violence breeds violence\u2019</a></li><li><a href=\"https://www.theguardian.com/australia-news/2022/nov/02/robodebt-royal-commission-legal-doubts-centrelink-welfare-debt-recovery-scott-morrison-backing-inquiry-hears\">Robodebt went ahead, despite legal doubts, after earning Scott Morrison\u2019s backing, inquiry hears</a></li><li>Get our <a href=\"https://www.theguardian.com/australia-news/2022/oct/29/email-newsletters-guardian-australia-best-daily-news-emails-newsletter-free-sign-up-inbox-subscribe-headlines?CMP=cvau_sfl\">morning and afternoon news emails</a>, <a href=\"https://www.theguardian.com/technology/ng-interactive/2018/may/15/the-guardian-app?CMP=cvau_sfl\">free app</a> or <a href=\"https://www.theguardian.com/australia-news/series/full-story?CMP=cvau_sfl\">daily news podcast</a></li></ul><p><strong>Budget forecast doesn\u2019t predict wage price spiral: finance minister</strong></p><p>The Reserve Bank says it wants to avoid a wage price spiral. Does <strong>Gallagher</strong> think the government\u2019s policies are risking that?</p><p>The bank obviously will keep looking at that \u2026 we\u2019re not seeing that, the budget in its forecast doesn\u2019t predict that.</p><p>Looking at the regulatory arrangements is our first inclination. That work is under way, I can\u2019t give you a timeframe on the completion of that.</p> <a href=\"https://www.theguardian.com/australia-news/live/2022/nov/02/australia-live-news-cost-of-living-pressure-rba-interest-rates-mortgage-online-gambling-amanda-rishworth-anthony-albanese-power-prices\">Continue reading...</a>", "link": "https://www.theguardian.com/australia-news/live/2022/nov/02/australia-live-news-cost-of-living-pressure-rba-interest-rates-mortgage-online-gambling-amanda-rishworth-anthony-albanese-power-prices", "date_published": "2022-11-02 08:20:22+00:00", "persistent": false, "user": null, "language": "en-US"}, {"source": "https://www.theguardian.com/world/rss", "title": "Robodebt went ahead, despite legal doubts, after earning Scott Morrison\u2019s backing, inquiry hears", "description": "<p>The then social services minister wanted Centrelink debt recovery proposal worked up for 2015 budget process, royal commission told</p><ul><li>Get our <a href=\"https://www.theguardian.com/australia-news/2022/oct/29/email-newsletters-guardian-australia-best-daily-news-emails-newsletter-free-sign-up-inbox-subscribe-headlines?CMP=cvau_sfl\">morning and afternoon news emails</a>, <a href=\"https://www.theguardian.com/technology/ng-interactive/2018/may/15/the-guardian-app?CMP=cvau_sfl\">free app</a> or <a href=\"https://www.theguardian.com/australia-news/series/full-story?CMP=cvau_sfl\">daily news podcast</a></li></ul><p>The social services department received \u201ccatastrophic\u201d draft legal advice warning the robodebt scheme was unlawful from a top private law firm in 2018, a royal commission has heard.</p><p>The inquiry is investigating the failed debt recovery scheme, which ran from July 2015 until November 2019 and <a href=\"https://www.theguardian.com/australia-news/2021/jun/11/robodebt-court-approves-18bn-settlement-for-victims-of-governments-shameful-failure\">culminated in a $1.8bn settlement</a> covering hundreds of thousands of people issued unlawful Centrelink debts.</p><p><strong><a href=\"https://www.theguardian.com/australia-news/2022/oct/29/email-newsletters-guardian-australia-best-daily-news-emails-newsletter-free-sign-up-inbox-subscribe-headlines?CMP=copyembed\">Sign up for our free morning and afternoon email newsletters from Guardian Australia for your daily news roundup</a></strong></p> <a href=\"https://www.theguardian.com/australia-news/2022/nov/02/robodebt-royal-commission-legal-doubts-centrelink-welfare-debt-recovery-scott-morrison-backing-inquiry-hears\">Continue reading...</a>", "link": "https://www.theguardian.com/australia-news/2022/nov/02/robodebt-royal-commission-legal-doubts-centrelink-welfare-debt-recovery-scott-morrison-backing-inquiry-hears", "date_published": "2022-11-02 07:34:32+00:00", "persistent": false, "user": null, "language": "en-US"}, {"source": "https://www.theguardian.com/world/rss", "title": "Cassius Turvey\u2019s mother urges calm at vigils saying she is angry but \u2018violence breeds violence\u2019", "description": "<p>Mechelle Turvey says \u2018outpouring of tributes across the nation has been so appreciated\u2019 after her son was allegedly murdered</p><ul><li><a href=\"https://www.theguardian.com/australia-news/live/2022/nov/02/australia-live-news-cost-of-living-pressure-rba-interest-rates-mortgage-online-gambling-amanda-rishworth-anthony-albanese-power-prices\">Follow our Australia news live blog for the latest updates</a></li><li>Get our <a href=\"https://www.theguardian.com/australia-news/2022/oct/29/email-newsletters-guardian-australia-best-daily-news-emails-newsletter-free-sign-up-inbox-subscribe-headlines?CMP=cvau_sfl\">morning and afternoon news emails</a>, <a href=\"https://www.theguardian.com/technology/ng-interactive/2018/may/15/the-guardian-app?CMP=cvau_sfl\">free app</a> or <a href=\"https://www.theguardian.com/australia-news/series/full-story?CMP=cvau_sfl\">daily news podcast</a></li></ul><p>The mother of schoolboy Cassius Turvey, <a href=\"https://www.theguardian.com/australia-news/2022/oct/25/aboriginal-boy-dies-after-allegedly-being-bashed-with-metal-pole-as-perth-police-investigate-alleged-racial-slurs\">allegedly murdered in Perth</a>, has called for calm ahead of nationwide vigils to honour her son who she says was the \u201cheart and soul\u201d of the local community.</p><p>A 21-year-old man has been charged with the Indigenous teenager\u2019s murder after the alleged attack on 13 October when Cassius and several of his friends were walking home from school in Middle Swan.</p> <a href=\"https://www.theguardian.com/australia-news/2022/nov/02/cassius-turveys-mother-urges-calm-at-vigils-saying-shes-angry-but-violence-breeds-violence\">Continue reading...</a>", "link": "https://www.theguardian.com/australia-news/2022/nov/02/cassius-turveys-mother-urges-calm-at-vigils-saying-shes-angry-but-violence-breeds-violence", "date_published": "2022-11-02 06:52:06+00:00", "persistent": false, "user": null, "language": "en-US"}]