[{"source": "https://feeds.a.dj.com/rss/RSSWSJD.xml", "title": "Roku Shares Tumble as Company Warns of Tough Holiday Season", "description": "Big advertisers \u201caren\u2019t spending with anyone,\u201d CEO Anthony Wood tells investors.", "link": "https://www.wsj.com/articles/roku-q3-earnings-report-2022-11667430844?mod=rss_Technology", "date_published": "2022-11-02 23:15:00+00:00", "persistent": false, "user": null, "language": "en-US"}, {"source": "https://feeds.a.dj.com/rss/RSSWSJD.xml", "title": "Instacart to Give First Companywide Cash Bonus After Delaying IPO", "description": "The cash bonus is a shift in the San Francisco company\u2019s efforts to reward and retain employees.", "link": "https://www.wsj.com/articles/instacart-to-give-first-companywide-cash-bonus-after-delaying-ipo-11667423753?mod=rss_Technology", "date_published": "2022-11-02 21:33:00+00:00", "persistent": false, "user": null, "language": "en-US"}, {"source": "https://feeds.a.dj.com/rss/RSSWSJD.xml", "title": "Chip Maker Qualcomm Sees Smartphone Slump Worsening", "description": "The company issues a weaker outlook that adds to signs of stress for the semiconductor industry.", "link": "https://www.wsj.com/articles/qualcomm-qcom-q4-earnings-report-2022-11667419622?mod=rss_Technology", "date_published": "2022-11-02 21:32:00+00:00", "persistent": false, "user": null, "language": "en-US"}, {"source": "https://feeds.a.dj.com/rss/RSSWSJD.xml", "title": "The Weird-Looking, Fuel-Efficient Planes You Could Be Flying In One Day", "description": "Engineers are exploring radical new designs for commercial planes that would use less energy and lower emissions. But will passengers be willing to board them?", "link": "https://www.wsj.com/articles/the-weird-looking-fuel-efficient-planes-you-could-be-flying-in-one-day-11667397440?mod=rss_Technology", "date_published": "2022-11-02 16:55:00+00:00", "persistent": false, "user": null, "language": "en-US"}, {"source": "https://feeds.a.dj.com/rss/RSSWSJD.xml", "title": "Chinese iPhone City Locks Down to Curb Foxconn Covid Crisis", "description": "Local governor urges tighter restrictions as weekslong struggle to contain the virus in the Zhengzhou Airport Economy Zone leads to mounting worker desertions.", "link": "https://www.wsj.com/articles/chinese-iphone-city-locks-down-to-curb-foxconn-covid-crisis-11667386762?mod=rss_Technology", "date_published": "2022-11-02 13:44:00+00:00", "persistent": false, "user": null, "language": "en-US"}, {"source": "https://feeds.a.dj.com/rss/RSSWSJD.xml", "title": "The Celebrities Leaving Twitter After Elon Musk's Takeover: See the List", "description": "A small but growing number of public figures say they\u2019re quitting the platform over concerns of how it could change under its new owner.", "link": "https://www.wsj.com/articles/the-celebrities-leaving-twitter-after-elon-musks-takeover-see-the-list-11667336928?mod=rss_Technology", "date_published": "2022-11-02 12:38:00+00:00", "persistent": false, "user": null, "language": "en-US"}, {"source": "https://feeds.a.dj.com/rss/RSSWSJD.xml", "title": "Jony Ive on Life After Apple", "description": "The mastermind behind Apple\u2019s most iconic products reveals how his design philosophy guides collaborations at his creative collective, LoveFrom.", "link": "https://www.wsj.com/articles/jony-ive-apple-design-interview-profile-lovefrom-11666733971?mod=rss_Technology", "date_published": "2022-11-02 12:30:00+00:00", "persistent": false, "user": null, "language": "en-US"}, {"source": "https://feeds.a.dj.com/rss/RSSWSJD.xml", "title": "Investors Pour Into Venture Capital Funds Even as Markets Cool", "description": "Limited partners who back venture funds still seek access to startups, which have outperformed other asset classes during recessions.", "link": "https://www.wsj.com/articles/venture-capital-stays-hot-with-investors-even-as-markets-cool-11667357577?mod=rss_Technology", "date_published": "2022-11-02 12:00:00+00:00", "persistent": false, "user": null, "language": "en-US"}, {"source": "https://feeds.a.dj.com/rss/RSSWSJD.xml", "title": "Musk Says Blocked Twitter Users Won't Be Allowed Back Until Process in Place", "description": "Elon Musk said he had spoken to civil-society leaders about how Twitter \u201cwill continue to combat hate &amp; harassment &amp; enforce its election integrity policies.\u201d", "link": "https://www.wsj.com/articles/elon-musk-says-twitter-wont-let-banned-users-back-until-we-have-a-clear-process-11667370566?mod=rss_Technology", "date_published": "2022-11-02 11:45:00+00:00", "persistent": false, "user": null, "language": "en-US"}, {"source": "https://feeds.a.dj.com/rss/RSSWSJD.xml", "title": "Netflix With Ads Launching This Week", "description": "Disney, NBCU and Sony are among the companies still negotiating licensing with the streaming service, which says advertiser demand is strong.", "link": "https://www.wsj.com/articles/netflix-with-ads-launching-as-talks-continue-with-studios-over-content-11667381403?mod=rss_Technology", "date_published": "2022-11-02 09:30:00+00:00", "persistent": false, "user": null, "language": "en-US"}]