[{"source": "https://www.youtube.com/feeds/videos.xml?channel_id=UCzQUP1qoWDoEbmsQxvdjxgQ", "title": "Regenerative Farmer Will Harris on Whole Foods and Green Washing", "description": "Taken from JRE #1893 w/Will Harris:\nhttps://open.spotify.com/episode/0qf7CYEhxSFPAcdSw1JJMY?si=a7c053110120470b", "link": "https://www.youtube.com/watch?v=--4yKHWxjJ0", "date_published": "2022-11-03 00:00:00+00:00", "persistent": false, "user": null, "language": "en-US"}, {"source": "https://www.youtube.com/feeds/videos.xml?channel_id=UCzQUP1qoWDoEbmsQxvdjxgQ", "title": "The Sober October Guys See Who Can Do the Most Push-Ups", "description": "Taken from JRE #1892 Sober October Recap:\nhttps://open.spotify.com/episode/7i0HTQPr9NIyDctQzMCvYE?si=9c7df01b55b0421e", "link": "https://www.youtube.com/watch?v=oyr4465J62o", "date_published": "2022-11-02 00:00:00+00:00", "persistent": false, "user": null, "language": "en-US"}, {"source": "https://www.youtube.com/feeds/videos.xml?channel_id=UCzQUP1qoWDoEbmsQxvdjxgQ", "title": "Tom Segura's Obsession with Garth Brooks", "description": "Taken from JRE #1892 Sober October Recap:\nhttps://open.spotify.com/episode/7i0HTQPr9NIyDctQzMCvYE?si=9c7df01b55b0421e", "link": "https://www.youtube.com/watch?v=hX5QV_q4iAM", "date_published": "2022-11-02 00:00:00+00:00", "persistent": false, "user": null, "language": "en-US"}]