[{"source": "https://www.youtube.com/feeds/videos.xml?channel_id=UCI7kKmUuSQOHUvSWIYFDf1Q", "title": "Making Music Is Impossible", "description": "\ud83d\udcc2Documents\n  \u2514\ud83d\udcc1 FL Studio\n      \u2514\ud83d\udcc1 Nate.exe\n           \u2514\u26a0\ufe0f This application has stopped working\n\n\u2022 TWITCH: https://www.twitch.tv/eliminatehq\n\u2022 DISCORD: https://discord.gg/eliminatehq\n\u2022 MY SAMPLE PACK: https://splice.com/sounds/disciple-samples/eliminate-cyber-trap-vol-1?sound_type=sample\n\u2022 INSTAGRAM: https://www.instagram.com/eliminatemusic/\n\u2022 TWITTER: https://twitter.com/eliminatemusic\n\u2022 SUBREDDIT: https://www.reddit.com/r/EliminateHQ/\n\nPrimal Rights:\nhttps://soundcloud.com/primalrights\nhttps://www.instagram.com/primalrightsmusic/?hl=en\nhttps://www.youtube.com/channel/UCi5XRiZo5NXhWrOXv0XMcnw\n\ntop secret burner account:\nhttps://soundcloud.com/dubsteptractor", "link": "https://www.youtube.com/watch?v=SD4oHz-onBA", "date_published": "2022-11-02 20:38:43+00:00", "persistent": false, "user": null, "language": "en-US"}]