[{"source": "https://www.androidauthority.com/feed/", "title": "Fitbit integration will make or break the Pixel Watch", "description": "Google can't risk making just another uninteresting Wear OS watch.", "link": "https://www.androidauthority.com/pixel-watch-fitbit-3215092/", "date_published": "2022-10-02 16:00:44+00:00", "persistent": false, "user": null, "language": "en-US"}, {"source": "https://www.androidauthority.com/feed/", "title": "Every serious hiker should have something like the Garmin InReach Mini 2", "description": "I can't imagine hiking without one anymore.", "link": "https://www.androidauthority.com/garmin-inreach-mini-2-3208287/", "date_published": "2022-10-02 14:00:48+00:00", "persistent": false, "user": null, "language": "en-US"}, {"source": "https://www.androidauthority.com/feed/", "title": "Google\u2019s new Pixel ecosystem should look to Samsung for inspiration", "description": "Google could learn a thing or two from Samsung's ecosystem success.", "link": "https://www.androidauthority.com/samsung-ecosystem-blueprint-google-3214063/", "date_published": "2022-10-02 14:00:35+00:00", "persistent": false, "user": null, "language": "en-US"}, {"source": "https://www.androidauthority.com/feed/", "title": "Too many of you sleep with your phone, and it\u2019s bad for your health", "description": "If you're not sleeping soundly, your phone may be the reason why.", "link": "https://www.androidauthority.com/sleeping-with-phone-bad-for-health-3209960/", "date_published": "2022-10-02 12:00:07+00:00", "persistent": false, "user": null, "language": "en-US"}]