[{"source": "https://www.youtube.com/feeds/videos.xml?channel_id=UCW0gH2G-cMKAEjEkI4YhnPA", "title": "The Life of E\u00e4rendil | Tolkien Explained", "description": "E\u00e4rendil is among the greatest of Tolkien's characters. The father of Elrond and Elros, he would convince the Valar to intervene, resulting in Morgoth's defeat.  From that moment on, he would sail the skies of Middle-earth, with a silmaril upon his brow, and live on as a star - held in honor and reverence to many of the greatest heroes of Middle-earth.\n\nHit subscribe - and the bell!\nNerd of the Rings on PATREON: https://www.patreon.com/NerdoftheRings\n\nTo purchase artist work, check out these amazing artists!\n\nAnna Podedworna - https://www.artstation.com/akreon\nJenny Dolfen - goldseven.wordpress.com/\nTurner Mohan - www.instagram.com/turner_mohan\nTed Nasmith - www.tednasmith.com/shop/\nAnke Eissmann - http://anke.edoras-art.de/anke_illustration.html\nDonato Giancola - https://www.donatoarts.com/online-store/secure-store/Middle-earth-c34110463\nAronja Art - https://www.instagram.com/aronjaart/\nIvan Cavini - https://www.instagram.com/ivan_cavini/\nSara Morello - https://www.artstation.com/saramorello\nMat\u011bj \u010cadil - https://www.etsy.com/people/matejcadil\nTulikoura - https://www.deviantart.com/tulikoura\nAegeri - https://www.deviantart.com/aegeri\nNoe Leyva - https://twitter.com/NoeLeyvArt\n\nE\u00e4rendil - Alystraea\nTulkas Chaining Morgoth - Kip Rasmussen\nWhite Ships - Ted Nasmith\nArmenelos - Ralph Damiani\nElrond - WETA\nAragorn - Adam Middleton\nGaladriel - Alystraea\nEarendil and Elwing - Aegeri\nBeleriand Map - Lamaarcana\nTurgon, Idril, and Maeglin - Catherine Karina Chmiel\nTuor & Idril - Jenny Dolfen\nDescendants of Thingol - Jenny Dolfen\nTuor - Jenny Dolfen\nThe Siege of Gondolin - John Howe\nTuor, Idril, and Maeglin - Sara Morello\nThe Fall of Gondolin - Aronja Art\nMaeglin laid hands on Idril and on Earendil - Catherine Karina Chmiel\nTuor and Maeglin - AnotherStrangerMe\nThe Siege of Gondolin - John Howe\nCirith Thoronath - Donato Giancola\nGlorfindel's Bane - Ted Nasmith\nGlorfindel Duels a Balrog of Morgoth - Kip Rasmussen\nUlmo Appears Before Tuor - Alan Lee\nMen at Pool - Turner Mohan\nVinyamar - CK Goksoy\nHis heart was filled with longing - Jenny Dolfen\nElwing receives the survivors of Gondolin - Alan Lee\nHaven of the Swans - Alystraea\nEarendil's heraldic symbol above the sea - Alan Lee\nElrond, Elros, Earendil, & Elwing - Jenny Dolfen\nAnd Maglor took pity upon them - Catherine Karina Chmiel\nEarendil the Mariner - Ted Nasmith\nAnnuminas - Aegeri\nThe Hunt - Jenny Dolfen\nBeren Recovers a Silmaril - Anke Eissmann\nThe Oath Has Been Awakened - Jenny Dolfen\nUlmo and Elwing - Aegeri\nUlmo and Elwing - Jenny Dolfen\nEarendil and Elwing - Steamey\nFlight of Elwing - Matej Cadil\nNew Star - Alystraea\nEarendil and Elwing - Aegeri\nEarendil - Jenny Dolfen\nThe Shores of Valinor - Ted Nasmith\nEarendil Searches Tirion - Ted Nasmith\nTirion of the Crystal Stairs - Alystraea\nTuor First View of the Sea - Anke Eissmann\nManwe - Nahar Doa\nMorgoth and the High King of the Noldor - Ted Nasmith\nVingilot - Aegeri\nManwe - Steamey\nBreath of Arda, Manwe - Christina Kraus\nManwe Sulimo - Christina Kraus\nFall of Gondolin - CK Goksoy\nThe Grey Havens - John Howe\nEarendil - John Howe\nDragon - Felix Englund\nAncalagon the Black - CK Goksoy\nAncalagon vs Earendil - Kip Rasmussen\nThe Scourge of Ancalagon - Ralph Damiani\nVingilot - Aegeri\nEarendil - Alystraea\nStargazing - Anke Eissmann\nSurely that is a Silmaril that shines now in the West - Alan Lee\nElros looking west from Numenor - Anke Eissmann\nThe Phial of Galadriel - Donato Giancola\nThe Phial of Galadriel - Anke Eissmann\nShelob's Retreat - Ted Nasmith\nThe Phial of Galadriel - John Howe\nEarendil and Elwing approach Valinor - Donato Giancola\nFrodo's Dream of Earendil - Anke Eissmann\nNew Star - Alystraea\nEarendil - Alystraea\nThe White Flame - Ralph Damiani\n\n#earendil #tolkien #silmarillion", "link": "https://www.youtube.com/watch?v=BLDWm1eOTL0", "date_published": "2022-05-28 00:00:00+00:00", "persistent": false, "user": null, "language": "en-US"}]