[{"source": "https://www.youtube.com/feeds/videos.xml?channel_id=UCl2mFZoRqjw_ELax4Yisf6w", "title": "Has John Deere been breaking the law for two decades? Little known regulation  1039.125 says yes.", "description": "Willie Cade's channel, deerefacts: https://www.youtube.com/channel/UCL8mrwisvetDcBG7cy4wiSw?app=desktop\n\nRegulation: https://www.govinfo.gov/content/pkg/CFR-2012-title40-vol34/pdf/CFR-2012-title40-vol34-sec1039-125.pdf\n\nhttps://www.law.cornell.edu/cfr/text/40/1039.125", "link": "https://www.youtube.com/watch?v=vjPQtZqGwq8", "date_published": "2022-05-29 00:00:00+00:00", "persistent": false, "user": null, "language": "en-US"}, {"source": "https://www.youtube.com/feeds/videos.xml?channel_id=UCl2mFZoRqjw_ELax4Yisf6w", "title": "New York Times contributes to poor Apple self-repair program coverage", "description": "https://www.nytimes.com/2022/05/25/technology/personaltech/apple-repair-program-iphone.html", "link": "https://www.youtube.com/watch?v=YuX3VOGW4kA", "date_published": "2022-05-28 00:00:00+00:00", "persistent": false, "user": null, "language": "en-US"}, {"source": "https://www.youtube.com/feeds/videos.xml?channel_id=UCl2mFZoRqjw_ELax4Yisf6w", "title": "some time away :)", "description": "", "link": "https://www.youtube.com/watch?v=gfLspwlb0BQ", "date_published": "2022-05-28 00:00:00+00:00", "persistent": false, "user": null, "language": "en-US"}]