[{"source": "https://www.youtube.com/feeds/videos.xml?channel_id=UCwUizOU8pPWXdXNniXypQEQ", "title": "We Treat You Like a Moron: News Update!", "description": "Grab your Magnesium Breakthrough at https://magnesiumbreakthrough.com/jp\nUse Code \"AWAKEN\" For a Deal\n\nCheck Out My Merch Here - https://awakenwithjp.com\n\nSee my LIVE Comedy Shows - https://awakenwithjp.com/pages/events\n\nTake a stand against censorship. Join my Awakened Warriors Email List - https://awakenwithjp.com/joinme\n\nGeorge W. Bush took a break from being forgotten about, monkeypox is here, Bill Maher is transphobic, fat is sexy, and more in this week's news update!  \n\nListen and Subscribe to my Podcast here: \nhttps://apple.co/3fFTbPC\nAlso available everywhere else you get podcasts. Just search and subscribe to \"Awaken With JP Sears Show\"\n\nConnect with me at: \nhttp://www.facebook.com/AwakenWithJP\nhttp://www.Instagram.com/AwakenWithJP\nhttp://www.twitter.com/AwakenWithJP\nhttps://mewe.com/p/awakenwithjp\nhttps://parler.com/profile/AwakenWithJP\nhttp://www.AwakenWithJP.com", "link": "https://www.youtube.com/watch?v=f7dutCWo48I", "date_published": "2022-05-28 00:00:00+00:00", "persistent": false, "user": null, "language": "en-US"}]