[{"source": "https://www.youtube.com/feeds/videos.xml?channel_id=UCwSv086EAByBY-Z7y-QR_cQ", "title": "Tajemnicze znikni\u0119cie dokument\u00f3w dotycz\u0105cych finansowania ukrai\u0144skich laboratori\u00f3w biochemicznych", "description": "\ud83d\udcfa Zapraszam do ogl\u0105dania\n\n\u2b07\ufe0fRozwi\u0144 opis\u2b07\ufe0f\n------------------------------------------------------------\n\ud83d\udc40 Uszi po godzinach: https://goo.gl/cdCFKe\n\ud83d\udc40 Hello World_: http://bit.ly/31BEhnv\n------------------------------------------------------------\n\u2709\ufe0f Ludzie listy pisz\u0105 \n\ud83d\udd8a\ufe0f uszi@protonmail.com\n------------------------------------------------------------\n\ud83d\udc7a Niecenzuralne i agresywne komentarze zostan\u0105 usuni\u0119te.  Jak ju\u017c musisz zakl\u0105\u0107 dawaj znaki (&*%@%).\n------------------------------------------------------------\n\ud83d\udcb2 Donate/ Darowizna\nPLN / SMS / Blik: http://bit.ly/3bsXtJj\nBTC: 174EmE88YFtvs6fuM8ZL5yYbik8hcaY6ud\n-------------------------------------------------------------\n\u2705 \u0179r\u00f3d\u0142a:\n1. https://bit.ly/37ycGul\n2. https://bit.ly/3inqCcW\n3. https://bit.ly/3Jr8Std\n4. https://bit.ly/3KYNrQj\n5. https://bit.ly/3IqbUwc\n6. https://bit.ly/3qkkAOF\n7. https://bit.ly/3wiYVdz\n8. https://bit.ly/3IDChiF\n9. https://bit.ly/36br2k9\n10. https://bit.ly/3qhtTyM\n11. https://bit.ly/3Jtg47U\n12. https://bit.ly/3ueojhH\n13. https://bit.ly/3L2wmoW\n14. https://bit.ly/3qHPIYL\n15. https://bit.ly/3NgROsa\n16. https://bit.ly/3N7XSCW\n17. https://bit.ly/3CZ7TxD\n18. https://bit.ly/3ijKGwM\n19. https://bit.ly/34Ve4Gy\n20. https://bit.ly/3CW78W6\n21. https://cbsn.ws/3JpZKF5\n22. https://bit.ly/3ioehFf\n---------------------------------------------------------------\n\ud83d\udca1 Tagi: #laboratoria #USA #Ukraina\n--------------------------------------------------------------", "link": "https://www.youtube.com/watch?v=ygG5U5eHbiY", "date_published": "2022-03-20 00:00:00+00:00", "persistent": false, "user": null, "language": "en-US"}]