[{"source": "https://www.youtube.com/feeds/videos.xml?channel_id=UCXuqSBlHAE6Xw-yeJA0Tunw", "title": "I Have the Power of the Sun - New House Solar Install", "description": "Thanks to Epic Games for sponsoring - Add PC Building Simulator 2 to your wishlist here: https://www.epicgames.com/store/en-US/p/pc-building-simulator-2\n\nA big part of the renovations at my new house have been focused on efficiency and environmental improvements, and today with the help of DualSun, we're installing new WATER COOLED solar panels.\n\nDiscuss on the forum: https://linustechtips.com/topic/1419368-i-have-the-power-of-the-sun/\n\nCheck out DualSun solar panels: https://dualsun.com/en/\n\nPurchases made through some store links may provide some compensation to Linus Media Group.\n\n\u25ba GET MERCH: https://lttstore.com\n\u25ba AFFILIATES, SPONSORS & REFERRALS: https://lmg.gg/sponsors\n\u25ba PODCAST GEAR: https://lmg.gg/podcastgear\n\u25ba SUPPORT US ON FLOATPLANE: https://www.floatplane.com/\n\nFOLLOW US ELSEWHERE\n---------------------------------------------------  \nTwitter: https://twitter.com/linustech\nFacebook: http://www.facebook.com/LinusTech\nInstagram: https://www.instagram.com/linustech\nTikTok: https://www.tiktok.com/@linustech\nTwitch: https://www.twitch.tv/linustech\n\nMUSIC CREDIT\n---------------------------------------------------\nIntro: Laszlo - Supernova\nVideo Link: https://www.youtube.com/watch?v=PKfxmFU3lWY\niTunes Download Link: https://itunes.apple.com/us/album/supernova/id936805712\nArtist Link: https://soundcloud.com/laszlomusic\n\nOutro: Approaching Nirvana - Sugar High\nVideo Link: https://www.youtube.com/watch?v=ngsGBSCDwcI\nListen on Spotify: http://spoti.fi/UxWkUw\nArtist Link: http://www.youtube.com/approachingnirvana\n\nIntro animation by MBarek Abdelwassaa https://www.instagram.com/mbarek_abdel/\nMonitor And Keyboard by vadimmihalkevich / CC BY 4.0  https://geni.us/PgGWp\nMechanical RGB Keyboard by BigBrotherECE / CC BY 4.0 https://geni.us/mj6pHk4\nMouse Gamer free Model By Oscar Creativo / CC BY 4.0 https://geni.us/Ps3XfE\n\nCHAPTERS\n---------------------------------------------------\n0:00 Intro", "link": "https://www.youtube.com/watch?v=hBYbodmCBUQ", "date_published": "2022-03-20 00:00:00+00:00", "persistent": false, "user": null, "language": "en-US"}, {"source": "https://www.youtube.com/feeds/videos.xml?channel_id=UCXuqSBlHAE6Xw-yeJA0Tunw", "title": "I have SO many questions - Intel $5,000 Extreme Tech Upgrade", "description": "Thanks to Intel for continuing to sponsor this series! Buy an Intel Core i9-10850K: https://geni.us/0Ci11ic\n\nBuy an EVGA RTX 3080 XC3: https://geni.us/QSo0\n\nBuy an EK-AIO 360 D-RGB : https://lmg.gg/nE8ey\n\nBuy a Noctua NH-D15: https://geni.us/AMfIf\n\nBuy an MSI PRO Z490-A: https://geni.us/VJ3BAd\n\nBuy a Ballistix 32GB 3600Mhz Kit: https://geni.us/1ewYm\n\nBuy a Samsung 970 Evo 500GB NVME: https://geni.us/jaE39zm\n\nBuy a 4000D Airflow White: https://geni.us/Ir8M\n\nBuy a Corsair RMx 850W PSU: https://geni.us/pYNld\n\nBuy an LG CX 55\": https://geni.us/rlWv4\n\nBuy an IronWolf NAS 8TB: https://geni.us/6HYhOpC\n\nBuy a Yamaha HS8 Monitors: https://geni.us/slYGP\n\nCheck out Unraid: https://lmg.gg/fRPSd\n\nPurchases made through some store links may provide some compensation to Linus Media Group.\n\nDiscuss on our community forum: https://linustechtips.com/topic/1419161-i-have-so-many-questions-intel-5000-extreme-tech-upgrade/\n\n\u25ba GET MERCH: https://lttstore.com\n\u25ba AFFILIATES, SPONSORS & REFERRALS: https://lmg.gg/sponsors\n\u25ba PODCAST GEAR: https://lmg.gg/podcastgear\n\u25ba SUPPORT US ON FLOATPLANE: https://www.floatplane.com/\n\nFOLLOW US ELSEWHERE\n---------------------------------------------------  \nTwitter: https://twitter.com/linustech\nFacebook: http://www.facebook.com/LinusTech\nInstagram: https://www.instagram.com/linustech\nTikTok: https://www.tiktok.com/@linustech\nTwitch: https://www.twitch.tv/linustech\n\nMUSIC CREDIT\n---------------------------------------------------\nIntro: Laszlo - Supernova\nVideo Link: https://www.youtube.com/watch?v=PKfxmFU3lWY\niTunes Download Link: https://itunes.apple.com/us/album/supernova/id936805712\nArtist Link: https://soundcloud.com/laszlomusic\n\nOutro: Approaching Nirvana - Sugar High\nVideo Link: https://www.youtube.com/watch?v=ngsGBSCDwcI\nListen on Spotify: http://spoti.fi/UxWkUw\nArtist Link: http://www.youtube.com/approachingnirvana\n\nIntro animation by MBarek Abdelwassaa https://www.instagram.com/mbarek_abdel/\nMonitor And Keyboard by vadimmihalkevich / CC BY 4.0  https://geni.us/PgGWp\nMechanical RGB Keyboard by BigBrotherECE / CC BY 4.0 https://geni.us/mj6pHk4\nMouse Gamer free Model By Oscar Creativo / CC BY 4.0 https://geni.us/Ps3XfE\n\nSpecial Intro by MBarek Abdelwassaa\nhttps://www.instagram.com/mbarek_abdel/\n\nCHAPTERS\n---------------------------------------------------\n0:00 Intro\n1:56 Tour\n7:00 PC Build\n15:42 Room Setup\n19:39 Audio\n24:12 TV", "link": "https://www.youtube.com/watch?v=iuL1NTNGMA8", "date_published": "2022-03-19 00:00:00+00:00", "persistent": false, "user": null, "language": "en-US"}]