[{"source": "https://www.youtube.com/feeds/videos.xml?channel_id=UCNvzD7Z-g64bPXxGzaQaa4g", "title": "10 HARDEST Platinum Trophies That Take Countless Hours", "description": "Everybody loves chasing trophies, but only a select few games have near unobtainable Platinums. Here are some of our favorite challenging examples.\nSubscribe for more: https://www.youtube.com/gameranxTV?sub_confirmation=1", "link": "https://www.youtube.com/watch?v=yzj_skj0sC4", "date_published": "2022-03-20 00:00:00+00:00", "persistent": false, "user": null, "language": "en-US"}, {"source": "https://www.youtube.com/feeds/videos.xml?channel_id=UCNvzD7Z-g64bPXxGzaQaa4g", "title": "10 Elden Ring Locations FREAKIER Than You Thought", "description": "Elden Ring (PC, PS5, Xbox Series X/S/One) is filled with tons of creepy locations. Here are some of our favorites.\nSubscribe for more: https://www.youtube.com/gameranxTV?sub_confirmation=1", "link": "https://www.youtube.com/watch?v=Eej4PEm8WNE", "date_published": "2022-03-19 00:00:00+00:00", "persistent": false, "user": null, "language": "en-US"}]