[{"source": "https://www.youtube.com/feeds/videos.xml?channel_id=UCF9IOB2TExg3QIBupFtBDxg", "title": "International critique", "description": "Hong Kong, massive omicron wave, Africa update video\n\nhttps://www.youtube.com/watch?v=b_iQGDxtsTA\n\nWefwafwa\u2019s community health channel\n\nhttps://www.youtube.com/channel/UCzsLklGgOttU3Se-WGLp7ow\n\nhttps://www.theguardian.com/commentisfree/2022/mar/18/hong-kong-covid-surge-vaccination-rates\n\nBeaches, theatres, museums, schools, gyms, libraries are shut.\n\nTwo people can meet in public\n\nStrategy so far, keep the virus out\n\nTrust issues, controls\n\nResidential blocks suddenly cut off\n\nUnvaccinated over 80\n\nNZ, 2%\n\nHK, 66%\n\nLow levels of natural immunity\n\nOut of coffins\n\nOut of morgue space\n\nBody bags on wards\n\nChina\n\nhttps://www.aljazeera.com/news/2022/3/19/china-reports-first-covid-deaths-since-january-2021\n\nCases, + 4,365 + 4,051\n\nDeaths, + 2 = 4,638\n\nFist since January 26th 2021\n\nZero-COVID strategy\n\nTens of millions, stay-home orders\n\nTravel bans\n\nBuilt 8 makeshift hospitals\n\nQuarantine centres\n\nQuarantined for days or weeks\n\nPresident Xi\n\nChina to \u2018stick with\u2019 zero-COVID strategy\n\ncontinue to put people and life at the forefront, stick with scientific accuracy and dynamic-zero, \n\nand curb the spread of the epidemic as soon as possible\n\nKing Canute and the tide (1028)\n\n(Henry of Huntingdon)\n\nhttps://upload.wikimedia.org/wikipedia/commons/b/b7/Canute_rebukes_his_courtiers.png\n\nSouth Africa\n\nhttps://www.nicd.ac.za/diseases-a-z-index/disease-index-covid-19/surveillance-reports/daily-hospital-surveillance-datcov-report/\n\nAfrica\n\nhttps://www.theguardian.com/society/2022/mar/16/global-powers-inch-closer-to-agreement-to-waive-covid-vaccine-patents\n\nCompromise, United States, European Union, India, South Africa, end a deadlock over an intellectual property waiver", "link": "https://www.youtube.com/watch?v=JYig50EHX_E", "date_published": "2022-03-20 00:00:00+00:00", "persistent": false, "user": null, "language": "en-US"}]