[{"source": "https://www.youtube.com/feeds/videos.xml?channel_id=UCwUizOU8pPWXdXNniXypQEQ", "title": "Congratulations to the \"Woman\" of the Year!", "description": "Grab your Red/Blue Light Teeth Whitening Kit at https://naturalteethwhiteners.com/jp\n\nCheck Out My Merch Here - https://awakenwithjp.com\n\nSee my LIVE Comedy Shows - https://awakenwithjp.com/pages/events\n\nTake a stand against censorship. Join my Awakened Warriors Email List - https://awakenwithjp.com/joinme\n\nRachel Levine has won USA Today's 2022 Woman of the Year award. Nothing strange about that!\n\nListen and Subscribe to my Podcast here: \nhttps://apple.co/3fFTbPC\nAlso available everywhere else you get podcasts. Just search and subscribe to \"Awaken With JP Sears Show\"\n\nConnect with me at: \nhttp://www.facebook.com/AwakenWithJP\nhttp://www.Instagram.com/AwakenWithJP\nhttp://www.twitter.com/AwakenWithJP\nhttps://mewe.com/p/awakenwithjp\nhttps://parler.com/profile/AwakenWithJP\nhttp://www.AwakenWithJP.com", "link": "https://www.youtube.com/watch?v=xOopLmUCvUg", "date_published": "2022-03-19 00:00:00+00:00", "persistent": false, "user": null, "language": "en-US"}]