[{"source": "https://www.youtube.com/feeds/videos.xml?channel_id=UCwSv086EAByBY-Z7y-QR_cQ", "title": "Cz\u0142onkowie Rady Medycznej przy premierze podaj\u0105 si\u0119 do dymisji!", "description": "\ud83d\udcfa Zapraszam do ogl\u0105dania\n\n\u2b07\ufe0fRozwi\u0144 opis\u2b07\ufe0f\n------------------------------------------------------------\n\ud83d\udc40 Uszi po godzinach: https://goo.gl/cdCFKe\n\ud83d\udc40 Hello World_: http://bit.ly/31BEhnv\n------------------------------------------------------------\n\u2709\ufe0f Ludzie listy pisz\u0105 \n\ud83d\udd8a\ufe0f uszi@protonmail.com\n------------------------------------------------------------\n\ud83d\udc7a Niecenzuralne i agresywne komentarze zostan\u0105 usuni\u0119te.  Jak ju\u017c musisz zakl\u0105\u0107 dawaj znaki (&*%@%).\n------------------------------------------------------------\n\ud83d\udcb2 Donate/ Darowizna\nPLN / SMS / Blik: http://bit.ly/3bsXtJj\nBTC: 174EmE88YFtvs6fuM8ZL5yYbik8hcaY6ud\n-------------------------------------------------------------\n\u2705 \u0179r\u00f3d\u0142a:\n1. https://bit.ly/3I7micA\n2. https://bit.ly/3rqJprJ\n3. https://bit.ly/3rqJrjl\n4. https://bit.ly/3nvYBTu\n5. https://bit.ly/3FDyn7z\n6. https://bit.ly/3GGHkyE\n7. https://bit.ly/3A4d4eh\n8. https://bit.ly/3qyoVyd\n9. https://bit.ly/3FAIkTr\n10. https://bit.ly/3tyemNC\n---------------------------------------------------------------\n\ud83d\udca1 Tagi: #covid #polityka\n--------------------------------------------------------------", "link": "https://www.youtube.com/watch?v=27YhOAgsAGc", "date_published": "2022-01-16 00:00:00+00:00", "persistent": false, "user": null, "language": "en-US"}, {"source": "https://www.youtube.com/feeds/videos.xml?channel_id=UCwSv086EAByBY-Z7y-QR_cQ", "title": "Programowanie predykcyjne, czyli korzystanie z dobrodziejstw sztuki i naszych demon\u00f3w", "description": "\ud83d\udcfa Zapraszam do ogl\u0105dania\n\n\u2b07\ufe0fRozwi\u0144 opis\u2b07\ufe0f\n------------------------------------------------------------\n\ud83d\udc40 Uszi po godzinach: https://goo.gl/cdCFKe\n\ud83d\udc40 Hello World_: http://bit.ly/31BEhnv\n------------------------------------------------------------\n\u2709\ufe0f Ludzie listy pisz\u0105 \n\ud83d\udd8a\ufe0f uszi@protonmail.com\n------------------------------------------------------------\n\ud83d\udc7a Niecenzuralne i agresywne komentarze zostan\u0105 usuni\u0119te.  Jak ju\u017c musisz zakl\u0105\u0107 dawaj znaki (&*%@%).\n------------------------------------------------------------\n\ud83d\udcb2 Donate/ Darowizna\nPLN / SMS / Blik: http://bit.ly/3bsXtJj\nBTC: 174EmE88YFtvs6fuM8ZL5yYbik8hcaY6ud\n-------------------------------------------------------------\n\u2705 \u0179r\u00f3d\u0142a:\n1. https://bit.ly/3fuQvWF\n2. https://bit.ly/33xOrKV\n3. https://bit.ly/2XXLjWa\n4. https://bit.ly/3Gxwdbd\n5. https://bit.ly/3lAd946\n---------------------------------------------------------------\n\ud83d\udca1 Tagi: #sztuka #technika\n--------------------------------------------------------------", "link": "https://www.youtube.com/watch?v=EHmTCl6L6ek", "date_published": "2022-01-15 00:00:00+00:00", "persistent": false, "user": null, "language": "en-US"}]