[{"source": "http://feeds.bbci.co.uk/news/rss.xml", "title": "Prince Harry in legal fight to pay for UK police protection", "description": "The Duke of Sussex wants to be able to pay for a team of officers when he visits with his family.", "link": "https://www.bbc.co.uk/news/uk-60012238?at_medium=RSS&at_campaign=KARANGA", "date_published": "2022-01-15 23:14:30+00:00", "persistent": false, "user": null, "language": "en-US"}, {"source": "http://feeds.bbci.co.uk/news/rss.xml", "title": "Nino Cerruti: Italian fashion great dies aged 91", "description": "The celebrated designer and businessman once said: \"I have always dressed the same person, myself.\"", "link": "https://www.bbc.co.uk/news/uk-england-derbyshire-60011771?at_medium=RSS&at_campaign=KARANGA", "date_published": "2022-01-15 20:51:34+00:00", "persistent": false, "user": null, "language": "en-US"}, {"source": "http://feeds.bbci.co.uk/news/rss.xml", "title": "Andy Murray loses Sydney final to Aslan Karatsev", "description": "Andy Murray's bid for his first ATP Tour title since October 2019 ends with defeat by Russian top seed Aslan Karatsev in the Sydney Classic final.", "link": "https://www.bbc.co.uk/sport/tennis/60007026?at_medium=RSS&at_campaign=KARANGA", "date_published": "2022-01-15 12:20:45+00:00", "persistent": false, "user": null, "language": "en-US"}, {"source": "http://feeds.bbci.co.uk/news/rss.xml", "title": "Covid in Wales: Rules easing welcomed by sports clubs", "description": "Up to 500 people are allowed to attend outdoor events from Saturday as Wales' Covid rules ease.", "link": "https://www.bbc.co.uk/news/uk-wales-60001785?at_medium=RSS&at_campaign=KARANGA", "date_published": "2022-01-15 12:11:23+00:00", "persistent": false, "user": null, "language": "en-US"}, {"source": "http://feeds.bbci.co.uk/news/rss.xml", "title": "England collapse again as Australia take charge of final Ashes Test", "description": "England's batting again crumples before Australia lost late wickets on the second day of the fifth Ashes Test in Hobart.", "link": "https://www.bbc.co.uk/sport/cricket/60006663?at_medium=RSS&at_campaign=KARANGA", "date_published": "2022-01-15 11:54:23+00:00", "persistent": false, "user": null, "language": "en-US"}, {"source": "http://feeds.bbci.co.uk/news/rss.xml", "title": "Tsunami hits Tonga after giant volcano eruption", "description": "Residents report water crashing through homes as ash rained down from the sky.", "link": "https://www.bbc.co.uk/news/world-asia-60007119?at_medium=RSS&at_campaign=KARANGA", "date_published": "2022-01-15 11:43:02+00:00", "persistent": false, "user": null, "language": "en-US"}, {"source": "http://feeds.bbci.co.uk/news/rss.xml", "title": "Lead or step aside, senior Tory Tobias Ellwood tells Boris Johnson", "description": "Tobias Ellwood says \"we need leadership\" as MPs are inundated with messages about Downing Street parties.", "link": "https://www.bbc.co.uk/news/uk-politics-60005134?at_medium=RSS&at_campaign=KARANGA", "date_published": "2022-01-15 11:25:55+00:00", "persistent": false, "user": null, "language": "en-US"}, {"source": "http://feeds.bbci.co.uk/news/rss.xml", "title": "Covid: Coastguard set for busy staycation summer in 200th year", "description": "Rescue crews had their busiest year in 2021 but expect more emergency shouts in a landmark year.", "link": "https://www.bbc.co.uk/news/uk-wales-59952462?at_medium=RSS&at_campaign=KARANGA", "date_published": "2022-01-15 11:05:08+00:00", "persistent": false, "user": null, "language": "en-US"}, {"source": "http://feeds.bbci.co.uk/news/rss.xml", "title": "The Ashes: Ollie Pope takes 'flying' catch to remove David Warner for a duck", "description": "Watch as Ollie Pope dives full length to take a stunning \"flying\" catch to remove Australia's David Warner for a duck on the second day of the final Test of the Ashes in Hobart.", "link": "https://www.bbc.co.uk/sport/av/cricket/60007222?at_medium=RSS&at_campaign=KARANGA", "date_published": "2022-01-15 10:26:03+00:00", "persistent": false, "user": null, "language": "en-US"}, {"source": "http://feeds.bbci.co.uk/news/rss.xml", "title": "Ex-supermarket boss Lord Sainsbury of Preston Candover dies at 94", "description": "The company's current chief executive described John Sainsbury as a \"shopkeeper to his core\".", "link": "https://www.bbc.co.uk/news/uk-60003334?at_medium=RSS&at_campaign=KARANGA", "date_published": "2022-01-15 10:05:45+00:00", "persistent": false, "user": null, "language": "en-US"}, {"source": "http://feeds.bbci.co.uk/news/rss.xml", "title": "Team GB curler Hugh Nibloe: From dominoes to the Winter Paralympics", "description": "Curler Hugh Nibloe recounts his journey from an MS diagnosis to being part of Team GB in Beijing.", "link": "https://www.bbc.co.uk/news/uk-scotland-south-scotland-59980934?at_medium=RSS&at_campaign=KARANGA", "date_published": "2022-01-15 09:04:47+00:00", "persistent": false, "user": null, "language": "en-US"}, {"source": "http://feeds.bbci.co.uk/news/rss.xml", "title": "Prince Andrew: Civil case accuser seeks UK witness testimony", "description": "Lawyers for Virginia Giuffre seek evidence from two people in the UK in the civil sex assault case.", "link": "https://www.bbc.co.uk/news/uk-60005128?at_medium=RSS&at_campaign=KARANGA", "date_published": "2022-01-15 08:32:26+00:00", "persistent": false, "user": null, "language": "en-US"}, {"source": "http://feeds.bbci.co.uk/news/rss.xml", "title": "'I'm just happy to have a swing' - Raducanu excited despite Covid disruption", "description": "Britain's Emma Raducanu says her limited preparation for the Australian Open after testing positive for coronavirus has been \"far from ideal\".", "link": "https://www.bbc.co.uk/sport/tennis/60007020?at_medium=RSS&at_campaign=KARANGA", "date_published": "2022-01-15 07:48:38+00:00", "persistent": false, "user": null, "language": "en-US"}, {"source": "http://feeds.bbci.co.uk/news/rss.xml", "title": "Covid coma pregnancy: Wolverhampton mum 'devastated' to lose son", "description": "The mum-to-be from Wolverhampton said she was so unwell she did not know her baby was stillborn.", "link": "https://www.bbc.co.uk/news/uk-england-birmingham-59996683?at_medium=RSS&at_campaign=KARANGA", "date_published": "2022-01-15 07:07:05+00:00", "persistent": false, "user": null, "language": "en-US"}, {"source": "http://feeds.bbci.co.uk/news/rss.xml", "title": "Los Angeles railway littered with thousands of parcels stolen from trains", "description": "The tracks have been cleared multiple times over the last three months as thieves target trains.", "link": "https://www.bbc.co.uk/news/world-us-canada-60006306?at_medium=RSS&at_campaign=KARANGA", "date_published": "2022-01-15 06:22:01+00:00", "persistent": false, "user": null, "language": "en-US"}, {"source": "http://feeds.bbci.co.uk/news/rss.xml", "title": "The Papers: PM in 'last chance saloon' as he 'plots fightback'", "description": "Fallout from the latest allegations of parties at Downing Street during lockdown dominate the front pages.", "link": "https://www.bbc.co.uk/news/blogs-the-papers-60004637?at_medium=RSS&at_campaign=KARANGA", "date_published": "2022-01-15 05:57:56+00:00", "persistent": false, "user": null, "language": "en-US"}, {"source": "http://feeds.bbci.co.uk/news/rss.xml", "title": "Novak Djokovic: Tennis star detained ahead of deportation appeal", "description": "The tennis star will hear on Sunday whether he can stay in the country and compete unvaccinated.", "link": "https://www.bbc.co.uk/news/world-australia-60004874?at_medium=RSS&at_campaign=KARANGA", "date_published": "2022-01-15 05:36:10+00:00", "persistent": false, "user": null, "language": "en-US"}, {"source": "http://feeds.bbci.co.uk/news/rss.xml", "title": "The Ashes: 'Would you believe it!?' - Rory Burns run out for a duck by Marnus Labuschagne", "description": "Watch as opener Rory Burns is run out by Marnus Labuschagne for a duck in the second over of England's first innings in fifth Ashes Test.", "link": "https://www.bbc.co.uk/sport/av/cricket/60006599?at_medium=RSS&at_campaign=KARANGA", "date_published": "2022-01-15 05:31:08+00:00", "persistent": false, "user": null, "language": "en-US"}, {"source": "http://feeds.bbci.co.uk/news/rss.xml", "title": "The Ashes: 'Stop moving the robot!' - Stuart Broad angered by roving camera", "description": "England's Stuart Broad takes issue with a camera on wheels moving during his attempts to bowl on the second day of the Ashes fifth test.", "link": "https://www.bbc.co.uk/sport/av/cricket/60006592?at_medium=RSS&at_campaign=KARANGA", "date_published": "2022-01-15 04:10:00+00:00", "persistent": false, "user": null, "language": "en-US"}, {"source": "http://feeds.bbci.co.uk/news/rss.xml", "title": "Week in pictures: 8 - 14 January 2022", "description": "A selection of powerful images from all over the globe, taken this week.", "link": "https://www.bbc.co.uk/news/in-pictures-59995396?at_medium=RSS&at_campaign=KARANGA", "date_published": "2022-01-15 02:09:11+00:00", "persistent": false, "user": null, "language": "en-US"}, {"source": "http://feeds.bbci.co.uk/news/rss.xml", "title": "How a colossal block of ice became an obsession", "description": "Artist Kevin Eason won't ever see his favourite iceberg up close, but he's come to know it so well.", "link": "https://www.bbc.co.uk/news/science-environment-59998703?at_medium=RSS&at_campaign=KARANGA", "date_published": "2022-01-15 02:03:48+00:00", "persistent": false, "user": null, "language": "en-US"}, {"source": "http://feeds.bbci.co.uk/news/rss.xml", "title": "MH17: Families' quest for hope years after Ukraine air disaster", "description": "Since flight MH17 was shot down over Ukraine, victims' families have been on a difficult journey.", "link": "https://www.bbc.co.uk/news/world-europe-59979885?at_medium=RSS&at_campaign=KARANGA", "date_published": "2022-01-15 02:02:58+00:00", "persistent": false, "user": null, "language": "en-US"}, {"source": "http://feeds.bbci.co.uk/news/rss.xml", "title": "Remi Wolf is casually rewriting the rules of pop music", "description": "The former downhill skier and American Idol contestant is making some of pop's most exuberant songs.", "link": "https://www.bbc.co.uk/news/entertainment-arts-59966722?at_medium=RSS&at_campaign=KARANGA", "date_published": "2022-01-15 02:02:43+00:00", "persistent": false, "user": null, "language": "en-US"}, {"source": "http://feeds.bbci.co.uk/news/rss.xml", "title": "Omega Mart: Where art meets escape room", "description": "BBC Click's Chris Fox visits a hi-tech art experience in Las Vegas.", "link": "https://www.bbc.co.uk/news/technology-59998929?at_medium=RSS&at_campaign=KARANGA", "date_published": "2022-01-15 02:01:42+00:00", "persistent": false, "user": null, "language": "en-US"}, {"source": "http://feeds.bbci.co.uk/news/rss.xml", "title": "Prince Andrew: Ruthless royals move to limit the damage", "description": "The Royal Family has tried to distance itself from the allegations facing Prince Andrew.", "link": "https://www.bbc.co.uk/news/uk-59916864?at_medium=RSS&at_campaign=KARANGA", "date_published": "2022-01-15 00:33:24+00:00", "persistent": false, "user": null, "language": "en-US"}, {"source": "http://feeds.bbci.co.uk/news/rss.xml", "title": "The woman who rowed solo across the Atlantic", "description": "Tori Murden McClure almost died when she tried to row the Atlantic solo, but she went back to sea.", "link": "https://www.bbc.co.uk/news/stories-59997286?at_medium=RSS&at_campaign=KARANGA", "date_published": "2022-01-15 00:03:50+00:00", "persistent": false, "user": null, "language": "en-US"}, {"source": "http://feeds.bbci.co.uk/news/rss.xml", "title": "Covid: 'We're so proud of how Bertie bounced back'", "description": "A five-year-old boy with autism is now thriving at school, despite the impact of lockdown.", "link": "https://www.bbc.co.uk/news/uk-england-leicestershire-59952726?at_medium=RSS&at_campaign=KARANGA", "date_published": "2022-01-15 00:03:15+00:00", "persistent": false, "user": null, "language": "en-US"}, {"source": "http://feeds.bbci.co.uk/news/rss.xml", "title": "Kazakhstan: Who sparked deadly violence?", "description": "Authorities are blaming \"armed extremists\" for the clashes, in which dozens are thought to have been killed.", "link": "https://www.bbc.co.uk/news/world-asia-59999612?at_medium=RSS&at_campaign=KARANGA", "date_published": "2022-01-15 00:01:48+00:00", "persistent": false, "user": null, "language": "en-US"}]