[{"source": "https://feeds.nbcnews.com/nbcnews/public/world", "title": "Suspected Lockerbie bomber charged in three-count indictment", "description": "The Justice Department says it will not seek the death penalty for a former Libyan intelligence official accused of making the bomb in the 1988 Lockerbie, Scotland, attack where 270 people on Pan Am flight 103 died. The suspect recently appeared in a federal courtroom in Washington, D.C., as he has been charged in a three-count indictment. NBC News\u2019 Ken Dilanian has the latest.", "link": "https://www.nbcnews.com/now/video/suspected-lockerbie-bomber-charged-in-three-count-indictment-157302853536", "date_published": "2022-12-12 23:23:50+00:00", "persistent": false, "user": null, "language": "en-US"}, {"source": "https://feeds.nbcnews.com/nbcnews/public/world", "title": "Lockerbie bombing suspect makes initial appearance in U.S. court", "description": "A Libyan man suspected of making the bomb that blew up a passenger plane over Lockerbie, Scotland, in 1988 made his initial appearance in federal court Monday.", "link": "https://www.nbcnews.com/politics/justice-department/lockerbie-bombing-suspect-makes-initial-appearance-us-court-rcna61382", "date_published": "2022-12-12 22:42:08+00:00", "persistent": false, "user": null, "language": "en-US"}, {"source": "https://feeds.nbcnews.com/nbcnews/public/world", "title": "Peru's new president proposes moving up elections amid protests", "description": "Peru\u2019s new President Dina Boluarte gave in to protesters\u2019 demands early Monday, announcing in a nationally televised address she wants to move up elections.", "link": "https://www.nbcnews.com/news/latino/perus-new-president-proposes-moving-elections-protests-rcna61365", "date_published": "2022-12-12 20:51:32+00:00", "persistent": false, "user": null, "language": "en-US"}, {"source": "https://feeds.nbcnews.com/nbcnews/public/world", "title": "Body of soccer journalist Grant Wahl returned to U.S. after death in Qatar", "description": "The body of American soccer journalist Grant Wahl was returned to the U.S.", "link": "https://www.nbcnews.com/news/world/body-journalist-grant-wahl-returned-us-death-qatar-rcna61327", "date_published": "2022-12-12 19:04:51+00:00", "persistent": false, "user": null, "language": "en-US"}, {"source": "https://feeds.nbcnews.com/nbcnews/public/world", "title": "Mourners gather after teen killed during West Bank raid", "description": "People gathered in the West Bank city of Jenin for the funeral of a sixteen-year-old girl who was killed during a shootout in an Israeli raid targeting Palestinian suspects. Jana Zakaran was on her roof when she was shot during an exchange of fire. Her family had been searching for her and found her body on the roof of their home after the Israeli troops withdrew, the official Palestinian news agency reported. Israeli authorities said they were aware of the incident and that an investigation was", "link": "https://www.nbcnews.com/video/mourners-gather-after-teen-killed-during-west-bank-raid-157267525998", "date_published": "2022-12-12 19:04:39+00:00", "persistent": false, "user": null, "language": "en-US"}, {"source": "https://feeds.nbcnews.com/nbcnews/public/world", "title": "Israeli army kills teen girl in West Bank raid, Palestinians say", "description": "A Palestinian hospital said Israeli forces killed a teenage girl during an army operation in the occupied West Bank early on Monday.", "link": "https://www.nbcnews.com/news/world/israeli-army-kills-teen-girl-west-bank-raid-palestinians-say-rcna61299", "date_published": "2022-12-12 17:07:20+00:00", "persistent": false, "user": null, "language": "en-US"}, {"source": "https://feeds.nbcnews.com/nbcnews/public/world", "title": "Viktor Bout's victory tour: Freed Russian arms dealer praises Putin and joins ultranationalist party", "description": "Viktor Bout has received a celebrity's welcome in Russia since the prisoner exchange with Britney Griner, praising Putin's war in Ukraine.", "link": "https://www.nbcnews.com/news/world/viktor-bout-praises-putin-celebrity-status-griner-prisoner-exchange-rcna61214", "date_published": "2022-12-12 16:48:17+00:00", "persistent": false, "user": null, "language": "en-US"}, {"source": "https://feeds.nbcnews.com/nbcnews/public/world", "title": "South Korea's LGBTQ community confronts crushing headwinds in fight for equality", "description": "Conservative lawmakers and religious leaders have contributed to activists\u2019 lengthy and unsuccessful attempts to pass a comprehensive nondiscrimination bill.", "link": "https://www.nbcnews.com/nbc-out/out-news/south-koreas-lgbtq-community-confronts-crushing-headwinds-fight-equali-rcna57777", "date_published": "2022-12-12 15:58:25+00:00", "persistent": false, "user": null, "language": "en-US"}, {"source": "https://feeds.nbcnews.com/nbcnews/public/world", "title": "A Lockerbie bombing suspect is in U.S. custody. Here's what to know.", "description": "The U.S. arrest of Libyan man Abu Agila Mas\u2019ud accused of making the bomb that exploded on board Pan Am Flight 103 in 1988 has renewed attention on the incident.", "link": "https://www.nbcnews.com/news/world/lockerbie-bombing-suspect-us-custody-court-appearance-explainer-rcna61207", "date_published": "2022-12-12 15:11:01+00:00", "persistent": false, "user": null, "language": "en-US"}, {"source": "https://feeds.nbcnews.com/nbcnews/public/world", "title": "American student goes missing while studying in France", "description": "Ken Deland Jr., a 21-year-old American college student, was studying in France but hasn\u2019t been heard from in more than two weeks. NBC\u2019s Molly Hunter reports for TODAY.", "link": "https://www.today.com/video/american-college-student-studying-in-france-has-gone-missing-157215301505", "date_published": "2022-12-12 13:10:17+00:00", "persistent": false, "user": null, "language": "en-US"}, {"source": "https://feeds.nbcnews.com/nbcnews/public/world", "title": "Freed arms dealer Viktor Bout joins Russian ultranationalist party", "description": "Viktor Bout, the Russian arms dealer freed after 14 years in U.S. custody in exchange for WNBA star Brittney Griner, has joined the Kremlin-loyal ultranationalist Liberal Democratic Party, its leader said on Monday.", "link": "https://www.nbcnews.com/video/freed-arms-dealer-viktor-bout-joins-russian-ultranationalist-party-157209669769", "date_published": "2022-12-12 12:38:34+00:00", "persistent": false, "user": null, "language": "en-US"}, {"source": "https://feeds.nbcnews.com/nbcnews/public/world", "title": "Russia steps up attacks against Ukraine, targeting power grid", "description": "As Ukrainian President Volodymyr Zelenskyy signaled a renewed effort at diplomacy, Russia is stepping up its attacks, targeting the country's electrical grids, causing rolling blackouts and forcing many residents to leave. NBC\u2019s Richard Engel reports for TODAY.", "link": "https://www.today.com/video/russia-steps-up-attacks-against-ukraine-targeting-power-grid-157209157959", "date_published": "2022-12-12 12:38:21+00:00", "persistent": false, "user": null, "language": "en-US"}, {"source": "https://feeds.nbcnews.com/nbcnews/public/world", "title": "Gaza authorities discover over 60 Roman era graves", "description": "Hamas authorities in Gaza on Sunday announced the discovery of over 60 tombs in an ancient burial site dating back to the Roman era.", "link": "https://www.nbcnews.com/news/world/gaza-authorities-discover-60-roman-era-graves-rcna61227", "date_published": "2022-12-12 12:21:34+00:00", "persistent": false, "user": null, "language": "en-US"}, {"source": "https://feeds.nbcnews.com/nbcnews/public/world", "title": "Iran carries out second known execution over protests", "description": "Iran on Monday executed a second known prisoner detained and convicted amid nationwide protests\u00a0challenging the country\u2019s theocracy.", "link": "https://www.nbcnews.com/news/world/iran-second-execution-protests-rcna61208", "date_published": "2022-12-12 11:53:29+00:00", "persistent": false, "user": null, "language": "en-US"}, {"source": "https://feeds.nbcnews.com/nbcnews/public/world", "title": "American college student reported missing while studying abroad in France", "description": "American college student Ken DeLand Jr. has been reported missing by his family while studying abroad in France at the University Grenoble Alpes.", "link": "https://www.nbcnews.com/news/world/american-college-student-ken-deland-jr-missing-studying-abroad-france-rcna61212", "date_published": "2022-12-12 11:48:28+00:00", "persistent": false, "user": null, "language": "en-US"}, {"source": "https://feeds.nbcnews.com/nbcnews/public/world", "title": "Beijing residents welcome easing of Covid curbs", "description": "Long lines formed outside clinics and pharmacies in Beijing as residents reacted to last week's easing of Covid curbs with guarded optimism.", "link": "https://www.nbcnews.com/video/beijing-residents-welcome-easing-of-covid-curbs-157199429626", "date_published": "2022-12-12 10:56:20+00:00", "persistent": false, "user": null, "language": "en-US"}, {"source": "https://feeds.nbcnews.com/nbcnews/public/world", "title": "How Dutch farmers became the center of a global right-wing culture war", "description": "Radicalized by conspiracy theories, some far-right activists have supported farmers in the Netherlands in their campaign to stop plans to potentially shut thousands of farms in order to reduce harmful nitrogen emissions.", "link": "https://www.nbcnews.com/news/world/dutch-farmers-emissions-global-right-wing-culture-war-rcna60269", "date_published": "2022-12-12 10:25:29+00:00", "persistent": true, "user": null, "language": "en-US", "tags": ["esg", "agriculture"]}, {"source": "https://feeds.nbcnews.com/nbcnews/public/world", "title": "Roman-era tombs uncovered at Gaza Strip housing development", "description": "Authorities in Gaza on Sunday announced the discovery of over 60 tombs in an ancient burial site dating back to the Roman era.", "link": "https://www.nbcnews.com/video/roman-era-tombs-uncovered-at-gaza-strip-housing-development-157195845840", "date_published": "2022-12-12 10:16:50+00:00", "persistent": false, "user": null, "language": "en-US"}, {"source": "https://feeds.nbcnews.com/nbcnews/public/world", "title": "Peru president proposes moving up elections amid deadly unrest", "description": "Peru\u2019s newest president, Dina Boluarte, gave in to protesters\u2019 demands early Monday announcing that she will send Congress a a proposal to move up elections.", "link": "https://www.nbcnews.com/news/world/peru-president-proposes-moving-elections-deadly-unrest-rcna61211", "date_published": "2022-12-12 10:12:23+00:00", "persistent": false, "user": null, "language": "en-US"}, {"source": "https://feeds.nbcnews.com/nbcnews/public/world", "title": "\u2018I\u2019ll kill you all\u2019: Man kills 3 in Rome condo board meeting", "description": "A man opened fire Sunday during a condominium board meeting in a coffee shop in northern Rome, killing three people and injuring others, authorities said.", "link": "https://www.nbcnews.com/news/world/man-kills-3-rome-condo-board-meeting-rcna61209", "date_published": "2022-12-12 09:39:54+00:00", "persistent": false, "user": null, "language": "en-US"}, {"source": "https://feeds.nbcnews.com/nbcnews/public/world", "title": "Deadly protests in Peru follow ouster of President Pedro Castillo", "description": "Two teens were killed and four people injured in Peru on Sunday during protests demanding the country hold general elections following the ouster of former President Pedro Castillo, police and local authorities said.", "link": "https://www.nbcnews.com/video/deadly-protests-in-peru-follow-ouster-of-president-pedro-castillo-157192261653", "date_published": "2022-12-12 09:37:11+00:00", "persistent": false, "user": null, "language": "en-US"}, {"source": "https://feeds.nbcnews.com/nbcnews/public/world", "title": "China scraps tracking app as it relaxes strict 'zero-Covid' rules", "description": "China will drop a travel tracing requirement. It is an exit from the strict \u201czero-Covid\u201d policies that have elicited widespread dissatisfaction and protests.", "link": "https://www.nbcnews.com/news/world/china-scraps-travel-tracking-app-relaxes-strict-zero-covid-rules-rcna61206", "date_published": "2022-12-12 09:35:58+00:00", "persistent": false, "user": null, "language": "en-US"}]