[{"source": "https://www.youtube.com/feeds/videos.xml?channel_id=UCzQUP1qoWDoEbmsQxvdjxgQ", "title": "The Kind of Girl Stavros Halkias is Looking For", "description": "Taken from JRE #1909 w/Stavros Halkias:\nhttps://open.spotify.com/episode/53j4SZe2AbdW44hCKxMRTJ?si=1e0604ddfb9442a5", "link": "https://www.youtube.com/watch?v=vQCCU1Gtgao", "date_published": "2022-12-13 00:00:00+00:00", "persistent": false, "user": null, "language": "en-US"}, {"source": "https://www.youtube.com/feeds/videos.xml?channel_id=UCzQUP1qoWDoEbmsQxvdjxgQ", "title": "The Link Between Sports and War", "description": "Taken from JRE #1909 w/Stavros Halkias:\nhttps://open.spotify.com/episode/53j4SZe2AbdW44hCKxMRTJ?si=ff567e05b1cd44e0", "link": "https://www.youtube.com/watch?v=jdDClU9rgac", "date_published": "2022-12-13 00:00:00+00:00", "persistent": false, "user": null, "language": "en-US"}]