[{"source": "https://www.youtube.com/feeds/videos.xml?channel_id=UC-2JUs_G21BrJ0efehwGkUw", "title": "Late Night Talking | @HarryStyles | funk cover ft. @SuzyJonesMusic & @TalWilkenfeld", "description": "Get tickets to see us on tour!\u00a0 https://www.scarypocketsfunk.com\n\nStore: https://www.scarypocketsfunk.com\nPatreon: http://modal.scarypocketsfunk.com/patreon\nListen on Spotify: http://modal.scarypocketsfunk.com/spotify\n\nTip Jar: http://modal.scarypocketsfunk.com/tips\nInstagram: http://modal.scarypocketsfunk.com/instagram\nFacebook: http://modal.scarypocketsfunk.com/facebook\nDiscord: http://modal.scarypocketsfunk.com/discord\nSubscribe: http://modal.scarypocketsfunk.com/subscribe\n\nA funk cover of Harry Styles' \"Late Night Talking\" by Scary Pockets & Suzy Jones.\n\nMUSICIAN CREDITS\nLead vocal: Suzy Jones\nDrums: Tamir Barzilay\nBass: Tal Wilkenfeld\nKeys: Jack Conte\nGuitar: Ryan Lerman\n\nAUDIO CREDITS\nRecording Engineer: Caleb Parker\nAssistant Engineer: Travis Pavur\nMixing/Mastering: Caleb Parker\n\nVIDEO CREDITS\nDP: Ricky Chavez\nCamera Operators: Sammy Rothman, Alejandro Echevarria, Merlin Showalter\nEditor: Adam Kritaberg\n\nRecorded Live at Valentine Studios in Los Angeles, CA.\n\n#ScaryPockets #Funk #HarryStyles #suzyjones", "link": "https://www.youtube.com/watch?v=VXpUFQ-bT9U", "date_published": "2022-12-12 00:00:00+00:00", "persistent": false, "user": null, "language": "en-US"}]