[{"source": "https://www.youtube.com/feeds/videos.xml?channel_id=UCqg5FCR7NrpvlBWMXdt-5Vg", "title": "Togges | Review in 3 Minutes", "description": "Support us on Patreon to get Early Access to new videos, exclusive Discord perks & more for just $2 per month \u25ba\u25ba https://www.patreon.com/the_escapist\n\nJesse Galena reviews Togges, developed by Regular Studio.\n\nTogges on Steam: https://store.steampowered.com/app/1550270/Togges/\n\nJoin our growing Discord community: https://discord.gg/A6T2gKrDwB\n\nSubscribe to Escapist Magazine! \u25ba\u25ba http://bit.ly/Sub2Escapist\n\nWant to see the next episode a week early? Check out http://www.escapistmagazine.com for the latest episodes of your favorite shows.\n\n---\n\n\n\n---\n\nThe Escapist Merch Store \u25ba\u25bahttps://teespring.com/stores/the-escapist-store\nJoin us on Twitch \u25ba\u25ba https://www.twitch.tv/the_escapist_official\nLike us on Facebook \u25ba\u25ba http://www.facebook.com/EscapistMag\nFollow us on Twitter \u25ba\u25ba https://twitter.com/EscapistMag", "link": "https://www.youtube.com/watch?v=gPdwP1c-gSU", "date_published": "2022-12-13 00:00:00+00:00", "persistent": false, "user": null, "language": "en-US"}, {"source": "https://www.youtube.com/feeds/videos.xml?channel_id=UCqg5FCR7NrpvlBWMXdt-5Vg", "title": "Catching Yahtzee Up on this Year's 'The Game Awards' | Slightly Something Else", "description": "This week on Slightly Something Else, Marty catches Yahtzee up on all of the happenings at this year's The Game Awards.\r\n\r\nJoin our YouTube Membership program for Early Access to videos, badges, emojis, bonus content and more. \u25ba\u25ba https://www.youtube.com/channel/UCqg5FCR7NrpvlBWMXdt-5Vg/join\r\n\r\nJoin our growing Discord community: https://discord.gg/A6T2gKrDwB\r\n\r\nSubscribe to Escapist Magazine! \u25ba\u25ba http://bit.ly/Sub2Escapist\r\n\r\nWant to see the next episode a week early? Check out http://www.escapistmagazine.com for the latest episodes of your favorite shows.\r\n\r\n---\r\n\r\n\r\n\r\n---\r\n\r\n\r\nZero Punctuation Merch Store \u25ba\u25bahttps://teespring.com/stores/the-escapist-store\r\nJoin us on Twitch \u25ba\u25ba https://www.twitch.tv/escapistmagazine \r\nLike us on Facebook \u25ba\u25ba http://www.facebook.com/EscapistMag\r\nFollow us on Twitter \u25ba\u25ba https://twitter.com/EscapistMag", "link": "https://www.youtube.com/watch?v=ZbI-kjQD6d0", "date_published": "2022-12-12 00:00:00+00:00", "persistent": false, "user": null, "language": "en-US"}, {"source": "https://www.youtube.com/feeds/videos.xml?channel_id=UCqg5FCR7NrpvlBWMXdt-5Vg", "title": "Even a Failed Theatrical Release is Important for a Streaming Movie", "description": "Support us on Patreon to get Early Access to new videos, exclusive Discord perks & more for just $2 per month \u25ba\u25ba https://www.patreon.com/the_escapist\n\nThis week on In the Frame, Darren digs into how theaters are essentially trailers for streaming.\n\nJoin our growing Discord community: https://discord.gg/A6T2gKrDwB\n\nSubscribe to Escapist Magazine! \u25ba\u25ba http://bit.ly/Sub2Escapist\n\nWant to see the next episode a week early? Check out http://www.escapistmagazine.com for the latest episodes of your favorite shows.\n\n---\n\n\n\n---\n\nThe Escapist Merch Store \u25ba\u25bahttps://teespring.com/stores/the-escapist-store\nJoin us on Twitch \u25ba\u25ba https://www.twitch.tv/the_escapist_official\nLike us on Facebook \u25ba\u25ba http://www.facebook.com/EscapistMag\nFollow us on Twitter \u25ba\u25ba https://twitter.com/EscapistMag", "link": "https://www.youtube.com/watch?v=WSoRPOyAHh4", "date_published": "2022-12-12 00:00:00+00:00", "persistent": false, "user": null, "language": "en-US"}, {"source": "https://www.youtube.com/feeds/videos.xml?channel_id=UCqg5FCR7NrpvlBWMXdt-5Vg", "title": "Hellish Quart | Hidden Gems", "description": "Each week KC and Jesse check out an overlooked game on Steam and decide whether or not it's a \"Hidden Gem\". This week they're checking out Hellish Quart. \r\n\r\nJoin YouTube Memberships and support our content for Early Access to new videos, exclusive Discord perks & more for just $2 per month \u25ba\u25ba https://www.youtube.com/channel/UCqg5FCR7NrpvlBWMXdt-5Vg/join\r\n\r\nJoin our growing Discord community: https://discord.gg/A6T2gKrDwB\r\n\r\nSubscribe to Escapist Magazine! \u25ba\u25ba http://bit.ly/Sub2Escapist\r\n\r\nWant to see the next episode a week early? Check out http://www.escapistmagazine.com for the latest episodes of your favorite shows.\r\n\r\n---\r\n\r\n\r\n\r\n---\r\n\r\nThe Escapist Merch Store \u25ba\u25bahttps://teespring.com/stores/the-escapist-store\r\nJoin us on Twitch \u25ba\u25ba https://www.twitch.tv/the_escapist_official\r\nLike us on Facebook \u25ba\u25ba http://www.facebook.com/EscapistMag\r\nFollow us on Twitter \u25ba\u25ba https://twitter.com/EscapistMag", "link": "https://www.youtube.com/watch?v=zQmkKPAjLKo", "date_published": "2022-12-12 00:00:00+00:00", "persistent": false, "user": null, "language": "en-US"}, {"source": "https://www.youtube.com/feeds/videos.xml?channel_id=UCqg5FCR7NrpvlBWMXdt-5Vg", "title": "Need for Speed Unbound | Review in 3 Minutes", "description": "Support us on Patreon to get Early Access to new videos, exclusive Discord perks & more for just $2 per month \u25ba\u25ba https://www.patreon.com/the_escapist\n\nKC Nwosu reviews Need for Speed Unbound, developed by Criterion Games.\n\nNeed for Speed Unbound: https://store.steampowered.com/app/1846380/Need_for_Speed_Unbound/\n\nJoin our growing Discord community: https://discord.gg/A6T2gKrDwB\n\nSubscribe to Escapist Magazine! \u25ba\u25ba http://bit.ly/Sub2Escapist\n\nWant to see the next episode a week early? Check out http://www.escapistmagazine.com for the latest episodes of your favorite shows.\n\n---\n\n\n\n---\n\nThe Escapist Merch Store \u25ba\u25bahttps://teespring.com/stores/the-escapist-store\nJoin us on Twitch \u25ba\u25ba https://www.twitch.tv/the_escapist_official\nLike us on Facebook \u25ba\u25ba http://www.facebook.com/EscapistMag\nFollow us on Twitter \u25ba\u25ba https://twitter.com/EscapistMag", "link": "https://www.youtube.com/watch?v=jptenZqc2h0", "date_published": "2022-12-12 00:00:00+00:00", "persistent": false, "user": null, "language": "en-US"}]