[{"source": "https://www.youtube.com/feeds/videos.xml?channel_id=UCswH8ovgUp5Bdg-0_JTYFNw", "title": "YOU WERE RIGHT | Matt Taibbi Reveals SHOCKING Twitter Files", "description": "Yesterday I had the pleasure to speak with Matt Taibbi, who has been at the forefront of releasing The Twitter Files. He breaks down exactly what was happening within Twitter before Elon Musk purchased it on October 27, 2022. #twitter #elonmusk #twitterfiles \n\nWatch Full Interview Here: https://bit.ly/sfwrb-44-twitter-matt-taibbi\n--------------------------------------------------------------------------------------------------------------------------\nFOLLOW and WATCH me LIVE weekdays on Rumble https://rumble.com/russellbrand\n\nJoin The Community STAY FREE AF: https://russellbrand.locals.com/\n\nCome to My Festival COMMUNITY - https://www.russellbrand.com/community-2023/\nNEW MERCH! https://stuff.russellbrand.com/", "link": "https://www.youtube.com/watch?v=SkGiNYIUHao", "date_published": "2022-12-13 00:00:00+00:00", "persistent": false, "user": null, "language": "en-US"}, {"source": "https://www.youtube.com/feeds/videos.xml?channel_id=UCswH8ovgUp5Bdg-0_JTYFNw", "title": "WE KNEW IT", "description": "The Twitter Files \u2013 the unprecedented revelations of an enemy of the State, or the orchestrated distractions of a billionaire with extensive ties to government? Or worse still, the new Klaus Schwab? \u2026I don\u2019t like to pry.  \n#twitter #elonmusk #klausschwab #worldeconomicforum \n\nReferences\nhttps://finance.yahoo.com/news/latest-twitter-files-allege-blacklisting-032210220.html\nhttps://reclaimthenet.org/vijaya-gadde-hunter-biden/\nhttps://www.grid.news/story/technology/2022/04/30/elon-musk-hates-the-government-his-companies-love-it/\n--------------------------------------------------------------------------------------------------------------------------\nFOLLOW and WATCH me LIVE weekdays on Rumble https://rumble.com/russellbrand\n\nJoin The Community STAY FREE AF: https://russellbrand.locals.com/\n\nCome to My Festival COMMUNITY - https://www.russellbrand.com/community-2023/\nNEW MERCH! https://stuff.russellbrand.com/", "link": "https://www.youtube.com/watch?v=V7VZGTWkUaA", "date_published": "2022-12-12 00:00:00+00:00", "persistent": false, "user": null, "language": "en-US"}]