[{"source": "https://www.youtube.com/feeds/videos.xml?channel_id=UClozNP-QPyVatzpGKC25s0A", "title": "Ranking the Best Drawing Tech of 2022", "description": "Check out http://www.squarespace.com for a free trial or go to  http://www.squarespace.com/bradcolbow to save 10% off your first purchase of a website or domain.\nAnd thank you Squarespace for sponsoring this video.\n\n00:00 Intro\n00:35 Huion Inspiroy Giano\n01:36 P-Pen Deco LW\n02:23 iPad 10th Gen\n03:51 Galaxy Book2 Pro 360\n04:37 Wacom Cintiq Pro 27\n06:01 XP-Pen Artist 16\n06:27 XP-Pen Artist 10\n07:21 iPad Pro\n09:07 Squarespace\n10:06 Surface Pro 9\n11:09 Galaxy Tab S6 Lite\n12:35 Huion Kamvas Pro 13.5 (2.5k)\n13:24 iPad Air\n15:00 Galaxy Tab S8 Ultra\n\nDiscounts for my Courses (US) https://bradcolbow.channel\nDiscounts for my Courses (worldwide) http://brad.site/learn/\nEmail Newsletter: http://brad.site/signup/\n\n-----------------------------------------------------\n\nTwitter: \nhttps://twitter.com/bradcolbow\n\nInstagram:\nhttps://www.instagram.com/bcolbow/\n\nDrawing Tech Top 10 lists:\nhttp://brad.site/\n\nMy Drawing and video gear: \nhttp://brad.site/mygear/", "link": "https://www.youtube.com/watch?v=Tnrk3wmKniU", "date_published": "2022-12-12 15:28:09+00:00", "persistent": false, "user": null, "language": "en-US"}]