[{"source": "https://www.theverge.com/rss/index.xml", "title": "Discord leans on linked accounts to verify who you are and what you can access", "description": "<figure>\n      <img alt=\"Screenshot showing a Linked Roles screen, displaying a \u201cTweeter\u201d role that requires a connected Twitter account, an \u201ceBay Seller\u201d role that requires a connected eBay account, and so on.\" src=\"https://cdn.vox-cdn.com/thumbor/04C2hluuCWCubQ4p9XZNdLAC39U=/0x32:1440x992/1310x873/cdn.vox-cdn.com/uploads/chorus_image/image/71742297/Modal___Select_Linked_Role.0.png\" />\n        <figcaption><em>A list of Linked Roles on a server, along with icons for the connections they\u2019ll require.</em> | Image: Discord</figcaption>\n    </figure>\n\n  <p id=\"1gIu32\">Discord is making the accounts you have linked to your profile a key part of the chatting experience. It\u2019s introducing a system called Linked Roles, where admins and moderators can grant people access to certain channels and even entire servers based on which third-party apps and websites those people have connected to their Discord account.</p>\n<p id=\"Y9YfvU\">In <a href=\"https://discord.com/blog/connected-accounts-functionality-boost-linked-roles\">an extremely detailed blog post on Monday</a>, the company says the feature, which will be rolling out over the next few weeks, will support connecting accounts from sites like Steam, Twitter, Reddit, DeviantArt, and more (there are \u201cover twenty official Connections,\u201d according to Discord\u2019s blog post). Server administrators will then be able to set up certain filters based on those connections \u2014 for...</p>\n  <p>\n    <a href=\"https://www.theverge.com/2022/12/12/23506157/discord-linked-roles-connections-server-administration\">Continue reading&hellip;</a>\n  </p>", "link": "https://www.theverge.com/2022/12/12/23506157/discord-linked-roles-connections-server-administration", "date_published": "2022-12-12 23:33:37+00:00", "persistent": false, "user": null, "language": "en-US"}, {"source": "https://www.theverge.com/rss/index.xml", "title": "Comcast\u2019s symmetrical multi-gigabit internet test is a preview of next year\u2019s \u201810G\u2019 rollout", "description": "<figure>\n      <img alt=\"The Comcast logo on a black background.\" src=\"https://cdn.vox-cdn.com/thumbor/nDR_smBJJDr67qvQBli7gKU6xZs=/0x0:2040x1360/1310x873/cdn.vox-cdn.com/uploads/chorus_image/image/71742275/acastro_180525_1777_comcast_0002.0.jpg\" />\n        <figcaption>Illustration by Alex Castro / The Verge</figcaption>\n    </figure>\n\n  <p id=\"j0SOvB\">Comcast <a href=\"https://corporate.comcast.com/press/releases/comcast-live-10g-connection-4-gig-symmetrical-speeds\">announced in a press release</a> it successfully tested a symmetrical multi-gigabit DOCSIS 4.0 connection on its live network, taking a major step toward \u201coffering 10G-enabled services\u201d in the second half of 2023.</p>\n<p id=\"1hc2m1\">In Philadelphia, where Comcast is headquartered, it connected service at an undisclosed business location using multiple cable modems and a DOCSIS 4.0-enabled 10G node. If you\u2019re wondering what 10G means, the answer is \u2014 more than 5G. As <a href=\"https://www.theverge.com/2019/2/5/18212091/5g-e-tf-10g-broadband-industry-fake-names-mobile-internet-att-verizon\">we noted in 2019</a>, the cable industry rolled out its marketing term just in time to have something that\u2019s twice as many Gs as 5G wireless. </p>\n<p id=\"QJoLhK\">DOCSIS 4.0 tech should enable download speeds of up to 10Gbps with 6Gbps uploads, and Comcast said a lab test in January achieved more than 4Gbps speed...</p>\n  <p>\n    <a href=\"https://www.theverge.com/2022/12/12/23505779/comcast-multi-gigabit-10g-docsis-40-cable-fiber-isp\">Continue reading&hellip;</a>\n  </p>", "link": "https://www.theverge.com/2022/12/12/23505779/comcast-multi-gigabit-10g-docsis-40-cable-fiber-isp", "date_published": "2022-12-12 23:29:40+00:00", "persistent": false, "user": null, "language": "en-US"}, {"source": "https://www.theverge.com/rss/index.xml", "title": "Twitter Blue is back, letting you buy a blue checkmark again", "description": "<figure>\n      <img alt=\"The Twitter bird logo in black over a white and blue background\" src=\"https://cdn.vox-cdn.com/thumbor/X7CxujJZwb834LkM-DCicCDkqnI=/0x0:3000x2000/1310x873/cdn.vox-cdn.com/uploads/chorus_image/image/71742132/acastro_STK050_03.0.jpg\" />\n        <figcaption><em>Would you pay for Twitter?</em> | Illustration by Alex Castro / The Verge</figcaption>\n    </figure>\n\n  <p id=\"iduN8u\">Elon Musk\u2019s $8-per-month Twitter Blue subscription with verification is officially available, and you\u2019ll need a verified phone number to sign up.</p>\n<p id=\"4IClZE\">In <a href=\"https://twitter.com/TwitterBlue/status/1602426805616578564?s=20&amp;t=hVHdFwXihp1blNIc00iUAA\">a thread on Twitter</a>, the platform notes that Blue will cost $11 per month if you sign up on iOS and will grant you access to the ability to edit tweets, upload 1080p videos, reader mode, and, of course, the coveted blue checkmark. If you paid for the old $4.99 / $2.99 Blue package, then you\u2019ll need to subscribe again to keep its benefits, while anyone who signed up on Apple at the old $7.99 per month price will be automatically renewed at $11 per month unless they cancel.</p>\n<div class=\"c-float-left c-float-hang\"><div id=\"0322mh\">\n<blockquote class=\"twitter-tweet\">\n<p dir=\"ltr\" lang=\"en\">we\u2019re baaaack! Twitter Blue is now available for $8/month on web or $11/month on iOS \u2013 we\u2019ve made some upgrades and...</p>\n</blockquote>\n</div></div>\n  <p>\n    <a href=\"https://www.theverge.com/2022/12/12/23506335/twitter-blue-verified-checkmarks-return-impersonation\">Continue reading&hellip;</a>\n  </p>", "link": "https://www.theverge.com/2022/12/12/23506335/twitter-blue-verified-checkmarks-return-impersonation", "date_published": "2022-12-12 22:53:15+00:00", "persistent": false, "user": null, "language": "en-US"}, {"source": "https://www.theverge.com/rss/index.xml", "title": "Here\u2019s where you can buy a PS5", "description": "<figure>\n      <img alt=\"A stock photo of the disc-based PlayStation 5\" src=\"https://cdn.vox-cdn.com/thumbor/uthPJ2wO6AnZwrPyDe9VAxKhxkM=/0x0:2040x1360/1310x873/cdn.vox-cdn.com/uploads/chorus_image/image/68957865/vpavic_4278_20201030_0345.5.jpg\" />\n    </figure>\n\n  <p id=\"qD3Drq\">Getting a PlayStation 5 no longer has to be an uphill battle. Thanks to the increased availability of Sony\u2019s next-gen console, there are multiple options for bringing home a PS5. While availability is sometimes limited to bundles that come packaged with a game, this is still a great opportunity to bring home a console relatively stress-free. We\u2019re keeping a lookout across the web to find where, when, and how you can buy either the PS5 (with a disc drive) or the PS5 Digital Edition, as well as any bundles that are not price surged. </p>\n<div class=\"c-float-left c-float-hang\"><aside id=\"KPee0L\"><div></div></aside></div>\n<p id=\"dAoRYi\">Demand for this console is still high, with no guarantees that inventory will remain available for long. Nevertheless, we\u2019ll do our best to keep this article updated with the latest in-stock alerts and tell...</p>\n  <p>\n    <a href=\"https://www.theverge.com/22323257/sony-playstation-5-ps5-in-stock-digital-disk-edition-where-buy\">Continue reading&hellip;</a>\n  </p>", "link": "https://www.theverge.com/22323257/sony-playstation-5-ps5-in-stock-digital-disk-edition-where-buy", "date_published": "2022-12-12 22:42:09+00:00", "persistent": false, "user": null, "language": "en-US"}, {"source": "https://www.theverge.com/rss/index.xml", "title": "Only a quarter of US iPhones are sold through Apple", "description": "<figure>\n      <img alt=\"A person holding the iPhone 14\" src=\"https://cdn.vox-cdn.com/thumbor/maTnsh5gWGynuIoJmoYwS3og_GA=/0x0:2040x1360/1310x873/cdn.vox-cdn.com/uploads/chorus_image/image/71742080/226270_iPHONE_14_PHO_akrales_0480.0.jpg\" />\n        <figcaption><em>September is now an unofficial free iPhone bonanza.</em> | Photo by Amelia Holowaty Krales / The Verge</figcaption>\n    </figure>\n\n  <p id=\"f7aC0g\">A <a href=\"https://cirpapple.substack.com/p/who-sells-all-those-iphones\">new report from CIRP</a> says that only about 24 percent of recent iPhones purchased in the US were sold directly by Apple. Instead, the most popular way to buy a new iPhone was through a wireless carrier, which accounted for 67 percent of sales. That\u2019s certainly a perception shift from the time of lines around the block at the Apple store on launch day, but it\u2019s not at all surprising given how aggressively AT&amp;T, Verizon, and T-Mobile now promote iPhone giveaways every fall. </p>\n<p id=\"060wnY\">CIRP (Consumer Intelligence Research Partners) surveys iPhone buyers to find out which models they\u2019re buying and where they\u2019re shopping \u2014 information Apple doesn\u2019t disclose. Outside of carriers and Apple retail, CIRP attributes 4 percent of iPhone sales to Best Buy...</p>\n  <p>\n    <a href=\"https://www.theverge.com/2022/12/12/23505822/apple-iphone-sales-retail-carriers-cirp-report\">Continue reading&hellip;</a>\n  </p>", "link": "https://www.theverge.com/2022/12/12/23505822/apple-iphone-sales-retail-carriers-cirp-report", "date_published": "2022-12-12 22:28:52+00:00", "persistent": false, "user": null, "language": "en-US"}, {"source": "https://www.theverge.com/rss/index.xml", "title": "The best deals under $25 that make great gifts", "description": "<figure>\n      <img alt=\"The colorful blue and red Skullcandy Jib True Wireless earbuds, pictured on a table in their blue and yellow charging case.\" src=\"https://cdn.vox-cdn.com/thumbor/wOr4XsulG_jP5QTqMIg3YFTwakU=/0x0:2040x1360/1310x873/cdn.vox-cdn.com/uploads/chorus_image/image/71741961/skullcandy.0.jpg\" />\n        <figcaption><em>Skullcandy\u2019s Jib True may not be the best wireless earbuds you can buy, but they\u2019re hard to beat as a stocking stuffer.</em> | Photo by Chris Welch / The Verge</figcaption>\n    </figure>\n\n  <p id=\"Jelijx\">Once December gets going, it starts to feel like time quickly accelerates, and before you know it, your remaining holiday gift shopping starts bumping up against <a href=\"https://www.theverge.com/23502151/ups-usps-fedex-amazon-walmart-best-buy-target-shipping-deadlines\">shipping deadlines</a>. But if you\u2019re in need of some simple and easy gift recommendations that don\u2019t cost too many pennies, you\u2019re in luck. In addition to our extensive collection of <a href=\"https://www.theverge.com/23435489/holiday-gift-guide-best-ideas-cool-tech\">holiday gift guides</a>, we\u2019re also keeping a watchful eye out for great gifts that are currently <em>on sale</em>.</p>\n<p id=\"13jAYI\">So to help you \u201cwin\u201d this year\u2019s holiday gift exchange, we\u2019ve hand-picked a collection of gadgets and tech-adjacent deals under $25 that may make a great present for all types of people in your life. Some of these discounts may even make it seem like you spent more than you actually did, but we\u2019ll...</p>\n  <p>\n    <a href=\"https://www.theverge.com/23500290/best-deals-under-25-gift-ideas-deal-sale\">Continue reading&hellip;</a>\n  </p>", "link": "https://www.theverge.com/23500290/best-deals-under-25-gift-ideas-deal-sale", "date_published": "2022-12-12 21:55:00+00:00", "persistent": false, "user": null, "language": "en-US"}, {"source": "https://www.theverge.com/rss/index.xml", "title": "Dril is selling the archives of his legendary tweets", "description": "<figure>\n      <img alt=\"Image of the four Dril books sitting on a toilet tank.\" src=\"https://cdn.vox-cdn.com/thumbor/rd4DccGqOlOAC0yljt1rA71gEqc=/0x7:1220x820/1310x873/cdn.vox-cdn.com/uploads/chorus_image/image/71741473/Fjy4cj1UAAEzAvy.0.jpeg\" />\n        <figcaption><em>I wonder how many hours of entertainment I\u2019ve gotten from Content forged on this Throne.</em> | Image: dril</figcaption>\n    </figure>\n\n  <p id=\"Y1UKwC\">Dril, the account behind a <a href=\"https://twitter.com/dril/status/972534838057230336\">frankly</a> <a href=\"https://twitter.com/dril/status/831805955402776576\">unbelievable</a> <a href=\"https://twitter.com/dril/status/213849618415484929\">number</a> <a href=\"https://twitter.com/dril/status/473265809079693312\">of</a> <a href=\"https://twitter.com/dril/status/247222360309121024?lang=en\">viral</a> <a href=\"https://twitter.com/dril/status/205052027259195393?s=20&amp;t=E3X7DI1taygc1X_mXLM2YQ\">tweets</a>, is <a href=\"https://twitter.com/dril/status/1602358415648440320?s=20&amp;t=B1eJc_Q8lXY4WdMK_YTsgA\">packaging his magnificent archive into a book</a> and selling it for those of us who want to show off just how Online we are. According to Amazon, the <em>Dril Archives</em> paperback is around 240 pages and contains \u201c10,000 of His finest Posts.\u201d</p>\n<p id=\"O3uY2N\"><a href=\"https://www.youtube.com/watch?v=LW6Gub6XaPs\">Like Taylor Swift</a>, Dril is selling several \u201cFlavors\u201d of the archive \u2014 the \u201c<a href=\"https://www.amazon.com/dp/B0BPGMWX99?tag=theverge02-20\" rel=\"sponsored nofollow noopener\" target=\"_blank\">refined</a>\u201d edition lays out his posts in alphabetical order, \u201c<a href=\"https://www.amazon.com/dp/B0BPGQ5TH7?tag=theverge02-20\" rel=\"sponsored nofollow noopener\" target=\"_blank\">beloved</a>\u201d ranks them by the number of favorites they got, \u201c<a href=\"https://www.amazon.com/dp/B0BPGQ6YVQ?tag=theverge02-20\" rel=\"sponsored nofollow noopener\" target=\"_blank\">eternal</a>\u201d sorts them in chronological order, and \u201c<a href=\"https://www.amazon.com/dp/B0BPRMC9QD?tag=theverge02-20\" rel=\"sponsored nofollow noopener\" target=\"_blank\">chaotic</a>,\u201d obviously, is completely random. While many of us here at <em>The Verge</em> are big fans of the <a href=\"https://www.theverge.com/2022/3/10/22971307/twitter-home-timeline-algorithmic-reverse-chronological-feed\">reverse chronological timeline</a> (and it would be very interesting to see the evolution of the Dril...</p>\n  <p>\n    <a href=\"https://www.theverge.com/2022/12/12/23505871/dril-twitter-archive-books-editions\">Continue reading&hellip;</a>\n  </p>", "link": "https://www.theverge.com/2022/12/12/23505871/dril-twitter-archive-books-editions", "date_published": "2022-12-12 20:08:37+00:00", "persistent": false, "user": null, "language": "en-US"}, {"source": "https://www.theverge.com/rss/index.xml", "title": "Strange World is coming to Disney Plus just a month after its theatrical release", "description": "<figure>\n      <img alt=\"A Black woman sitting behind the steering wheel of a space ship in its cockpit. She is flanked to her left by a white man gesturing forwards, and a mixed-race teen smiling excitedly.\" src=\"https://cdn.vox-cdn.com/thumbor/aGp4AELysQGv45aRm0eo4C-fiek=/357x0:1563x804/1310x873/cdn.vox-cdn.com/uploads/chorus_image/image/71741201/STRANGE_WORLD_ONLINE_USE_460.0_003.00_0214.0.jpg\" />\n        <figcaption><em>Ethan, Meridian, and Searcher Clade in a spaceship.</em> | Image: Disney</figcaption>\n    </figure>\n\n  <p id=\"D6carv\">Though <a href=\"https://www.theverge.com/23364814/disney-strange-world-trailer\">Disney\u2019s <em>Strange World</em></a><em> </em>animated feature from director Don Hall only hit theaters on Thanksgiving, the studio\u2019s already getting ready to debut the movie on Disney Plus for reasons that might have something to do with its terrible box office returns.</p>\n<p id=\"ammSwo\">Today, Disney announced that <em>Strange World</em> \u2014 a sci-fi action adventure about a family of explorers journeying beneath the surface of their planet \u2014 will be coming to Disney Plus this December, just weeks after its theatrical release and subsequent bombing at the box office. Starring Jake Gyllenhaal, Jaboukie Young-White, Gabrielle Union, and Lucy Liu, <em>Strange World </em>tells the story of how multiple generations of the legendary Clade family are pushed to settle their differences as they...</p>\n  <p>\n    <a href=\"https://www.theverge.com/2022/12/12/23505699/strange-world-disney-plus-december\">Continue reading&hellip;</a>\n  </p>", "link": "https://www.theverge.com/2022/12/12/23505699/strange-world-disney-plus-december", "date_published": "2022-12-12 19:21:39+00:00", "persistent": false, "user": null, "language": "en-US"}, {"source": "https://www.theverge.com/rss/index.xml", "title": "Lyft drivers who use EVs will get a $150 bonus if they complete 50 trips a week", "description": "<figure>\n      <img alt=\"Lyft Vehicles Ahead Of Earnings Figures\" src=\"https://cdn.vox-cdn.com/thumbor/rYGnVTVMTaThMO_HrOAjT2IRER4=/1x0:4000x2666/1310x873/cdn.vox-cdn.com/uploads/chorus_image/image/71740894/1238269484.0.jpg\" />\n        <figcaption><em>Lyft drivers can get cash for driving an EV.</em></figcaption>\n    </figure>\n\n  <p id=\"Xcg7jE\">Lyft, which has said it wants <a href=\"https://www.theverge.com/2020/6/17/21294040/lyft-electric-vehicle-ev-100-percent-2030\">\u201c100 percent\u201d of the vehicles operating on its platform to be electric by 2030</a>, is offering a new slate of incentives to drivers to get them to ditch their polluting, gas-powered vehicles for ones with zero tailpipe emissions. </p>\n<p id=\"LP4ldS\">Starting today, Lyft drivers who use an EV are eligible to receive a bonus of $150 if they complete 50 trips in a week \u2014 which translates to an extra $3 per trip. Drivers will need to register their EVs on Lyft\u2019s app before the end of 2023 in order to qualify for the bonus. And they can keep raking in $150 per week until they hit the bonus maximum of $8,100. </p>\n<p id=\"90CgaZ\">Lyft also wants to turn the experience of charging an EV into an incentive. The company said that drivers who link their Lyft...</p>\n  <p>\n    <a href=\"https://www.theverge.com/2022/12/12/23505611/lyft-ev-driver-weekly-bonus-terms-conditions\">Continue reading&hellip;</a>\n  </p>", "link": "https://www.theverge.com/2022/12/12/23505611/lyft-ev-driver-weekly-bonus-terms-conditions", "date_published": "2022-12-12 18:17:52+00:00", "persistent": false, "user": null, "language": "en-US"}, {"source": "https://www.theverge.com/rss/index.xml", "title": "Rivian and Mercedes-Benz electric van partnership is on hold indefinitely", "description": "<figure>\n      <img alt=\"Chrome Mercedes-Benz logo next to a white Rivian logo in front of a black backdrop\" src=\"https://cdn.vox-cdn.com/thumbor/GZG4GK3PsVLUlpbXVJ5Gb5Toh0Y=/320x0:3776x2304/1310x873/cdn.vox-cdn.com/uploads/chorus_image/image/71740881/FcIjSNfXEAEa5tg.0.jpeg\" />\n        <figcaption>Image: Mercedes-Benz / Rivian</figcaption>\n    </figure>\n\n  <p id=\"uWBC2f\">Rivian and Mercedes-Benz <a href=\"https://seekingalpha.com/pr/19051536-rivian-pauses-partnership-discussions-mercedes-benz-on-electric-van-production-in-europe\">halted plans to co-develop multiple new electric delivery vans</a> based on both companies\u2019 commercial EV platforms. Rivian put the agreement on pause <a href=\"https://www.wsj.com/articles/rivian-pauses-talks-with-mercedes-on-joint-van-factory-in-europe-11670817891\">reportedly</a> because it was concerned about spending a lot of money on an expensive new vehicle development project amid a slowing economy. </p>\n<p id=\"EaNWls\">\u201cAt this point in time, we believe focusing on our consumer business, as well as our existing commercial business, represent the most attractive near-term opportunities to maximize value,\u201d Rivian CEO RJ Scaringe stated in a press release. Both Mercedes-Benz and Rivian had <a href=\"https://www.theverge.com/2022/9/8/23342580/rivian-mercedes-electric-vans-joint-venture-europe\">signed a memorandum of understanding in September</a> for a joint venture to build large commercial electric vans.</p>\n<p id=\"YGSWYP\">The companies were going to build the vehicles...</p>\n  <p>\n    <a href=\"https://www.theverge.com/2022/12/12/23505427/rivian-mercedes-benz-electric-van-ev-plans-hold-paused\">Continue reading&hellip;</a>\n  </p>", "link": "https://www.theverge.com/2022/12/12/23505427/rivian-mercedes-benz-electric-van-ev-plans-hold-paused", "date_published": "2022-12-12 18:13:56+00:00", "persistent": false, "user": null, "language": "en-US"}, {"source": "https://www.theverge.com/rss/index.xml", "title": "Livestreaming has gotten big, but is it business?", "description": "<figure>\n      <img alt=\"Two explorers check a map for treasure in the world of livestreaming\" src=\"https://cdn.vox-cdn.com/thumbor/oCxEN1iuuDfqlioHsr_F25v4K2g=/0x0:2040x1360/1310x873/cdn.vox-cdn.com/uploads/chorus_image/image/71740852/226411_J_Sitter_next_frontier_site.0.jpg\" />\n        <figcaption>Illustration by Jarett Sitter / The Verge</figcaption>\n    </figure>\n\n  <p id=\"DeZw6g\">It\u2019s here: the final episode of <em>The Vergecast</em>\u2019s three-part Creator Economies series. We\u2019ve explored emerging elements of the business of being a creator. We dug deep into <a href=\"https://www.theverge.com/23494240/tiktok-snapchat-creator-funds-podcast-vergecast\">creator funds</a> and how giant pools of platform money change the way those platforms operate. We dove headlong into the <a href=\"https://www.theverge.com/23475447/digital-creators-avatars-diigitals-social-media-podcast-vergecast\">animated creators of the future</a>. We also look into livestreaming and why everything from shopping to sleeping is suddenly big livestream business.</p>\n<p id=\"l5omqv\">This week, <em>The Verge\u2019s</em> David Pierce is joined by producer Hadley Robinson to explore that wild world of livestreaming. From the early days of webcams, livestreaming was popular with people who spent all their time online, but it never seemed to catch mainstream audiences. Now, at any given moment, you can find...</p>\n  <p>\n    <a href=\"https://www.theverge.com/23505359/livestreaming-popular-big-business-vergecast\">Continue reading&hellip;</a>\n  </p>", "link": "https://www.theverge.com/23505359/livestreaming-popular-big-business-vergecast", "date_published": "2022-12-12 18:03:28+00:00", "persistent": false, "user": null, "language": "en-US"}, {"source": "https://www.theverge.com/rss/index.xml", "title": "How Did This Get Made? renews deal with SiriusXM", "description": "<figure>\n      <img alt=\"\" src=\"https://cdn.vox-cdn.com/thumbor/BAH8br6Tm78vHzy3uMaOLDO7I5A=/129x0:1071x628/1310x873/cdn.vox-cdn.com/uploads/chorus_image/image/71740842/EAR_BANNER_HowDidThisGetMade_A_Facebook_1200x628.0.jpg\" />\n        <figcaption>SiriusXM</figcaption>\n    </figure>\n\n  <p id=\"ePmfMl\">The hit comedy podcast <em>How Did This Get Made? </em>is sticking with Earwolf. Paul Scheer, June Diane Raphael, and Jason Mantzoukas, who host the show about terrible movies, have signed a multiyear deal to remain with the SiriusXM-owned podcast studio. SiriusXM spokesperson Ron Gaskill said the deal will keep most of the show\u2019s archive behind Stitcher Premium\u2019s paywall.</p>\n<p id=\"4GUHme\">The critically beloved show, which dives into the world of terrible / amazing movies like <em>Cats</em> and <em>Moonfall</em>, has been under the Earwolf umbrella since it launched in 2010. \u201cTwelve years ago, Earwolf believed in us before anyone even knew what a podcast was, and so we are thrilled to continue our relationship with them,\u201d the hosts said in a joint statement. The deal also...</p>\n  <p>\n    <a href=\"https://www.theverge.com/2022/12/12/23505694/how-did-this-get-made-renewed-stitcher-siriusxm-office-ladies\">Continue reading&hellip;</a>\n  </p>", "link": "https://www.theverge.com/2022/12/12/23505694/how-did-this-get-made-renewed-stitcher-siriusxm-office-ladies", "date_published": "2022-12-12 18:00:48+00:00", "persistent": false, "user": null, "language": "en-US"}, {"source": "https://www.theverge.com/rss/index.xml", "title": "Bring back the Surface Book", "description": "<figure>\n      <img alt=\"The Surface Book 3\u2019s screen disconnected from the keyboard.\" src=\"https://cdn.vox-cdn.com/thumbor/CT2UUy_wp4womRjPlSkbGgmUuvc=/0x0:2040x1360/1310x873/cdn.vox-cdn.com/uploads/chorus_image/image/71740814/dbohn_200516_4026_0009.0.jpg\" />\n        <figcaption>Photo by Dieter Bohn / The Verge</figcaption>\n    </figure>\n\n  <p id=\"yd8jv9\">Yes, it was too expensive. Yes, it looked dated and clunky. Yes, there were weird things going on with the hinge. But the world needed it. Please, Microsoft, bring back the Surface Book. </p>\n<p id=\"NUBYje\">I\u2019ve been using a <a href=\"https://www.theverge.com/2017/11/16/16658466/microsoft-surface-book-2-review\">Surface Book 2</a> as my primary personal laptop since 2018. When I was shopping for a computer back then, I had a particular constellation of needs that I was finding it very difficult to fill. I wanted a convertible device to watch TV and read piano music. (You laugh, but balancing a full-sized laptop atop an electric piano is a task I would not advise anyone here to attempt. Ask me how I know.) I wanted something that wasn\u2019t too heavy because I am whatever the opposite of buff is. I also wanted to play games \u2014 not daily, but every so...</p>\n  <p>\n    <a href=\"https://www.theverge.com/23490503/microsoft-surface-book-laptop-detachable-convertible\">Continue reading&hellip;</a>\n  </p>", "link": "https://www.theverge.com/23490503/microsoft-surface-book-laptop-detachable-convertible", "date_published": "2022-12-12 17:57:50+00:00", "persistent": false, "user": null, "language": "en-US"}, {"source": "https://www.theverge.com/rss/index.xml", "title": "The Witcher 3\u2019s next-gen update makes a beautiful game much smoother", "description": "<figure>\n      <img alt=\"A screenshot of The Witcher 3 running on the PS5.\" src=\"https://cdn.vox-cdn.com/thumbor/66IMmI0eKrXW7InYQJ39g2CBKEo=/600x0:3840x2160/1310x873/cdn.vox-cdn.com/uploads/chorus_image/image/71740800/FjyvHuNXgAMzQ96.0.jpg\" />\n        <figcaption><em>The Witcher 3 running on the PS5.</em> | Image: CD Projekt Red</figcaption>\n    </figure>\n\n  <p id=\"RxWQj9\"><em>The Witcher 3: Wild Hunt</em> has always been a beautiful game. One of my favorite things to do <a href=\"https://www.theverge.com/2015/5/12/8586515/witcher-3-wild-hunt-review-ps4-xbox-one-game\">when I played for the first time in 2015</a> was just wander around on horseback soaking in the incredible atmosphere, from the crumbling ancient ruins to the bustling towns. Seven years later and I found myself awed once again while playing it on the PlayStation 5.</p>\n<p id=\"My8bsG\">A free next-gen patch for <em>The Witcher 3</em> <a href=\"https://www.theverge.com/2022/11/14/23457988/witcher-3-ps5-xbox-series-x-s-upgrade-ray-tracing-release-date\">launches on December 14th</a>, giving the aging open-world a boost if you\u2019re playing on a PS5, Xbox Series X/S, or high-end PC. I\u2019ve managed to play through the first few hours of the new version \u2014 for those who\u2019ve already played, I\u2019m right in the thick of the haunting \u201cBloody Baron\u201d quest \u2014 and while it\u2019s still fundamentally the same game, some of the...</p>\n  <p>\n    <a href=\"https://www.theverge.com/2022/12/12/23505545/the-witcher-3-next-gen-update-ps5-xbox-pc-hands-on\">Continue reading&hellip;</a>\n  </p>", "link": "https://www.theverge.com/2022/12/12/23505545/the-witcher-3-next-gen-update-ps5-xbox-pc-hands-on", "date_published": "2022-12-12 17:55:20+00:00", "persistent": false, "user": null, "language": "en-US"}, {"source": "https://www.theverge.com/rss/index.xml", "title": "Apple\u2019s latest AirPods Pro are back down to $199", "description": "<figure>\n      <img alt=\"The second-gen AirPods Pro resting on a reflective surface in front of their case.\" src=\"https://cdn.vox-cdn.com/thumbor/sx-ROHAxycmZjL9E7oXg1sxXuJQ=/0x0:2040x1360/1310x873/cdn.vox-cdn.com/uploads/chorus_image/image/71740580/airpodsmirror.0.jpg\" />\n        <figcaption><em>The second-gen AirPods Pro look just like the originals, but there are improvements within.</em> | Photo by Chris Welch / The Verge</figcaption>\n    </figure>\n\n  <p id=\"rydelh\">The <a href=\"https://www.theverge.com/23365910/apple-airpods-pro-second-generation-review\"><strong>second-generation AirPods Pro</strong></a> earbuds have returned to their lowest price, first seen during Black Friday and Cyber Monday. You can get the latest top-tier wireless earbuds from Apple <a href=\"https://www.jdoqocy.com/click-8836598-14066852?sid=verge121222&amp;url=https%3A%2F%2Fwww.verizon.com%2Fproducts%2Fapple-airpods-pro-2nd-generation%2F%3Fsku%3Dsku5600070\" rel=\"sponsored nofollow noopener\" target=\"_blank\">on sale for $199.99 at Verizon</a> (normally $249.99). That $50 savings is as good as it gets on these earbuds, which significantly improve on the noise cancellation of the previous model and now support a handy new volume control \u2014 allowing you to slide your finger on the stem to easily increase or decrease the volume.</p>\n<p id=\"QPDXYE\">The pricier <a href=\"https://www.theverge.com/23353777/bose-quietcomfort-earbuds-2-review\">Bose QuietComfort Earbuds II</a> may have better noise cancellation prowess, but those $300 earbuds are much pricier than this sale price on the second-gen AirPods Pro. Plus, if you use Apple devices, you get a much tighter software...</p>\n  <p>\n    <a href=\"https://www.theverge.com/2022/12/12/23505423/apple-airpods-pro-earbuds-oneplus-10-beats-fit-studio-deal-sale\">Continue reading&hellip;</a>\n  </p>", "link": "https://www.theverge.com/2022/12/12/23505423/apple-airpods-pro-earbuds-oneplus-10-beats-fit-studio-deal-sale", "date_published": "2022-12-12 17:08:25+00:00", "persistent": false, "user": null, "language": "en-US"}, {"source": "https://www.theverge.com/rss/index.xml", "title": "A \u2018scientific breakthrough\u2019 in nuclear fusion? How to watch the announcement tomorrow", "description": "<figure>\n      <img alt=\"View of Inactivated Nova Laser, metal mechanical equipment.\" src=\"https://cdn.vox-cdn.com/thumbor/3FYyVK_czvz_mGJ2I76jTeKnNSU=/0x18:3818x2563/1310x873/cdn.vox-cdn.com/uploads/chorus_image/image/71740538/635239987.0.jpg\" />\n        <figcaption><em>The high-powered Nova Laser before it creates nuclear fusion inside its target chamber at the Lawrence Livermore National Laboratory in 1986. </em> | Photo by Roger Ressmeyer/Corbis/VCG via Getty Images</figcaption>\n    </figure>\n\n  <p id=\"2ob9Vq\">A \u201cscientific breakthrough\u201d in the development of fusion energy is expected tomorrow from the Biden administration. For<strong> </strong>more than half a century,<strong> </strong>people have poured billions of dollars into nuclear fusion research, hoping to create a source of abundant, clean energy.  </p>\n<p id=\"pScAa7\">The rough idea is this: if we develop technology that can replicate<strong> </strong>the way the sun generates energy in a controlled way, we could power the world with energy that\u2019s free of greenhouse gas emissions and long-lived radioactive waste. But scientists have been <a href=\"https://www.theverge.com/2013/10/8/4816726/national-fusion-project-passes-new-milestone\">unable to trigger a fusion reaction that results in a net energy gain</a>. Turns out, it takes a lot of heat energy to force atomic nuclei to \u201cfuse\u201d together.</p>\n<div class=\"c-float-left c-float-hang\"><aside id=\"cYWsEi\"><q>People have poured billions of dollars into nuclear fusion...</q></aside></div>\n  <p>\n    <a href=\"https://www.theverge.com/2022/12/12/23505416/nuclear-fusion-scientific-breakthrough-how-to-watch-announcement-biden\">Continue reading&hellip;</a>\n  </p>", "link": "https://www.theverge.com/2022/12/12/23505416/nuclear-fusion-scientific-breakthrough-how-to-watch-announcement-biden", "date_published": "2022-12-12 17:00:53+00:00", "persistent": false, "user": null, "language": "en-US"}, {"source": "https://www.theverge.com/rss/index.xml", "title": "MrBeast is joining Fortnite with his own skins and a $1 million challenge", "description": "<figure>\n      <img alt=\"An illustration of MrBeast in Fortnite.\" src=\"https://cdn.vox-cdn.com/thumbor/JF5Of4kcpp68n7fjkNlDkWiXGvE=/0x110:1455x1080/1310x873/cdn.vox-cdn.com/uploads/chorus_image/image/71740531/MrBeast_Key_Art__2_.0.jpg\" />\n        <figcaption><em>MrBeast in </em>Fortnite<em>.</em> | Image: Epic Games</figcaption>\n    </figure>\n\n  <p id=\"erXv3b\">MrBeast, who recently became <a href=\"https://9to5google.com/2022/11/15/mrbeast-youtube-subscribers-record/\">the most-subscribed-to creator on YouTube</a>, is the next person to join <em>Fortnite\u2019s </em>Icon Series. The creator made <a href=\"https://twitter.com/thegameawards/status/1599158837675978752\">a brief appearance</a> in a trailer for <em>Fortnite\u2019s</em> newest season, and Epic Games is now confirming that not only will MrBeast be getting his own <em>Fortnite</em> skins, but also a MrBeast-themed in-game competition with a $1 million prize.</p>\n<p id=\"Rla1JT\">If you\u2019ve watched any of MrBeast\u2019s outrageous challenges <a href=\"https://www.youtube.com/user/mrbeast6000\">on his YouTube channel</a> (recent examples: <a href=\"https://youtu.be/kX3nB4PpJko\">\u201cLast To Take Hand Off Jet, Keeps It!\u201d</a> or <a href=\"https://youtu.be/gHzuabZUd6c\">\u201cSurvive 100 Days In Circle, Win $500,000\u201d</a>), then you might not be surprised that the in-game event is called an \u201cextreme survival challenge.\u201d Players will have to try and get the highest score they can on a custom-built island and the...</p>\n  <p>\n    <a href=\"https://www.theverge.com/2022/12/12/23502483/mrbeast-fortnite-skin-1-million-survival-challenge-icon\">Continue reading&hellip;</a>\n  </p>", "link": "https://www.theverge.com/2022/12/12/23502483/mrbeast-fortnite-skin-1-million-survival-challenge-icon", "date_published": "2022-12-12 17:00:00+00:00", "persistent": false, "user": null, "language": "en-US"}, {"source": "https://www.theverge.com/rss/index.xml", "title": "Seeing other people\u2019s AI art is like hearing other people\u2019s dreams", "description": "<figure>\n      <img alt=\"A sleeping man with a thought bubble that reads DREAAM\" src=\"https://cdn.vox-cdn.com/thumbor/UXvt1QYd0PEP5K9Zpl7deLaRnLo=/0x341:1024x1024/1310x873/cdn.vox-cdn.com/uploads/chorus_image/image/71740379/DALL_E_2022_12_12_10.59.39___A_dream_that_is_fun_to_experience_but_boring_to_tell_other_people_about.0.png\" />\n        <figcaption><em>A DALL-E depiction of \u201ca dream that is fun to experience but boring to tell other people about.\u201d</em> | Image: DALL-E</figcaption>\n    </figure>\n\n  <p id=\"ZK7Bv0\">If you\u2019ve been on Twitter (or Discord or plenty of other places) this month and your feed is anything like mine, it\u2019s currently full of weird machine-generated text and art. The launch of ChatGPT, Lensa, and other tools has made a once difficult-to-access tool ubiquitous, and the result is an explosion of people posting their interactions with artificial intelligence.</p>\n<p id=\"GzOLEI\">I love these tools, and I\u2019ve been playing with them for a while now \u2014 at least since the release of <a href=\"https://www.theverge.com/tldr/2019/12/6/20998993/ai-dungeon-2-choose-your-own-adventure-game-text-nick-walton-gpt-machine-learning\"><em>AI Dungeon 2</em></a> in 2019. But over the years, I\u2019ve realized there\u2019s a huge gap between the way I experience work I generate and work created by someone else. The closest way I can describe it is this: seeing somebody else\u2019s AI art is like hearing the plot of someone else\u2019s dream....</p>\n  <p>\n    <a href=\"https://www.theverge.com/23501694/ai-art-chatgpt-dalle-image-text-generation-boring\">Continue reading&hellip;</a>\n  </p>", "link": "https://www.theverge.com/23501694/ai-art-chatgpt-dalle-image-text-generation-boring", "date_published": "2022-12-12 16:31:17+00:00", "persistent": false, "user": null, "language": "en-US"}, {"source": "https://www.theverge.com/rss/index.xml", "title": "Meta shuts down its Connectivity division after nearly a decade", "description": "<figure>\n      <img alt=\"An image showing the Facebook logo surrounded by blue circles\" src=\"https://cdn.vox-cdn.com/thumbor/QdMm7e8MpGvO_S7RydAiwPuFD8U=/0x0:2040x1360/1310x873/cdn.vox-cdn.com/uploads/chorus_image/image/71740342/STK040_VRG_Illo_N_Barclay_1_facebook.0.jpg\" />\n        <figcaption>Nick Barclay / The Verge</figcaption>\n    </figure>\n\n  <p id=\"RzxoIK\">Meta\u2019s shuttering its Connectivity arm almost 10 years after launching the initiative, <a href=\"https://www.lightreading.com/big-tech/meta-kills-facebook-connectivity/d/d-id/782257\">according to a report from <em>Light Reading</em></a>. The company confirmed to both <em>Light Reading</em> and <a href=\"https://www.fiercewireless.com/tech/meta-connectivity-gets-axed\"><em>Fierce</em> <em>Wireless</em></a> that it will instead split the division across its Infrastructure and Central Products teams.</p>\n<p id=\"8Gvi7I\">Meta Connectivity (formerly Facebook Connectivity) launched in 2013 with the goal of getting more people online so they could use the company\u2019s social networks. Through the initiative, the <a href=\"https://www.theverge.com/a/mark-zuckerberg-future-of-facebook/aquila-drone-internet\">company developed</a> and then <a href=\"https://www.theverge.com/2018/6/26/17507826/facebook-aquila-internet-drone-project-shut-down\">shut down a project</a> that involved autonomous, high-flying drones beaming the internet to underserved parts of the world. It also worked on creating a Starlink-like internet system using low Earth orbit satellites, but the staff developing it <a href=\"https://www.theverge.com/2021/7/14/22576788/amazon-acquires-facebook-satellite-team-project-kuiper\">w...</a></p>\n  <p>\n    <a href=\"https://www.theverge.com/2022/12/12/23505353/meta-connectivity-shutdown-facebook-internet\">Continue reading&hellip;</a>\n  </p>", "link": "https://www.theverge.com/2022/12/12/23505353/meta-connectivity-shutdown-facebook-internet", "date_published": "2022-12-12 16:21:51+00:00", "persistent": false, "user": null, "language": "en-US"}, {"source": "https://www.theverge.com/rss/index.xml", "title": "Elon Musk booed at Dave Chappelle show, claims it was only like \u201810 percent boos\u2019", "description": "<figure>\n      <img alt=\"Image of Elon Musk with red flourishes in the background.\" src=\"https://cdn.vox-cdn.com/thumbor/VvrozO0osXyN7FQMAi9EWPth3J0=/0x0:2040x1360/1310x873/cdn.vox-cdn.com/uploads/chorus_image/image/71740330/VRG_Illo_STK022_K_Radtke_Musk_Bolts.0.jpg\" />\n        <figcaption>Kristen Radtke / The Verge; Getty Images</figcaption>\n    </figure>\n\n  <p id=\"k0mmUi\">Elon Musk took a brief break from running <a href=\"https://www.theverge.com/2022/11/30/23484694/spacex-age-discrimination-complaint-former-employee\">multiple</a> <a href=\"https://www.theverge.com/2022/12/6/23496043/neuralink-animal-welfare-federal-probe-department-of-agriculture\">companies</a> <a href=\"https://www.theverge.com/twitter\">mired in drama</a> to create a little more drama by appearing onstage with Dave Chappelle during his show Sunday night at the Chase Center in San Francisco.</p>\n<p id=\"Ot1iGV\">During Chappelle\u2019s set, the controversial comedian introduced the controversial billionaire, who came onstage to confused applause and booing. Musk proceeded to bomb harder <a href=\"https://www.theverge.com/2021/5/8/22421873/elon-musk-snl-jokes-thud-why\">than the time he appeared on SNL</a>.</p>\n<p id=\"zjGSxD\"><a href=\"https://gizmodo.com/elon-musk-booed-stadium-crowd-dave-chappelle-sf-boo-1849881192\">Videos of his appearance immediately appeared on Twitter</a>. One video, filmed by Twitter user CleoPat48937885, contains the majority of Musk\u2019s appearance and quickly went viral. That Twitter account has since disappeared, with some Twitter users accusing Twitter and Musk of censorship. We\u2019ve reached out to Twitter for comment.</p>\n...\n  <p>\n    <a href=\"https://www.theverge.com/2022/12/12/23505354/elon-musk-dave-chappelle-booed-san-francisco-twitter\">Continue reading&hellip;</a>\n  </p>", "link": "https://www.theverge.com/2022/12/12/23505354/elon-musk-dave-chappelle-booed-san-francisco-twitter", "date_published": "2022-12-12 16:18:50+00:00", "persistent": false, "user": null, "language": "en-US"}, {"source": "https://www.theverge.com/rss/index.xml", "title": "Dough\u2019s next gaming monitor is a 27-inch OLED", "description": "<figure>\n      <img alt=\"The Dough Spectrum OLED\" src=\"https://cdn.vox-cdn.com/thumbor/22hFQcVCCr0-Xc9A-krf2lfEe0Q=/0x0:2800x1867/1310x873/cdn.vox-cdn.com/uploads/chorus_image/image/71740190/dough_oled.0.jpg\" />\n        <figcaption>Image: Dough</figcaption>\n    </figure>\n\n  <p id=\"2ujAuH\">Knead a high-refresh-rate gaming monitor with the deep colors and incredible response time of OLED? <a href=\"https://www.theverge.com/2022/7/23/23274889/eve-dough-name-change-spectrum-monitor-eve-v-tablet\">Dough</a> is rising to the occasion. Today, it\u2019s announcing <a href=\"https://www.dough.tech/pages/spectrum-glossy-oled-qhd-240hz-monitor\">the Dough Spectrum OLED</a>, a 27-inch screen that attempts to beat LG at its very own game. </p>\n<p id=\"jpKuxz\">You see, today \u2014 December 12th \u2014 is the day that LG is opening preorders for its <a href=\"https://www.theverge.com/2022/11/21/23471064/lg-oled-gaming-monitor-27-inch-qhd-1440p-price-features\">new $999 LG UltraGear 27GR95QE-B</a>, a 27-inch OLED monitor at 240Hz and 2560 x 1440 resolution shipping this January. But Dough is promising to put the very same LG panel into a <em>glossy </em>monitor with more desirable features \u2014 as long as you\u2019re willing to wait until July and trust a company <a href=\"https://www.theverge.com/2022/7/23/23274889/eve-dough-name-change-spectrum-monitor-eve-v-tablet\">with a spotty track record</a>. </p>\n<div class=\"c-float-left c-float-hang\"><aside id=\"Tsurwm\"><div></div></aside></div>\n<p id=\"PO5pmj\">Where LG\u2019s monitor only offers a pair of unspecified HDMI ports, a DisplayPort, and a two-port USB 3.0...</p>\n  <p>\n    <a href=\"https://www.theverge.com/23504925/dough-spectrum-oled-es07e2d-gaming-monitor-lg-27-240hz-price-release-date\">Continue reading&hellip;</a>\n  </p>", "link": "https://www.theverge.com/23504925/dough-spectrum-oled-es07e2d-gaming-monitor-lg-27-240hz-price-release-date", "date_published": "2022-12-12 16:00:00+00:00", "persistent": false, "user": null, "language": "en-US"}, {"source": "https://www.theverge.com/rss/index.xml", "title": "How to watch the FTX collapse hearings in Congress this week", "description": "<figure>\n      <img alt=\"House Financial Services Committee Examines Digital Assets\" src=\"https://cdn.vox-cdn.com/thumbor/UxWHePYmZ9UmGUry1XfTdE9kivc=/0x2:8192x5463/1310x873/cdn.vox-cdn.com/uploads/chorus_image/image/71739785/1357912811.0.jpg\" />\n        <figcaption>Photo by Alex Wong / Getty Images</figcaption>\n    </figure>\n\n  <p id=\"4gYSQF\">Nearly a month after FTX\u2019s public implosion, founder and former CEO Sam Bankman-Fried is <a href=\"https://www.theverge.com/2022/12/9/23500793/ftx-sbf-sam-bankman-fried-collapse-alameda-research-house-committee-hearing\">expected to testify before Congress </a>about his company\u2019s bankruptcy this week. </p>\n<p id=\"MHViLa\">Bankman-Fried is set to testify on Tuesday before the House Financial Services Committee alongside FTX\u2019s current chief executive John J. Ray III. It will be the first of two congressional hearings investigating the collapse this week.</p>\n<div id=\"fZYLO3\">\n<blockquote class=\"twitter-tweet\">\n<p dir=\"ltr\" lang=\"en\">1) I still do not have access to much of my data -- professional or personal.  So there is a limit to what I will be able to say, and I won't be as helpful as I'd like.<br /><br />But as the committee still thinks it would be useful, I am willing to testify on the 13th. <a href=\"https://t.co/KR34BsNaG1\">https://t.co/KR34BsNaG1</a></p>\u2014 SBF (@SBF_FTX) <a href=\"https://twitter.com/SBF_FTX/status/1601186246990401537?ref_src=twsrc%5Etfw\">December 9, 2022</a>\n</blockquote>\n\n</div>\n<h2 id=\"qFSMtK\"><strong>Where can I watch the...</strong></h2>\n  <p>\n    <a href=\"https://www.theverge.com/2022/12/12/23505300/ftx-hearings-congress-live-stream-how-to-start-time-sam-bankman-fried\">Continue reading&hellip;</a>\n  </p>", "link": "https://www.theverge.com/2022/12/12/23505300/ftx-hearings-congress-live-stream-how-to-start-time-sam-bankman-fried", "date_published": "2022-12-12 14:42:59+00:00", "persistent": false, "user": null, "language": "en-US"}, {"source": "https://www.theverge.com/rss/index.xml", "title": "Matter finally arrives on devices you can actually use", "description": "<figure>\n      <img alt=\"A white motion sensor on a shelf in a kitchen.\" src=\"https://cdn.vox-cdn.com/thumbor/fjF71e9fii9JWcTf8lFbS_y7pdU=/0x0:2040x1360/1310x873/cdn.vox-cdn.com/uploads/chorus_image/image/71739733/jtuohy_220801_226099_0002.0.jpg\" />\n        <figcaption><em>The Eve Motion sensor is one of the first smart home devices that will work with Matter.</em> | Photo by Jennifer Pattison Tuohy / The Verge</figcaption>\n    </figure>\n\n  <p id=\"99NpH8\">Christmas has come a little early for the smart home: the first Matter-compatible devices are finally here. Starting today, December 12th, <a href=\"https://www.theverge.com/2022/11/3/23436162/matter-support-eve-smart-plug-and-motion-sensor\">Eve Systems is beginning the roll-out of a firmware update</a> to its Thread-enabled <a href=\"https://www.amazon.com/stores/Eve/Energy/page/6E31313D-15CD-4FE8-BAA7-DD9760716E10\">Eve Energy smart plug</a>, <a href=\"https://www.amazon.com/Eve-Door-Window-Automatically-Notifications/dp/B08BDM47S2?tag=theverge02-20\" rel=\"sponsored nofollow noopener\" target=\"_blank\">Eve Door &amp; Window contact sensor</a>, and <a href=\"https://www.theverge.com/23291203/eve-motion-sensor-review-thread-homekit-matter\">Eve Motion motion sensor</a> to upgrade them to Matter. </p>\n<p id=\"YlI8xX\"><a href=\"https://www.theverge.com/22832127/matter-smart-home-products-thread-wifi-explainer\">Matter is a new smart home standard</a> that will allow devices such as smart plugs, light bulbs, and door locks to work with any platform you choose. Up until now, Eve\u2019s devices have only been compatible with Apple Home. With this update, they\u2019ll work with the Samsung SmartThings ecosystem, as well as Google Home and Amazon Alexa (once those platforms roll out their Matter updates). </p>\n<div class=\"c-float-left c-float-hang\"><aside id=\"C08mie\"><div></div></aside></div>\n<p id=\"E2xqUu\"><a href=\"https://www.theverge.com/2022/10/4/23386883/matter-smart-home-standard-apple-google-launch\">While Matter officially...</a></p>\n  <p>\n    <a href=\"https://www.theverge.com/2022/12/12/23505097/matter-eve-firmware-update-available-now\">Continue reading&hellip;</a>\n  </p>", "link": "https://www.theverge.com/2022/12/12/23505097/matter-eve-firmware-update-available-now", "date_published": "2022-12-12 14:30:00+00:00", "persistent": false, "user": null, "language": "en-US"}, {"source": "https://www.theverge.com/rss/index.xml", "title": "AMD Radeon RX 7900 XT / XTX review: 4K performance for less", "description": "<p>AMD\u2019s top RDNA 3 GPU manages to beat the RTX 4080 in many games at a $200 lower price. But ray-tracing performance is far behind Nvidia.</p>\n  <p>\n    <a href=\"https://www.theverge.com/23499697/amd-radeon-rx-7900-xt-xtx-review-benchmarks-price\">Continue reading&hellip;</a>\n  </p>", "link": "https://www.theverge.com/23499697/amd-radeon-rx-7900-xt-xtx-review-benchmarks-price", "date_published": "2022-12-12 14:00:00+00:00", "persistent": false, "user": null, "language": "en-US"}, {"source": "https://www.theverge.com/rss/index.xml", "title": "Xiaomi makes the jump to Qualcomm\u2019s new flagship Snapdragon 8 Gen 2 processor", "description": "<figure>\n      <img alt=\"Xiaomi 13 Pro from the rear.\" src=\"https://cdn.vox-cdn.com/thumbor/uGMu_VOytiLfKogZoXfLgO-s05U=/0x0:2001x1334/1310x873/cdn.vox-cdn.com/uploads/chorus_image/image/71739368/5911.0.jpg\" />\n        <figcaption><em>The Xiaomi 13 Pro features three 50 megapixel cameras.</em> | Image: Xiaomi</figcaption>\n    </figure>\n\n  <p id=\"aGYueN\">Vivo may have been the <a href=\"https://www.theverge.com/2022/11/22/23473530/vivo-x90-qualcomm-snapdragon-8-gen-2\">first manufacturer to announce new smartphones</a> with Qualcomm\u2019s latest <a href=\"https://www.theverge.com/2022/11/15/23458241/qualcomm-snapdragon-8-gen-2-chipset-processor-x70-5g-dynamic-spatial-audio\">Snapdragon 8 Gen 2</a> processor, but Xiaomi isn\u2019t far behind with the <a href=\"https://go.redirectingat.com?id=66960X1514734&amp;xs=1&amp;url=https%3A%2F%2Fwww.mi.com%2Fxiaomi-13&amp;referrer=theverge.com&amp;sref=https%3A%2F%2Fwww.theverge.com%2F2022%2F12%2F12%2F23505126%2Fxiaomi-13-pro-price-release-date-features-1-inch-type-camera-120-wired-charging\" rel=\"sponsored nofollow noopener\" target=\"_blank\">Xiaomi 13</a> and <a href=\"https://go.redirectingat.com?id=66960X1514734&amp;xs=1&amp;url=https%3A%2F%2Fwww.mi.com%2Fxiaomi-13-pro&amp;referrer=theverge.com&amp;sref=https%3A%2F%2Fwww.theverge.com%2F2022%2F12%2F12%2F23505126%2Fxiaomi-13-pro-price-release-date-features-1-inch-type-camera-120-wired-charging\" rel=\"sponsored nofollow noopener\" target=\"_blank\">13 Pro</a>. Both include Qualcomm\u2019s new flagship processor, but only the 13 Pro gets top features like a large 1-inch-type camera sensor and support for 120W wired charging.</p>\n<p id=\"JZHbZQ\">Among the more functional differences between the two phones are their cameras. The Xiaomi 13 Pro features a total of three 50-megapixel rear cameras. The main camera uses the same 1-inch-type Sony IMX989 sensor found in the <a href=\"https://www.theverge.com/23278136/xiaomi-12s-ultra-camera-leica-versus-pixel-6-pro-galaxy-s22-iphone-13-max\">Xiaomi 12S Ultra</a>, and its joined by a 50-megapixel telephoto, and a 50-megapixel ultrawide with support for macro photographs taken from as little as 5cm away. Meanwhile, the...</p>\n  <p>\n    <a href=\"https://www.theverge.com/2022/12/12/23505126/xiaomi-13-pro-price-release-date-features-1-inch-type-camera-120-wired-charging\">Continue reading&hellip;</a>\n  </p>", "link": "https://www.theverge.com/2022/12/12/23505126/xiaomi-13-pro-price-release-date-features-1-inch-type-camera-120-wired-charging", "date_published": "2022-12-12 12:41:27+00:00", "persistent": false, "user": null, "language": "en-US"}, {"source": "https://www.theverge.com/rss/index.xml", "title": "Xbox boss: Sony wants to \u2018grow by making Xbox smaller\u2019", "description": "<figure>\n      <img alt=\"Phil Spencer smiles at the camera.\" src=\"https://cdn.vox-cdn.com/thumbor/j8UNxxIwtf75ZdhJY5DOMCBDjqk=/0x0:2040x1360/1310x873/cdn.vox-cdn.com/uploads/chorus_image/image/71739096/226407_Decoder_Phil_Spencer_CEO_Microsoft_Gaming_WJoel.0.jpg\" />\n        <figcaption>Photo illustration by William Joel / The Verge.</figcaption>\n    </figure>\n\n  <p id=\"kEh6Rw\">Xbox chief and Microsoft Gaming CEO Phil Spencer says Sony\u2019s opposition to the Activision Blizzard deal comes down to the PlayStation maker wanting \u201cto protect its dominance\u201d in consoles. \u201cThe way they grow is by making Xbox smaller,\u201d said Spencer in a recent <a href=\"https://podcasts.google.com/feed/aHR0cHM6Ly9yc3MuYXJ0MTkuY29tL3NlY29uZC1yZXF1ZXN0/episode/Z2lkOi8vYXJ0MTktZXBpc29kZS1sb2NhdG9yL1YwL0NQX1FlNWI3MWNlaURaMDMxWjdEblBlRk9ESzZkMTFwOU9BUDRWVGVjeEU\">Second Request podcast</a> (Via <a href=\"https://www.eurogamer.net/xbox-boss-phil-spencer-says-sony-wants-to-grow-by-making-xbox-smaller\"><em>Eurogamer</em></a>).</p>\n<p id=\"6HLkan\">Sony has been opposed to <a href=\"https://www.theverge.com/2022/1/18/22889258/microsoft-activision-blizzard-xbox-acquisition-call-of-duty-overwatch\">Microsoft\u2019s $68.7 billion deal</a> to acquire Activision Blizzard, and has <a href=\"https://www.theverge.com/2022/10/12/23400986/microsoft-activision-blizzard-cma-uk-response-regulator\">focused on the future of <em>Call of Duty</em></a><em> </em>in filings with regulators. \u201cSony is leading the dialogue around why the deal shouldn\u2019t go through to protect its dominant position on console, so the thing they grab onto is <em>Call of Duty,\u201d </em>says Spencer. \u201cThe largest console maker in the world raising an objection about the one franchise that we\u2019ve said will...</p>\n  <p>\n    <a href=\"https://www.theverge.com/2022/12/12/23505078/xbox-phil-spencer-sony-growth-comments-activision-blizzard\">Continue reading&hellip;</a>\n  </p>", "link": "https://www.theverge.com/2022/12/12/23505078/xbox-phil-spencer-sony-growth-comments-activision-blizzard", "date_published": "2022-12-12 10:18:04+00:00", "persistent": false, "user": null, "language": "en-US"}, {"source": "https://www.theverge.com/rss/index.xml", "title": "WhatsApp\u2019s \u2018View Once\u2019 feature might expand to include text messages", "description": "<figure>\n      <img alt=\"A photo of an iPhone running WhatsApp.\" src=\"https://cdn.vox-cdn.com/thumbor/Bm85kSrqsTXGuoTJeTxDmX-cjcQ=/6x0:1086x720/1310x873/cdn.vox-cdn.com/uploads/chorus_image/image/71739092/verge-whatsapp-notification-2040pxl.0.0.jpg\" />\n        <figcaption>Photo by Thomas Ricker / The Verge</figcaption>\n    </figure>\n\n  <p id=\"Q8NMH6\">WhatsApp\u2019s \u201cView Once\u201d feature, which currently lets you send photos and videos that disappear after the recipient has viewed them, may soon also support standard text-based messages. <a href=\"https://wabetainfo.com/whatsapp-beta-for-android-2-22-25-20-whats-new/\"><em>WABetaInfo </em>reports</a> that it found evidence of the in-development feature in the latest beta version of WhatsApp\u2019s Android app, which might one day let users send messages that are only viewable once before disappearing into the ether. </p>\n<p id=\"30N9jb\">Much like the current \u201cView Once\u201d feature, the new functionality could one day be useful for sending sensitive information that you don\u2019t want a recipient to have ongoing access to, like a password or credit card details. In fact, when WhatsApp <a href=\"https://www.theverge.com/2021/8/3/22608419/whatsapp-view-once-dissapearing-media-launch-testing-sensitive-info\">announced the launch of View Once for photos and videos</a>, it used the example of...</p>\n  <p>\n    <a href=\"https://www.theverge.com/2022/12/12/23505082/whatsapp-view-once-text-messages-in-development-feature-unreleased\">Continue reading&hellip;</a>\n  </p>", "link": "https://www.theverge.com/2022/12/12/23505082/whatsapp-view-once-text-messages-in-development-feature-unreleased", "date_published": "2022-12-12 10:16:27+00:00", "persistent": false, "user": null, "language": "en-US"}, {"source": "https://www.theverge.com/rss/index.xml", "title": "Monday\u2019s top tech news: (Twitter) Blue Monday", "description": "<figure>\n      <img alt=\"Elon Musk, with a background of Twitter badges\" src=\"https://cdn.vox-cdn.com/thumbor/_1obVdTjtW7dD8GkzUbtD3WCB6g=/0x0:2040x1360/1310x873/cdn.vox-cdn.com/uploads/chorus_image/image/71739048/VRG_Illo_STK022_K_Radtke_Musk_Verified.0.jpg\" />\n        <figcaption>Illustration by Kristen Radtke / The Verge; Photo: Getty Images</figcaption>\n    </figure>\n\n  <p>Plus, Orion splashes back down to earth and Returnal\u2019s PC RAM requirements are surprisingly high.</p>\n  <p>\n    <a href=\"https://www.theverge.com/2022/12/12/23505063/december-12-2022-tech-news-liveblog\">Continue reading&hellip;</a>\n  </p>", "link": "https://www.theverge.com/2022/12/12/23505063/december-12-2022-tech-news-liveblog", "date_published": "2022-12-12 09:10:37+00:00", "persistent": false, "user": null, "language": "en-US"}, {"source": "https://www.theverge.com/rss/index.xml", "title": "The Witcher: Blood Origin isn\u2019t witcher-y enough to stand out", "description": "<figure>\n      <img alt=\"A photo of Michelle Yeoh in The Witcher: Blood Origin.\" src=\"https://cdn.vox-cdn.com/thumbor/GF1ESJRZjV8N41BVGe7YcNlhWvc=/0x0:7853x5235/1310x873/cdn.vox-cdn.com/uploads/chorus_image/image/71738228/LARK_106_Unit_01447_copy_RT.0.jpg\" />\n        <figcaption><em>Michelle Yeoh in </em>The Witcher: Blood Origin. | Image: Netflix</figcaption>\n    </figure>\n\n\n  \t\t <p>Without Geralt (or another memorable lead), the series doesn\u2019t do enough to feel different from all the other sprawling fantasy adventures.</p>\n  <p>\n    <a href=\"https://www.theverge.com/23500170/the-witcher-blood-origin-review-netflix-prequel\">Continue reading&hellip;</a>\n  </p>", "link": "https://www.theverge.com/23500170/the-witcher-blood-origin-review-netflix-prequel", "date_published": "2022-12-12 00:01:00+00:00", "persistent": false, "user": null, "language": "en-US"}]