[{"source": "http://rss.nytimes.com/services/xml/rss/nyt/Technology.xml", "title": "Major Nuclear Fusion Energy Breakthrough to Be Announced by Scientists", "description": "Researchers working with lasers at Lawrence Livermore National Laboratory are expected to say they made a major advance that could lead to future energy sources.", "link": "https://www.nytimes.com/2022/12/12/science/nuclear-fusion-energy-breakthrough.html", "date_published": "2022-12-12 18:24:34+00:00", "persistent": false, "user": null, "language": "en-US"}, {"source": "http://rss.nytimes.com/services/xml/rss/nyt/Technology.xml", "title": "China Maps Out Plans to Put Astronauts on the Moon and on Mars", "description": "Chinese officials at a desert rocket base described plans for their new space station and for reusable rockets, as well as travel beyond near-Earth orbit.", "link": "https://www.nytimes.com/2022/12/12/science/china-space-moon-mars.html", "date_published": "2022-12-12 18:20:34+00:00", "persistent": false, "user": null, "language": "en-US"}, {"source": "http://rss.nytimes.com/services/xml/rss/nyt/Technology.xml", "title": "Why Some Scientists Choose China\u2019s Space Station for Research", "description": "A project led by researchers from a Swiss university highlights China\u2019s ambition to make the Tiangong outpost broadly available for science.", "link": "https://www.nytimes.com/2022/12/12/science/tiangong-science-physics.html", "date_published": "2022-12-12 18:19:13+00:00", "persistent": false, "user": null, "language": "en-US"}]