[{"source": "https://www.youtube.com/feeds/videos.xml?channel_id=UCme4ZOv65uzGADXuvtHkSvA", "title": "1 Ksi\u0119ga Machabejska || Rozdzia\u0142 06", "description": "Przeczytajmy razem ca\u0142e Pismo \u015awi\u0119te! Od 1 pa\u017adziernika 2020 czytamy Pismo \u015awi\u0119te, codziennie 1 rozdzia\u0142 \u017cyciodajnego S\u0141OWA BOGA.\nWykorzystano Najnowszy przek\u0142ad Pisma \u015awi\u0119tego z komentarzem opracowany przez Zesp\u00f3\u0142 Biblist\u00f3w Polskich z inicjatywy Towarzystwa \u015awi\u0119tego Paw\u0142a (Edycja \u015awi\u0119tego Paw\u0142a). Pierwszy przek\u0142ad w trzecim tysi\u0105cleciu.\n________________________________________\nAby nas wesprze\u0107 kliknij tu \n\u2192 https://patronite.pl/langustanapalmie\n\u2192 http://bit.ly/Subskrybuj_Languste\n\n\u2661 Historie pot\u0142uczone\nAnchor \u2192 https://anchor.fm/langusta-na-palmie\nSpreaker \u2192 https://www.spreaker.com/show/historie-potluczone\nSpotify \u2192 https://spoti.fi/2NVIRHb\nApple \u2192 https://apple.co/2ZIPQZv\nGoogle Podcasts \u2192 https://bit.ly/2OlBWH\n\n\u2661  Pismo \u015awi\u0119te: \nAnchor \u2192 https://anchor.fm/langusta-na-palmie\nSpreaker \u2192 https://www.spreaker.com/show/przeczytaj-pismo-swiete-z-langusta\nSpotify \u2192  https://spoti.fi/34nZwLr\nApple \u2192  https://apple.co/33zdwCV\nGoogle Podcasts \u2192 https://bit.ly/3nmaZUc\n\nStrona z kalendarzem o. Adama: \n\u2192 http://www.langustanapalmie.pl\nMo\u017cna nas r\u00f3wnie\u017c znale\u017a\u0107 na Facebooku: \n\u2192 https://www.facebook.com/LangustaNaPalmie\nTwitterze: \n\u2192 https://twitter.com/LangustaPalmowa\nInstagramie: \n\u2192 https://www.instagram.com/langustanapalmie/\n\nZapraszamy.", "link": "https://www.youtube.com/watch?v=XLfORSiobxw", "date_published": "2022-08-12 00:00:00+00:00", "persistent": false, "user": null, "language": "pl-PL"}, {"source": "https://www.youtube.com/feeds/videos.xml?channel_id=UCme4ZOv65uzGADXuvtHkSvA", "title": "Dobranocki wracaj\u0105!", "description": "#dobranocka\n\nDobranocki wracaj\u0105! Zapraszamy w najbli\u017csz\u0105 niedziel\u0119 o 19:00.\n\nMuzyka:\nKai Engel: Brooks, z albumu Chapter Two: Mild \u2013 na licencji Creative Commons Attribution (https://creativecommons.org/licenses/...)\n\u0179r\u00f3d\u0142o: http://freemusicarchive.org/music/Kai...\nWykonawca: http://www.kai-engel.com/\n\nzdj\u0119cia i monta\u017c: Marcin Jo\u0144czyk\nProdukcja Serii: Sylwia Smoczy\u0144ska || Kamil Siciak\n________________________________________\nNIENASYCENI \n\u261e Tauron Arena Krak\u00f3w\n\u261e 6 pa\u017adziernika 2022 r. \n\nBILETY \u261e https://bit.ly/Nienasyceni_Tauron\nWYDARZENIE \u261e https://fb.me/e/1WzTzhC1Q\n________________________________________\nKsi\u0105\u017ck\u0119 znajdziecie tu \u2661\n\u2192 https://langustanapalmie.pl/produkt/jaksiemodlic/\n\nKsi\u0105\u017cka jest cegie\u0142k\u0105 i ca\u0142y doch\u00f3d ze sprzeda\u017cy jest przeznaczony na dzia\u0142alno\u015b\u0107 Niez\u0142ej Fundacji zajmuj\u0105cej si\u0119 dzie\u0142ami Langusty Na Palmie.\n________________________________________\nAby nas wesprze\u0107 kliknij tu \n\u2192 https://patronite.pl/langustanapalmie\n\u2192 http://bit.ly/Subskrybuj_Languste\n\n\u2661 Historie pot\u0142uczone\nAnchor \u2192 https://anchor.fm/langusta-na-palmie\nSpreaker \u2192 https://www.spreaker.com/show/historie-potluczone\nSpotify \u2192 https://spoti.fi/2NVIRHb\nApple \u2192 https://apple.co/2ZIPQZv\nGoogle Podcasts \u2192 https://bit.ly/2OlBWH\n\n\u2661  Pismo \u015awi\u0119te: \nAnchor \u2192 https://anchor.fm/langusta-na-palmie\nSpreaker \u2192 https://www.spreaker.com/show/przeczytaj-pismo-swiete-z-langusta\nSpotify \u2192  https://spoti.fi/34nZwLr\nApple \u2192  https://apple.co/33zdwCV\nGoogle Podcasts \u2192 https://bit.ly/3nmaZUc\n\nStrona z kalendarzem o. Adama: \n\u2192 http://www.langustanapalmie.pl\nMo\u017cna nas r\u00f3wnie\u017c znale\u017a\u0107 na Facebooku: \n\u2192 https://www.facebook.com/LangustaNaPalmie\nTwitterze: \n\u2192 https://twitter.com/LangustaPalmowa\nInstagramie: \n\u2192 https://www.instagram.com/langustanapalmie/\n\nZapraszamy.", "link": "https://www.youtube.com/watch?v=eyHU2T1DfT0", "date_published": "2022-08-12 00:00:00+00:00", "persistent": false, "user": null, "language": "pl-PL"}, {"source": "https://www.youtube.com/feeds/videos.xml?channel_id=UCme4ZOv65uzGADXuvtHkSvA", "title": "Ksi\u0105dz gra w gr\u0119 || Stray [08] Fina\u0142: Wszystko nowe", "description": "@Langustanapalmie    #ksiadzgrawgre #stray \n________________________________________\nNIENASYCENI \n\u261e Tauron Arena Krak\u00f3w\n\u261e 6 pa\u017adziernika 2022 r. \n\nBILETY \u261e https://bit.ly/Nienasyceni_Tauron\nWYDARZENIE \u261e https://fb.me/e/1WzTzhC1Q\n________________________________________\nKsi\u0105\u017ck\u0119 znajdziecie tu \u2661\n\u2192 https://langustanapalmie.pl/produkt/jaksiemodlic/\n\nKsi\u0105\u017cka jest cegie\u0142k\u0105 i ca\u0142y doch\u00f3d ze sprzeda\u017cy jest przeznaczony na dzia\u0142alno\u015b\u0107 Niez\u0142ej Fundacji zajmuj\u0105cej si\u0119 dzie\u0142ami Langusty Na Palmie.\n________________________________________\nAby nas wesprze\u0107 kliknij tu \n\u2192 https://patronite.pl/langustanapalmie\n\u2192 http://bit.ly/Subskrybuj_Languste\n\n\u2661 Historie pot\u0142uczone\nAnchor \u2192 https://anchor.fm/langusta-na-palmie\nSpreaker \u2192 https://www.spreaker.com/show/historie-potluczone\nSpotify \u2192 https://spoti.fi/2NVIRHb\nApple \u2192 https://apple.co/2ZIPQZv\nGoogle Podcasts \u2192 https://bit.ly/2OlBWH\n\n\u2661  Pismo \u015awi\u0119te: \nAnchor \u2192 https://anchor.fm/langusta-na-palmie\nSpreaker \u2192 https://www.spreaker.com/show/przeczytaj-pismo-swiete-z-langusta\nSpotify \u2192  https://spoti.fi/34nZwLr\nApple \u2192  https://apple.co/33zdwCV\nGoogle Podcasts \u2192 https://bit.ly/3nmaZUc\n\nStrona z kalendarzem o. Adama: \n\u2192 http://www.langustanapalmie.pl\nMo\u017cna nas r\u00f3wnie\u017c znale\u017a\u0107 na Facebooku: \n\u2192 https://www.facebook.com/LangustaNaPalmie\nTwitterze: \n\u2192 https://twitter.com/LangustaPalmowa\nInstagramie: \n\u2192 https://www.instagram.com/langustanapalmie/\n\nZapraszamy.", "link": "https://www.youtube.com/watch?v=4w9z_AAZnAQ", "date_published": "2022-08-12 00:00:00+00:00", "persistent": false, "user": null, "language": "pl-PL"}, {"source": "https://www.youtube.com/feeds/videos.xml?channel_id=UCme4ZOv65uzGADXuvtHkSvA", "title": "Wstawaki [#1169] Wina", "description": "Wstawaj, \u017cyj i kochaj, czyli poranna dawka energii na ca\u0142y dzie\u0144 i nie tylko. \n\n\"Wstawaki 2.0\" muz: Jan Smoczy\u0144ski || Agnieszka Musia\u0142\n#Wstawaki #zr\u00f3bmydobrydzie\u0144 #AdamSzustakOP\n________________________________________\nNIENASYCENI \n\u261e Tauron Arena Krak\u00f3w\n\u261e 6 pa\u017adziernika 2022 r. \n\nBILETY \u261e https://bit.ly/Nienasyceni_Tauron\nWYDARZENIE \u261e https://fb.me/e/1WzTzhC1Q\n________________________________________\nKsi\u0105\u017ck\u0119 znajdziecie tu \u2661\n\u2192 https://langustanapalmie.pl/produkt/jaksiemodlic/\n\nKsi\u0105\u017cka jest cegie\u0142k\u0105 i ca\u0142y doch\u00f3d ze sprzeda\u017cy jest przeznaczony na dzia\u0142alno\u015b\u0107 Niez\u0142ej Fundacji zajmuj\u0105cej si\u0119 dzie\u0142ami Langusty Na Palmie.\n________________________________________\nAby nas wesprze\u0107 kliknij tu \n\u2192 https://patronite.pl/langustanapalmie\n\u2192 http://bit.ly/Subskrybuj_Languste\n\n\u2661 Historie pot\u0142uczone\nAnchor \u2192 https://anchor.fm/langusta-na-palmie\nSpreaker \u2192 https://www.spreaker.com/show/historie-potluczone\nSpotify \u2192 https://spoti.fi/2NVIRHb\nApple \u2192 https://apple.co/2ZIPQZv\nGoogle Podcasts \u2192 https://bit.ly/2OlBWH\n\n\u2661  Pismo \u015awi\u0119te: \nAnchor \u2192 https://anchor.fm/langusta-na-palmie\nSpreaker \u2192 https://www.spreaker.com/show/przeczytaj-pismo-swiete-z-langusta\nSpotify \u2192  https://spoti.fi/34nZwLr\nApple \u2192  https://apple.co/33zdwCV\nGoogle Podcasts \u2192 https://bit.ly/3nmaZUc\n\nStrona z kalendarzem o. Adama: \n\u2192 http://www.langustanapalmie.pl\nMo\u017cna nas r\u00f3wnie\u017c znale\u017a\u0107 na Facebooku: \n\u2192 https://www.facebook.com/LangustaNaPalmie\nTwitterze: \n\u2192 https://twitter.com/LangustaPalmowa\nInstagramie: \n\u2192 https://www.instagram.com/langustanapalmie/\n\nZapraszamy.", "link": "https://www.youtube.com/watch?v=1fvft3XxbhQ", "date_published": "2022-08-12 00:00:00+00:00", "persistent": false, "user": null, "language": "pl-PL"}, {"source": "https://www.youtube.com/feeds/videos.xml?channel_id=UCme4ZOv65uzGADXuvtHkSvA", "title": "1 Ksi\u0119ga Machabejska || Rozdzia\u0142 05", "description": "Przeczytajmy razem ca\u0142e Pismo \u015awi\u0119te! Od 1 pa\u017adziernika 2020 czytamy Pismo \u015awi\u0119te, codziennie 1 rozdzia\u0142 \u017cyciodajnego S\u0141OWA BOGA.\nWykorzystano Najnowszy przek\u0142ad Pisma \u015awi\u0119tego z komentarzem opracowany przez Zesp\u00f3\u0142 Biblist\u00f3w Polskich z inicjatywy Towarzystwa \u015awi\u0119tego Paw\u0142a (Edycja \u015awi\u0119tego Paw\u0142a). Pierwszy przek\u0142ad w trzecim tysi\u0105cleciu.\n________________________________________\nAby nas wesprze\u0107 kliknij tu \n\u2192 https://patronite.pl/langustanapalmie\n\u2192 http://bit.ly/Subskrybuj_Languste\n\n\u2661 Historie pot\u0142uczone\nAnchor \u2192 https://anchor.fm/langusta-na-palmie\nSpreaker \u2192 https://www.spreaker.com/show/historie-potluczone\nSpotify \u2192 https://spoti.fi/2NVIRHb\nApple \u2192 https://apple.co/2ZIPQZv\nGoogle Podcasts \u2192 https://bit.ly/2OlBWH\n\n\u2661  Pismo \u015awi\u0119te: \nAnchor \u2192 https://anchor.fm/langusta-na-palmie\nSpreaker \u2192 https://www.spreaker.com/show/przeczytaj-pismo-swiete-z-langusta\nSpotify \u2192  https://spoti.fi/34nZwLr\nApple \u2192  https://apple.co/33zdwCV\nGoogle Podcasts \u2192 https://bit.ly/3nmaZUc\n\nStrona z kalendarzem o. Adama: \n\u2192 http://www.langustanapalmie.pl\nMo\u017cna nas r\u00f3wnie\u017c znale\u017a\u0107 na Facebooku: \n\u2192 https://www.facebook.com/LangustaNaPalmie\nTwitterze: \n\u2192 https://twitter.com/LangustaPalmowa\nInstagramie: \n\u2192 https://www.instagram.com/langustanapalmie/\n\nZapraszamy.", "link": "https://www.youtube.com/watch?v=pUUUsLGTPcU", "date_published": "2022-08-11 00:00:00+00:00", "persistent": false, "user": null, "language": "pl-PL"}, {"source": "https://www.youtube.com/feeds/videos.xml?channel_id=UCme4ZOv65uzGADXuvtHkSvA", "title": "Wstawaki [#1168] W klatce", "description": "Wstawaj, \u017cyj i kochaj, czyli poranna dawka energii na ca\u0142y dzie\u0144 i nie tylko. \n\n\"Wstawaki 2.0\" muz: Jan Smoczy\u0144ski || Agnieszka Musia\u0142\n#Wstawaki #zr\u00f3bmydobrydzie\u0144 #AdamSzustakOP\n________________________________________\nNIENASYCENI \n\u261e Tauron Arena Krak\u00f3w\n\u261e 6 pa\u017adziernika 2022 r. \n\nBILETY \u261e https://bit.ly/Nienasyceni_Tauron\nWYDARZENIE \u261e https://fb.me/e/1WzTzhC1Q\n________________________________________\nKsi\u0105\u017ck\u0119 znajdziecie tu \u2661\n\u2192 https://langustanapalmie.pl/produkt/jaksiemodlic/\n\nKsi\u0105\u017cka jest cegie\u0142k\u0105 i ca\u0142y doch\u00f3d ze sprzeda\u017cy jest przeznaczony na dzia\u0142alno\u015b\u0107 Niez\u0142ej Fundacji zajmuj\u0105cej si\u0119 dzie\u0142ami Langusty Na Palmie.\n________________________________________\nAby nas wesprze\u0107 kliknij tu \n\u2192 https://patronite.pl/langustanapalmie\n\u2192 http://bit.ly/Subskrybuj_Languste\n\n\u2661 Historie pot\u0142uczone\nAnchor \u2192 https://anchor.fm/langusta-na-palmie\nSpreaker \u2192 https://www.spreaker.com/show/historie-potluczone\nSpotify \u2192 https://spoti.fi/2NVIRHb\nApple \u2192 https://apple.co/2ZIPQZv\nGoogle Podcasts \u2192 https://bit.ly/2OlBWH\n\n\u2661  Pismo \u015awi\u0119te: \nAnchor \u2192 https://anchor.fm/langusta-na-palmie\nSpreaker \u2192 https://www.spreaker.com/show/przeczytaj-pismo-swiete-z-langusta\nSpotify \u2192  https://spoti.fi/34nZwLr\nApple \u2192  https://apple.co/33zdwCV\nGoogle Podcasts \u2192 https://bit.ly/3nmaZUc\n\nStrona z kalendarzem o. Adama: \n\u2192 http://www.langustanapalmie.pl\nMo\u017cna nas r\u00f3wnie\u017c znale\u017a\u0107 na Facebooku: \n\u2192 https://www.facebook.com/LangustaNaPalmie\nTwitterze: \n\u2192 https://twitter.com/LangustaPalmowa\nInstagramie: \n\u2192 https://www.instagram.com/langustanapalmie/\n\nZapraszamy.", "link": "https://www.youtube.com/watch?v=9jo2Imk6MjY", "date_published": "2022-08-11 00:00:00+00:00", "persistent": false, "user": null, "language": "pl-PL"}]