[{"source": "http://feeds.bbci.co.uk/news/rss.xml", "title": "Cantopop: Why Hong Kong is seeking solace in local music", "description": "Traumatised by political upheaval, people are reviving their interest in Cantonese-language music.", "link": "https://www.bbc.co.uk/news/world-asia-china-60735794?at_medium=RSS&at_campaign=KARANGA", "date_published": "2022-08-11 23:42:27+00:00", "persistent": false, "user": null, "language": "en-US"}, {"source": "http://feeds.bbci.co.uk/news/rss.xml", "title": "Malta: The only EU country where abortion is illegal leaves women scared", "description": "Malta is the only EU state with a total ban on abortion, but some believe change could be coming.", "link": "https://www.bbc.co.uk/news/world-europe-62479624?at_medium=RSS&at_campaign=KARANGA", "date_published": "2022-08-11 23:38:30+00:00", "persistent": false, "user": null, "language": "en-US"}, {"source": "http://feeds.bbci.co.uk/news/rss.xml", "title": "The librarian who defied the Taliban", "description": "Wahida Amiri became one of the leading voices against the Taliban's assault on women's rights.", "link": "https://www.bbc.co.uk/news/world-asia-62441553?at_medium=RSS&at_campaign=KARANGA", "date_published": "2022-08-11 23:31:22+00:00", "persistent": false, "user": null, "language": "en-US"}, {"source": "http://feeds.bbci.co.uk/news/rss.xml", "title": "Africa's week in pictures: 5-11 August 2022", "description": "A selection of the best photos from across Africa and beyond this week.", "link": "https://www.bbc.co.uk/news/world-africa-62503581?at_medium=RSS&at_campaign=KARANGA", "date_published": "2022-08-11 23:07:36+00:00", "persistent": false, "user": null, "language": "en-US"}, {"source": "http://feeds.bbci.co.uk/news/rss.xml", "title": "The Hundred: Oval Invincibles & Northern Superchargers mark welcome women's return", "description": "The first week of The Hundred suffered without the women, who made a welcome return at The Oval on Thursday, says chief cricket writer Stephan Shemilt.", "link": "https://www.bbc.co.uk/sport/cricket/62510229?at_medium=RSS&at_campaign=KARANGA", "date_published": "2022-08-11 20:43:56+00:00", "persistent": false, "user": null, "language": "en-US"}, {"source": "http://feeds.bbci.co.uk/news/rss.xml", "title": "Premier League predictions: Chris Sutton takes on Kasabian frontman Serge Pizzorno to pick scores for this weekend's games", "description": "Chris Sutton takes on Kasabian frontman Serge Pizzorno to pick his winners and losers for this weekend's Premier League games.", "link": "https://www.bbc.co.uk/sport/football/62457582?at_medium=RSS&at_campaign=KARANGA", "date_published": "2022-08-11 18:32:28+00:00", "persistent": false, "user": null, "language": "en-US"}, {"source": "http://feeds.bbci.co.uk/news/rss.xml", "title": "UK wildfires: Firefighters on tackling flames moving faster than you can run", "description": "Wildfires are uniquely challenging for fire crews and they are becoming much more frequent.", "link": "https://www.bbc.co.uk/news/uk-62485130?at_medium=RSS&at_campaign=KARANGA", "date_published": "2022-08-11 17:47:21+00:00", "persistent": false, "user": null, "language": "en-US"}, {"source": "http://feeds.bbci.co.uk/news/rss.xml", "title": "The 'traumatic experience' of US monkeypox patients", "description": "\"If you haven't lived through it, you have no idea the kind of pain this is,\" one man tells the BBC.", "link": "https://www.bbc.co.uk/news/world-us-canada-62438263?at_medium=RSS&at_campaign=KARANGA", "date_published": "2022-08-11 17:06:15+00:00", "persistent": false, "user": null, "language": "en-US"}, {"source": "http://feeds.bbci.co.uk/news/rss.xml", "title": "The Groucho Club in Soho sold for \u00a340m", "description": "The deal marks the third time the Groucho has changed ownership in its 37-year history.", "link": "https://www.bbc.co.uk/news/uk-england-london-62511883?at_medium=RSS&at_campaign=KARANGA", "date_published": "2022-08-11 17:05:25+00:00", "persistent": false, "user": null, "language": "en-US"}, {"source": "http://feeds.bbci.co.uk/news/rss.xml", "title": "Misinfo fills vacuum as Kenyans await election result", "description": "Some online users in Kenya have been sharing misleading claims about the results and the voting process.", "link": "https://www.bbc.co.uk/news/62495970?at_medium=RSS&at_campaign=KARANGA", "date_published": "2022-08-11 16:26:01+00:00", "persistent": false, "user": null, "language": "en-US"}, {"source": "http://feeds.bbci.co.uk/news/rss.xml", "title": "Quiz of the week: Why did the FBI 'raid' Donald Trump's home?", "description": "How closely have you been paying attention to what's been going on over the past seven days?", "link": "https://www.bbc.co.uk/news/world-62500181?at_medium=RSS&at_campaign=KARANGA", "date_published": "2022-08-11 15:59:33+00:00", "persistent": false, "user": null, "language": "en-US"}, {"source": "http://feeds.bbci.co.uk/news/rss.xml", "title": "The mystery deaths of two Saudi sisters in Sydney", "description": "There are many theories about what happened but it is clear Australia failed them, advocates say.", "link": "https://www.bbc.co.uk/news/world-australia-62472974?at_medium=RSS&at_campaign=KARANGA", "date_published": "2022-08-11 15:40:30+00:00", "persistent": false, "user": null, "language": "en-US"}, {"source": "http://feeds.bbci.co.uk/news/rss.xml", "title": "Which countries are doing the most to tackle energy bills?", "description": "European countries have taken different approaching to higher energy bills.", "link": "https://www.bbc.co.uk/news/61522123?at_medium=RSS&at_campaign=KARANGA", "date_published": "2022-08-11 14:32:14+00:00", "persistent": false, "user": null, "language": null}, {"source": "http://feeds.bbci.co.uk/news/rss.xml", "title": "In pictures: How heatwave is changing landscapes", "description": "High temperatures and lack of rain continues across Europe, as governments to issue health warnings", "link": "https://www.bbc.co.uk/news/in-pictures-62497772?at_medium=RSS&at_campaign=KARANGA", "date_published": "2022-08-11 14:18:56+00:00", "persistent": false, "user": null, "language": "en-US"}, {"source": "http://feeds.bbci.co.uk/news/rss.xml", "title": "Leah Williamson: England captain on why equal access to sport is so important", "description": "Following England's Euro 2022 triumph, Lionesses captain Leah Williamson guest edited BBC Radio 4's Woman's Hour on Thursday.", "link": "https://www.bbc.co.uk/sport/av/football/62509243?at_medium=RSS&at_campaign=KARANGA", "date_published": "2022-08-11 13:48:10+00:00", "persistent": false, "user": null, "language": "en-US"}, {"source": "http://feeds.bbci.co.uk/news/rss.xml", "title": "UK heatwave: Premier League to reintroduce drinks breaks this weekend", "description": "Drinks breaks will return in Premier League games this weekend because of the high temperatures across the UK.", "link": "https://www.bbc.co.uk/sport/football/62504094?at_medium=RSS&at_campaign=KARANGA", "date_published": "2022-08-11 13:08:37+00:00", "persistent": false, "user": null, "language": "en-US"}, {"source": "http://feeds.bbci.co.uk/news/rss.xml", "title": "Afghanistan: Cleric killed by bomb hidden in artificial leg - reports", "description": "Sheikh Rahimullah Haqqani, who had close ties with the Taliban, was a prominent supporter of girls' education.", "link": "https://www.bbc.co.uk/news/world-asia-62508070?at_medium=RSS&at_campaign=KARANGA", "date_published": "2022-08-11 13:04:01+00:00", "persistent": false, "user": null, "language": "en-US"}, {"source": "http://feeds.bbci.co.uk/news/rss.xml", "title": "Man killed during attacks around Skye is named by police", "description": "Police said a Taser was fired during the arrest of a man in connection a series of incidents around Skye.", "link": "https://www.bbc.co.uk/news/uk-scotland-highlands-islands-62503691?at_medium=RSS&at_campaign=KARANGA", "date_published": "2022-08-11 12:46:36+00:00", "persistent": false, "user": null, "language": "en-US"}, {"source": "http://feeds.bbci.co.uk/news/rss.xml", "title": "UK heatwave: Four-day extreme heat warning comes into effect", "description": "Scorching temperatures may affect people's health and disrupt transport, the Met Office says.", "link": "https://www.bbc.co.uk/news/uk-62499044?at_medium=RSS&at_campaign=KARANGA", "date_published": "2022-08-11 12:39:22+00:00", "persistent": false, "user": null, "language": "en-US"}, {"source": "http://feeds.bbci.co.uk/news/rss.xml", "title": "Legal advice forced Plaid to reinstate assault MP Jonathan Edwards", "description": "BBC Wales learns Plaid could not legally stop Jonathan Edwards from being a full Plaid MP.", "link": "https://www.bbc.co.uk/news/uk-wales-politics-62506233?at_medium=RSS&at_campaign=KARANGA", "date_published": "2022-08-11 12:27:00+00:00", "persistent": false, "user": null, "language": "en-US"}, {"source": "http://feeds.bbci.co.uk/news/rss.xml", "title": "Scunthorpe: Thousands raised after heatwave melts shop's chocolate stock", "description": "Nearly \u00a34,000 is raised after a shop's entire stock of chocolate melts during the recent heatwave.", "link": "https://www.bbc.co.uk/news/uk-england-humber-62497153?at_medium=RSS&at_campaign=KARANGA", "date_published": "2022-08-11 12:21:32+00:00", "persistent": false, "user": null, "language": "en-US"}, {"source": "http://feeds.bbci.co.uk/news/rss.xml", "title": "Ryan Giggs: Covid lockdown was utter hell, ex tells court", "description": "The former Manchester United star is accused of using controlling and coercive behaviour.", "link": "https://www.bbc.co.uk/news/uk-wales-62505497?at_medium=RSS&at_campaign=KARANGA", "date_published": "2022-08-11 12:18:41+00:00", "persistent": false, "user": null, "language": "en-US"}, {"source": "http://feeds.bbci.co.uk/news/rss.xml", "title": "Alleged fourth 'IS Beatle' charged with terrorism offences", "description": "Aine Davis, 38, is remanded in custody in the UK after being deported from Turkey.", "link": "https://www.bbc.co.uk/news/uk-62502708?at_medium=RSS&at_campaign=KARANGA", "date_published": "2022-08-11 11:57:36+00:00", "persistent": false, "user": null, "language": "en-US"}, {"source": "http://feeds.bbci.co.uk/news/rss.xml", "title": "West Midlands PC made up claim fake girlfriend died of cancer", "description": "Harry Sarkar got bereavement leave and flexible working benefits due to his \"odious\" lies.", "link": "https://www.bbc.co.uk/news/uk-england-birmingham-62506363?at_medium=RSS&at_campaign=KARANGA", "date_published": "2022-08-11 11:22:50+00:00", "persistent": false, "user": null, "language": "en-US"}, {"source": "http://feeds.bbci.co.uk/news/rss.xml", "title": "Dame Emma Thompson defends intimacy co-ordinators after Sean Bean remarks", "description": "The actress responds to Sean Bean, who said sex scene specialists spoil the spontaneity of filming.", "link": "https://www.bbc.co.uk/news/entertainment-arts-62502506?at_medium=RSS&at_campaign=KARANGA", "date_published": "2022-08-11 10:47:54+00:00", "persistent": false, "user": null, "language": "en-US"}, {"source": "http://feeds.bbci.co.uk/news/rss.xml", "title": "Eve Muirhead retires from curling as Olympic, European and world mixed doubles champion", "description": "Eve Muirhead makes \"the hardest decision of my life\" to retire from curling as the current Olympic, European and world mixed doubles champion.", "link": "https://www.bbc.co.uk/sport/winter-sports/62505950?at_medium=RSS&at_campaign=KARANGA", "date_published": "2022-08-11 10:40:43+00:00", "persistent": false, "user": null, "language": "en-US"}, {"source": "http://feeds.bbci.co.uk/news/rss.xml", "title": "Swimming pools: Concern as closures across the UK revealed", "description": "One in six local authorities in the UK have lost at least one pool since 2019, BBC News finds.", "link": "https://www.bbc.co.uk/news/uk-62391323?at_medium=RSS&at_campaign=KARANGA", "date_published": "2022-08-11 10:21:44+00:00", "persistent": false, "user": null, "language": "en-US"}, {"source": "http://feeds.bbci.co.uk/news/rss.xml", "title": "What weapons are being given to Ukraine by the UK?", "description": "More multiple launch rocket systems are on the way to Ukraine, so how much of a difference are they making?", "link": "https://www.bbc.co.uk/news/world-europe-61482305?at_medium=RSS&at_campaign=KARANGA", "date_published": "2022-08-11 10:01:18+00:00", "persistent": false, "user": null, "language": "en-US"}, {"source": "http://feeds.bbci.co.uk/news/rss.xml", "title": "'We never knew our home was on the scammers' list'", "description": "Thousands of UK home addresses have been used by crime gangs to register bogus firms, the BBC finds.", "link": "https://www.bbc.co.uk/news/uk-england-manchester-62494987?at_medium=RSS&at_campaign=KARANGA", "date_published": "2022-08-11 09:49:28+00:00", "persistent": false, "user": null, "language": "en-US"}, {"source": "http://feeds.bbci.co.uk/news/rss.xml", "title": "Millie Bright: Chelsea defender signs new three-year-deal with the club", "description": "Millie Bright signs a new contract with Chelsea which will see the England defender extend her stay at the club for a further three years.", "link": "https://www.bbc.co.uk/sport/football/62504081?at_medium=RSS&at_campaign=KARANGA", "date_published": "2022-08-11 09:20:43+00:00", "persistent": false, "user": null, "language": "en-US"}, {"source": "http://feeds.bbci.co.uk/news/rss.xml", "title": "Firenado rages in California", "description": "Hot temperatures and strong winds formed a 'firenado' in California on Wednesday.", "link": "https://www.bbc.co.uk/news/world-us-canada-62504411?at_medium=RSS&at_campaign=KARANGA", "date_published": "2022-08-11 08:58:05+00:00", "persistent": false, "user": null, "language": "en-US"}, {"source": "http://feeds.bbci.co.uk/news/rss.xml", "title": "George Jack Temperley-Wells: Police 'seriously concerned' for missing Darlington boy", "description": "George Jack Temperley-Wells is thought to have travelled from Darlington with his mother.", "link": "https://www.bbc.co.uk/news/uk-england-tees-62502741?at_medium=RSS&at_campaign=KARANGA", "date_published": "2022-08-11 08:56:05+00:00", "persistent": false, "user": null, "language": "en-US"}, {"source": "http://feeds.bbci.co.uk/news/rss.xml", "title": "Why have so many children's homes opened in Blackpool?", "description": "Councils across the country are sending vulnerable young people to children's homes in Blackpool. The approach is raising concerns.", "link": "https://www.bbc.co.uk/news/uk-62479564?at_medium=RSS&at_campaign=KARANGA", "date_published": "2022-08-11 08:09:15+00:00", "persistent": false, "user": null, "language": "en-US"}, {"source": "http://feeds.bbci.co.uk/news/rss.xml", "title": "The Russian billionaire daring to speak out about Putin", "description": "Boris Mints calls Putin's invasion of Ukraine \"vile\", adding the war is a result of his \"madness\".", "link": "https://www.bbc.co.uk/news/business-62037169?at_medium=RSS&at_campaign=KARANGA", "date_published": "2022-08-11 06:45:30+00:00", "persistent": false, "user": null, "language": "en-US"}, {"source": "http://feeds.bbci.co.uk/news/rss.xml", "title": "Cumbria's Safari Zoo welcomes new rhino calf", "description": "Zookeepers found the new baby strolling around in the morning after he was born overnight.", "link": "https://www.bbc.co.uk/news/uk-england-cumbria-62491372?at_medium=RSS&at_campaign=KARANGA", "date_published": "2022-08-11 05:30:56+00:00", "persistent": false, "user": null, "language": "en-US"}, {"source": "http://feeds.bbci.co.uk/news/rss.xml", "title": "Ukrainian skating sisters back to 'doing what they love'", "description": "Sisters Tetiana and Anna competed at national level, before fleeing Kyiv for Swindon in May.", "link": "https://www.bbc.co.uk/news/uk-england-wiltshire-62492213?at_medium=RSS&at_campaign=KARANGA", "date_published": "2022-08-11 05:20:29+00:00", "persistent": false, "user": null, "language": "en-US"}, {"source": "http://feeds.bbci.co.uk/news/rss.xml", "title": "Carrot ice lollies keeping animals cool in heatwave", "description": "More shade, extra fans and ice blocks are also being used at Hatton Country World near Warwick.", "link": "https://www.bbc.co.uk/news/uk-england-coventry-warwickshire-62491654?at_medium=RSS&at_campaign=KARANGA", "date_published": "2022-08-11 05:13:21+00:00", "persistent": false, "user": null, "language": "en-US"}, {"source": "http://feeds.bbci.co.uk/news/rss.xml", "title": "The Hundred: Moeen Ali v Adil Rashid in penalty bowl-off", "description": "Cricketers and good pals Moeen Ali and Adil Rashid test their friendship in a competitive penalty bowl-off.", "link": "https://www.bbc.co.uk/sport/av/cricket/62498025?at_medium=RSS&at_campaign=KARANGA", "date_published": "2022-08-11 05:08:25+00:00", "persistent": false, "user": null, "language": "en-US"}, {"source": "http://feeds.bbci.co.uk/news/rss.xml", "title": "Glasgow City footballer Clare Shine on her addiction 'nightmare'", "description": "The Glasgow City and Ireland striker opens up on her addictions and her path to recovery.", "link": "https://www.bbc.co.uk/news/uk-scotland-62438054?at_medium=RSS&at_campaign=KARANGA", "date_published": "2022-08-11 05:07:25+00:00", "persistent": false, "user": null, "language": "en-US"}, {"source": "http://feeds.bbci.co.uk/news/rss.xml", "title": "Edinburgh Fringe: Looking for the next big thing after Six success", "description": "Six: The Musical went from a hotel conference room at the 2017 festival to the West End and Broadway.", "link": "https://www.bbc.co.uk/news/entertainment-arts-62482111?at_medium=RSS&at_campaign=KARANGA", "date_published": "2022-08-11 01:49:23+00:00", "persistent": false, "user": null, "language": "en-US"}, {"source": "http://feeds.bbci.co.uk/news/rss.xml", "title": "'Every day it doesn't rain, the pressure mounts'", "description": "The heatwave will make conditions on England's farms worse as experts warn of smaller harvests.", "link": "https://www.bbc.co.uk/news/science-environment-62495034?at_medium=RSS&at_campaign=KARANGA", "date_published": "2022-08-11 01:42:20+00:00", "persistent": false, "user": null, "language": "en-US"}]