[{"source": "https://www.youtube.com/feeds/videos.xml?channel_id=UCJKt_QVDyUbqdm3ag_py2eQ", "title": "Amiga Paula does XM: Traymuss - Illegal World (A1200\ud83c\udfa7Dolbyfied)", "description": "\"Illegal World\" by Traymuss (Remigiusz Trzcionka), 2nd at Breeze 2007. C64 art \"Sunset at Sea\" (2010?) by DocJM.\n\nMade using real A1200 Rev. 1D.4 audio. Playback from DeliTracker 2.34 with 14Bit-NotePlayer 4.30:\n- 14-bit calibrated Paula output\n- Exact interpolation with 44336 Hz mixing frequency\n- No panning, no 3D and DSP off. Anti-click enabled\n- Module reports 32 channels\n- 100% flawless playback not guaranteed (the XM replayer is not perfect)\n\nVisit my channel for more Amiga music.", "link": "https://www.youtube.com/watch?v=umKAlh00FRw", "date_published": "2022-08-12 00:00:00+00:00", "persistent": false, "user": null, "language": "en-US"}, {"source": "https://www.youtube.com/feeds/videos.xml?channel_id=UCJKt_QVDyUbqdm3ag_py2eQ", "title": "Amiga Paula does XM: Karsten Koch - Astaris (A1200\ud83c\udfa7Dolbyfied)", "description": "\"Astaris\" (1997) by Karsten Koch. Art \"Live Flame\" (1993) by Axel D/Illusion.\n\nMade using real A1200 Rev. 1D.4 audio. Playback from DeliTracker 2.34 with 14Bit-NotePlayer 4.30:\n- 14-bit calibrated Paula output\n- Exact interpolation with 44336 Hz mixing frequency\n- No panning, no 3D and DSP off. Anti-click enabled\n- Module reports 30 channels\n- 100% flawless playback not guaranteed (the XM replayer is not perfect)\n\nVisit my channel for more Amiga music.", "link": "https://www.youtube.com/watch?v=yBQAM69zlq8", "date_published": "2022-08-11 00:00:00+00:00", "persistent": false, "user": null, "language": "en-US"}]