[{"source": "https://www.youtube.com/feeds/videos.xml?channel_id=UCR-DXc1voovS8nhAvccRZhg", "title": "I FINALLY had time to upgrade my PC", "description": "The Prednisone kicked in and I'm feeling a little bit better, so I finally upgraded my PC so I can record Pi and server footage through a capture card!\n\nI'll also talk about another major upgrade I made, and give a shout out to all my viewers, my Wife, and my Mom, who all helped me get through a very challenging couple of weeks!\n\nNoctua sent me the NH-U12A cooler for review a few months ago. I paid for everything else you see in this video.\n\n  - AVerMedia GC573 Live Gamer 4K Capture Card: https://amzn.to/3w147BG\n  - Noctua NH-U12A chromax.Black CPU Cooler: https://amzn.to/3C3Nut1\n  - AMD Ryzen 5 5600x CPU: https://amzn.to/3QHuCnO\n  - DeskPi Super6C Pi Cluster Board: https://deskpi.com/collections/deskpi-super6c\n\nSupport me on Patreon: https://www.patreon.com/geerlingguy\nSponsor me on GitHub: https://github.com/sponsors/geerlingguy\nMerch: https://redshirtjeff.com\n2nd Channel: https://www.youtube.com/c/GeerlingEngineering\n\n#Noctua #AVerMedia #Upgrade\n\nContents:\n\n00:00 - Three things\n00:56 - Massive CPU Cooler upgrade\n02:34 - AVerMedia 4K capture card install\n05:28 - Testing out the upgrade\n08:01 - Thank you!", "link": "https://www.youtube.com/watch?v=a3fJ5WlZ1TQ", "date_published": "2022-08-12 00:00:00+00:00", "persistent": false, "user": null, "language": "en-US"}]