[{"source": "https://ithardware.pl/feed", "title": "Podsumowanie news\u00f3w ITHardware - tydzie\u0144 77. Sprawd\u017a co Ci\u0119 omin\u0119\u0142o", "description": "<img src=\"https://ithardware.pl/artykuly/min/23659_1.jpg\" />            Jak co tydzie\u0144 zapraszamy naszych czytelnik&oacute;w do odwiedzenia kana\u0142u&nbsp;ITHardware na YouTube i do zapoznania si\u0119 z materia\u0142em prezentuj\u0105cym najwa\u017cniejsze wydarzenia minionych 7 dni.\n\nZa powstanie wideo odpowiada&nbsp;nasz redakcyjny...\n            <p>Pe\u0142na wersja strony <a href=\"https://ithardware.pl/aktualnosci/newsy_podsumowanie_tydzien_siedemdziesiaty_siodmy_pazdziernik_2022-23659.html\">https://ithardware.pl/aktu", "link": "https://ithardware.pl/aktualnosci/newsy_podsumowanie_tydzien_siedemdziesiaty_siodmy_pazdziernik_2022-23659.html", "date_published": "2022-10-03 21:20:00+00:00", "persistent": false, "user": null, "language": "pl-PL"}, {"source": "https://ithardware.pl/feed", "title": "Sony zablokuje przej\u0119cie Activision Blizzard? Szef PlayStation mia\u0142 odwiedzi\u0107 central\u0119 UE", "description": "<img src=\"https://ithardware.pl/artykuly/min/23657_1.jpg\" />            Microsoft z\u0142o\u017cy\u0142 wniosek do Komisji Europejskiej o akceptacj\u0119 przej\u0119cia Activision Blizzard. Sony niech\u0119tne jest temu krokowi czemu nie raz dawa\u0142o znak, ale tym razem lobbowa\u0107 w sprawie mia\u0142 szef PlayStation, Jim Ryan.\n\nKupno Activison...\n            <p>Pe\u0142na wersja strony <a href=\"https://ithardware.pl/aktualnosci/sony_zablokuje_przejecie_activision_blizzard_szef_playstation_mial_odwiedzic_centrale_ue-23657.html\">https://it", "link": "https://ithardware.pl/aktualnosci/sony_zablokuje_przejecie_activision_blizzard_szef_playstation_mial_odwiedzic_centrale_ue-23657.html", "date_published": "2022-10-03 19:30:00+00:00", "persistent": false, "user": "rumpel", "language": "pl-PL"}, {"source": "https://ithardware.pl/feed", "title": "Ruszy\u0142a nowa promocja Lenovo - codziennie do wygrania zwrot got\u00f3wki za zakup laptopa", "description": "<img src=\"https://ithardware.pl/artykuly/min/23656_1.jpg\" />            Lenovo Polska og\u0142osi\u0142o rozpocz\u0119cie specjalnego konkursu obejmuj\u0105cego laptopy z serii Yoga, IdeaPad i Legion, w&nbsp;ramach kt&oacute;rego codziennie jedna osoba wygrywa zwrot got&oacute;wki za kupione urz\u0105dzenie. Akcja trwa przez ca\u0142y...\n            <p>Pe\u0142na wersja strony <a href=\"https://ithardware.pl/aktualnosci/ruszyla_nowa_promocja_lenovo_codziennie_do_wygrania_zwrot_gotowki_za_zakup_laptopa-23656.html\">https://ithardwar", "link": "https://ithardware.pl/aktualnosci/ruszyla_nowa_promocja_lenovo_codziennie_do_wygrania_zwrot_gotowki_za_zakup_laptopa-23656.html", "date_published": "2022-10-03 18:40:00+00:00", "persistent": false, "user": null, "language": "pl-PL"}, {"source": "https://ithardware.pl/feed", "title": "Beyond Good & Evil 2 to najd\u0142u\u017cej op\u00f3\u017aniana gra, kt\u00f3ra bije Duke Nukem: Forever", "description": "<img src=\"https://ithardware.pl/artykuly/min/23655_1.jpg\" />            Duke Nukem: Forever uchodzi\u0142 za najd\u0142u\u017cej op&oacute;\u017anian\u0105 gr\u0119, kt&oacute;r\u0105 na sw\u0105 premier\u0119 czeka\u0142a a\u017c 14 lat. Rekord ksi\u0119cia demolki&nbsp;pobi\u0142a&nbsp;inna produkcja.\n\nPowstawanie Duke Nukem: Forever zamieni\u0142o si\u0119 w prawdziw\u0105...\n            <p>Pe\u0142na wersja strony <a href=\"https://ithardware.pl/aktualnosci/beyond_good_evil_2_to_najdluzej_opozniana_gra_ktora_bije_duke_nukem_forever-23655.html\">https://ithardware.pl/aktualnosc", "link": "https://ithardware.pl/aktualnosci/beyond_good_evil_2_to_najdluzej_opozniana_gra_ktora_bije_duke_nukem_forever-23655.html", "date_published": "2022-10-03 16:50:00+00:00", "persistent": false, "user": null, "language": "pl-PL"}, {"source": "https://ithardware.pl/feed", "title": "Sony podobno pracuje nad remasterem/remake Horizon Zero Dawn", "description": "<img src=\"https://ithardware.pl/artykuly/min/23653_1.jpg\" />            Sony planuje wyda\u0107 remaster lub remake&nbsp;Horizon Zero Dawn na PlayStation 5. Warto wspomnie\u0107, \u017ce gra pozostaje dost\u0119pna tak\u017ce na konsoli poprzedniej generacji PS4 i&nbsp;komputerach.\n\nHorizon Zero Dawn trafi\u0142 do sprzeda\u017cy w 2017 roku na PS4,...\n            <p>Pe\u0142na wersja strony <a href=\"https://ithardware.pl/aktualnosci/sony_podobno_pracuje_nad_remasterem_remake_horizon_zero_dawn-23653.html\">https://ithardware.pl/aktualn", "link": "https://ithardware.pl/aktualnosci/sony_podobno_pracuje_nad_remasterem_remake_horizon_zero_dawn-23653.html", "date_published": "2022-10-03 15:30:00+00:00", "persistent": false, "user": null, "language": "pl-PL"}, {"source": "https://ithardware.pl/feed", "title": "HWiNFO jest ju\u017c wst\u0119pnie gotowe do obs\u0142ugi procesor\u00f3w AMD Zen 5", "description": "<img src=\"https://ithardware.pl/artykuly/min/23652_1.jpg\" />            Tw&oacute;rcy HWiNFO s\u0105 gotowi do wprowadzenia bardzo wczesnego wsparcia dla procesor&oacute;w AMD opartych na architekturze Zen 5. Potwierdza&nbsp;to informacja na oficjalnej stronie programu&nbsp;w zak\u0142adce &quot;Nachodz\u0105ce zmiany&quot;. Oznacza to,...\n            <p>Pe\u0142na wersja strony <a href=\"https://ithardware.pl/aktualnosci/hwinfo_jest_juz_wstepnie_gotowe_do_obslugi_procesorow_amd_zen_5-23652.html\">https://ithardware.", "link": "https://ithardware.pl/aktualnosci/hwinfo_jest_juz_wstepnie_gotowe_do_obslugi_procesorow_amd_zen_5-23652.html", "date_published": "2022-10-03 15:29:30+00:00", "persistent": false, "user": null, "language": "pl-PL"}, {"source": "https://ithardware.pl/feed", "title": "Tesla zwi\u0119kszy\u0142a produkcj\u0119. W trzecim kwartale powsta\u0142o 365 923 pojazd\u00f3w elektrycznych marki", "description": "<img src=\"https://ithardware.pl/artykuly/min/23650_1.jpg\" />            Po kryzysie zwi\u0105zanym z pandemi\u0105, Tesla mog\u0142a w ko\u0144cu zwi\u0119kszy\u0107 produkcj\u0119 swoich elektrycznych pojazd&oacute;w. W trzecim kwartale z fabryk wyjecha\u0142o a\u017c&nbsp;365 923 samochod&oacute;w, co oznacza wzrost produkcji o niemal\u017ce 54% w...\n            <p>Pe\u0142na wersja strony <a href=\"https://ithardware.pl/aktualnosci/tesla_zwiekszyla_produkcje_w_trzecim_kwartale_powstalo_365_923_pojazdow_elektrycznych_marki-23650.html\">https://ithar", "link": "https://ithardware.pl/aktualnosci/tesla_zwiekszyla_produkcje_w_trzecim_kwartale_powstalo_365_923_pojazdow_elektrycznych_marki-23650.html", "date_published": "2022-10-03 14:47:00+00:00", "persistent": false, "user": null, "language": "pl-PL"}, {"source": "https://ithardware.pl/feed", "title": "Wiemy, jak mo\u017ce wygl\u0105da\u0107 Samsung Galaxy A14. Do sieci trafi\u0142y rendery", "description": "<img src=\"https://ithardware.pl/artykuly/min/23644_1.jpg\" />            W sieci opublikowane zosta\u0142y nowe rendery pokazuj\u0105ce mo\u017cliwy wygl\u0105d Samsunga Galaxy A14. Nadchodz\u0105cy smartfon r&oacute;\u017cni si\u0119 od swojego poprzednika mi\u0119dzy innymi mniej ostrym wyci\u0119ciem w ekranie na przedni aparat. Doniesienia wskazuj\u0105, \u017ce...\n            <p>Pe\u0142na wersja strony <a href=\"https://ithardware.pl/aktualnosci/wiemy_jak_moze_wygladac_samsung_galaxy_a14_do_sieci_trafily_rendery-23644.html\">https://ithardware.pl/aktu", "link": "https://ithardware.pl/aktualnosci/wiemy_jak_moze_wygladac_samsung_galaxy_a14_do_sieci_trafily_rendery-23644.html", "date_published": "2022-10-03 14:13:20+00:00", "persistent": false, "user": null, "language": "pl-PL"}, {"source": "https://ithardware.pl/feed", "title": "XFX Radeon RX 6700 XL - zdj\u0119cia nieznanej nam dot\u0105d karty graficznej trafi\u0142y do sieci", "description": "<img src=\"https://ithardware.pl/artykuly/min/23638_1.jpg\" />            Do sieci trafi\u0142y pierwsze zdj\u0119cia Radeona RX 6700 XL w niereferencyjnym wydaniu od XFX. Karta dysponuje 10 GB pami\u0119ci VRAM i bazuje na okrojonym procesorze graficznym Navi 22. Uk\u0142ady Radeon RX 6700 z dopiskiem XL by\u0142y sprzedawane bezpo\u015brednio...\n            <p>Pe\u0142na wersja strony <a href=\"https://ithardware.pl/aktualnosci/xfx_radeon_rx_6700_xl_zdjecia_nieznanej_nam_dotad_karty_graficznej_trafily_do_sieci-23638.html\">https://", "link": "https://ithardware.pl/aktualnosci/xfx_radeon_rx_6700_xl_zdjecia_nieznanej_nam_dotad_karty_graficznej_trafily_do_sieci-23638.html", "date_published": "2022-10-03 13:41:40+00:00", "persistent": false, "user": null, "language": "pl-PL"}, {"source": "https://ithardware.pl/feed", "title": "Pierwszy 9-osobowy samolot elektryczny Eviation Alice pomy\u015blnie przetestowany", "description": "<img src=\"https://ithardware.pl/artykuly/min/23651_1.jpg\" />            Kolejne, wcze\u015bniej nie do pomy\u015blenia, zastosowanie nap\u0119du elektrycznego powoli staje si\u0119 rzeczywisto\u015bci\u0105.&nbsp;Tym razem jest to ma\u0142y samolot do przewozu os&oacute;b lub \u0142adunk&oacute;w na kr&oacute;tsze odleg\u0142o\u015bci.&nbsp;Nazywa si\u0119 Eviation...\n            <p>Pe\u0142na wersja strony <a href=\"https://ithardware.pl/aktualnosci/pierwszy_9_osobowy_samolot_elektryczny_eviation_alice_pomyslnie_przetestowany-23651.html\">https://ithardwa", "link": "https://ithardware.pl/aktualnosci/pierwszy_9_osobowy_samolot_elektryczny_eviation_alice_pomyslnie_przetestowany-23651.html", "date_published": "2022-10-03 12:57:20+00:00", "persistent": false, "user": null, "language": "pl-PL"}, {"source": "https://ithardware.pl/feed", "title": "Kontrowersyjna platforma dla rozszerze\u0144 Google Chrome nadejdzie w przysz\u0142ym roku", "description": "<img src=\"https://ithardware.pl/artykuly/min/23647_1.jpg\" />            Google powoli, ale konsekwentnie zmierza w kierunku wprowadzenia nowej platformy rozszerze\u0144 o nazwie Manifest V3 dla przegl\u0105darki Chrome i w\u0142a\u015bnie otrzymali\u015bmy&nbsp; harmonogram.&nbsp;\n\nPocz\u0105wszy od Chrome 112, kt&oacute;re zostanie wprowadzone w...\n            <p>Pe\u0142na wersja strony <a href=\"https://ithardware.pl/aktualnosci/kontrowersyjna_platforma_dla_rozszerzen_google_chrome_nadejdzie_w_przyszlym_roku-23647.html\">https:/", "link": "https://ithardware.pl/aktualnosci/kontrowersyjna_platforma_dla_rozszerzen_google_chrome_nadejdzie_w_przyszlym_roku-23647.html", "date_published": "2022-10-03 12:35:01+00:00", "persistent": false, "user": null, "language": "pl-PL"}, {"source": "https://ithardware.pl/feed", "title": "Chiny uruchamiaj\u0105 najwi\u0119kszy na \u015bwiecie wanadowy akumulator przep\u0142ywowy redoks", "description": "<img src=\"https://ithardware.pl/artykuly/min/23649_1.jpg\" />            Chiny mocno wkraczaj\u0105 w odnawialne \u017ar&oacute;d\u0142a energii, a to niesie ze sob\u0105 zwi\u0119kszone zapotrzebowanie na magazynowanie energii.&nbsp;Problem ten cz\u0119\u015bciowo maj\u0105 rozwi\u0105za\u0107 akumulatory przep\u0142ywowe&nbsp;w Dalian, kt&oacute;re zaoferuj\u0105...\n            <p>Pe\u0142na wersja strony <a href=\"https://ithardware.pl/aktualnosci/chiny_uruchomiaja_najwiekszy_na_swiecie_wanadowy_akumulator_przeplywowy_redoks-23649.html\">https://ithardware.pl", "link": "https://ithardware.pl/aktualnosci/chiny_uruchomiaja_najwiekszy_na_swiecie_wanadowy_akumulator_przeplywowy_redoks-23649.html", "date_published": "2022-10-03 12:14:10+00:00", "persistent": false, "user": null, "language": "pl-PL"}, {"source": "https://ithardware.pl/feed", "title": "Czy procesory AMD Ryzen 7000 s\u0105 op\u0142acalne? Analizujemy!", "description": "<img src=\"https://ithardware.pl/artykuly/min/23586_1.jpg\" />            Przy okazji premiery procesor&oacute;w Intel Alder Lake stworzyli\u015bmy na bazie zebranych danych analiz\u0119 op\u0142acalno\u015bci tych\u017ce jednostek przy wykorzystaniu r&oacute;\u017cnych scenariuszy. Nie inaczej post\u0105pimy dzi\u015b, czyli przy okazji pierwszych...\n            <p>Pe\u0142na wersja strony <a href=\"https://ithardware.pl/artykuly/czy_procesory_amd_ryzen_7000_sa_oplacalne_analizujemy-23586.html\">https://ithardware.pl/artykuly/czy_procesory_am", "link": "https://ithardware.pl/artykuly/czy_procesory_amd_ryzen_7000_sa_oplacalne_analizujemy-23586.html", "date_published": "2022-10-03 11:41:00+00:00", "persistent": false, "user": null, "language": "pl-PL"}, {"source": "https://ithardware.pl/feed", "title": "Tesla AI Day: Ujawniono prototyp robota Optimus i przypuszczaln\u0105 cen\u0119 ko\u0144cow\u0105", "description": "<img src=\"https://ithardware.pl/artykuly/min/23648_1.jpg\" />            W ko\u0144cu doczekali\u015bmy si\u0119 Tesla AI Day, wydarzenia, na kt&oacute;rym zaprezentowano zwiastowany od dawna&nbsp;prototyp robota Optimus oraz&nbsp;ujawniono kilka szczeg&oacute;\u0142&oacute;w na temat jego dzia\u0142ania i przewidywanej ceny.\n\nTesla...\n            <p>Pe\u0142na wersja strony <a href=\"https://ithardware.pl/aktualnosci/tesla_ai_day_ujawniono_prototyp_robota_optimus_i_przypuszczalna_cene_koncowa-23648.html\">https://ithardware.pl", "link": "https://ithardware.pl/aktualnosci/tesla_ai_day_ujawniono_prototyp_robota_optimus_i_przypuszczalna_cene_koncowa-23648.html", "date_published": "2022-10-03 11:27:40+00:00", "persistent": false, "user": null, "language": "pl-PL"}, {"source": "https://ithardware.pl/feed", "title": "Google podobno skasowa\u0142o kontynuacj\u0119 Death Stranding. Gra mia\u0142a by\u0107 ekskluzywem dla Stadia", "description": "<img src=\"https://ithardware.pl/artykuly/min/23646_1.jpg\" />            Jednym z g\u0142&oacute;wnych problem&oacute;w Google Stadia od samego pocz\u0105tku by\u0142 fakt, \u017ce koncern nie postara\u0142 si\u0119 o \u017cadne wysokobud\u017cetowe tytu\u0142y AAA na wy\u0142\u0105czno\u015b\u0107 dla swojej us\u0142ugi grania w chmurze, kt&oacute;r\u0105 zamknie w styczniu. Jasne,...\n            <p>Pe\u0142na wersja strony <a href=\"https://ithardware.pl/aktualnosci/google_podobno_skasowalo_kontynuacje_death_stranding_gra_miala_byc_ekskluzywem_dla_stadia-23646.html\">https:/", "link": "https://ithardware.pl/aktualnosci/google_podobno_skasowalo_kontynuacje_death_stranding_gra_miala_byc_ekskluzywem_dla_stadia-23646.html", "date_published": "2022-10-03 11:04:10+00:00", "persistent": false, "user": null, "language": "pl-PL"}, {"source": "https://ithardware.pl/feed", "title": "Genesis partnerem technologicznym Pozna\u0144 Game Arena 2022 - KONKURS!", "description": "<img src=\"https://ithardware.pl/artykuly/min/23645_1.jpg\" />            Marka Genesis znana m.in. z gamingowych akcesori&oacute;w i peryferi&oacute;w komputerowych zosta\u0142a partnerem technologicznym tegorocznych targ&oacute;w PGA. To ju\u017c 10. raz, gdy Genesis we\u017amie udzia\u0142 w pozna\u0144skiej imprezie dla graczy.\n\nGenesis...\n            <p>Pe\u0142na wersja strony <a href=\"https://ithardware.pl/aktualnosci/genesis_partnerem_technologicznym_poznan_game_arena_2022_konkurs-23645.html\">https://ithardware.pl/aktu", "link": "https://ithardware.pl/aktualnosci/genesis_partnerem_technologicznym_poznan_game_arena_2022_konkurs-23645.html", "date_published": "2022-10-03 10:53:00+00:00", "persistent": false, "user": null, "language": "pl-PL"}, {"source": "https://ithardware.pl/feed", "title": "Nadchodz\u0105 zmiany w nazwach USB, kt\u00f3re u\u0142atwiaj\u0105 orientacj\u0119 w r\u00f3\u017cnych wersjach standardu", "description": "<img src=\"https://ithardware.pl/artykuly/min/23635_1.jpg\" />            Grupa, kt&oacute;ra nadzoruje USB, planuje upro\u015bci\u0107 nazewnictwo port&oacute;w i kabli, by u\u0142atwi\u0107 nam orientacj\u0119 w ramach tego coraz bardziej zagmatwanego standardu. Chce porzuci\u0107 nazwy, takie jak SuperSpeed \u200b\u200bi USB4, wprowadzaj\u0105c...\n            <p>Pe\u0142na wersja strony <a href=\"https://ithardware.pl/aktualnosci/nadchodza_zmiany_w_nazwach_usb_ktore_ulatwiaja_orientacje_w_roznych_wersjach_standardu-23635.html\">https://ithardwar", "link": "https://ithardware.pl/aktualnosci/nadchodza_zmiany_w_nazwach_usb_ktore_ulatwiaja_orientacje_w_roznych_wersjach_standardu-23635.html", "date_published": "2022-10-03 10:46:00+00:00", "persistent": false, "user": null, "language": "pl-PL"}, {"source": "https://ithardware.pl/feed", "title": "Pixel Watch bez tajemnic. Najnowszy przeciek z Amazonu prezentuje zegarek Google", "description": "<img src=\"https://ithardware.pl/artykuly/min/23634_1.jpg\" />            Pozosta\u0142o tylko kilka dni do wielkiego wydarzenia Google Pixel, na kt&oacute;rym firma zaprezentuje smartfony Pixel 7, a tak\u017ce pierwszy flagowy smartwatch, kt&oacute;ry zaprojektowa\u0142a we w\u0142asnym zakresie (przynajmniej bez Fitbit).&nbsp;\n\nPrzecieki...\n            <p>Pe\u0142na wersja strony <a href=\"https://ithardware.pl/aktualnosci/pixel_watch_bez_tajemnic_najnowszy_przeciek_z_amazonu_prezentuje_zegarek_google-23634.html\">https:/", "link": "https://ithardware.pl/aktualnosci/pixel_watch_bez_tajemnic_najnowszy_przeciek_z_amazonu_prezentuje_zegarek_google-23634.html", "date_published": "2022-10-03 10:25:00+00:00", "persistent": false, "user": null, "language": "pl-PL"}, {"source": "https://ithardware.pl/feed", "title": "To koniec NFT? Wolumen transkacji spad\u0142 o 97% od pocz\u0105tku roku", "description": "<img src=\"https://ithardware.pl/artykuly/min/23640_1.jpg\" />            Pocz\u0105tkowa mania na tokeny NFT znacznie os\u0142ab\u0142a, a wolumen transakcji spad\u0142 do&nbsp;minimum w nieca\u0142y rok.&nbsp;Ciekawostk\u0105 ca\u0142ej sytuacji jest jednak to, \u017ce liczba os&oacute;b dokonuj\u0105cych wcale&nbsp;nie spada drastycznie i wi\u0119kszo\u015b\u0107 z tych,...\n            <p>Pe\u0142na wersja strony <a href=\"https://ithardware.pl/aktualnosci/to_koniec_nft_wolumen_transkacji_spadl_o_97_od_poczatku_roku-23640.html\">https://ithardware.pl/aktualnos", "link": "https://ithardware.pl/aktualnosci/to_koniec_nft_wolumen_transkacji_spadl_o_97_od_poczatku_roku-23640.html", "date_published": "2022-10-03 09:50:40+00:00", "persistent": false, "user": null, "language": "pl-PL"}, {"source": "https://ithardware.pl/feed", "title": "Hopper H100 - NVIDIA aktualizuje wydajno\u015b\u0107 FP64 oraz FP32", "description": "<img src=\"https://ithardware.pl/artykuly/min/23637_1.jpg\" />            Wst\u0119pna specyfikacja uk\u0142adu graficznego Hopper H100 zosta\u0142a zaktualizowana przez producenta. NVIDIA wprowadzi\u0142a zmiany w kwestii wydajno\u015bci pojedynczej oraz podw&oacute;jnej precyzji. Dla wersji SXM&nbsp;osi\u0105gi FP64 zwi\u0119kszy\u0142y si\u0119 z 30&nbsp;do...\n            <p>Pe\u0142na wersja strony <a href=\"https://ithardware.pl/aktualnosci/hopper_h100_nvidia_aktualizuje_wydajnosc_fp64_oraz_fp32-23637.html\">https://ithardware.pl/aktualnosci/h", "link": "https://ithardware.pl/aktualnosci/hopper_h100_nvidia_aktualizuje_wydajnosc_fp64_oraz_fp32-23637.html", "date_published": "2022-10-03 09:18:00+00:00", "persistent": false, "user": null, "language": "pl-PL"}, {"source": "https://ithardware.pl/feed", "title": "U\u017cytkownicy skar\u017c\u0105 si\u0119 na naklejki na p\u0142ytach g\u0142\u00f3wnych ASRock. Firma b\u0119dzie wymienia\u0107 sprz\u0119t", "description": "<img src=\"https://ithardware.pl/artykuly/min/23632_1.jpg\" />            Zdaje si\u0119, \u017ce ASRock przesadzi\u0142o z naklejkami na swoich nowych p\u0142ytach g\u0142&oacute;wnych. U\u017cytkownicy Reddita zacz\u0119li bowiem udost\u0119pnia\u0107 zdj\u0119cia modeli Asrock X670E Steel Legend z kawa\u0142kami naklejek przyklejonych do wn\u0119trza gniazd pami\u0119ci, co...\n            <p>Pe\u0142na wersja strony <a href=\"https://ithardware.pl/aktualnosci/uzytkownicy_skarza_sie_na_naklejki_na_plytach_glownych_asrock_firma_bedzie_wymieniac_sprzet-23632.html\">ht", "link": "https://ithardware.pl/aktualnosci/uzytkownicy_skarza_sie_na_naklejki_na_plytach_glownych_asrock_firma_bedzie_wymieniac_sprzet-23632.html", "date_published": "2022-10-03 09:15:00+00:00", "persistent": false, "user": null, "language": "pl-PL"}, {"source": "https://ithardware.pl/feed", "title": "Intel XeSS przetestowane na GPU NVIDII i AMD. Wyniki zaskakuj\u0105", "description": "<img src=\"https://ithardware.pl/artykuly/min/23633_1.png\" />            Intel do\u015b\u0107 niespodziewanie udost\u0119pni\u0142 swoj\u0105 technologi\u0119 upscalingu XeSS w zesz\u0142ym tygodniu, nie czekaj\u0105c na premier\u0119 kart graficznych z serii Arc A700. Ta obs\u0142uguje GPU praktycznie wszystkich producent&oacute;w, w tym NVIDII i AMD, wi\u0119c...\n            <p>Pe\u0142na wersja strony <a href=\"https://ithardware.pl/aktualnosci/intel_xess_przetestowane_na_gpu_nvidii_i_amd_wyniki_zaskakuja-23633.html\">https://ithardware.pl/aktualnosci/in", "link": "https://ithardware.pl/aktualnosci/intel_xess_przetestowane_na_gpu_nvidii_i_amd_wyniki_zaskakuja-23633.html", "date_published": "2022-10-03 08:17:20+00:00", "persistent": false, "user": null, "language": "pl-PL"}, {"source": "https://ithardware.pl/feed", "title": "ONZ ujawniaja na konferencji WEF, jak steruje narracj\u0105 poprzez wyniki wyszukiwania i influcencer\u00f3w", "description": "<img src=\"https://ithardware.pl/artykuly/min/23636_1.jpg\" />            \u015awiatowe Forum Ekonomiczne (WEF) zorganizowa\u0142o konferencj\u0119&nbsp;Sustainable Development Impact Meetings, na kt&oacute;rej omawiano problemy dotycz\u0105ce zr&oacute;wnowa\u017conego rozwoju, a jednym z punkt&oacute;w programu by\u0142a &quot;walka z...\n            <p>Pe\u0142na wersja strony <a href=\"https://ithardware.pl/aktualnosci/onz_ujawniaja_na_konferencji_wef_jak_steruje_narracja_poprzez_wyniki_wyszukiwania_i_influcencerow-23636.html\">ht", "link": "https://ithardware.pl/aktualnosci/onz_ujawniaja_na_konferencji_wef_jak_steruje_narracja_poprzez_wyniki_wyszukiwania_i_influcencerow-23636.html", "date_published": "2022-10-03 08:06:10+00:00", "persistent": false, "user": null, "language": "pl-PL"}, {"source": "https://ithardware.pl/feed", "title": "Skalpowanie Ryzen\u00f3w 7000 jest ryzykowne, ale gra jest  warto \u015bwieczki", "description": "<img src=\"https://ithardware.pl/artykuly/min/23631_1.jpg\" />            Skalpowanie procesor&oacute;w to niebezpieczna zabawa, ale okazuje si\u0119, \u017ce w przypadku serii Ryzen 7000 mo\u017ce zdzia\u0142a\u0107 cuda, znacz\u0105co obni\u017caj\u0105c temperatury CPU.&nbsp;\n\nAMD wprowadzi\u0142o ju\u017c na rynek swoj\u0105 najnowsz\u0105 generacj\u0119 procesor&oacute;w...\n            <p>Pe\u0142na wersja strony <a href=\"https://ithardware.pl/aktualnosci/skalpowanie_ryzenow_7000_jest_ryzykowne_ale_gra_jest_warto_swieczki-23631.html\">https://ithardware.pl/aktua", "link": "https://ithardware.pl/aktualnosci/skalpowanie_ryzenow_7000_jest_ryzykowne_ale_gra_jest_warto_swieczki-23631.html", "date_published": "2022-10-03 07:10:12+00:00", "persistent": false, "user": null, "language": "pl-PL"}, {"source": "https://ithardware.pl/feed", "title": "Jesienna wyprzeda\u017c w x-komie: laptopy, akcesoria w jeszcze lepszych cenach", "description": "<img src=\"https://ithardware.pl/artykuly/min/23608_1.jpg\" />            Jesie\u0144 rozgo\u015bci\u0142a si\u0119 ju\u017c na dobre, a wraz z ni\u0105 rozsiedli\u015bmy si\u0119 na kanapach. Kr&oacute;tkie dni, zamglone poranki i ch\u0142odne popo\u0142udnia nie zach\u0119caj\u0105 do wychodzenia spod ciep\u0142ego koca. Wy te\u017c w drodze z pracy marzycie wy\u0142\u0105cznie o...\n            <p>Pe\u0142na wersja strony <a href=\"https://ithardware.pl/aktualnosci/jesienna_wyprzedaz_w_x_komie_laptopy_akcesoria_w_jeszcze_lepszych_cenach-23608.html\">https://ithardware.pl/aktualnos", "link": "https://ithardware.pl/aktualnosci/jesienna_wyprzedaz_w_x_komie_laptopy_akcesoria_w_jeszcze_lepszych_cenach-23608.html", "date_published": "2022-10-03 05:53:00+00:00", "persistent": false, "user": null, "language": "pl-PL"}]