[{"source": "https://www.digitaltrends.com/news/rss", "title": "Oops! Drone delivery crash knocks out power for thousands", "description": "Wing has been making progress with tests involving its drone delivery service, but a recent accident highlights some of the challenges facing such projects.", "link": "https://www.digitaltrends.com/news/drone-delivery-crash-knocks-out-power-for-thousands/", "date_published": "2022-10-03 04:04:30.581919+00:00", "persistent": false, "user": null, "language": "en-US"}]