[{"source": "https://www.youtube.com/feeds/videos.xml?channel_id=UCwSv086EAByBY-Z7y-QR_cQ", "title": "Nie uciekniemy przed cyfrowym z\u0142otym! Cz\u0142onek Rady Nadzorczej PKO nie pozostawia z\u0142udze\u0144!", "description": "\ud83d\udcfa Zapraszam do ogl\u0105dania\n\n\u2b07\ufe0fRozwi\u0144 opis\u2b07\ufe0f\n------------------------------------------------------------\n\ud83d\udc40 Uszi po godzinach: https://goo.gl/cdCFKe\n\ud83d\udc40 Hello World_: http://bit.ly/31BEhnv\n------------------------------------------------------------\n\u2709\ufe0f Ludzie listy pisz\u0105 \n\ud83d\udd8a\ufe0f uszi@protonmail.com\n------------------------------------------------------------\n\ud83d\udc7a Niecenzuralne i agresywne komentarze zostan\u0105 usuni\u0119te.  Jak ju\u017c musisz zakl\u0105\u0107 dawaj znaki (&*%@%).\n------------------------------------------------------------\n\ud83d\udcb2 Donate/ Darowizna\nPLN / SMS / Blik: http://bit.ly/3bsXtJj\nBTC: 174EmE88YFtvs6fuM8ZL5yYbik8hcaY6ud\n-------------------------------------------------------------\n\u2705 \u0179r\u00f3d\u0142a:\n1. https://bit.ly/3SpzAXv\n2. https://bit.ly/3yblAZv\n3. https://bit.ly/3UW6Nvi\n4. https://bit.ly/3RyBNP7\n---------------------------------------------------------------\n\ud83d\udca1 Tagi: #CBDC #NBP\n--------------------------------------------------------------", "link": "https://www.youtube.com/watch?v=ov67yIwALVg", "date_published": "2022-10-03 00:00:00+00:00", "persistent": false, "user": null, "language": "en-US"}]