[{"source": "http://feeds.bbci.co.uk/news/technology/rss.xml", "title": "Vodafone and Three in merger talks", "description": "The third and fourth largest mobile phone networks reportedly hope to strike a deal by the end of the year.", "link": "https://www.bbc.co.uk/news/technology-63118990?at_medium=RSS&at_campaign=KARANGA", "date_published": "2022-10-03 13:45:07+00:00", "persistent": false, "user": null, "language": "en-US"}, {"source": "http://feeds.bbci.co.uk/news/technology/rss.xml", "title": "BBC's technology evolution shown at National Museum of Computing", "description": "The National Museum of Computing at Bletchley Park is marking the corporation's 100th anniversary.", "link": "https://www.bbc.co.uk/news/uk-england-beds-bucks-herts-63092205?at_medium=RSS&at_campaign=KARANGA", "date_published": "2022-10-03 05:24:24+00:00", "persistent": false, "user": null, "language": "en-US"}]