[{"source": "https://www.lemonde.fr/en/science/rss_full.xml", "title": "In the Mastodon-Twitter face-off, will the mammoth crush the bird?", "description": "Concerns about the evolution of Twitter since Elon Musk's takeover have been driving the scientific community to try out the communication network Mastodon.", "link": "https://www.lemonde.fr/en/science/article/2022/11/26/in-the-mastodon-twitter-face-off-will-the-mammoth-crush-the-bird_6005763_10.html", "date_published": "2022-11-26 22:05:51+00:00", "persistent": false, "user": null, "language": "en-US"}]