[{"source": "https://www.youtube.com/feeds/videos.xml?channel_id=UCmFeOdJI3IXgTBDzqBLD8qg", "title": "Rotten Tomatoes Won\u2019t Exist In 5 Years. Here\u2019s Why.", "description": "Skip the waitlist and invest in blue-chip art for the very first time by signing up for Masterworks: https://masterworks.art/moon\nPurchase shares in great masterpieces from artists like Pablo Picasso, Banksy, Andy Warhol, and more. \ud83c\udfa8\nSee important Masterworks disclosures: http://masterworks.io/cd\n\n\n\ud83d\udfe2 Get exclusive access for my private unfiltered videos that can't be released to the public: https://www.youtube.com/c/Moon-Real/join\n\nSupport the channel here (all money goes straight back into the channel):\n\u25ba  Become a Patron:  https://www.patreon.com/MoonReal\n\u25ba Follow my Twitter: https://twitter.com/MoonRealYT\n\n\nRotten tomatoes is a joke, here\u2019s why.", "link": "https://www.youtube.com/watch?v=E8ZB2SjNzrc", "date_published": "2022-11-26 01:34:32+00:00", "persistent": true, "user": null, "language": "en-US", "tags": ["the left wing", "movies", "rotten tomatoes"]}]