[{"source": "http://rss.cnn.com/rss/edition.rss", "title": "Police believe the attack on four Idaho college students was targeted", "description": "", "link": "https://www.cnn.com/collections/crime-for-intl-112622/", "date_published": "2022-11-26 23:33:03+00:00", "persistent": false, "user": null, "language": "en-US"}, {"source": "http://rss.cnn.com/rss/edition.rss", "title": "The world's skinniest skyscraper is now complete \u2014 and its interiors are remarkable", "description": "", "link": "https://www.cnn.com/collections/architecture-for-intl-112622/", "date_published": "2022-11-26 23:14:58+00:00", "persistent": false, "user": null, "language": "en-US"}, {"source": "http://rss.cnn.com/rss/edition.rss", "title": "The savory treat with a 30-year waitlist", "description": "", "link": "https://www.cnn.com/collections/tasting-the-world-for-intl-sponsorship-through-nov-30/", "date_published": "2022-11-26 23:10:23+00:00", "persistent": false, "user": null, "language": "en-US"}, {"source": "http://rss.cnn.com/rss/edition.rss", "title": "15 killed, 35 injured as shelling in Kherson continues 'round the clock,' officials say", "description": "", "link": "https://www.edition.com/webview/europe/live-news/russia-ukraine-war-news-11-26-22/h_6c1034ad4e86bece78fb54adc16539e5", "date_published": "2022-11-26 22:44:22.203967+00:00", "persistent": false, "user": null, "language": "en-US"}, {"source": "http://rss.cnn.com/rss/edition.rss", "title": "FIFA said players sporting the 'OneLove' armband would receive yellow cards. Then European politicians began to wear it", "description": "", "link": "https://www.cnn.com/collections/world-cup-for-intl-112622/", "date_published": "2022-11-26 22:36:59+00:00", "persistent": false, "user": null, "language": "en-US"}, {"source": "http://rss.cnn.com/rss/edition.rss", "title": "See police try to wrangle runaway ostriches in Alberta", "description": "A farmer's flock of ostriches escaped and ran wild in Alberta, Canada, leaving onlookers in awe and Mounted Police officers in the dust.", "link": "https://www.cnn.com/videos/world/2022/11/26/escaped-ostriches-alberta-cprog-orig-kj.cnn", "date_published": "2022-11-26 21:37:15+00:00", "persistent": false, "user": null, "language": "en-US"}, {"source": "http://rss.cnn.com/rss/edition.rss", "title": "Lionel Messi helps keep Argentina's World Cup hopes alive", "description": "Yet another moment of Lionel Messi magic helped salvage Argentina's World Cup hopes at Qatar 2022 as La Albiceleste secured a much-needed victory over Mexico.", "link": "https://www.cnn.com/2022/11/26/football/lionel-messi-argentina-mexico-world-cup-spt-intl/index.html", "date_published": "2022-11-26 21:15:22+00:00", "persistent": false, "user": null, "language": "en-US"}, {"source": "http://rss.cnn.com/rss/edition.rss", "title": "Rugby great Doddie Weir dies six years after Motor Neurone Disease diagnosis", "description": "Rugby great Doddie Weir has died at age 52, according to a statement from the Weir family that was released through the Scottish Rugby Union.", "link": "https://www.cnn.com/2022/11/26/sport/doddie-weir-rugby-union-obituary-spt-intl/index.html", "date_published": "2022-11-26 20:17:33+00:00", "persistent": false, "user": null, "language": "en-US"}, {"source": "http://rss.cnn.com/rss/edition.rss", "title": "US provides Chevron limited authorization to pump oil in Venezuela after reaching humanitarian agreement", "description": "The US has granted Chevron limited authorization to resume pumping oil from Venezuela following the announcement Saturday that the Venezuelan government and the opposition group have reached an agreement on humanitarian relief and will continue to negotiate for a solution to the country's chronic economic and political crisis, including a focus on the 2024 elections.", "link": "https://www.cnn.com/2022/11/26/politics/us-chevron-venezuela-oil-agreement/index.html", "date_published": "2022-11-26 19:16:24+00:00", "persistent": false, "user": null, "language": "en-US"}, {"source": "http://rss.cnn.com/rss/edition.rss", "title": "Poland wins 2-0 as Saudi Arabia fails to repeat upset", "description": "", "link": "https://edition.cnn.com/sport/live-news/world-cup-2022-11-26-2022/index.html", "date_published": "2022-11-26 17:44:14.267786+00:00", "persistent": false, "user": null, "language": "en-US"}, {"source": "http://rss.cnn.com/rss/edition.rss", "title": "Poland wins 2-0 as Saudi Arabia fails to repeat magical upset", "description": "", "link": "https://edition.cnn.com/webview/sport/live-news/world-cup-2022-11-26-2022/index.html", "date_published": "2022-11-26 17:44:14.148249+00:00", "persistent": false, "user": null, "language": "en-US"}, {"source": "http://rss.cnn.com/rss/edition.rss", "title": "Belarus Foreign Minister Vladimir Makei dies at 64, officials say", "description": "The Foreign Minister of Belarus Vladimir Makei has died at the age of 64, the country's foreign ministry said Saturday.", "link": "https://www.cnn.com/2022/11/26/europe/belarus-foreign-minister-dies-intl/index.html", "date_published": "2022-11-26 16:51:56+00:00", "persistent": false, "user": null, "language": "en-US"}, {"source": "http://rss.cnn.com/rss/edition.rss", "title": "Analysis: Disney's tale of two Bobs", "description": "Over at Disney, it's out with the new Bob and in with the old...", "link": "https://www.cnn.com/2022/11/21/business/nightcap-disney-iger-chapek/index.html", "date_published": "2022-11-26 14:49:02+00:00", "persistent": false, "user": null, "language": "en-US"}, {"source": "http://rss.cnn.com/rss/edition.rss", "title": "Football or soccer? It's complicated ...", "description": "\"A rose by any other name would smell as sweet.\"", "link": "https://www.cnn.com/2022/11/26/football/football-soccer-history-world-cup-spt-intl/index.html", "date_published": "2022-11-26 14:40:44+00:00", "persistent": false, "user": null, "language": "en-US"}, {"source": "http://rss.cnn.com/rss/edition.rss", "title": "'Welcome to Chippendales' strips down a true crime origin story", "description": "Gratitude. That's the word and exactly how I feel.", "link": "https://www.cnn.com/2022/11/26/entertainment/welcome-to-chippendales-hulu-plc/index.html", "date_published": "2022-11-26 14:40:08+00:00", "persistent": false, "user": null, "language": "en-US"}, {"source": "http://rss.cnn.com/rss/edition.rss", "title": "Investigators have received more than 260 digital submissions in probe of University of Idaho murders", "description": "Almost two weeks after the stabbing deaths of four University of Idaho students, police are still searching for clues and asking the public for help.", "link": "https://www.cnn.com/2022/11/26/us/university-of-idaho-murders-saturday/index.html", "date_published": "2022-11-26 14:35:43+00:00", "persistent": false, "user": null, "language": "en-US"}, {"source": "http://rss.cnn.com/rss/edition.rss", "title": "Irene Cara, '80s pop star behind 'Fame' and 'Flashdance' theme songs, dies at 63", "description": "Academy Award winner Irene Cara, best known for singing the theme songs for \"Fame\" and \"Flashdance,\" has died in her Florida home, according to a statement from her publicist made on behalf of the singer's family. She was 63.", "link": "https://www.cnn.com/2022/11/26/entertainment/irene-cara-obit/index.html", "date_published": "2022-11-26 14:34:01+00:00", "persistent": false, "user": null, "language": "en-US"}, {"source": "http://rss.cnn.com/rss/edition.rss", "title": "Opinion: Lisa Ling: What I've learned about life", "description": "It's hard to describe what it's like when less than an hour after I meet someone, a person divulges a trauma, or some deeply held secret.", "link": "https://www.cnn.com/2022/11/26/opinions/lisa-ling-what-ive-learned-this-is-life/index.html", "date_published": "2022-11-26 14:30:44+00:00", "persistent": false, "user": null, "language": "en-US"}, {"source": "http://rss.cnn.com/rss/edition.rss", "title": "More than 6 million customers still without power in Ukraine, Zelensky says", "description": "", "link": "https://edition.cnn.com/webview/europe/live-news/russia-ukraine-war-news-11-26-22/index.html", "date_published": "2022-11-26 13:58:10.992496+00:00", "persistent": false, "user": null, "language": "en-US"}, {"source": "http://rss.cnn.com/rss/edition.rss", "title": "Spencer Tunick gathers 2,500 volunteers for mass naked photo shoot on Bondi Beach", "description": "Around 2,500 people stripped off for a naked photo shoot on Australia's Bondi Beach on Saturday, designed to raise awareness of skin cancer.", "link": "https://www.cnn.com/style/article/spencer-tunick-naked-photoshoot-bondi-beach-intl/index.html", "date_published": "2022-11-26 13:40:25+00:00", "persistent": false, "user": null, "language": "en-US"}, {"source": "http://rss.cnn.com/rss/edition.rss", "title": "Early voting begins in some Georgia counties as Warnock and Walker sprint to December 6 runoff", "description": "A week-long early voting period begins Saturday in some Georgia counties as Democratic Sen. Raphael Warnock and Republican challenger Herschel Walker enter a week-and-a-half, post-Thanksgiving sprint to their December 6 runoff election.", "link": "https://www.cnn.com/2022/11/26/politics/georgia-runoff-early-voting-starts/index.html", "date_published": "2022-11-26 13:02:21+00:00", "persistent": false, "user": null, "language": "en-US"}, {"source": "http://rss.cnn.com/rss/edition.rss", "title": "More than a dozen people missing following landslide on Italian island of Ischia", "description": "Rescuers were searching for at least 13 people Saturday after heavy rain caused a landslide on the Italian holiday island of Ischia.", "link": "https://www.cnn.com/2022/11/26/europe/landslide-italy-ischia-intl/index.html", "date_published": "2022-11-26 13:02:19+00:00", "persistent": false, "user": null, "language": "en-US"}, {"source": "http://rss.cnn.com/rss/edition.rss", "title": "How Iran's security forces use rape to quell protests", "description": "", "link": "https://edition.cnn.com/interactive/2022/11/middleeast/iran-protests-sexual-assault/index.html", "date_published": "2022-11-26 12:44:07.224426+00:00", "persistent": false, "user": null, "language": "en-US"}, {"source": "http://rss.cnn.com/rss/edition.rss", "title": "Australia defeat Tunisia 1-0 to win its first World Cup match since 2010", "description": "Australia won its first World Cup match since June 2010, defeating Tunisia 1-0 to give itself a chance of qualifying for the knockout stages in Qatar.", "link": "https://www.cnn.com/2022/11/26/football/tunisia-australia-saudi-arabia-poland-france-denmark-world-cup-2022-spt-intl/index.html", "date_published": "2022-11-26 12:18:07+00:00", "persistent": false, "user": null, "language": "en-US"}, {"source": "http://rss.cnn.com/rss/edition.rss", "title": "'Scary our lives are so controversial': How tug of war over 'OneLove' armbands descended into a World Cup sideshow", "description": "FIFA President Gianni Infantino pleaded with countries to let football take center stage ahead of the World Cup in Qatar, but it hasn't quite worked out like that.", "link": "https://www.cnn.com/2022/11/26/football/onelove-armband-qatar-world-cup-fifa-spt-intl/index.html", "date_published": "2022-11-26 11:04:03+00:00", "persistent": false, "user": null, "language": "en-US"}, {"source": "http://rss.cnn.com/rss/edition.rss", "title": "SpaceX to launch tomato seeds, other supplies to International Space Station after weather delay", "description": "SpaceX will once again try to get a fresh haul of supplies to the International Space Station this weekend after bad weather at the launch site forced the company to wave off its first attempt.", "link": "https://www.cnn.com/2022/11/26/world/spacex-launch-saturday-iss-dwarf-tomatoes-scn/index.html", "date_published": "2022-11-26 11:02:08+00:00", "persistent": false, "user": null, "language": "en-US"}, {"source": "http://rss.cnn.com/rss/edition.rss", "title": "Biden faces a broad set of challenges at home this holiday season", "description": "This holiday season looks very different from the last for many Americans, when Covid-19 test shortages and an Omicron variant surge disrupted numerous family celebrations.", "link": "https://www.cnn.com/2022/11/26/politics/biden-winter-challenges/index.html", "date_published": "2022-11-26 11:00:49+00:00", "persistent": false, "user": null, "language": "en-US"}, {"source": "http://rss.cnn.com/rss/edition.rss", "title": "Iran's supreme leader praises paramilitary for crackdown on 'rioters' and 'thugs'", "description": "Iran's Supreme Leader has praised the country's Basij paramilitary force for its role in the deadly crackdown on anti-regime protesters.", "link": "https://www.cnn.com/2022/11/26/middleeast/iran-supreme-leader-praises-crackdown-intl/index.html", "date_published": "2022-11-26 10:55:20+00:00", "persistent": false, "user": null, "language": "en-US"}, {"source": "http://rss.cnn.com/rss/edition.rss", "title": "Secrets of 'SuperAgers' with superior memories into their 80s", "description": "Despite volunteering and working out at the gym several days each week, socializing frequently with friends and family, reading all manner of books and doing daily crossword puzzles, 85-year-old Carol Siegler is restless.", "link": "https://www.cnn.com/2022/11/26/health/superager-secrets-good-memory-wellness/index.html", "date_published": "2022-11-26 10:02:01+00:00", "persistent": false, "user": null, "language": "en-US"}, {"source": "http://rss.cnn.com/rss/edition.rss", "title": "The youngest of 6 victims in a deadly mass shooting at a Virginia Walmart has been identified as authorities learn more about the gunman", "description": "The youngest victim in this week's mass shooting inside a Walmart in Chesapeake, Virginia, is a 16-year-old employee who reportedly used his first paycheck to buy his mother a gift before he was killed two days ahead of Thanksgiving.", "link": "https://www.cnn.com/2022/11/26/us/chesapeake-virginia-walmart-shooting-saturday/index.html", "date_published": "2022-11-26 09:59:13+00:00", "persistent": false, "user": null, "language": "en-US"}, {"source": "http://rss.cnn.com/rss/edition.rss", "title": "Travel: New fast rail projects in Europe and Asia", "description": "We're more than halfway through the US Thanksgiving weekend, but the most expensive holiday travel season yet is just getting started. If you're planning a trip in the coming months, get prepped by reading air travel secrets as revealed by flight attendants.", "link": "https://www.cnn.com/travel/article/travel-news-spain-high-speed-rail-greece-airport/index.html", "date_published": "2022-11-26 09:58:34+00:00", "persistent": false, "user": null, "language": "en-US"}, {"source": "http://rss.cnn.com/rss/edition.rss", "title": "Puzzling debate over Roman coin authenticity could determine legacy of 'fake' emperor", "description": "Scientists in the United Kingdom say they have proven the authenticity of several Roman coins previously dismissed as forgeries -- providing evidence that an emperor disregarded as fake might in fact have been real.", "link": "https://www.cnn.com/style/article/coin-fake-emperor-real-intl-scli-scn/index.html", "date_published": "2022-11-26 09:49:28+00:00", "persistent": false, "user": null, "language": "en-US"}, {"source": "http://rss.cnn.com/rss/edition.rss", "title": "One of Ukraine's largest hospitals nearly evacuated patients after Russian strikes cut water supply", "description": "One of Ukraine's largest state hospitals was \"on the verge of evacuating\" some patients after it lost water supply because of Russian air strikes on Wednesday, a regional official told CNN.", "link": "https://www.cnn.com/2022/11/26/europe/kyiv-hospital-water-supply-intl/index.html", "date_published": "2022-11-26 09:43:01+00:00", "persistent": false, "user": null, "language": "en-US"}, {"source": "http://rss.cnn.com/rss/edition.rss", "title": "Indian police arrest suspect in Australia's Toyah Cordingley murder case", "description": "Indian police have arrested a man in New Delhi in connection with the murder of an Australian woman found dead on a beach in 2018 -- ending a four-year international manhunt for her suspected killer.", "link": "https://www.cnn.com/2022/11/26/world/india-arrest-toyah-cordingley-murder-case-intl-hnk/index.html", "date_published": "2022-11-26 09:10:04+00:00", "persistent": false, "user": null, "language": "en-US"}, {"source": "http://rss.cnn.com/rss/edition.rss", "title": "Users are split over Black Twitter's chances to survive under Elon Musk", "description": "Black Twitter is mourning the possible end of the influential community they found on Twitter more than a decade ago, but users are split between finding a new app or staying put.", "link": "https://www.cnn.com/2022/11/26/us/black-twitter-future-reaj/index.html", "date_published": "2022-11-26 09:05:31+00:00", "persistent": false, "user": null, "language": "en-US"}, {"source": "http://rss.cnn.com/rss/edition.rss", "title": "Why war correspondent Sebastian Junger feels gratitude for his near-death experience", "description": "Sebastian Junger is used to dodging bullets in war zones, so he didn't expect to almost die in his own driveway.", "link": "https://www.cnn.com/2022/11/26/health/sebastian-junger-blood-donation-wellness/index.html", "date_published": "2022-11-26 08:02:25+00:00", "persistent": false, "user": null, "language": "en-US"}, {"source": "http://rss.cnn.com/rss/edition.rss", "title": "China's Urumqi to ease Covid lockdown amid public anger over deadly fire", "description": "Chinese authorities said Saturday they would lift a months-long Covid lockdown in the country's far western region of Xinjiang \"in stages\", following protests over a deadly fire at an apartment building in the regional capital of Urumqi.", "link": "https://www.cnn.com/2022/11/26/asia/xinjiang-urumqi-china-lockdown-protests-intl-hnk/index.html", "date_published": "2022-11-26 07:27:25+00:00", "persistent": false, "user": null, "language": "en-US"}, {"source": "http://rss.cnn.com/rss/edition.rss", "title": "Apple has a huge problem with its supplier's iPhone factory in China", "description": "A violent workers' revolt at the world's largest iPhone factory this week in central China is further scrambling Apple's strained supply and highlighting how the country's stringent zero-Covid policy is hurting global technology firms.", "link": "https://www.cnn.com/2022/11/25/tech/apple-foxconn-iphone-supply-china-covid-intl-hnk/index.html", "date_published": "2022-11-26 01:12:30+00:00", "persistent": false, "user": null, "language": "en-US"}, {"source": "http://rss.cnn.com/rss/edition.rss", "title": "Putin meets with mothers of fallen Russian soldiers", "description": "Russian President Vladmir Putin met with the mothers of Russian soldiers, some of whom have died while fighting his war in Ukraine. CNN's Fred Pleitgen reports.", "link": "https://www.cnn.com/videos/world/2022/11/25/putin-meets-with-mothers-of-fallen-russian-soldiers-pkg-tsr-intl-vpx.cnn", "date_published": "2022-11-26 00:32:56+00:00", "persistent": false, "user": null, "language": "en-US"}]