[{"source": "https://www.youtube.com/feeds/videos.xml?channel_id=UCR-DXc1voovS8nhAvccRZhg", "title": "They're using Raspberry Pis at the golf course now", "description": "You never know where a Raspberry Pi will pop up! The driving range near my house is powered by a Pi now.\n\nSupport me on Patreon: https://www.patreon.com/geerlingguy\nSponsor me on GitHub: https://github.com/sponsors/geerlingguy\nMerch: https://redshirtjeff.com\n2nd Channel: https://www.youtube.com/c/GeerlingEngineering\n\n#RaspberryPi #Golf", "link": "https://www.youtube.com/watch?v=xTo0j9H4i3Y", "date_published": "2022-07-06 00:00:00+00:00", "persistent": false, "user": null, "language": "en-US"}]