[{"source": "https://www.youtube.com/feeds/videos.xml?channel_id=UChnxLLvzviaR5NeKOevB8iQ", "title": "Writing a Modular x Analog Rytm Performance from Scratch", "description": "Watch the final performance here: https://www.youtube.com/watch?v=8Cef2vLtgSY\n\nIn this video, we'll create, from scratch, a Eurorack performance on Morphagene, samples from Native Instruments Playbox, and the Elektron Analog Rytm. \n\nGear in this video (via Patchwerks)\n\n4ms Ensemble Oscillator: https://shrsl.com/38qsh\nAcid Rain Maestro: https://shrsl.com/38qsy\nAcid Rain Navigator: http://shrsl.com/38qt2\nALM Pamela's New Workout: https://shrsl.com/38qt7\nElektron Analog Rytm MKII: https://shrsl.com/3igak\nIntellijel Quad VCA: https://shrsl.com/38qtx\nIntellijel Quadrax: https://shrsl.com/38qu0\nMake Noise Morphagene: https://shrsl.com/38quf\nNoise Engineering Loquelic Iteritas Percido:  https://shrsl.com/38qw6\nNoise Engineering Desmodus Versio: https://shrsl.com/38qwg\nNoise Engineering Imitor Versio: https://shrsl.com/38qwf\nNoise Engineering Melotus Versio: https://shrsl.com/38qwc\nQu-Bit Surface: https://shrsl.com/38qwr\nStrymon Starlab: https://shrsl.com/3964q\n\n00:00 intro\n00:55 setting up morphagene\n03:13 picking a key and tempo\n04:28 the novation peak\n05:50 the 4ms ensemble oscillator\n08:22 the elektron analog rytm\n11:57 the qu-bit surface\n12:35 the noise engineering LIP\n14:10 mutable instrument braids\n15:06 writing section 2 on the hapax\n18:51 writing section 3 on the hapax\n20:06 writing section 4 on the hapax\n20:58 writing the final section\n22:06 creating scenes on the analog rytm\n28:42 re-cap\n------------------------------------\nPatreon:  http://bit.ly/rmrpatreon\n\nMy Music: \nBandcamp: http://bit.ly/2Kq617o\nSoundcloud: http://bit.ly/2NOH9Is\nSpotify: https://spoti.fi/2N40SoX\nGoogle Play: http://bit.ly/33M9aG5\niTunes: https://apple.co/2pqh3SK\nAmazon Music: https://amzn.to/2O9q1fe\n\nMerch: http://bit.ly/rmrshirts\n\nConnect:\nTwitter: http://bit.ly/rmrtwitters\nWebsite: http://bit.ly/rmrmedia", "link": "https://www.youtube.com/watch?v=Pca3hBA8WBo", "date_published": "2022-07-05 00:00:00+00:00", "persistent": false, "user": null, "language": "en-US"}]