[{"source": "https://www.youtube.com/feeds/videos.xml?channel_id=UCH4BNI0-FOK2dMXoFtViWHw", "title": "Trying to Land a Plane (to Prove the Dunning-Kruger Effect)", "description": "SUBSCRIBE so you don\u2019t miss a video! \u25ba\u25ba http://bit.ly/iotbs_sub \nWe\u2019re on PATREON! Join the community https://www.patreon.com/itsokaytobesmart\n\u2193\u2193\u2193 More info and sources below \u2193\u2193\u2193\n\nYou may not be an expert, but perhaps you feel pretty confident that you could ride a motorcycle, or give someone a decent haircut - if you absolutely had to - right? Not so much, according to the psychological phenomenon known as the Dunning-Kruger Effect. Turns out we\u2019re all at risk of being overconfident about something. Watch Joe put this theory to the test as he tries to land a 737 (in a simulator, of course). Oh, did we mention Joe's not a pilot?\n\nReferences: https://sites.google.com/view/be-smart-dunning-kruger-effect/home \n\n-----------\n\nSpecial thanks to our Brain Trust Patrons:\n\nMark Littlehale\nAli Freiburger\nMehdi Damou\nBarbora Bei\nKen Board\nClinger-Hamilton Family\nAttila Pix\nBurt Humburg\nRoy Lasris\ndani bowman\nDavid Johnston\nSalih Arslan\nBaerbel Winkler\nRobert Young\nAmy Sowada\nEric Meer\nDustin\nKaren Haskell\n\nJoin us on Patreon! \nhttps://patreon.com/itsokaytobesmart\n\nTwitter \nhttp://www.twitter.com/DrJoeHanson\nhttp://www.twitter.com/okaytobesmart \n\nInstagram \nhttp://www.instagram.com/DrJoeHanson \nhttp://www.instagram.com/okaytobesmart \n\nMerch\nhttps://store.dftba.com/collections/its-okay-to-be-smart\n\nFacebook\nhttps://www.facebook.com/itsokaytobesmartpbs/", "link": "https://www.youtube.com/watch?v=2A7mblg5UKc", "date_published": "2022-07-06 00:00:00+00:00", "persistent": false, "user": null, "language": "en-US"}]