[{"source": "https://tvn24.pl/najwazniejsze.xml", "title": "Ostatnie momenty przed najazdem Rosjan", "description": "<img alt=\"Ostatnie momenty przed najazdem Rosjan\" src=\"https://tvn24.pl/najnowsze/cdn-zdjecie-nkivxn-ucieczka-z-irpienia-6081926/alternates/LANDSCAPE_1280\" />\n    Reporta\u017c Micha\u0142a Przedlackiego \"Ucieczka z Irpienia\".", "link": "https://tvn24.pl/go/programy,7/superwizjer-odcinki,10894/odcinek-1007,S00E1007,728324?source=rss", "date_published": "2022-08-24 09:12:28+00:00", "persistent": false, "user": null, "language": null}]