[{"source": "https://www.youtube.com/feeds/videos.xml?channel_id=UC8RfCCzWsMgNspTI-GTFenQ", "title": "40K LEGENDS - BATTLE-CAPTAIN NATHANIEL GARRO | Warhammer 40,000 Lore/History", "description": "Go to http://www.audible.com/luetin or text luetin to 500 500 to get your free trial.\n\u25ba Subscribe: http://goo.gl/oeZMBS \n\u25ba Crystal Fortress Premium Storage: http://bit.ly/3oFuDf7\n\u25ba Patreon: https://www.patreon.com/Luetin \n\u25ba Twitch: http://www.twitch.tv/Luetin\n\u25ba Twitter: http://twitter.com/luetin09\n\nTimestamps\n0:00 Intro\n1:55 A Legend of the Imperium\n7:03 Nathaniel Garro\n9:34 Contextual Details\n22:30 Fractured Legions\n43:11 The Eisenstein\n1:09:38 Garro vs Dorn\n1:15:15 The End of the Beginning\n1:18:42 Garro\n1:23:08 Knight Errant\n1:30:20 Outro\n\n\u25ba BGM Credits:\n\u25ba Kevin MacLeod (Royalty Free Music): http://incompetech.com/music/\n\u25ba https://epidemicsound.com\n\nThis video is an opinion editorial commentary.\nCopyright Disclaimer Under Section 107 of the Copyright Act 1976, allowance is made for fair use purposes such as criticism, commentary, parody, news reporting, teaching, scholarship, and research.\n\nAll works used in this video (Images, audio etc) belong to their respective authors\n(This does not include the audio commentary or licensed BGM).\n\nGames workshop, Warhammer 40,000, Warhammer, 40k, Space Marine Etc are all Trademarks of Games Workshop Ltd. Games Workshop does not endorse or support the 'Lore' videos. All views and opinions expressed in this video belong to Luetin09 and in no way reflect the views or opinions of Games Workshop Ltd.", "link": "https://www.youtube.com/watch?v=uiCxXWo7KNE", "date_published": "2022-08-25 00:00:00+00:00", "persistent": false, "user": null, "language": "en-US"}]