[{"source": "https://www.youtube.com/feeds/videos.xml?channel_id=UCNvzD7Z-g64bPXxGzaQaa4g", "title": "Top 10 NEW Games of September 2022", "description": "Looking for new September 2022 game releases on PC, PS5, PS4, Xbox Series X/S/One, or Nintendo Switch? We've got you covered.\nSubscribe for more: https://www.youtube.com/gameranxTV?sub_confirmation=1\n\n0:00 Intro\n0:15 Metal: Hellsinger \n1:23 No Place For Bravery \n2:34 The Last of Us Part I  \n3:48 Valkyrie Elysium\n4:47 The DioField Chronicle \n6:05 Splatoon 3\n7:13 Soulstice\n8:16 Isonzo  \n9:00 Return to Monkey Island\n10:18 Steelrising \n11:04 BONUS\n\n\n10 Metal: Hellsinger \nPlatfrom: PC PS4 XBOX ONE PS5 XSX|S \n\nRelease Date: September 15, 2022\n\n\n\n9 No Place For Bravery \n\nPlatfrom: Switch PC\n\nRelease Date: September 22, 2022\n\n\n\n8 The Last of Us Part I  \n\nPlatfrom: PS5 \n\nRelease Date: September 2, 2022 \n\n\n\n7 Valkyrie Elysium\n\nPlatfrom: PS4 PS5 \n\nRelease Date: September 29, 2022\n\n\n\n6 The DioField Chronicle \n\nPlatfrom: PC PS4 XBOX ONE PS5 XSX|S Switch\n\nRelease Date: September 22, 2022\n\n\n\n5 Splatoon 3\n\nPlatfrom: Switch\n\nRelease Date: September 9, 2022\n\n\n\n4 Soulstice\n\nPlatfrom: PC PS5 XSX|S \n\nRelease Date: September 20, 2022\n\n\n\n3 Isonzo  \n\nPlatfrom: PC PS4 XBOX ONE PS5 XSX|S \n\nRelease Date: September 13, 2022 \n\n\n\n2 Return to Monkey Island\n\nPlatfrom: PC Switch\n\nRelease Date: September 19, 2022\n\n\n\n1 Steelrising \n\nPlatfrom: PC PS5 XSX|S\n\nRelease Date: September 8, 2022\n\n\n\nBONUS\n\n\n\nFIFA 23 \n\nPlatfrom: PC PS4 XBOX ONE PS5 XSX|S Switch Stadia\n\nRelease Date: September 30, 2022\n\n\n\nSlime Rancher 2\n\nPlatfrom: PC XSX|S\n\nRelease Date: September 22, 2022(early access)\n\n\n\nMoonscars\n\nPlatfrom: PC PS4 XBOX ONE PS5 Switch XSX|S\n\nRelease Date: September 27, 2022\n\n\n\nNBA 2K23\n\nPlatfrom: PC PS4 XBOX ONE PS5 XSX|S Switch\n\nRelease Date: September 9, 2022\n\n\n\nOuter Wilds \n\nPlatfrom: PS5 XSX|S\n\nRelease Date: September 15, 2022\n\n\n\nTemtem \n\nPlatfrom: PS5 XSX|S Switch PC\n\nRelease Date: September 6, 2022", "link": "https://www.youtube.com/watch?v=XX8ZJQ5--44", "date_published": "2022-08-25 00:00:00+00:00", "persistent": false, "user": null, "language": "en-US"}, {"source": "https://www.youtube.com/feeds/videos.xml?channel_id=UCNvzD7Z-g64bPXxGzaQaa4g", "title": "Top 10 NEW Games of Gamescom 2022", "description": "Here are some cool brand new games announced at Gamescom 2022 for PC, PS5, PS4, Xbox Series X/S/One and Nintendo Switch.\nSubscribe for more: https://www.youtube.com/gameranxTV?sub_confirmation=1\n\n0:00 Intro\n0:27 Dune Awakening\n1:09 Everywhere\n2:14 Moonbreaker  \n3:19 Atlas Fallen\n4:23 Lords of the fallen  \n5:45 Killer Clowns From Outer Space The Game\n6:39 Destiny 2 Lightfall\n7:25 Where Winds Meet\n8:28 Phantom Hellcat\n9:09 Dead Island 2\n10:04 BONUS\n\n\n10 Dune Awakening\n\nPlatform: PC PS5 XSX|S\n\nRelease Date: TBA \n\n\n\n9 Everywhere\n\nPlatform: TBA \n\nRelease Date: 2023 \n\n\n\n8 Moonbreaker  \n\nPlatform: PC \n\n\n\n7 Atlas Fallen\n\nPlatform: PC PS5 XSX|S \n\nRelease Date: TBA 2023\n\n\n\n6 Lords of the fallen  \n\nPlatform: PC PS5 XSX|S\n\nRelease Date: TBA\n\n\n\n5 Killer Clowns From Outer Space The Game\n\nPlatform: PC PS4 Xbox One PS5 XSX|S\n\nRelease Date: Q2 2023\n\n\n\n4 Destiny 2 Lightfall\n\nPlatform: PC XSX|S Xbox One, PS5 PS4 Stadia\n\nRelease Date: February 28, 2023\n\n\n\n3 Where Winds Meet\n\nPlatform: PC \n\nRelease Date: TBA\n\n\n\n2 Phantom Hellcat\n\nPlatform: PC PS4 Xbox One PS5 XSX|S \n\nRelease Date: TBA\n\n\n\n1 Dead Island 2\n\nPlatform: PC XSX|S Xbox One Stadia PS5 PS4 \n\nRelease Date: Feb 3, 2023 \n\n\n\nBONUS\n\n\n\nMoving Out 2 \n\nPlatform: PC XSX|S Xbox One Switch PS5 PS4 \n\nRelease Date: TBA 2023", "link": "https://www.youtube.com/watch?v=FX8bCukmARM", "date_published": "2022-08-24 00:00:00+00:00", "persistent": false, "user": null, "language": "en-US"}]