[{"source": "https://www.youtube.com/feeds/videos.xml?channel_id=UCw--xPGVVxYzRsWyV1nFqgg", "title": "House of the Dragon GOOD?! \ud83d\udc09 NEW Rings of Power Trailer \ud83d\udc8dDUNE: Awakening | FANTASY NEWS", "description": "Hello Future Fantasy News!\n\nMary Robinette Kowal's The Spare Man! https://www.tor.com/2022/08/19/excerpts-the-spare-man-by-mary-robinette-kowal/\n\nNew Channel: https://www.youtube.com/channel/UC9tQ...\nPatreon: https://www.patreon.com/DanielBGreene \nAll the Me Social Links: https://linktr.ee/DanielGreene\n\nMerch: https://www.designbyhumans.com/shop/F... \n\nLawful Times Series: \nBreach of Peace: https://amzn.to/3CnKsfX\nRebels Creed: https://amzn.to/3Gtqt2p\n\nEquipment: \nCamera: https://amzn.to/3siqgHv  \nLense: https://amzn.to/3ugGxhQ  \nLighting: https://amzn.to/3aI3brK  \nMicrophone: https://amzn.to/3pCGtWg  \nTripod: https://amzn.to/3kd9yq1  \n\nP.O. Box: PO Box 7874 Henrico, VA 23231", "link": "https://www.youtube.com/watch?v=tphgJINNLwY", "date_published": "2022-08-25 00:00:00+00:00", "persistent": false, "user": null, "language": "en-US"}]