[{"source": "https://www.youtube.com/feeds/videos.xml?channel_id=UCTTZqMWBvLsUYqYwKTdjvkw", "title": "Jak zacz\u0105\u0107 startup? feat. Jia-Hong Shaw", "description": "\ud83d\udeb4 S\u0142yszeli\u015bcie o inwestorze z Azji, kt\u00f3ry przemierza Europ\u0119 na rowerze w poszukiwaniu innowacji w zakresie zr\u00f3wnowa\u017conego rozwoju i dekarbonizacji? Ja te\u017c nie, ale dzi\u0119ki pomocy Tomka Wierzchowskiego uda\u0142o nam si\u0119 skontaktowa\u0107 i porozmawia\u0107 troch\u0119 o startupach oraz inwestowaniu w nie na bardzo wczesnym etapie rozwoju.\n\n\ud83c\udf31 Seed vs. pre-seed\nhttps://www.brex.com/blog/pre-seed-vs-seed-funding-round-what-is-the-difference/\n\n\ud83d\udcb8 Sell-side vs. buy-side\nhttps://corporatefinanceinstitute.com/resources/careers/jobs/buy-side-vs-sell-side/\n\nDane kontaktowe mojego go\u015bcia, Jia-Hong Shaw:\nwww: https://www.turnoffturnon.life\nLinkedIn: https://www.linkedin.com/company/turn-off-turn-on/\nYouTube: https://youtube.com/channel/UCDGn6QqN34RyrUjSkqb7iMA\nIntagram: https://www.instagram.com/turnoffturnon.life/\nFormularz kontaktowy: https://forms.gle/uzucTRzFpC8XFguX6\n\nDziekuj\u0119 Tomkowi Wierzchowskiemu za skontaktowanie mnie z Jia!\nTutaj znajdziecie jego kana\u0142 na youtube: \nhttps://www.youtube.com/channel/UCiBqcqMQx6v5k7KWABiNvmQ\n\nRelevant xkcd: https://xkcd.com/1772/\n\n\u00a9 Wszystkie znaki handlowe nale\u017c\u0105 do ich prawowitych w\u0142a\u015bcicieli.\n\nDzi\u0119kuj\u0119 za Wasz\u0105 uwag\u0119. \u2764\ufe0f\n\nZnajdziecie mnie r\u00f3wnie\u017c na;\nInstagramie @mateuszemsi https://www.instagram.com/mateuszemsi/\nTwitterze @MateuszChrobok https://twitter.com/MateuszChrobok\nLinkedInie @mateuszchrobok https://www.linkedin.com/in/mateuszchrobok/\nPatronite @MateuszChrobok https://patronite.pl/MateuszChrobok\nPodcasty na;\nAnchor https://anchor.fm/mateusz-chrobok\nSpotify https://open.spotify.com/show/6y6oWs20HwRejktOWHTteR\nApple Podcasts https://apple.co/3OwjvOh\n\nRozdzia\u0142y/pytania:\n00:00 Intro\n00:43 Historia\n02:01 Specjalizacja\n03:30 Inwestowanie w pomys\u0142\n05:15 Pow\u00f3d specjalizacji\n07:55 Jak wycenia\u0107?\n14:28 Poszukiwanie i pitch\n17:46 Dalszy rozw\u00f3j\n18:50 Osoba foundera\n22:53 Dwie porady\n26:25 Co czyni pomys\u0142 interesuj\u0105cym\n28:29 Akceleratory, inkubatory\n31:37 Czy zawsze pierwszy wygrywa?\n33:48 Tworzenie zespo\u0142u\n35:30 R\u00f3\u017cnice kulturowe\n37:10 M\u00f3j komentarz\n38:59 Trenowanie zespo\u0142u\n39:32 Kultura pracy\n41:18 Pitchuj mojego go\u015bcia!", "link": "https://www.youtube.com/watch?v=8Ys0zWl3h6I", "date_published": "2022-08-25 00:00:00+00:00", "persistent": false, "user": null, "language": "en-US"}]