[{"source": "https://www.youtube.com/feeds/videos.xml?channel_id=UCF9IOB2TExg3QIBupFtBDxg", "title": "Monkeypox, multiple mutations confirmed", "description": "Monkeypox, upgraded to a notifiable disease\n\nDoctors required to notify health authorities of every case\n\nLabs must tell the UK Health Security Agency (UKHSA)\n\nhttps://reference.medscape.com/slideshow/monkeypox-6015388?src=mkm_ret_220616_mscpmrk_exclusiveuk_int&uac=127834AR&impID=4337730&faf=1#8\n\nSame legal status as 33 other diseases\n\nhttps://www.gov.uk/guidance/notifiable-diseases-and-causative-organisms-how-to-report\n\nAcute encephalitis\nAcute infectious hepatitis\nAcute meningitis\nAcute poliomyelitis\nAnthrax\nBotulism\nBrucellosis\nCholera\nCOVID-19\nDiphtheria\nEnteric fever (typhoid or paratyphoid fever)\nFood poisoning\nHaemolytic uraemic syndrome (HUS)\nInfectious bloody diarrhoea\nInvasive group A streptococcal disease\nLegionnaires\u2019 disease\nLeprosy\nMalaria\nMeasles\nMeningococcal septicaemia\nMonkeypox\nMumps\nPlague\nRabies\nRubella\nSevere Acute Respiratory Syndrome (SARS)\nScarlet fever\nSmallpox\nTetanus\nTuberculosis\nTyphus\nViral haemorrhagic fever (VHF)\nWhooping cough\nYellow fever\n\n40 countries\n\nUK\n\nhttps://www.gov.uk/government/news/monkeypox-cases-confirmed-in-england-latest-updates\n\nCases, 524\n\nAnyone can get monkeypox, \n\nparticularly if you have had close contact, including sexual contact, with an individual with symptoms. \n\nContact followed by rash with blisters\n\nSudden and unexpected number of cases, previous silent spread\n\nCurrently most cases have been in men who are gay, bisexual or have sex with men.\n\nHow common is lesbian, gay or bisexual (LGB) \n\nhttps://www.ons.gov.uk/peoplepopulationandcommunity/culturalidentity/sexuality/bulletins/sexualidentityuk/2019\n\nUK population aged 16 years and\n\n2.7% of the UK population aged 16 years and over identified as lesbian, gay or bisexual (LGB) in 2019\n\n(2.2% in 2018)\n\nBetween 2018 and 2019\n\nMen identifying as GB increased from 2.5% to 2.9%\n\nWomen identifying as LB increased from 2.0% to 2.5%\n\nMonkeypox is being transmitted in geographically diffuse sexual networks. \n\nhttps://www.gov.uk/government/publications/monkeypox-outbreak-technical-briefings\n\nNearly all (98%) of interviewed cases reported sex with other men during the incubation period (5 to 21 days)\n\nFirst technical briefing\n\nhttps://www.gov.uk/government/publications/monkeypox-outbreak-technical-briefings/investigation-into-monkeypox-outbreak-in-england-technical-briefing-1\n\nLevel 1\nIncursions from rest of the world \u2013 small numbers of imported cases with limited onward transmission.\n\nLevel 2\nTransmission within a defined sub-population with high number of close contacts.\n\nLevel 3\nTransmission within multiple sub-populations or larger sub-population.\n\nLevel 4\nWider significant community transmission \u2013 with potential for endemic and local epi-zoonotic disease.\n\nDetailed case interviews, traditional contact tracing is currently challenging,\n\nidentify transmission networks\n\nSerial interval, 9.8 days (95% credible interval, 5.9 to 21.4)\n\n(Interval between clinical onsets)\n\nThe mutations specific to the current global outbreak clade are distributed across the genome. \n\nThere is a small subset of mutations in proteins that are involved in virus transmission, virulence, or interaction with antiviral drugs. \n\nUKHSA has convened an expert group of public health, NHS and academic partners to steer a comprehensive investigation.\n\nProf David Heymann, infectious disease\n\nUK decision, concern transmission is occurring outside most at-risk groups\n\nSo far, gay, bisexual men\n\nLatest outbreak driven by sexual networks\n\nIt suggests that they want to focus surveillance on the entire population \u2013 not only on the risk groups identified so far\n\nProf Francois Balloux, University College London Genetics Institute\n\nMore infections than cases\n \nThis is particularly the case for a disease which can often be mild with fairly unspecific symptoms such as monkeypox. \n\nIt is difficult to work out at the moment whether cases are going up, down or plateauing worldwide \u2026 but this is not a \u2018Covid-level\u2019 health scare", "link": "https://www.youtube.com/watch?v=FJDjKZJBcqQ", "date_published": "2022-06-16 00:00:00+00:00", "persistent": false, "user": null, "language": "en-US"}]