[{"source": "https://www.youtube.com/feeds/videos.xml?channel_id=UCqqY6fzyLY3OmdjYRe2eJAg", "title": "Roosevelt feat. Nile Rodgers - Passion (Official Video)", "description": "'POLYDANS' - my new album - out now! Stream / Purchase here: https://roosevelt.lnk.to/Polydans\n\nFOLLOW Roosevelt on Facebook, Instagram and more https://roosevelt.lnk.to/follow\u200b\nWebsite: https://roosevelt.lnk.to/website\u200b \n\nThis is the Official Youtube Channel for Roosevelt. \nSUBSCRIBE NOW to be kept up to date with the latest music, videos, tour dates, behind the scenes footage and more https://roosevelt.lnk.to/subscribe\u200b\n\n\nANIMATION BY: https://www.meroestudio.tv/\n\nMUSIC CREDITS\n\nNile Rodgers - Guitars \nBim Amoako-Gyampah - Backing Vocals\nJakob Amr - Backing Vocals\nTil Schneider - Brass Section\nNathan Boddy - Mix & Master\n\nLYRICS\n\nI was all run down\nMy heart was on the line\nHeard you're leaving town\nIf we only had the time\n\nGive me the feel of something new\nAll it that it takes for us to carry on\nSend me your light to make it through\nIt's been fading for too long\n\nWhere's your\nPassion\nIt's just about time to let it go\nOpen your eyes\nPassion\nThere's something in you i got to know\nJust realize \noohh\nYour love will keep us going strong\nSo i won't ever lose my\nPassion\nOhhh\n\nI was all run down\nMy heart was on the line\nHeard you're leaving town\nIf we only had the time\n\nGive me the feel of something new\nAll it that it takes for us to carry on\nSend me your light to make it through\nIt's been fading for too long\n\nWhere's your\nPassion\nIt's just about time to let it go\nOpen your eyes\nPassion\nThere's something in you i got to know\nJust realize \noohh\nYour love will keep us going strong\nSo i won't ever lose my\nPassion\nOhhh\n\nPassion\nIt's just about time to let it go\nPassion\nThere's something in you i got to know\nPassion\nIt's just about time to let it go\nPassion\nThere's something in you i got to know \n\n#Roosevelt #NileRodgers #Disco #Passion #OfficialVideo", "link": "https://www.youtube.com/watch?v=4byolRzsPmo", "date_published": "2022-06-15 09:00:11+00:00", "persistent": false, "user": null, "language": "en-US"}]