[{"source": "https://www.youtube.com/feeds/videos.xml?channel_id=UCR-DXc1voovS8nhAvccRZhg", "title": "Why are Industrial Pis so expensive?", "description": "Find out more about PiBox and Kubesail: https://pibox.io/?ref=geerlingguy\n\nEverything else I referenced in this video:\n\n  - Entry form for PiBox Giveaway: https://www.jeffgeerling.com/pibox\n  - Lincoln-Binns CM4 Enclosures: https://lincolnbinns.com/shop/internet-of-things-iot/compute-module-4-enclosures.html\n  - Onlogic Factor 200 Series: https://www.onlogic.com/computers/industrial/fanless/factor-200/\n  - fieldcloud SAS: https://fieldcloud.com\n\nSupport me on Patreon: https://www.patreon.com/geerlingguy\nSponsor me on GitHub: https://github.com/sponsors/geerlingguy\nMerch: https://redshirtjeff.com\n2nd Channel: https://www.youtube.com/c/GeerlingEngineering\n\n#RaspberryPi #IoT #sponsored \n\nContents:\n\n00:00 - Bomb-proof? Really?\n01:15 - Industrial Pis cost more\n02:05 - Lincoln-Binns CM4-Box\n03:17 - What makes a Pi 'industrial'?\n04:30 - Onlogic Factor 201\n08:20 - Mil\u00fc-X - explosive environments\n14:38 - What goes into the final price\n16:11 - Why use a Raspberry Pi?\n17:54 - PiBox Giveaway", "link": "https://www.youtube.com/watch?v=9MqJI_F-sz8", "date_published": "2022-06-15 00:00:00+00:00", "persistent": false, "user": null, "language": "en-US"}]