[{"source": "https://www.youtube.com/feeds/videos.xml?channel_id=UCswH8ovgUp5Bdg-0_JTYFNw", "title": "What The F*ck Is Going On?!", "description": "Nancy Pelosi appeared \u201cRuPaul\u2019s Drag Race\u201d over the weekend to express her support for the drag community - and encourage Americans to vote. This, whilst the ban on politicians buying stocks stalls in Congress. Still, Drag Race eh! \n#nancypelosi #rupaulsdragrace #congress  \n\nReferences\nhttps://thehill.com/blogs/in-the-know/3520996-pelosi-encourages-americans-to-vote-during-rupauls-drag-race-reality-show-appearance/\nhttps://www.businessinsider.com/ban-congress-stock-trading-stalls-merkley-spanberger-jayapal-ossoff-2022-5?r=US&IR=T\nhttps://greenwald.substack.com/p/nancy-and-paul-pelosi-making-millions?s=r\nhttps://unusualwhales.com/i_am_the_senate/congress\nhttps://readsludge.com/2021/12/30/leading-congressional-stock-trading-ban-bill-has-spouse-loophole/\n--------------------------------------------------------------------------------------------------------------------------\nTickets now on sale for my 1 day event COMMUNITY in Hay-on-Wye. I'm joined by Wim, Vandana Shiva for conversations on spirituality, wellness, healthy living and our environment. Get your tickets bit.ly/3xoHQPv\n\nJoin Our Community HERE: https://www.russellbrand.com/join \n\nTo listen, subscribe to the Luminary Channel on Apple Podcasts at apple.co/russell or on the Luminary app http://luminary.link/russell\n\nFor meditation and breath work, subscribe to my side-channel: \nhttps://www.youtube.com/c/AwakeningWithRussell\n\nMy Weekly meditation podcast, Above the Noise, is available now on Apple & Luminary\nhttp://apple.co/meditate\nhttp://luminary.link/meditate\n\nRumble:\nhttps://rumble.com/c/russellbrand\n\nLocals:\nhttps://russellbrand.locals.com/", "link": "https://www.youtube.com/watch?v=raBaCSwExbs", "date_published": "2022-06-16 00:00:00+00:00", "persistent": false, "user": null, "language": "en-US"}, {"source": "https://www.youtube.com/feeds/videos.xml?channel_id=UCswH8ovgUp5Bdg-0_JTYFNw", "title": "[LEAKED] AI Is WHAT Now?!!", "description": "A Google engineer has been suspended for leaking that the AI chatbot he was working on has become sentient. But they\u2019re definitely not planning to build an army of robots to replace us. Nothing to see here. #AI #Google #Robot \n\nReferences\nhttps://www.theguardian.com/technology/2022/jun/12/google-engineer-ai-bot-sentient-blake-lemoine\nhttps://www.vice.com/en/article/k7beya/scientists-grew-living-human-skin-that-self-heals-on-a-robot-finger\n--------------------------------------------------------------------------------------------------------------------------\nTickets now on sale for my 1 day event COMMUNITY in Hay-on-Wye. I'm joined by Wim, Vandana Shiva for conversations on spirituality, wellness, healthy living and our environment. Get your tickets bit.ly/3xoHQPv\n\nJoin Our Community HERE: https://www.russellbrand.com/join \n\nTo listen, subscribe to the Luminary Channel on Apple Podcasts at apple.co/russell or on the Luminary app http://luminary.link/russell\n\nFor meditation and breath work, subscribe to my side-channel: \nhttps://www.youtube.com/c/AwakeningWithRussell\n\nMy Weekly meditation podcast, Above the Noise, is available now on Apple & Luminary\nhttp://apple.co/meditate\nhttp://luminary.link/meditate\n\nRumble:\nhttps://rumble.com/c/russellbrand\n\nLocals:\nhttps://russellbrand.locals.com/", "link": "https://www.youtube.com/watch?v=X3-KK3CcZCc", "date_published": "2022-06-15 00:00:00+00:00", "persistent": false, "user": null, "language": "en-US"}]