[{"source": "https://www.youtube.com/feeds/videos.xml?channel_id=UCqg5FCR7NrpvlBWMXdt-5Vg", "title": "The Anime Series That I Actually Enjoy | Extra Punctuation", "description": "This episode of Extra Punctuation is brought to you by Buyee. Use our link to get \u00a52000 off your first purchase at Buyee. https://bit.ly/buyee-TheEscapist\n\nJoin YouTube Memberships and support our content for Early Access to new videos, exclusive Discord perks & more for just $2 per month \u25ba\u25ba https://www.youtube.com/channel/UCqg5FCR7NrpvlBWMXdt-5Vg/join\n\nJoin our growing Discord community: https://discord.gg/A6T2gKrDwB\n\nSubscribe to Escapist Magazine! \u25ba\u25ba http://bit.ly/Sub2Escapist\n\nWant to see the next episode a week early? Check out http://www.escapistmagazine.com for the latest episodes of your favorite shows.\n\n---\n\n\n\n---\n\nThe Escapist Merch Store \u25ba\u25bahttps://teespring.com/stores/the-escapist-store\nJoin us on Twitch \u25ba\u25ba https://www.twitch.tv/the_escapist_official\nLike us on Facebook \u25ba\u25ba http://www.facebook.com/EscapistMag\nFollow us on Twitter \u25ba\u25ba https://twitter.com/EscapistMag\n\n#buyee", "link": "https://www.youtube.com/watch?v=A7LOy7WQuZY", "date_published": "2022-06-16 00:00:00+00:00", "persistent": false, "user": null, "language": "en-US"}, {"source": "https://www.youtube.com/feeds/videos.xml?channel_id=UCqg5FCR7NrpvlBWMXdt-5Vg", "title": "A Discussion About Video Game Leaks | Breakout", "description": "With Summer Game Fest now over, Marty, KC and Nick sit down to discuss video game leaks as there was a bit of controversy about them before the start of the festivities. \r\n\r\nFeaturing Nick Calandra, Marty Sliva, and KC Nwosu, the freeform podcast dives into a bit of our daily lives, the latest games, movies, tv shows and books, the occasional craft beer review and random topics we find interesting.\r\n\r\nNew episodes every Wednesday morning from 9 AM to 10:00 AM CT. \r\n\r\nJoin YouTube Memberships and support our content for Early Access to new videos, exclusive Discord perks & more for just $2 per month \u25ba\u25ba https://www.youtube.com/channel/UCqg5FCR7NrpvlBWMXdt-5Vg/join\r\n\r\nSubscribe to Escapist Magazine! \u25ba\u25ba http://bit.ly/Sub2Escapist\r\n\r\nWant to see the next episode a week early? Check out http://www.escapistmagazine.com for the latest episodes of your favorite shows.\r\n\r\n---\r\n\r\n\r\n\r\n---\r\n\r\n\r\nZero Punctuation Merch Store \u25ba\u25bahttps://teespring.com/stores/the-escapist-store\r\nJoin us on Twitch \u25ba\u25ba https://www.twitch.tv/the_escapist_official\r\nLike us on Facebook \u25ba\u25ba http://www.facebook.com/EscapistMag\r\nFollow us on Twitter \u25ba\u25ba https://twitter.com/EscapistMag", "link": "https://www.youtube.com/watch?v=DI0SmDILwtA", "date_published": "2022-06-15 00:00:00+00:00", "persistent": false, "user": null, "language": "en-US"}, {"source": "https://www.youtube.com/feeds/videos.xml?channel_id=UCqg5FCR7NrpvlBWMXdt-5Vg", "title": "Sifu (Zero Punctuation)", "description": "This week on Zero Punctuation, Yahtzee reviews Sifu.\n\nJoin YouTube Memberships and support our content for Early Access to new videos, exclusive Discord perks & more for just $2 per month \u25ba\u25ba https://www.youtube.com/channel/UCqg5FCR7NrpvlBWMXdt-5Vg/join\n\nJoin our growing Discord community: https://discord.gg/A6T2gKrDwB\n\nSubscribe to Escapist Magazine! \u25ba\u25ba http://bit.ly/Sub2Escapist\n\nWant to see the next episode a week early? Check out http://www.escapistmagazine.com for the latest episodes of your favorite shows.\n\n---\n\n\n\n---\n\nThe Escapist Merch Store \u25ba\u25bahttps://teespring.com/stores/the-escapist-store\nJoin us on Twitch \u25ba\u25ba https://www.twitch.tv/the_escapist_official\nLike us on Facebook \u25ba\u25ba http://www.facebook.com/EscapistMag\nFollow us on Twitter \u25ba\u25ba https://twitter.com/EscapistMag\n\n#zeropunctuation", "link": "https://www.youtube.com/watch?v=XuO-0-TnwYA", "date_published": "2022-06-15 00:00:00+00:00", "persistent": false, "user": null, "language": "en-US"}, {"source": "https://www.youtube.com/feeds/videos.xml?channel_id=UCqg5FCR7NrpvlBWMXdt-5Vg", "title": "Teenage Mutant Ninja Turtles: Shredder's Revenge | 3 Minute Review", "description": "KC Nwosu reviews Teenage Mutant Ninja Turtles: Shredder's Revenge, developed by Tribute Games Inc.\n\nTeenage Mutant Ninja Turtles: Shredder's Revenge on Steam: https://store.steampowered.com/app/1361510/Teenage_Mutant_Ninja_Turtles_Shredders_Revenge/\n\nJoin YouTube Memberships and support our content for Early Access to new videos, exclusive Discord perks & more for just $2 per month \u25ba\u25ba https://www.youtube.com/channel/UCqg5FCR7NrpvlBWMXdt-5Vg/join\n\nJoin our growing Discord community: https://discord.gg/A6T2gKrDwB\n\nSubscribe to Escapist Magazine! \u25ba\u25ba http://bit.ly/Sub2Escapist\n\nWant to see the next episode a week early? Check out http://www.escapistmagazine.com for the latest episodes of your favorite shows.\n\n---\n\n\n\n---\n\nThe Escapist Merch Store \u25ba\u25bahttps://teespring.com/stores/the-escapist-store\nJoin us on Twitch \u25ba\u25ba https://www.twitch.tv/the_escapist_official\nLike us on Facebook \u25ba\u25ba http://www.facebook.com/EscapistMag\nFollow us on Twitter \u25ba\u25ba https://twitter.com/EscapistMag", "link": "https://www.youtube.com/watch?v=jCIr2aGRuuc", "date_published": "2022-06-15 00:00:00+00:00", "persistent": false, "user": null, "language": "en-US"}, {"source": "https://www.youtube.com/feeds/videos.xml?channel_id=UCqg5FCR7NrpvlBWMXdt-5Vg", "title": "Yahtzee and JM8 Play The Quarry | Post-ZP Stream", "description": "Join our YouTube Membership program for Early Access to videos, badges, emojis, bonus content and more. \u25ba\u25ba https://www.youtube.com/channel/UCqg5FCR7NrpvlBWMXdt-5Vg/join\r\n\r\nYahtzee plays two hours of The Quarry for today's Post-ZP Stream.\r\n\r\nSubscribe to Escapist Magazine! \u25ba\u25ba http://bit.ly/Sub2Escapist\u200b\r\n\r\nWant to see the next episode a week early? Check out http://www.escapistmagazine.com\u200b for the latest episodes of your favorite shows.\r\n\r\n---\r\n\r\n\r\n\r\n---\r\n\r\n\r\nThe Escapist Merch Store \u25ba\u25bahttps://teespring.com/stores/the-esca...\u200b\r\nJoin us on Twitch \u25ba\u25ba https://www.twitch.tv/the_escapist_official\r\nLike us on Facebook \u25ba\u25ba http://www.facebook.com/EscapistMag\u200b\r\nFollow us on Twitter \u25ba\u25ba https://twitter.com/EscapistMag\r\n\r\n#ZeroPunctuation", "link": "https://www.youtube.com/watch?v=_Kd3jaEtH28", "date_published": "2022-06-15 00:00:00+00:00", "persistent": false, "user": null, "language": "en-US"}]