[{"source": "https://www.youtube.com/feeds/videos.xml?channel_id=UCswH8ovgUp5Bdg-0_JTYFNw", "title": "Doomsday Preppers - Do They Know Something We Don\u2019t?!", "description": "Bradley Garrett warns that we are operating under an illusion and they\u2019re trying to distract us from the truth! Do doomsday preppers know something we don\u2019t?! \n#doomsdaypreppers #doomsday #offgridliving #illusion #society \n\nGet tickets for my 2022 tour here: http://bit.ly/33_2022\n\nElites are taking over! Our only hope is to form our own. To learn more join my cartel here https://www.russellbrand.com/join and get weekly bulletins too incendiary for anything but your private inbox.\n*not a euphemism\n\nListen to my Luminary Original podcast, Under The Skin, to hear from guests including Edward Snowden, Jonathan Haidt, Jordan Peterson, Naomi Klein, Kehinde Andrews, Adam Curtis and Vandana Shiva.\nSubscribe to Luminary at luminary.link/russell\n\nFor meditation and breath work, subscribe to my side-channel: \nhttps://www.youtube.com/c/AwakeningWithRussell\n\nMy NEW weekly meditation podcast, Above the Noise, is available now only on Luminary. Meditate with me here: luminary.link/meditate\n\nFOOTBALL IS NICE is my free, weekly, full-length podcast - subscribe here: https://www.youtube.com/c/FootballisNiceRussellBrand\n\nMy Audible Original, \u2018Revelation', is out NOW!\nUS: http://adbl.co/revelation\nUK: http://adbl.co/revelationuk\nAU: http://adbl.co/revelationau\nCA: http://adbl.co/revelationca\n\nFacebook:\nhttps://www.facebook.com/RussellBrand/\n\nInstagram: \nhttps://instagram.com/russellbrand/\n\nTwitter: \nhttps://twitter.com/rustyrockets\n\nTikTok:\nhttps://www.tiktok.com/@russellbrand\n\nRumble:\nhttps://rumble.com/c/russellbrand\n\nLocals:\nhttps://russellbrand.locals.com/", "link": "https://www.youtube.com/watch?v=8RRrOIv2P28", "date_published": "2022-01-02 00:00:00+00:00", "persistent": false, "user": null, "language": "en-US"}, {"source": "https://www.youtube.com/feeds/videos.xml?channel_id=UCswH8ovgUp5Bdg-0_JTYFNw", "title": "Happy New Year!! VIRAL Moments & Biggest Stories From 2021", "description": "Goodbye 2021! To celebrate the end of 2021, here are some of my favourite moments of the year!\n#HappyNewYear #2022\n\nGet tickets for my 2022 tour here: http://bit.ly/33_2022\n\nElites are taking over! Our only hope is to form our own. To learn more join my cartel here https://www.russellbrand.com/join and get weekly bulletins too incendiary for anything but your private inbox.\n*not a euphemism\n\nListen to my Luminary Original podcast, Under The Skin, to hear from guests including Edward Snowden, Jonathan Haidt, Jordan Peterson, Naomi Klein, Kehinde Andrews, Adam Curtis and Vandana Shiva.\nSubscribe to Luminary at luminary.link/russell\n\nFor meditation and breath work, subscribe to my side-channel: \nhttps://www.youtube.com/c/AwakeningWithRussell\n\nMy NEW weekly meditation podcast, Above the Noise, is available now only on Luminary. Meditate with me here: luminary.link/meditate\n\nFOOTBALL IS NICE is my free, weekly, full-length podcast - subscribe here: https://www.youtube.com/c/FootballisNiceRussellBrand\n\nMy Audible Original, \u2018Revelation', is out NOW!\nUS: http://adbl.co/revelation\nUK: http://adbl.co/revelationuk\nAU: http://adbl.co/revelationau\nCA: http://adbl.co/revelationca\n\nFacebook:\nhttps://www.facebook.com/RussellBrand/\n\nInstagram: \nhttps://instagram.com/russellbrand/\n\nTwitter: \nhttps://twitter.com/rustyrockets\n\nTikTok:\nhttps://www.tiktok.com/@russellbrand\n\nRumble:\nhttps://rumble.com/c/russellbrand\n\nLocals:\nhttps://russellbrand.locals.com/", "link": "https://www.youtube.com/watch?v=l9uFSiKpOIo", "date_published": "2022-01-01 00:00:00+00:00", "persistent": false, "user": null, "language": "en-US"}]