[{"source": "https://www.youtube.com/feeds/videos.xml?channel_id=UCbu2SsF-Or3Rsn3NxqODImw", "title": "Firearms Expert\u2019s MOST CURSED Weapons Of 2021", "description": "Jonathan Ferguson, a weapons expert and Keeper of Firearms & Artillery at the Royal Armouries, breaks down some of the most cursed weapons of 2021, including one of the weakest Desert Eagles in gaming, a golden STG-44, and several of the firearms from Call of Duty: Vanguard.\n\nIn the latest video in the Firearm Expert Reacts series, Jonathan Ferguson--a weapons expert and Keeper of Firearms & Artillery at the Royal Armouries--breaks down some of the most cursed weapons he\u2019s seen across the past year.\n\nIf you're interested in seeing more of Jonathan's work, you can check out more from the Royal Armouries right here. - https://www.youtube.com/user/RoyalArmouries\n\nIf you would like to support the Royal Armouries, you can make a charitable donation to the museum here. - https://royalarmouries.org/support-us/donations/\n\nAnd if you would like to become a member of the Royal Armouries, you can get a membership here. - https://royalarmouries.org/support-us/membership/\n\nYou can either purchase Jonathan's book here. - https://www.headstamppublishing.com/bullpup-rifle-book\n\nOr at the Royal Armouries shop here. - https://shop.royalarmouries.org/collections/thorneycroft-to-sa80-british-bullpup-firearms-1901-2020\n\nYou can subscribe to the Armax Journal that Jonathan Associate Edited here: https://www.armaxjournal.org/", "link": "https://www.youtube.com/watch?v=QnbY28EbDCM", "date_published": "2022-01-01 00:00:00+00:00", "persistent": false, "user": null, "language": "en-US"}]