[{"source": "http://feeds.bbci.co.uk/news/rss.xml", "title": "Map drawn from memory helps reunite kidnapped Chinese man with family", "description": "Li Jingwei was kidnapped in Yunnan province in 1989 and sold to a family thousands of miles away.", "link": "https://www.bbc.co.uk/news/world-asia-china-59848162?at_medium=RSS&at_campaign=KARANGA", "date_published": "2022-01-01 20:01:44+00:00", "persistent": false, "user": null, "language": "en-US"}, {"source": "http://feeds.bbci.co.uk/news/rss.xml", "title": "Safe standing: 'My opinion has completely changed'", "description": "On Sunday standing sections for fans in England's top flight return after almost 30 years. How will they change the matchday experience and terrace culture?", "link": "https://www.bbc.co.uk/sport/football/59842679?at_medium=RSS&at_campaign=KARANGA", "date_published": "2022-01-01 16:21:29+00:00", "persistent": false, "user": null, "language": "en-US"}, {"source": "http://feeds.bbci.co.uk/news/rss.xml", "title": "2022 sporting calendar: Big events from Winter Olympics to the World Cup", "description": "The Winter Olympics, Commonwealth Games, Women's Euros and the men's World Cup are just some of the big events taking place in 2022.", "link": "https://www.bbc.co.uk/sport/59548186?at_medium=RSS&at_campaign=KARANGA", "date_published": "2022-01-01 09:47:59+00:00", "persistent": false, "user": null, "language": "en-US"}, {"source": "http://feeds.bbci.co.uk/news/rss.xml", "title": "After Desmond Tutu, a time for new South African heroes", "description": "As the last of South Africa's moral giants is laid to rest, some say now is time to break the mould.", "link": "https://www.bbc.co.uk/news/world-africa-59838432?at_medium=RSS&at_campaign=KARANGA", "date_published": "2022-01-01 07:14:21+00:00", "persistent": false, "user": null, "language": "en-US"}, {"source": "http://feeds.bbci.co.uk/news/rss.xml", "title": "Colorado: Residents return following devastating fire", "description": "Tens of thousands of people in Boulder County were forced to flee their homes on Thursday.", "link": "https://www.bbc.co.uk/news/world-us-canada-59843920?at_medium=RSS&at_campaign=KARANGA", "date_published": "2022-01-01 04:57:44+00:00", "persistent": false, "user": null, "language": "en-US"}, {"source": "http://feeds.bbci.co.uk/news/rss.xml", "title": "Fireworks and Big Ben mark subdued UK new year amid Covid spread", "description": "Public events to see in 2022 were scrapped in London and Edinburgh amid the spread of Omicron.", "link": "https://www.bbc.co.uk/news/uk-59844031?at_medium=RSS&at_campaign=KARANGA", "date_published": "2022-01-01 04:24:11+00:00", "persistent": false, "user": null, "language": "en-US"}, {"source": "http://feeds.bbci.co.uk/news/rss.xml", "title": "Betty White: Biden leads tributes for Golden Girls actress", "description": "The long-time Hollywood star died on Friday at the age of 99 after an eight-decade film and TV career.", "link": "https://www.bbc.co.uk/news/world-us-canada-59843627?at_medium=RSS&at_campaign=KARANGA", "date_published": "2022-01-01 02:09:02+00:00", "persistent": false, "user": null, "language": "en-US"}, {"source": "http://feeds.bbci.co.uk/news/rss.xml", "title": "Covid: More restrictions a last resort, Sajid Javid says", "description": "The health secretary believes the country must look to \"live alongside\" coronavirus in 2022.", "link": "https://www.bbc.co.uk/news/uk-59844761?at_medium=RSS&at_campaign=KARANGA", "date_published": "2022-01-01 01:49:04+00:00", "persistent": false, "user": null, "language": "en-US"}, {"source": "http://feeds.bbci.co.uk/news/rss.xml", "title": "ARFID: 'My son's not a picky eater; he's scared of food'", "description": "Families say they face accusations of bad parenting over their children's little-known condition.", "link": "https://www.bbc.co.uk/news/uk-england-leicestershire-59688396?at_medium=RSS&at_campaign=KARANGA", "date_published": "2022-01-01 00:56:27+00:00", "persistent": false, "user": null, "language": "en-US"}, {"source": "http://feeds.bbci.co.uk/news/rss.xml", "title": "Victim Support: My daughter was murdered - sharing my grief helps others", "description": "Radio 4 Today guest editor Mina Smallman, whose daughters were murdered last year, focuses on Victim Support.", "link": "https://www.bbc.co.uk/news/uk-59768286?at_medium=RSS&at_campaign=KARANGA", "date_published": "2022-01-01 00:56:06+00:00", "persistent": false, "user": null, "language": "en-US"}, {"source": "http://feeds.bbci.co.uk/news/rss.xml", "title": "Three ways to be more rational this year", "description": "Harvard psychology professor Steven Pinker discusses three common irrationality traps and offers advice on how to avoid them.", "link": "https://www.bbc.co.uk/news/world-59740588?at_medium=RSS&at_campaign=KARANGA", "date_published": "2022-01-01 00:54:51+00:00", "persistent": false, "user": null, "language": "en-US"}, {"source": "http://feeds.bbci.co.uk/news/rss.xml", "title": "The Papers: Queen's Covid heroes and curbs a 'last resort'", "description": "The front pages celebrate the people recognised in the New Year Honours list while ushering in 2022.", "link": "https://www.bbc.co.uk/news/blogs-the-papers-59843878?at_medium=RSS&at_campaign=KARANGA", "date_published": "2022-01-01 00:46:40+00:00", "persistent": false, "user": null, "language": "en-US"}, {"source": "http://feeds.bbci.co.uk/news/rss.xml", "title": "What can we expect in politics in 2022?", "description": "The BBC's political team talk through what stories might make the headlines in 2022.", "link": "https://www.bbc.co.uk/news/uk-politics-59706568?at_medium=RSS&at_campaign=KARANGA", "date_published": "2022-01-01 00:07:52+00:00", "persistent": false, "user": null, "language": "en-US"}, {"source": "http://feeds.bbci.co.uk/news/rss.xml", "title": "Trainee stuntmen learning to dive show off their skills", "description": "Aspiring stuntmen learn to dive as part of their quest to be included on the British Stunt Register.", "link": "https://www.bbc.co.uk/news/uk-england-hampshire-59745374?at_medium=RSS&at_campaign=KARANGA", "date_published": "2022-01-01 00:05:09+00:00", "persistent": false, "user": null, "language": "en-US"}, {"source": "http://feeds.bbci.co.uk/news/rss.xml", "title": "'Our skate park shut down so we built our own'", "description": "Girls' Night offers a safe place where women can skateboard and socialise.", "link": "https://www.bbc.co.uk/news/uk-england-leicestershire-59391644?at_medium=RSS&at_campaign=KARANGA", "date_published": "2022-01-01 00:02:31+00:00", "persistent": false, "user": null, "language": "en-US"}, {"source": "http://feeds.bbci.co.uk/news/rss.xml", "title": "California's fires threaten to ravage mighty sequoia forests", "description": "The fierce fires devastating California threaten its ancient forest of giant sequoia trees.", "link": "https://www.bbc.co.uk/news/science-environment-59842464?at_medium=RSS&at_campaign=KARANGA", "date_published": "2022-01-01 00:02:08+00:00", "persistent": false, "user": null, "language": "en-US"}]