[{"source": "https://www.youtube.com/feeds/videos.xml?channel_id=UCORIeT1hk6tYBuntEXsguLg", "title": "Lazy New Year's Weekend Piano Request Stream 2022", "description": "Scott's piano request channel:  http://www.youtube.com/scottbradlee\nPiano Playlist on Spotify: http://smarturl.it/sbpiano\nSign up for Scott's newsletter (coming soon): https://scottbradlee.com/newsletter/", "link": "https://www.youtube.com/watch?v=GnKYbUPG_LE", "date_published": "2022-01-02 00:00:00+00:00", "persistent": false, "user": null, "language": "en-US"}]