[{"source": "https://www.youtube.com/feeds/videos.xml?channel_id=UC3I2GFN_F8WudD_2jUZbojA", "title": "Girl Ultra - Cosas q Nadie Ve (Live on KEXP)", "description": "http://KEXP.ORG presents Girl Ultra performing \u201cCosas q Nadie Ve\u201d live in the KEXP studio. Recorded May 27, 2022.\n\nMariana de Miguel - Vocals \nHector Rodriguez - Guitar\nAndrea Martinez - Bass\nSamuel Mendoza - Drums\n\nHost: Albina Cabrera\nAudio Engineer: Julian Martlew\nMastering: Ian Davidson\nCameras: Alaia D\u2019Alessandro, Carlos Cruz, Scott Holpainen & Ettie Wahl\nEditor: Scott Holpainen\n\nhttps://linktr.ee/girlultra\nhttp://kexp.org", "link": "https://www.youtube.com/watch?v=OiPGB1pMb6Y", "date_published": "2022-06-17 00:00:00+00:00", "persistent": false, "user": null, "language": "en-US"}, {"source": "https://www.youtube.com/feeds/videos.xml?channel_id=UC3I2GFN_F8WudD_2jUZbojA", "title": "Girl Ultra - DameLove (Live on KEXP)", "description": "http://KEXP.ORG presents Girl Ultra performing \u201cDameLove\u201d live in the KEXP studio. Recorded May 27, 2022.\n\nMariana de Miguel - Vocals \nHector Rodriguez - Guitar\nAndrea Martinez - Bass\nSamuel Mendoza - Drums\n\nHost: Albina Cabrera\nAudio Engineer: Julian Martlew\nMastering: Ian Davidson\nCameras: Alaia D\u2019Alessandro, Carlos Cruz, Scott Holpainen & Ettie Wahl\nEditor: Scott Holpainen\n\nhttps://linktr.ee/girlultra\nhttp://kexp.org", "link": "https://www.youtube.com/watch?v=wT09zjqXnrk", "date_published": "2022-06-17 00:00:00+00:00", "persistent": false, "user": null, "language": "en-US"}, {"source": "https://www.youtube.com/feeds/videos.xml?channel_id=UC3I2GFN_F8WudD_2jUZbojA", "title": "Girl Ultra - Full Performance (Live on KEXP)", "description": "http://KEXP.ORG presents Girl Ultra performing live in the KEXP studio. Recorded May 27, 2022.\n\nSongs:\nCosas q Nadie Ve\nLlama\nDamelove\nPunk\n\nMariana de Miguel - Vocals \nHector Rodriguez - Guitar\nAndrea Martinez - Bass\nSamuel Mendoza - Drums\n\nHost: Albina Cabrera\nAudio Engineer: Julian Martlew\nMastering: Ian Davidson\nCameras: Alaia D\u2019Alessandro, Carlos Cruz, Scott Holpainen & Ettie Wahl\nEditor: Scott Holpainen\n\nhttps://linktr.ee/girlultra\nhttp://kexp.org", "link": "https://www.youtube.com/watch?v=3etGeg4BfIU", "date_published": "2022-06-17 00:00:00+00:00", "persistent": false, "user": null, "language": "en-US"}, {"source": "https://www.youtube.com/feeds/videos.xml?channel_id=UC3I2GFN_F8WudD_2jUZbojA", "title": "Girl Ultra - Llama (Live on KEXP)", "description": "http://KEXP.ORG presents Girl Ultra performing \u201cLlama\u201d live in the KEXP studio. Recorded May 27, 2022.\n\nMariana de Miguel - Vocals \nHector Rodriguez - Guitar\nAndrea Martinez - Bass\nSamuel Mendoza - Drums\n\nHost: Albina Cabrera\nAudio Engineer: Julian Martlew\nMastering: Ian Davidson\nCameras: Alaia D\u2019Alessandro, Carlos Cruz, Scott Holpainen & Ettie Wahl\nEditor: Scott Holpainen\n\nhttps://linktr.ee/girlultra\nhttp://kexp.org", "link": "https://www.youtube.com/watch?v=ux9GlfmlQ-k", "date_published": "2022-06-17 00:00:00+00:00", "persistent": false, "user": null, "language": "en-US"}, {"source": "https://www.youtube.com/feeds/videos.xml?channel_id=UC3I2GFN_F8WudD_2jUZbojA", "title": "Girl Ultra - Punk (Live on KEXP)", "description": "http://KEXP.ORG presents Girl Ultra performing \u201cPunk\u201d live in the KEXP studio. Recorded May 27, 2022.\n\nMariana de Miguel - Vocals \nHector Rodriguez - Guitar\nAndrea Martinez - Bass\nSamuel Mendoza - Drums\n\nHost: Albina Cabrera\nAudio Engineer: Julian Martlew\nMastering: Ian Davidson\nCameras: Alaia D\u2019Alessandro, Carlos Cruz, Scott Holpainen & Ettie Wahl\nEditor: Scott Holpainen\n\nhttps://linktr.ee/girlultra\nhttp://kexp.org", "link": "https://www.youtube.com/watch?v=ARamaOqunZ8", "date_published": "2022-06-17 00:00:00+00:00", "persistent": false, "user": null, "language": "en-US"}, {"source": "https://www.youtube.com/feeds/videos.xml?channel_id=UC3I2GFN_F8WudD_2jUZbojA", "title": "Neal Francis - Alameda Apartments (Live on KEXP)", "description": "http://KEXP.ORG presents Neal Francis performing \u201cAlameda Apartments\u201d live in the KEXP studio. Recorded May 26, 2022.\n\nNeal Francis - Keys / Vocals\nKellen Boersma - Guitar / Vocals\nMike Starr - Bass / Vocals\nCollin O\u2019Brien - Drums / Vocals\n\nHost: Cheryl Waters\nAudio Engineer: Julian Martlew\nAudio Mixer: Sergio A. Rios\nCameras: Jim Beckmann, Alaia D\u2019Alessandro, Carlos Cruz & Scott Holpainen\nEditor: Scott Holpainen\n\nhttps://www.nealfrancis.com\nhttp://kexp.org", "link": "https://www.youtube.com/watch?v=lX5ntBlj6Kc", "date_published": "2022-06-16 00:00:00+00:00", "persistent": false, "user": null, "language": "en-US"}, {"source": "https://www.youtube.com/feeds/videos.xml?channel_id=UC3I2GFN_F8WudD_2jUZbojA", "title": "Neal Francis - Can\u2019t Stop The Rain (Live on KEXP)", "description": "http://KEXP.ORG presents Neal Francis performing \u201cCan\u2019t Stop The Rain\u201d live in the KEXP studio. Recorded May 26, 2022.\n\nNeal Francis - Keys / Vocals\nKellen Boersma - Guitar / Vocals\nMike Starr - Bass / Vocals\nCollin O\u2019Brien - Drums / Vocals\n\nHost: Cheryl Waters\nAudio Engineer: Julian Martlew\nAudio Mixer: Sergio A. Rios\nCameras: Jim Beckmann, Alaia D\u2019Alessandro, Carlos Cruz & Scott Holpainen\nEditor: Scott Holpainen\n\nhttps://www.nealfrancis.com\nhttp://kexp.org", "link": "https://www.youtube.com/watch?v=5MbqWkBIfvU", "date_published": "2022-06-16 00:00:00+00:00", "persistent": false, "user": null, "language": "en-US"}, {"source": "https://www.youtube.com/feeds/videos.xml?channel_id=UC3I2GFN_F8WudD_2jUZbojA", "title": "Neal Francis - Changes, Pts. 1 & 2 (Live on KEXP)", "description": "http://KEXP.ORG presents Neal Francis performing \u201cChanges, Pts. 1 & 2\u201d live in the KEXP studio. Recorded May 26, 2022.\n\nNeal Francis - Keys / Vocals\nKellen Boersma - Guitar / Vocals\nMike Starr - Bass / Vocals\nCollin O\u2019Brien - Drums / Vocals\n\nHost: Cheryl Waters\nAudio Engineer: Julian Martlew\nAudio Mixer: Sergio A. Rios\nCameras: Jim Beckmann, Alaia D\u2019Alessandro, Carlos Cruz & Scott Holpainen\nEditor: Scott Holpainen\n\nhttps://www.nealfrancis.com\nhttp://kexp.org", "link": "https://www.youtube.com/watch?v=KfI-VyGdj-8", "date_published": "2022-06-16 00:00:00+00:00", "persistent": false, "user": null, "language": "en-US"}, {"source": "https://www.youtube.com/feeds/videos.xml?channel_id=UC3I2GFN_F8WudD_2jUZbojA", "title": "Neal Francis - Full Performance (Live on KEXP)", "description": "http://KEXP.ORG presents Neal Francis performing live in the KEXP studio. Recorded May 26, 2022.\n\nSongs:\nCan\u2019t Stop The Rain\nAlameda Apartments\nProblems\nChanges, Pts. 1 & 2\n\nNeal Francis - Keys / Vocals\nKellen Boersma - Guitar / Vocals\nMike Starr - Bass / Vocals\nCollin O\u2019Brien - Drums / Vocals\n\nHost: Cheryl Waters\nAudio Engineer: Julian Martlew\nAudio Mixer: Sergio A. Rios\nCameras: Jim Beckmann, Alaia D\u2019Alessandro, Carlos Cruz & Scott Holpainen\nEditor: Scott Holpainen\n\nhttps://www.nealfrancis.com\nhttp://kexp.org", "link": "https://www.youtube.com/watch?v=DHYHd6MXfVE", "date_published": "2022-06-16 00:00:00+00:00", "persistent": false, "user": null, "language": "en-US"}, {"source": "https://www.youtube.com/feeds/videos.xml?channel_id=UC3I2GFN_F8WudD_2jUZbojA", "title": "Neal Francis - Problems (Live on KEXP)", "description": "http://KEXP.ORG presents Neal Francis performing \u201cProblems\u201d live in the KEXP studio. Recorded May 26, 2022.\n\nNeal Francis - Keys / Vocals\nKellen Boersma - Guitar / Vocals\nMike Starr - Bass / Vocals\nCollin O\u2019Brien - Drums / Vocals\n\nHost: Cheryl Waters\nAudio Engineer: Julian Martlew\nAudio Mixer: Sergio A. Rios\nCameras: Jim Beckmann, Alaia D\u2019Alessandro, Carlos Cruz & Scott Holpainen\nEditor: Scott Holpainen\n\nhttps://www.nealfrancis.com\nhttp://kexp.org", "link": "https://www.youtube.com/watch?v=HxRyFtLnIyA", "date_published": "2022-06-16 00:00:00+00:00", "persistent": false, "user": null, "language": "en-US"}]