[{"source": "https://www.youtube.com/feeds/videos.xml?channel_id=UCZYTClx2T1of7BRZ86-8fow", "title": "Retracing a Mastodon\u2019s Steps With Chemistry", "description": "Head to https://shopify.com/scishow to learn more and for a 14-day free trial. Thanks to Shopify, an ecommerce platform that helps you start, grow, and manage your business, for supporting SciShow.\n\nThanks to strontium, oxygen, and rings in a tusk, scientists now have evidence that extinct mastodons may have participated in yearly migrations.\n\nHosted by: Hank Green\n\nSciShow is on TikTok!  Check us out at https://www.tiktok.com/@scishow \n----------\nSupport SciShow by becoming a patron on Patreon: https://www.patreon.com/scishow\n----------\nHuge thanks go to the following Patreon supporters for helping us keep SciShow free for everyone forever:\n\nMatt Curls, Alisa Sherbow, Dr. Melvin Sanicas, Harrison Mills, Adam Brainard, Chris Peters, charles george, Piya Shedden, Alex Hackman, Christopher R Boucher, Jeffrey Mckishen, Ash, Silas Emrys, Eric Jensen, Kevin Bealer, Jason A Saslow, Tom Mosner, Tom\u00e1s Lagos Gonz\u00e1lez, Jacob, Christoph Schwanke, Sam Lutfi, Bryan Cloer\n\n----------\nLooking for SciShow elsewhere on the internet?\nSciShow Tangents Podcast: https://scishow-tangents.simplecast.com/\nFacebook: http://www.facebook.com/scishow\nTwitter: http://www.twitter.com/scishow\nInstagram: http://instagram.com/thescishow\n#SciShow\n----------\nSources:\nhttps://www.pnas.org/doi/full/10.1073/pnas.2118329119\nhttps://www.eurekalert.org/news-releases/955338\nhttps://www.indianamuseum.org/blog-post/these-old-bones-will-tell-your-story/\nhttps://www.tandfonline.com/doi/full/10.1080/20548923.2017.1303124\nhttps://onlinelibrary.wiley.com/doi/10.1002/hyp.5876\n\nhttps://www.frontiersin.org/articles/10.3389/fimmu.2022.860399/full\nhttps://www.eurekalert.org/news-releases/955392\nhttps://pubmed.ncbi.nlm.nih.gov/23142300/\nhttps://www.ncbi.nlm.nih.gov/pmc/articles/PMC5861782/\nhttps://pubmed.ncbi.nlm.nih.gov/34990408/\nhttps://pubmed.ncbi.nlm.nih.gov/34324836/\nhttps://pubmed.ncbi.nlm.nih.gov/25151225/\nhttps://www.ncbi.nlm.nih.gov/pmc/articles/PMC8781911/\n\nImage Sources:\nhttps://www.gettyimages.com/detail/photo/sycamore-maple-on-meadow-isolated-on_white-royalty-free-image/182790489?adppopup=true\nhttps://commons.wikimedia.org/wiki/File:BlankMastodon.jpg\nhttps://www.gettyimages.com/detail/photo/tree-rings-royalty-free-image/157188557\nhttps://commons.wikimedia.org/wiki/File:Mastodon_Tusk_%28Ivory%29_2016-10-13_2279.jpg\nhttps://commons.wikimedia.org/wiki/File:Male_%26_female_mastodons,_front.jpg\nhttps://www.gettyimages.com/detail/illustration/red-name-tag-hello-my-name-is-label-royalty-free-illustration/1165685893?adppopup=true\nhttps://commons.wikimedia.org/wiki/File:Mammut_americanum_Horsfall.jpg\nhttps://www.gettyimages.com/detail/video/elephant-using-foot-and-trunk-to-eat-brush-etosha-stock-footage/1250250677?adppopup=true\nhttps://www.gettyimages.com/detail/video/clear-mountain-brook-with-air-bubble-waterfall-drinking-stock-footage/1052106628?adppopup=true\nhttps://commons.wikimedia.org/wiki/File:Knight_Mastodon.jpg\nhttps://commons.wikimedia.org/wiki/File:Mammut_americanum_-_Burning_Tree_Mastodon_(Upper_Pleistocene,_11.39_ka;_Burning_Tree_Golf_Course,_south_of_Heath,_southern_Licking_County,_central_Ohio,_USA)_3_(15462842235).jpg\nhttps://commons.wikimedia.org/wiki/File:Mammut_americanum_Exhibit_Museum_of_Natural_History_02.JPG\nhttps://www.gettyimages.com/detail/video/cute-shot-of-an-elephant-family-exploring-the-serengeti-stock-footage/1328983225?adppopup=true\nhttps://www.gettyimages.com/detail/photo/african-man-vaccinating-against-covid-close-up-royalty-free-image/1296420390?adppopup=true\nhttps://pixnio.com/people/doctor-with-the-nasal-spray-vaccine\nhttps://www.eurekalert.org/multimedia/937953\nhttps://www.gettyimages.com/detail/video/covid-19-attack-in-a-lung-stock-footage/1217064249?adppopup=true\nhttps://www.gettyimages.com/detail/video/small-white-mouse-with-red-eyes-in-the-hand-of-a-stock-footage/1357900936?adppopup=true\nhttps://www.gettyimages.com/detail/illustration/glowing-human-lungs-vector-illustration-made-royalty-free-illustration/1338845605?adppopup=true", "link": "https://www.youtube.com/watch?v=JC5LlkUYAR4", "date_published": "2022-06-17 00:00:00+00:00", "persistent": false, "user": null, "language": "en-US"}, {"source": "https://www.youtube.com/feeds/videos.xml?channel_id=UCZYTClx2T1of7BRZ86-8fow", "title": "How Shoulders Took Over the World (ft. Emily Graslie!)", "description": "Emily Graslie joins us to share the wonder of how shoulders, humble as they may be, have played a huge role in the evolution of mammals the world over. Thanks to the Museum of Comparative Zoology at Harvard and The Field Museum for partnering with us on this episode. You can check out their channels at https://www.youtube.com/user/TheFieldMuseum and https://www.youtube.com/c/HarvardMuseumofNaturalHistory/.\n\nHosted by: Emily Graslie\n\nSciShow is on TikTok!  Check us out at https://www.tiktok.com/@scishow \n----------\nSupport SciShow by becoming a patron on Patreon: https://www.patreon.com/scishow\n----------\nHuge thanks go to the following Patreon supporters for helping us keep SciShow free for everyone forever:\n\nMatt Curls, Alisa Sherbow, Dr. Melvin Sanicas, Harrison Mills, Adam Brainard, Chris Peters, charles george, Piya Shedden, Alex Hackman, Christopher R Boucher, Jeffrey Mckishen, Ash, Silas Emrys, Eric Jensen, Kevin Bealer, Jason A Saslow, Tom Mosner, Tom\u00e1s Lagos Gonz\u00e1lez, Jacob, Christoph Schwanke, Sam Lutfi, Bryan Cloer\n\n----------\nLooking for SciShow elsewhere on the internet?\nSciShow Tangents Podcast: https://scishow-tangents.simplecast.com/\nFacebook: http://www.facebook.com/scishow\nTwitter: http://www.twitter.com/scishow\nInstagram: http://instagram.com/thescishow\n#SciShow\n----------\nSources:\nhttps://www.sciencedirect.com/science/article/pii/S2589004221015480\nhttps://royalsocietypublishing.org/doi/full/10.1098/rspb.2021.0494 \nhttps://aclandanatomy.com/multimediaplayer.aspx?multimediaid=10528033 \nhttps://www.poetryfoundation.org/poetrymagazine/poems/12840/chicago\nhttps://www.kenhub.com/en/library/anatomy/sternoclavicular-joint \n\nImage Sources:\nhttps://tinyurl.com/mr2t83cu\nhttps://tinyurl.com/44afbeed\nhttps://tinyurl.com/2uxkwxxy\nhttps://tinyurl.com/mzus7mzz\nhttps://tinyurl.com/y5j3t2y3\nhttps://tinyurl.com/2facfjee\nhttps://tinyurl.com/yt2j6tyf\nhttps://tinyurl.com/4muud9ys\nhttps://tinyurl.com/ky7c3jxt\nhttps://tinyurl.com/y9rx3nca\nhttps://tinyurl.com/469xmbf6\nhttps://tinyurl.com/mpvwnf9n\nhttps://tinyurl.com/2p826pj7\nhttps://tinyurl.com/9uyse86m\nhttps://commons.wikimedia.org/wiki/File:Human_arm_bones_diagram.svg\nhttps://tinyurl.com/2zdkbjuk\nhttps://tinyurl.com/y9pz5z3n\nhttps://commons.wikimedia.org/wiki/File:Rhombophryne_nilevina_(10.3897-zse.93.10188)_Figure_4.jpg\nhttps://tinyurl.com/ycknx4tp\nhttps://tinyurl.com/26djnjvt\nhttps://tinyurl.com/36afx6xk\nhttps://tinyurl.com/ytd4vr86\nhttps://tinyurl.com/2p9zxv3s\nhttps://tinyurl.com/2p8vhcmy\nhttps://www.sciencedirect.com/science/article/pii/S2589004221015480#!\nhttps://tinyurl.com/3jckwh4x\nhttps://tinyurl.com/3wf4k6fx\nhttps://tinyurl.com/c8tn7zut\nhttps://tinyurl.com/y8x34bz9\nhttps://tinyurl.com/2p8dvjv5\nhttps://tinyurl.com/udfpw4ef\nhttps://tinyurl.com/bdz46ckw\nhttps://tinyurl.com/2333yjva\nhttps://commons.wikimedia.org/wiki/File:Field_Museum_of_Natural_History.jpg\nhttps://tinyurl.com/2wmvpf9z\nhttps://commons.wikimedia.org/wiki/File:Dimetrodon_incisivum_01.jpg\nhttps://www.sciencedirect.com/science/article/pii/S2589004221015480#!\nhttps://tinyurl.com/3jckwh4x\nhttps://pbs.twimg.com/media/FGQHyjNXIAADlIC.jpg\nhttps://tinyurl.com/2befy7n2\nhttps://tinyurl.com/jdrnbzmt", "link": "https://www.youtube.com/watch?v=IxPhaOHF3ko", "date_published": "2022-06-16 00:00:00+00:00", "persistent": false, "user": null, "language": "en-US"}]