[{"source": "http://rss.cnn.com/rss/cnn_world.rss", "title": "After 40 days in a bomb shelter, two Ukrainian refugees and 17 dogs are ready to start a new life in Poland", "description": "When CNN Hero Aaron Jackson welcomed the first group of dogs from Ukraine to the abandoned animal shelter he's reopened in Poland, he also took in two refugees who shared an amazing story of survival.", "link": "https://www.cnn.com/2022/06/16/world/ukraine-dog-rescue-poland-refugees-cnnheroes/index.html", "date_published": "2022-06-16 17:28:30+00:00", "persistent": false, "user": null, "language": null}]