[{"source": "https://www.youtube.com/feeds/videos.xml?channel_id=UCNvzD7Z-g64bPXxGzaQaa4g", "title": "Saints Row: 10 Things You NEED TO KNOW", "description": "The 2022 reboot of Saints Row (PC, PS5, PS4, Xbox Series X/S/One) is almost upon us so here's everything you need to know.\nSubscribe for more: https://www.youtube.com/gameranxTV?sub_confirmation=1\n\n0:00 Intro\n0:19 Gameplay\n1:41 Story\n2:51 Open World\n4:22 Customizing\n5:41 Weapons\n7:28 Side Activities\n9:01 Co-Op\n9:59 Enemies\n10:59 Progression\n12:04 Info\n\nSources referenced:\n\nWeapons: https://www.techradar.com/how-to/saints-row-weapons-your-arsenal-in-the-upcoming-game\nSkills: https://youtu.be/a7hA2xmR7Ko\nOfficial customization trailer: https://www.youtube.com/watch?v=Z3QcEQ2G2AA&t=243s\nhttps://www.youtube.com/watch?v=Z3QcEQ2G2AA&t=243s\nhttps://www.gameinformer.com/saintsrow", "link": "https://www.youtube.com/watch?v=Vj9vsJ43cYo", "date_published": "2022-08-15 00:00:00+00:00", "persistent": false, "user": null, "language": "en-US"}, {"source": "https://www.youtube.com/feeds/videos.xml?channel_id=UCNvzD7Z-g64bPXxGzaQaa4g", "title": "10 BRAND NEW RPGs That Are Trying Something NEW", "description": "Looking for a unique new Role Playing Game that isn't a sequel to something else? We've got you covered with these new games.\nSubscribe for more: https://www.youtube.com/gameranxTV?sub_confirmation=1\n\n0:00 Intro\n0:22 Lost Soul Aside\n1:28 Mercyful Flames\n2:32 Flintlock: The Siege of Dawn\n3:25 Showa American Story\n4:19 Pixel Noir\n5:12 Arise of Awakener\n6:12 Project Eve\n7:17 Forspoken\n8:42 Lies of P\n9:42 Black Myth: Wukong", "link": "https://www.youtube.com/watch?v=E2nu20rEbAU", "date_published": "2022-08-14 00:00:00+00:00", "persistent": false, "user": null, "language": "en-US"}]