[{"source": "https://www.youtube.com/feeds/videos.xml?channel_id=UC-2YHgc363EdcusLIBbgxzg", "title": "The Full Plan For Artemis Part 2: Back To The Moon | Answers With Joe", "description": "Go to https://hensonshaving.com and enter \"JOESCOTT\" at checkout to get 100 free blades with your purchase. (Note: you must add both the 100 blade pack and the razor for the discount to apply.)\nWith the upcoming launch of Artemis I, NASA is officially on the way back to the moon for the first time in 50 years. Recently I posted the first of 3 videos designed to cover the entire Artemis program. The last video focused on the uncrewed missions, today we're looking at the human missions, the ones that will finally put boots on the moon again.\n\nSee the previous video here: https://youtu.be/MHMTq24rQeI\n\nReal Engineering's video on the moon suits:\nhttps://www.youtube.com/watch?v=0k9wIsKKgqo\n\nAnd watch this video ad-free on Nebula: https://nebula.tv/videos/joescott-the-full-plan-for-artemis-part-ii-back-to-the-moon\n\nWant to support the channel? Here's how:\n\nPatreon: http://www.patreon.com/answerswithjoe\nChannel Memberships: https://www.youtube.com/channel/UC-2YHgc363EdcusLIBbgxzg/join\nT-Shirts & Merch: http://www.answerswithjoe.com/store\n\nCheck out my 2nd channel, Joe Scott TMI:\nhttps://www.youtube.com/channel/UCqi721JsXlf0wq3Z_cNA_Ew\n\nAnd my podcast channel, Conversations With Joe:\nhttps://www.youtube.com/channel/UCJzc7TiJ2nnuyJkUpOZ8RKA\n\nYou can listen to my podcast, Conversations With Joe on Spotify, Apple Podcasts, Google Podcasts, or wherever you get your podcasts.\nSpotify \ud83d\udc49 https://spoti.fi/37iPGzF\nApple Podcasts \ud83d\udc49 https://apple.co/3j94kfq\nGoogle Podcasts \ud83d\udc49 https://bit.ly/3qZCo1V\n\nInterested in getting a Tesla or going solar? Use my referral link and get discounts and perks:\nhttps://ts.la/joe74700\n\nFollow me at all my places!\nInstagram: https://instagram.com/answerswithjoe\nTikTok: https://www.tiktok.com/@answerswithjoe\nFacebook: http://www.facebook.com/answerswithjoe\nTwitter: https://www.twitter.com/answerswithjoe\n\nLINKS LINKS LINKS -\nhttps://www.nasa.gov/feature/boldly-go-nasa-s-new-space-toilet-offers-more-comfort-improved-efficiency-for-deep-space\nhttps://www.nasa.gov/sls/multimedia/gallery/sls-infographic3.html\nhttps://www.nasa.gov/press-release/nasa-space-launch-system-s-first-flight-to-send-small-sci-tech-satellites-into-space\nhttps://www.nasa.gov/content/artemis-partners\nhttps://www.nasa.gov/sls/interim_cryogenic_propulsion_stage_141030.html\nhttps://www.nasa.gov/artemis-1\nhttps://www.nasa.gov/content/artemis-i-overview\nhttps://www.nasa.gov/sites/default/files/thumbnails/image/artemis_i_3_28_22.jpg\nhttps://www.nasa.gov/sites/default/files/atoms/files/sls_lift_capabilities_configurations_04292020_woleo.pdf\nhttps://www.youtube.com/watch?v=C_Ku7BnP6hs\nhttps://www.nasa.gov/feature/nasa-completes-wet-dress-rehearsal-moves-forward-toward-launch\nhttps://www.nasa.gov/directorates/heo/scan/services/networks/deep_space_network/about\nhttp://www.collectspace.com/review/orion_em2_trajectory01.jpg\nhttps://www.nasa.gov/feature/nasa-s-first-flight-with-crew-important-step-on-long-term-return-to-the-moon-missions-to\nhttps://www.nasa.gov/feature/boldly-go-nasa-s-new-space-toilet-offers-more-comfort-improved-efficiency-for-deep-space\nhttps://en.wikipedia.org/wiki/Artemis_2\nhttps://www.nasa.gov/feature/around-the-moon-with-nasa-s-first-launch-of-sls-with-orion\nhttps://www.nasa.gov/specials/artemis-team/\nhttps://preview.redd.it/whzqnavsqlp71.jpg?auto=webp&s=4b10bc977b4041b0861c4d3d632ba16a7c9223cc\n\nTIMESTAMPS - \n0:00 Humans and the Artemis Program\n1:00 Orion Capsule\n2:58 European Service Module\n3:38 Tangent Cam\n4:16 SLS\n6:12 Artemis I\n7:52 Artemis II\n8:50 Deep Space Network\n9:49 Human Landing System\n12:42 Artemis III\n13:57 Artemis IV\n14:24 Artemis V\n14:49 The Future of the Artemis Program\n18:50 Sponsor - Henson Shaving", "link": "https://www.youtube.com/watch?v=7a_GtR9wt4I", "date_published": "2022-08-15 00:00:00+00:00", "persistent": false, "user": null, "language": "en-US"}]