[{"source": "https://www.youtube.com/feeds/videos.xml?channel_id=UCSbdMXOI_3HGiFviLZO6kNA", "title": "PSVR 2 is the competition for the Quest 2 we\u2019ve been waiting for", "description": "Hello and Welcome to TUESDAY NEWSDAY! Your number one resource for the entire week's worth of VR news! This week is honestly pretty crazy, we have the official PSVR 2 reveal, Valve Index news, Quest 2 hacks, Apple AR/VR news and a ton more. Hope you enjoy this week's newsday! \n\nThe title is a joke btw, I mean it is looking insane. But yeah, I know I say insane a lot. I just get excited. \n\nDISCORD LINK FOR MEETUPS AND GAME NIGHTS:\nDiscord.gg/Thrill\n\nMy links:\nTwitch.tv/Thrilluwu\nTwitter.com/Thrilluwu\n\nTIMESTAMPS: \n00:00 INTRO\n00:35 DISCORD VR MEETUPS\n00:48 FACEMIC VULNERABILITIES\n02:30 MINECRAFT VR\n03:34 PSVR 2 REVEALED\n07:11 MEME BREAK (actually funny)\n07:29 Meta 300k party\n08:06 QUEST 2 HACKS\n08:42 SIMULA ONE LINUX UPDATE\n09:41 INDEX PARTS UPDATE\n10:21 APPLE AR/VR HEADSET in 22\n11:13 question of the week\n12:30 Dope outro music\n\nSOURCES:\nVideo used from UPLOAD VR and ZUCKLES\nhttps://www.youtube.com/watch?v=XAuuqGgoros&t=83s\nhttps://www.youtube.com/watch?v=HFVzMv-bATE", "link": "https://www.youtube.com/watch?v=rKiKwTyWOSI", "date_published": "2022-02-22 00:00:00+00:00", "persistent": false, "user": null, "language": "en-US"}]