[{"source": "https://www.youtube.com/feeds/videos.xml?channel_id=UCBJycsmduvYEL83R_U4JriQ", "title": "Galaxy S22 Ultra Review: Separating from the Pack!", "description": "Samsung's Galaxy S22 Ultra separates itself from the rest of the lineup with more than just specs\ndbrand Atomic Grip case: https://dbrand.com/atomic-grip\nGalaxy S22 Review: https://youtu.be/qWIkBMNKj1s\n\nMKBHD Merch: http://shop.MKBHD.com\n\nTech I'm using right now: https://www.amazon.com/shop/MKBHD\n\nIntro Track: Jordyn Edmonds http://smarturl.it/jordynedmonds\nPlaylist of MKBHD Intro music: https://goo.gl/B3AWV5\n\nPhone provided by Samsung for review.\n\n~\nhttp://twitter.com/MKBHD\nhttp://instagram.com/MKBHD\nhttp://facebook.com/MKBHD", "link": "https://www.youtube.com/watch?v=vXIAB_1FEC0", "date_published": "2022-02-22 00:00:00+00:00", "persistent": false, "user": null, "language": "en-US"}]