[{"source": "https://www.youtube.com/feeds/videos.xml?channel_id=UC-2JUs_G21BrJ0efehwGkUw", "title": "telepat\u00eda | Kali Uchis | funk cover ft. Vidya Vox", "description": "Join the Vinyl Club tier by Feb. 28 to get \"Technicolor Magic\" AND \"Best of 2021\" on vinyl! http://modal.scarypocketsfunk.com/patreon\nStore: https://www.scarypocketsfunk.com\nListen on Spotify: http://modal.scarypocketsfunk.com/spotify\n\nTip Jar: http://modal.scarypocketsfunk.com/tips\nInstagram: http://modal.scarypocketsfunk.com/instagram\nFacebook: http://modal.scarypocketsfunk.com/facebook\nDiscord: http://modal.scarypocketsfunk.com/discord\nSubscribe: http://modal.scarypocketsfunk.com/subscribe\n\nA funk cover of Kali Uchis' \"telepat\u00eda\" by Scary Pockets & Vidya Vox.\n\nMUSICIAN CREDITS\nLead vocal: Vidya Vox\nDrums: Otis McDonald\nBass: Nicole Row\nGuitar: Eric Krasno\nGuitar: Ryan Lerman\nKeys: Jack Conte\nAdditional Synths, Percussion: Brian Green\n\nAUDIO CREDITS\nRecording Engineer: Caleb Parker\nAssistant Engineer: Nicole Schmidt\nMixing/Mastering: Craig Polasko\n\nVIDEO CREDITS\nDP: Ricky Chavez \nEditor: Adam Kritzberg\n\nRecorded Live at The Village in Los Angeles, CA.\n\n#ScaryPockets #Funk #KaliUchis #telepatia #VidyaVox", "link": "https://www.youtube.com/watch?v=ynTD0o10M7o", "date_published": "2022-02-21 00:00:00+00:00", "persistent": false, "user": null, "language": "en-US"}]