[{"source": "http://rss.cnn.com/rss/edition.rss", "title": "Fight broke out on Ukrainian TV over potential Russian invasion", "description": "Journalist and activist Yuriy Butusov hit pro-Russian MP Nestor Shufrych in the face on a political talk show on Ukrainian television.", "link": "https://www.cnn.com/videos/world/2022/02/21/fight-breaks-out-on-ukrainian-talk-show-over-potential-russian-invasion-orig-llr.cnn", "date_published": "2022-02-21 22:00:52+00:00", "persistent": false, "user": null, "language": "en-US"}]