[{"source": "https://www.youtube.com/feeds/videos.xml?channel_id=UCBa659QWEk1AI4Tg--mrJ2A", "title": "This town forgot to be a city", "description": "Rochester, in the south-east of England, was a city for nearly 800 years. And then, in 1998, an administrative error took that city status away, likely forever. Here's the story.\n\nResearch and script assistance from Jess Jewell\n\nREFERENCES:\nBBC article: http://news.bbc.co.uk/1/hi/uk/england/1991827.stm\nKent Online article: https://www.kentonline.co.uk/medway/news/labour-lost-city-status-deliberately-say-tories-191729/\nMinutes of the meeting: https://www.whatdotheyknow.com/request/minute_1197_policy_and_resources\n\nAdditional research links:\nhttps://city-of-rochester.org.uk/features/rochester-city-status\nLocal Government Act (1972) see: https://www.lawteacher.net/acts/local-government-act-1972.php\nCharter Trustees Regulations (1996): https://www.legislation.gov.uk/uksi/1996/263/made\n\nI'm at https://tomscott.com\r\non Twitter at https://twitter.com/tomscott\r\non Facebook at https://facebook.com/tomscott\r\nand on Instagram as tomscottgo", "link": "https://www.youtube.com/watch?v=kBaLb1C4WAg", "date_published": "2022-02-21 00:00:00+00:00", "persistent": false, "user": null, "language": "en-US"}]