[{"source": "https://www.youtube.com/feeds/videos.xml?channel_id=UCQSpnDG3YsFNf5-qHocF-WQ", "title": "Should You Install Software Using .EXE or .MSI ?", "description": "What do you really know about installing programs? \n\u21d2 Become a channel member for special emojis, early videos, and more! Check it out here: https://www.youtube.com/ThioJoe/join\n\n\u25bc Time Stamps: \u25bc\n0:00 - Intro\n0:34 - Exe File Basics\n1:06 - Msi File Explained\n2:35 - Advantages for Enterprise\n4:25 - Advantages for Regular Users\n7:12 - Should You Use Msi Instead of Exe?\n\n\u25ac\u25ac\u25ac\u25ac\u25ac\u25ac\u25ac\u25ac\u25ac\u25ac\u25ac\u25ac\u25ac\u25ac\u25ac\u25ac\u25ac\u25ac\u25ac\u25ac\u25ac\u25ac\u25ac\u25ac\u25ac\u25ac\nMerch \u21e8 https://teespring.com/stores/thiojoe\n\u21e8 http://Instagram.com/ThioJoe\n\u21e8 http://Twitter.com/ThioJoe\n\u21e8 http://Facebook.com/ThioJoeTV\nMy Gear & Equipment \u21e8 https://kit.co/ThioJoe\n\u25ac\u25ac\u25ac\u25ac\u25ac\u25ac\u25ac\u25ac\u25ac\u25ac\u25ac\u25ac\u25ac\u25ac\u25ac\u25ac\u25ac\u25ac\u25ac\u25ac\u25ac\u25ac\u25ac\u25ac\u25ac\u25ac", "link": "https://www.youtube.com/watch?v=DWY6UAiJmnM", "date_published": "2022-07-09 00:00:00+00:00", "persistent": false, "user": null, "language": "en-US"}]