[{"source": "https://www.youtube.com/feeds/videos.xml?channel_id=UC3I2GFN_F8WudD_2jUZbojA", "title": "Makaya McCraven - Dream Another (Live on KEXP)", "description": "http://KEXP.ORG presents Makaya McCraven performing \u201cDream Another\u201d live in the KEXP studio. Recorded October 25, 2022.\n\nMakaya McCraven - Drums\nJunius Paul - Bass\nJeff Parker - Guitar\nDe\u2019Sean Jones - Saxophone / Flute / EWI\n\nHost: Marco Collins\nAudio Engineer: Julian Martlew & Kevin Suggs\nAudio Mixer: Julian Martlew\nAudio Mastering: Matt Ogaz\nCameras: Jim Beckmann, Carlos Cruz, Scott Holpainen & Luke Knecht\nEditor: Jim Beckmann\n\nhttps://www.makayamccraven.com\nhttp://kexp.org", "link": "https://www.youtube.com/watch?v=bPrRazHF5tE", "date_published": "2022-12-09 00:00:00+00:00", "persistent": false, "user": null, "language": "en-US"}, {"source": "https://www.youtube.com/feeds/videos.xml?channel_id=UC3I2GFN_F8WudD_2jUZbojA", "title": "Makaya McCraven - Full Performance (Live on KEXP)", "description": "http://KEXP.ORG presents Makaya McCraven performing live in the KEXP studio. Recorded October 25, 2022.\n\nSongs:\nDream Another\nIn These Times\nThe Knew Untitled\nThis Place That Place\n\nMakaya McCraven - Drums\nJunius Paul - Bass\nJeff Parker - Guitar\nDe\u2019Sean Jones - Saxophone / Flute / EWI\n\nHost: Marco Collins\nAudio Engineer: Julian Martlew & Kevin Suggs\nAudio Mixer: Julian Martlew\nAudio Mastering: Matt Ogaz\nCameras: Jim Beckmann, Carlos Cruz, Scott Holpainen & Luke Knecht\nEditor: Jim Beckmann\n\nhttps://www.makayamccraven.com\nhttp://kexp.org", "link": "https://www.youtube.com/watch?v=Y_BE_gi4YkA", "date_published": "2022-12-09 00:00:00+00:00", "persistent": false, "user": null, "language": "en-US"}, {"source": "https://www.youtube.com/feeds/videos.xml?channel_id=UC3I2GFN_F8WudD_2jUZbojA", "title": "Makaya McCraven - In These Times (Live on KEXP)", "description": "http://KEXP.ORG presents Makaya McCraven performing \u201cIn These Times\u201d live in the KEXP studio. Recorded October 25, 2022.\n\nMakaya McCraven - Drums\nJunius Paul - Bass\nJeff Parker - Guitar\nDe\u2019Sean Jones - Saxophone / Flute / EWI\n\nHost: Marco Collins\nAudio Engineer: Julian Martlew & Kevin Suggs\nAudio Mixer: Julian Martlew\nAudio Mastering: Matt Ogaz\nCameras: Jim Beckmann, Carlos Cruz, Scott Holpainen & Luke Knecht\nEditor: Jim Beckmann\n\nhttps://www.makayamccraven.com\nhttp://kexp.org", "link": "https://www.youtube.com/watch?v=MmZqtrsN6Rk", "date_published": "2022-12-09 00:00:00+00:00", "persistent": false, "user": null, "language": "en-US"}, {"source": "https://www.youtube.com/feeds/videos.xml?channel_id=UC3I2GFN_F8WudD_2jUZbojA", "title": "Makaya McCraven - The Knew Untitled (Live on KEXP)", "description": "http://KEXP.ORG presents Makaya McCraven performing \u201cThe Knew Untitled\u201d live in the KEXP studio. Recorded October 25, 2022.\n\nMakaya McCraven - Drums\nJunius Paul - Bass\nJeff Parker - Guitar\nDe\u2019Sean Jones - Saxophone / Flute / EWI\n\nHost: Marco Collins\nAudio Engineer: Julian Martlew & Kevin Suggs\nAudio Mixer: Julian Martlew\nAudio Mastering: Matt Ogaz\nCameras: Jim Beckmann, Carlos Cruz, Scott Holpainen & Luke Knecht\nEditor: Jim Beckmann\n\nhttps://www.makayamccraven.com\nhttp://kexp.org", "link": "https://www.youtube.com/watch?v=nfc-o4FBA-A", "date_published": "2022-12-09 00:00:00+00:00", "persistent": false, "user": null, "language": "en-US"}, {"source": "https://www.youtube.com/feeds/videos.xml?channel_id=UC3I2GFN_F8WudD_2jUZbojA", "title": "Makaya McCraven - This Place That Place (Live on KEXP)", "description": "http://KEXP.ORG presents Makaya McCraven performing \u201cThis Place That Place\u201d live in the KEXP studio. Recorded October 25, 2022.\n\nMakaya McCraven - Drums\nJunius Paul - Bass\nJeff Parker - Guitar\nDe\u2019Sean Jones - Saxophone / Flute / EWI\n\nHost: Marco Collins\nAudio Engineer: Julian Martlew & Kevin Suggs\nAudio Mixer: Julian Martlew\nAudio Mastering: Matt Ogaz\nCameras: Jim Beckmann, Carlos Cruz, Scott Holpainen & Luke Knecht\nEditor: Jim Beckmann\n\nhttps://www.makayamccraven.com\nhttp://kexp.org", "link": "https://www.youtube.com/watch?v=nsg88xpsm4s", "date_published": "2022-12-09 00:00:00+00:00", "persistent": false, "user": null, "language": "en-US"}]