[{"source": "https://www.youtube.com/feeds/videos.xml?channel_id=UCswH8ovgUp5Bdg-0_JTYFNw", "title": "THE TRUTH", "description": "First it was the unvaccinateds\u2019 fault, now it\u2019s striking nurses. Turns out, if you stand up to the State you\u2019re actually playing right into our enemies\u2019 hands. Bloody Putin.  \n#putin #russia #strike #nurse \n--------------------------------------------------------------------------------------------------------------------------\nFOLLOW and WATCH me LIVE weekdays on Rumble https://rumble.com/russellbrand\n\nJoin The Community STAY FREE AF: https://russellbrand.locals.com/\n\nCome to My Festival COMMUNITY - https://www.russellbrand.com/community-2023/\nNEW MERCH! https://stuff.russellbrand.com/", "link": "https://www.youtube.com/watch?v=tVDc9zkkymo", "date_published": "2022-12-09 00:00:00+00:00", "persistent": false, "user": null, "language": "en-US"}, {"source": "https://www.youtube.com/feeds/videos.xml?channel_id=UCswH8ovgUp5Bdg-0_JTYFNw", "title": "IT\u2019S OVER", "description": "You know the Terminator films? Well they\u2019re actually coming true. Police in America can now legally kill people with robots. What could go wrong? #police #technology #robots \n\nUse promo code BRAND for 15% off Field of Greens. Go to www.brickhouserussell.com\n\nReferences\nhttps://scheerpost.com/2022/12/01/cops-are-asking-to-kill-people-with-robots-what-could-go-wrong/\nhttps://www.independent.co.uk/news/world/americas/oakland-california-police-robots-shotgun-b2205452.html\nhttps://www.washingtonpost.com/local/legal-issues/daniel-hale-drone-leak-sentence/2021/07/27/7bb46dd6-ee14-11eb-bf80-e3877d9c5f06_story.html\nhttps://www.vice.com/en/article/pkp8zg/police-are-buying-drones-and-armored-vehicles-with-covid-relief-funds\n--------------------------------------------------------------------------------------------------------------------------\nFOLLOW and WATCH me LIVE weekdays on Rumble https://rumble.com/russellbrand\n\nJoin The Community STAY FREE AF: https://russellbrand.locals.com/\n\nCome to My Festival COMMUNITY - https://www.russellbrand.com/community-2023/\nNEW MERCH! https://stuff.russellbrand.com/", "link": "https://www.youtube.com/watch?v=R3rbuZzAv-Y", "date_published": "2022-12-08 00:00:00+00:00", "persistent": false, "user": null, "language": "en-US"}]