[{"source": "https://feeds.washingtonpost.com/rss/business/technology", "title": "The Game Awards start soon. Here\u2019s what you need to know.", "description": "Follow live coverage of the 2022 Game Awards for the biggest announcements, winners and highlights from the video game industry's premier awards ceremony.", "link": "https://www.washingtonpost.com/video-games/2022/12/08/game-awards/?utm_source=rss&utm_medium=referral&utm_campaign=wp_business-technology", "date_published": "2022-12-08 17:30:05+00:00", "persistent": false, "user": null, "language": "en-US"}, {"source": "https://feeds.washingtonpost.com/rss/business/technology", "title": "What does the FTC\u2019s lawsuit mean for the Microsoft Activision deal?", "description": "Breaking down the top questions following the FTC's announcement it would sue to halt Microsoft's acquisition of Activision Blizzard.", "link": "https://www.washingtonpost.com/video-games/2022/12/08/microsoft-activision-acquisition-ftc-explained/?utm_source=rss&utm_medium=referral&utm_campaign=wp_business-technology", "date_published": "2022-12-08 16:43:28+00:00", "persistent": false, "user": null, "language": "en-US"}, {"source": "https://feeds.washingtonpost.com/rss/business/technology", "title": "FTC sues to block Microsoft\u2019s acquisition of game giant Activision", "description": "The lawsuit represents the FTC\u2019s most significant effort to rein in consolidation in the tech industry since prominent tech critic Lina Khan became the commission\u2019s chair.", "link": "https://www.washingtonpost.com/technology/2022/12/08/ftc-sues-microsoft-over-activision/?utm_source=rss&utm_medium=referral&utm_campaign=wp_business-technology", "date_published": "2022-12-08 13:59:21+00:00", "persistent": false, "user": null, "language": "en-US"}, {"source": "https://feeds.washingtonpost.com/rss/business/technology", "title": "\u2018Diablo IV\u2019 developers work long hours, bracing for impending release", "description": "\"Diablo IV\" is slated for a June 6, 2023 release. Mismanagement and disturbing script changes have contributed to delays, workers say.", "link": "https://www.washingtonpost.com/video-games/2022/12/08/diablo-iv-release-date-crunch/?utm_source=rss&utm_medium=referral&utm_campaign=wp_business-technology", "date_published": "2022-12-08 13:00:28+00:00", "persistent": false, "user": null, "language": "en-US"}, {"source": "https://feeds.washingtonpost.com/rss/business/technology", "title": "AI selfies \u2014 and their critics \u2014 are taking the internet by storm", "description": "Seeing AI selfies everywhere? Here's how to generate your own \u2014 and what to know about the app Lensa before you download.", "link": "https://www.washingtonpost.com/technology/2022/12/08/lensa-ai-portraits/?utm_source=rss&utm_medium=referral&utm_campaign=wp_business-technology", "date_published": "2022-12-08 06:30:23+00:00", "persistent": false, "user": null, "language": "en-US"}, {"source": "https://feeds.washingtonpost.com/rss/business/technology", "title": "Russian disinformation is demonizing Ukrainian refugees", "description": "As Russian forces shell Ukrainian cities, pro-Kremlin propagandists have homed in on a new topic: turning Europeans against Ukrainian refugees.", "link": "https://www.washingtonpost.com/technology/2022/12/08/russian-disinfo-ukrainian-refugees-germany/?utm_source=rss&utm_medium=referral&utm_campaign=wp_business-technology", "date_published": "2022-12-08 00:00:20+00:00", "persistent": false, "user": null, "language": "en-US"}]