[{"source": "https://www.youtube.com/feeds/videos.xml?channel_id=UCSJPFQdZwrOutnmSFYtbstA", "title": "Five Reasons Marvel Phase 4 Sucked", "description": "The recent leaks about Marvel being extremely unhappy with Phase 4's reception got me thinking about how and why this franchise went off the rails. So let's take a look, shall we? \n\nWant to help support this channel? \nCheck out my books on Amazon: https://www.amazon.com/Will-Jordan/e/B00BCO7SA8/ref=dp_byline_cont_pop_ebooks_1\nSubscribe on Patreon: https://www.patreon.com/TheCriticalDrinker\nSubscribe on Subscribestar: https://www.subscribestar.com/the-critical-drinker", "link": "https://www.youtube.com/watch?v=8rZVvSohF-Q", "date_published": "2022-12-08 17:57:39+00:00", "persistent": false, "user": null, "language": null}]