[{"source": "http://feeds.skynews.com/feeds/rss/world.xml", "title": "'More volatile and unstable world': How 2022 kept breaking new extreme weather records", "description": "From summer heat across the whole of the northern hemisphere to a cruel drought inflicting mass hunger in east Africa, 2022 felt almost unrelenting in extreme weather.", "link": "https://news.sky.com/story/how-2022-kept-breaking-new-extreme-weather-records-in-more-volatile-and-unstable-world-12764266", "date_published": "2022-12-08 17:09:00+00:00", "persistent": false, "user": null, "language": "en-US"}, {"source": "http://feeds.skynews.com/feeds/rss/world.xml", "title": "Ukraine War Diaries: Fighting the Smart war against Russia", "description": "At first, Ukrainians used their smartphones to warn others of air raid alerts.", "link": "https://news.sky.com/story/ukraine-war-diaries-fighting-the-smart-war-against-russia-12764236", "date_published": "2022-12-08 16:42:00+00:00", "persistent": false, "user": null, "language": "en-US"}]