[{"source": "https://sekurak.pl/rss", "title": "Policjanci z Otwocka zatrzymali obywatela Indii. Mia\u0142 podszywa\u0107 si\u0119 pod kontrahent\u00f3w firm, podrzucaj\u0105c lewy rachunek bankowy\u2026", "description": "<p>Policja w Otwocku donosi: W ramach nowej metody okradania firm tzw. \u201ena fa\u0142szywy numer rachunku bankowego\u201d przest\u0119pcy podszywaj\u0105 si\u0119 pod przedstawicieli firmy b\u0119d\u0105cej kontrahentem sp\u00f3\u0142ki, kt\u00f3ra ma sta\u0107 si\u0119 ofiar\u0105 kradzie\u017cy. Nast\u0119pnie \u201epracownicy partnera biznesowego\u201d kieruj\u0105 do firm, kt\u00f3re z ni\u0105 wsp\u00f3\u0142pracuj\u0105 wiadomo\u015bci o zmianie numeru rachunku. Metoda raczej nowa...</p>\n<p>Artyku\u0142 <a href=\"https://sekurak.pl/policjanci-z-otwocka-zatrzymali-obywatela-indii-mial-podszywac-sie-pod-kontrahentow-firm-podrzucajac-lewy-rachunek-bankowy/\" rel=\"nofollow\">Policjanci z Otwocka zatrzymali obywatela Indii. Mia\u0142 podszywa\u0107 si\u0119 pod kontrahent\u00f3w firm, podrzucaj\u0105c lewy rachunek bankowy&#8230;</a> pochodzi z serwisu <a href=\"https://sekurak.pl\" rel=\"nofollow\">Sekurak</a>.</p>", "link": "https://sekurak.pl/policjanci-z-otwocka-zatrzymali-obywatela-indii-mial-podszywac-sie-pod-kontrahentow-firm-podrzucajac-lewy-rachunek-bankowy/", "date_published": "2022-12-08 19:43:33+00:00", "persistent": false, "user": null, "language": "pl-PL"}, {"source": "https://sekurak.pl/rss", "title": "Badacze bezpiecze\u0144stwa przez przypadek za\u0142atwili du\u017cy przest\u0119pczy botnet", "description": "<p>W listopadzie badacze z zespo\u0142u SIRT Akamai namierzyli malware KmdsBot atakuj\u0105cy systemy Windows i Linux, wykrywaj\u0105c s\u0142abo zabezpieczone us\u0142ugi terminalowe (domy\u015blne lub proste dane logowania). Po udanym ataku, zainfekowane urz\u0105dzenia s\u0105 wykorzystywane do kopania kryptowalut i uruchamiania dystrybuowanych atak\u00f3w Denial of Service (DoS). Na nieszcz\u0119\u015bcie przest\u0119pc\u00f3w botnet nie posiada\u0142 umiej\u0119tno\u015bci...</p>\n<p>Artyku\u0142 <a href=\"https://sekurak.pl/badacze-bezpieczenstwa-przez-przypadek-zalatwili-duzy-przestepczy-botnet/\" rel=\"nofollow\">Badacze bezpiecze\u0144stwa przez przypadek za\u0142atwili du\u017cy przest\u0119pczy botnet</a> pochodzi z serwisu <a href=\"https://sekurak.pl\" rel=\"nofollow\">Sekurak</a>.</p>", "link": "https://sekurak.pl/badacze-bezpieczenstwa-przez-przypadek-zalatwili-duzy-przestepczy-botnet/", "date_published": "2022-12-08 16:09:21+00:00", "persistent": false, "user": null, "language": "pl-PL"}, {"source": "https://sekurak.pl/rss", "title": "Apple wprowadza dodatkowy program ochrony: szyfrowane end2end backup\u00f3w w iCloud, klucze sprz\u0119towe 2FA do zabezpieczania konta applowego, zaawansowane wykrywanie atak\u00f3w pods\u0142uchu wiadomo\u015bci\u2026", "description": "<p>Jest to kolejny krok, poza wprowadzonym w iOS 16 trybem zabunkrowanym (&#8222;lockdown mode&#8222;). Je\u015bli chodzi o iCloud to b\u0119dzie mo\u017cliwo\u015b\u0107 szyfrowania end2end prawie wszystkiego. End2end czyli nawet Apple / kto\u015b kto w\u0142amie si\u0119 do ich clouda / s\u0142u\u017cby &#8211; nie b\u0119d\u0105 mia\u0142y wgl\u0105du w przechowywane dane. Dotyczy to r\u00f3wnie\u017c kopii...</p>\n<p>Artyku\u0142 <a href=\"https://sekurak.pl/apple-wprowadza-dodatkowy-program-ochrony-szyfrowane-end2end-backupow-w-icloud-klucze-sprzetowe-2fa-do-zabezpieczania-konta-applowego-zaawansowane-wykrywanie-atakow-podsluchu-wiadomosci/\" rel=\"nofollow\">Apple wprowadza dodatkowy program ochrony: szyfrowane end2end backup\u00f3w w iCloud, klucze sprz\u0119towe 2FA do zabezpieczania konta applowego, zaawansowane wykrywanie atak\u00f3w pods\u0142uchu wiadomo\u015bci&#8230;</a> pochodzi z serwisu <a href=\"https://sekurak.pl\" rel=\"nofollow\">Sekurak</a>.</p>", "link": "https://sekurak.pl/apple-wprowadza-dodatkowy-program-ochrony-szyfrowane-end2end-backupow-w-icloud-klucze-sprzetowe-2fa-do-zabezpieczania-konta-applowego-zaawansowane-wykrywanie-atakow-podsluchu-wiadomosci/", "date_published": "2022-12-08 15:51:46+00:00", "persistent": false, "user": null, "language": "pl-PL"}, {"source": "https://sekurak.pl/rss", "title": "Powstanie baza umo\u017cliwiaj\u0105ca zastrzec PESEL. Nikt tak \u0142atwo nie we\u017amie kredytu czy abonamentu na telefon na nasze wykradzione dane \u2026", "description": "<p>Propozycj\u0119 stworzenia rejestru wysun\u0105\u0142 Minister cyfryzacji. Jak donosi Gazeta Prawna: [przepisy] umo\u017cliwi\u0105 ka\u017cdemu szybkie zastrzeganie swego numeru PESEL w razie wycieku czy kradzie\u017cy danych osobowych. B\u0119dzie to mo\u017cliwe poprzez aplikacj\u0119 mObywatel, ale r\u00f3wnie\u017c w tradycyjnej formie, na pi\u015bmie, w dowolnym urz\u0119dzie gminy. Dodatkowo: [&#8230;] ka\u017cdy b\u0119dzie m\u00f3g\u0142 za darmo zastrzec...</p>\n<p>Artyku\u0142 <a href=\"https://sekurak.pl/powstanie-baza-umozliwiajaca-zastrzec-pesel-nikt-tak-latwo-nie-wezmie-kredytu-czy-abonamentu-na-telefon-na-nasze-wykradzione-dane/\" rel=\"nofollow\">Powstanie baza umo\u017cliwiaj\u0105ca zastrzec PESEL. Nikt tak \u0142atwo nie we\u017amie kredytu czy abonamentu na telefon na nasze wykradzione dane &#8230;</a> pochodzi z serwisu <a href=\"https://sekurak.pl\" rel=\"nofollow\">Sekurak</a>.</p>", "link": "https://sekurak.pl/powstanie-baza-umozliwiajaca-zastrzec-pesel-nikt-tak-latwo-nie-wezmie-kredytu-czy-abonamentu-na-telefon-na-nasze-wykradzione-dane/", "date_published": "2022-12-08 09:09:03+00:00", "persistent": false, "user": null, "language": "pl-PL"}]