[{"source": "https://tvn24.pl/najwazniejsze.xml", "title": "Kamil Majchrzak z pozytywnym wynikiem kontroli antydopingowej. Tenisista wyda\u0142 o\u015bwiadczenie", "description": "<img alt=\"Kamil Majchrzak z pozytywnym wynikiem kontroli antydopingowej. Tenisista wyda\u0142 o\u015bwiadczenie\" src=\"https://tvn24.pl/najnowsze/cdn-zdjecie-t2cqya-kamil-majchrzak-odpadl-z-turnieju-atp-250-w-winston-salem-6421319/alternates/LANDSCAPE_1280\" />\n    \"Rozpocz\u0105\u0142em najtrudniejsz\u0105 walk\u0119 w moim \u017cyciu - walk\u0119 o udowodnienie swojej niewinno\u015bci\" - napisa\u0142.", "link": "https://eurosport.tvn24.pl/kamil-majchrzak-z-pozytywnym-wynikiem-kontroli-antydopingowej--tenisista-wyda--o-wiadczenie,1128428.html?source=rss", "date_published": "2022-12-08 21:57:42+00:00", "persistent": false, "user": null, "language": "pl-PL"}, {"source": "https://tvn24.pl/najwazniejsze.xml", "title": "Koniec mundialu dla dw\u00f3ch Portugalczyk\u00f3w", "description": "<img alt=\"Koniec mundialu dla dw\u00f3ch Portugalczyk\u00f3w\" src=\"https://tvn24.pl/najnowsze/cdn-zdjecie-7mmepp-portugalczycy-przystapia-do-cwiercfinalu-bez-dwoch-graczy/alternates/LANDSCAPE_1280\" />\n    Nuno Mendes i Danilo Pereira s\u0105 kontuzjowani i nie maj\u0105 ju\u017c szans na wyst\u0119p w dalszej cz\u0119\u015bci turnieju.", "link": "https://eurosport.tvn24.pl/koniec-mundialu-dla-dw-ch-portugalczyk-w,1128337.html?source=rss", "date_published": "2022-12-08 21:13:00+00:00", "persistent": false, "user": null, "language": "pl-PL"}, {"source": "https://tvn24.pl/najwazniejsze.xml", "title": "Kaczy\u0144ski: przykro nam, ale w tej chwili nas na to jeszcze nie sta\u0107", "description": "<img alt=\"Kaczy\u0144ski: przykro nam, ale w tej chwili nas na to jeszcze nie sta\u0107\" src=\"https://tvn24.pl/najnowsze/cdn-zdjecie-wxghmc-mid-22c08621-6420897/alternates/LANDSCAPE_1280\" />\n    Prezes PiS podczas spotkania w Chojnicach.", "link": "https://tvn24.pl/biznes/z-kraju/emerytury-stazowe-prezes-pis-jaroslaw-kaczynski-nie-stac-nas-na-to-6420663?source=rss", "date_published": "2022-12-08 20:44:39+00:00", "persistent": false, "user": null, "language": "pl-PL"}, {"source": "https://tvn24.pl/najwazniejsze.xml", "title": "\"PiS nie ucieknie od sklejenia tej partii z cz\u0142owiekiem, kt\u00f3ry dzisiaj siedzi w areszcie\"", "description": "<img alt=\"\" src=\"https://tvn24.pl/najnowsze/cdn-zdjecie-50vb5r-kropka-6420659/alternates/LANDSCAPE_1280\" />\n    Krzysztof \u015amiszek i Adam Sz\u0142apka byli go\u015b\u0107mi \"Kropki nad i\".", "link": "https://tvn24.pl/najnowsze/sprawa-tomasz-l-komentuja-krzysztof-smiszek-i-adam-szlapka-6420634?source=rss", "date_published": "2022-12-08 20:24:24+00:00", "persistent": false, "user": null, "language": "pl-PL"}, {"source": "https://tvn24.pl/najwazniejsze.xml", "title": "Wrona: zrealizowa\u0142 si\u0119 plan Putina. \"To jest zawsze kompromis, kt\u00f3ry cuchnie na odleg\u0142o\u015b\u0107\"", "description": "<img alt=\"Wrona: zrealizowa\u0142 si\u0119 plan Putina. \" src=\"https://tvn24.pl/najnowsze/cdn-zdjecie-k0gjb9-wymiana-wiezniow-6420701/alternates/LANDSCAPE_1280\" />\n    Marcin Wrona i Jacek Stawiski o wymianie wi\u0119\u017ani\u00f3w mi\u0119dzy USA a Rosj\u0105.", "link": "https://tvn24.pl/go/programy,7/rozmowy-na-szczycie-odcinki,692593/odcinek-41,S00E41,932627?source=rss", "date_published": "2022-12-08 20:05:24+00:00", "persistent": false, "user": null, "language": "pl-PL"}, {"source": "https://tvn24.pl/najwazniejsze.xml", "title": "\"Rosjanie nie s\u0105 w stanie zbudowa\u0107 szczelnej obrony strategicznych obiekt\u00f3w\"", "description": "<img alt=\"\" src=\"https://tvn24.pl/najnowsze/cdn-zdjecie-7ovw9n-zdjecie-uszkodzonego-tu-22m-na-lotnisku-pod-riazaniem-6420616/alternates/LANDSCAPE_1280\" />\n    Jurij Butusow o ataku na rosyjskie bazy lotnicze pod Riazaniem i Engelsem.", "link": "https://tvn24.pl/swiat/jurij-butusow-rosjanie-nie-sa-w-stanie-zbudowac-szczelnej-obrony-swoich-strategicznych-obiektow-6420614?source=rss", "date_published": "2022-12-08 19:58:32+00:00", "persistent": false, "user": null, "language": "pl-PL"}, {"source": "https://tvn24.pl/najwazniejsze.xml", "title": "\"Mamy do czynienia z szeregiem nieprawdopodobnych rzeczy\"", "description": "<img alt=\"\" src=\"https://tvn24.pl/najnowsze/cdn-zdjecie-2b5n4j-janusz-zemke-6420639/alternates/LANDSCAPE_1280\" />\n    Janusz Zemke w \"Faktach po Faktach\".", "link": "https://tvn24.pl/polska/sprawa-tomasza-l-zatrzymanego-pod-zarzutem-szpiegostwa-na-rzecz-rosji-janusz-zemke-komentuje-6420613?source=rss", "date_published": "2022-12-08 19:45:16+00:00", "persistent": false, "user": null, "language": "pl-PL"}, {"source": "https://tvn24.pl/najwazniejsze.xml", "title": "Ronaldo grozi\u0142 opuszczeniem kadry? Portugalska federacja zaprzecza", "description": "<img alt=\"Ronaldo grozi\u0142 opuszczeniem kadry? Portugalska federacja zaprzecza\" src=\"https://tvn24.pl/najnowsze/cdn-zdjecie-0i5rgp-cristiano-ronaldo/alternates/LANDSCAPE_1280\" />\n    Pog\u0142oski na ten temat nasili\u0142y si\u0119, gdy napastnik nie pojawi\u0142 si\u0119 na \u015brodowym treningu kadry.", "link": "https://eurosport.tvn24.pl/ronaldo-grozi--opuszczeniem-kadry--portugalska-federacja-zaprzecza,1128390.html?source=rss", "date_published": "2022-12-08 19:11:00+00:00", "persistent": false, "user": null, "language": "pl-PL"}, {"source": "https://tvn24.pl/najwazniejsze.xml", "title": "\"Przywie\u017ali nas do obozu i zacz\u0119li usuwa\u0107 ci\u0105\u017ce\"", "description": "<img alt=\"\" src=\"https://tvn24.pl/najnowsze/cdn-zdjecie-5jvgjv-przywiezli-nas-do-obozu-i-zaczeli-usuwac-ciaze-6426788/alternates/LANDSCAPE_1280\" />\n    Wstrz\u0105saj\u0105ce ustalenia dziennikarzy.", "link": "https://fakty.tvn24.pl/-przywie-li-nas-do-obozu-i-zacz-li-usuwa--ci--e---wstrz-saj-ce-ustalenia-dziennikarzy,1128419.html?source=rss", "date_published": "2022-12-08 19:10:18+00:00", "persistent": false, "user": null, "language": "pl-PL"}, {"source": "https://tvn24.pl/najwazniejsze.xml", "title": "Dominacja Kubackiego. \"Pierwszy skok by\u0142 solidny, drugiego sam si\u0119 boj\u0119\"", "description": "<img alt=\"Dominacja Kubackiego. \" src=\"https://tvn24.pl/najnowsze/cdn-zdjecie-y1ibqt-dawid-kubacki-rzadzil-na-treningach-w-titisee-neustadt/alternates/LANDSCAPE_1280\" />\n    Dawid Kubacki okaza\u0142 si\u0119 najlepszy w trzech czwartkowych seriach treningowych.", "link": "https://eurosport.tvn24.pl/dominacja-kubackiego---pierwszy-skok-by--solidny--drugiego-sam-si--boj--,1128386.html?source=rss", "date_published": "2022-12-08 18:32:00+00:00", "persistent": false, "user": null, "language": "pl-PL"}, {"source": "https://tvn24.pl/najwazniejsze.xml", "title": "Seria wybuch\u00f3w w okupowanym Berdia\u0144sku. \"S\u0142ysza\u0142o ca\u0142e miasto\"", "description": "<img alt=\"Seria wybuch\u00f3w w okupowanym Berdia\u0144sku. \" src=\"https://tvn24.pl/najnowsze/cdn-zdjecie-1pe67y-berdiansk-6420603/alternates/LANDSCAPE_1280\" />\n    W rosyjskiej bazie wojskowej dosz\u0142o do trzech pot\u0119\u017cnych eksplozji, a p\u00f3\u017aniej do kolejnych, o mniejszej sile.", "link": "https://tvn24.pl/swiat/ukraina-seria-wybuchow-w-okupowanym-berdiansku-atak-na-rosyjska-baze-wojskowa-6420599?source=rss", "date_published": "2022-12-08 18:28:51+00:00", "persistent": false, "user": null, "language": "pl-PL"}, {"source": "https://tvn24.pl/najwazniejsze.xml", "title": "Ci\u0119\u017carna kobieta mieszka\u0142a w betonowej wiacie. Gdy j\u0105 znale\u017ali, le\u017ca\u0142a pod starymi ko\u0142drami", "description": "<img alt=\"Ci\u0119\u017carna kobieta mieszka\u0142a w betonowej wiacie. Gdy j\u0105 znale\u017ali, le\u017ca\u0142a pod starymi ko\u0142drami\" src=\"https://tvn24.pl/tvnwarszawa/najnowsze/cdn-zdjecie-fulc0c-straznicy-pomogli-tez-konkubentowi-26-latki-6420612/alternates/LANDSCAPE_1280\" />\n    Stra\u017cnicy miejscy przekonali 26-latk\u0119, by pojecha\u0142a do szpitala.", "link": "https://tvn24.pl/tvnwarszawa/najnowsze/warszawa-mysliborska-ciezarna-kobieta-mieszkala-pod-betonowa-wiata-na-bialolece-6420593?source=rss", "date_published": "2022-12-08 18:25:34+00:00", "persistent": false, "user": null, "language": "pl-PL"}, {"source": "https://tvn24.pl/najwazniejsze.xml", "title": "Kolejna transza potr\u0105cona. Stracili\u015bmy 1,4 miliarda z\u0142otych", "description": "<img alt=\"Kolejna transza potr\u0105cona. Stracili\u015bmy 1,4 miliarda z\u0142otych\" src=\"https://tvn24.pl/najnowsze/cdn-zdjecie-0jl13x-komisja-europejska-5452065/alternates/LANDSCAPE_1280\" />\n    Wynika z ustale\u0144 korespondenta TVN24 w Brukseli Macieja Soko\u0142owskiego.", "link": "https://tvn24.pl/biznes/z-kraju/ke-potracila-kolejna-transze-z-funduszy-ue-dla-polski-kara-za-izbe-dyscyplinarna-6420543?source=rss", "date_published": "2022-12-08 17:37:02+00:00", "persistent": false, "user": null, "language": "pl-PL"}, {"source": "https://tvn24.pl/najwazniejsze.xml", "title": "Rosja odzyska\u0142a \"handlarza \u015bmierci\u0105\". Dla Kremla to \"kwestia honoru i bezwzgl\u0119dnego pragmatyzmu\"", "description": "<img alt=\"Rosja odzyska\u0142a \" src=\"https://tvn24.pl/najnowsze/cdn-zdjecie-5vvmhv-pap20080922034-6420442/alternates/LANDSCAPE_1280\" />\n    Wymiany na linii Rosja - USA dokonano na lotnisku w Abu Zabi", "link": "https://tvn24.pl/swiat/zea-usa-dokonaly-wymiany-wiezniow-z-rosja-za-mloda-koszykarkeuwolnily-znanego-rosyjskiego-handlarza-bronia-6420410?source=rss", "date_published": "2022-12-08 17:24:35+00:00", "persistent": false, "user": null, "language": "pl-PL"}, {"source": "https://tvn24.pl/najwazniejsze.xml", "title": "Ostatni raz co\u015b takiego zdarzy\u0142o si\u0119 15 lat temu. Tydzie\u0144 po zako\u0144czeniu sezonu ryzyko burzy tropikalnej", "description": "<img alt=\"Ostatni raz co\u015b takiego zdarzy\u0142o si\u0119 15 lat temu. Tydzie\u0144 po zako\u0144czeniu sezonu ryzyko burzy tropikalnej\" src=\"https://tvn24.pl/tvnmeteo/najnowsze/cdn-zdjecie-j07lt4-huragan-nicole-na-atlantyku-zdjecie-satelitarne-z-dnia-8112022-6420581/alternates/LANDSCAPE_1280\" />\n    Prognozy meteorolog\u00f3w z AccuWeather.", "link": "https://tvn24.pl/tvnmeteo/swiat/ostatni-raz-cos-takiego-zdarzylo-sie-15-lat-temu-tydzien-po-zakonczeniu-sezonu-pojawilo-sie-ryzyko-burzy-tropikalnej-6420550?source=rss", "date_published": "2022-12-08 17:23:47+00:00", "persistent": false, "user": null, "language": "pl-PL"}, {"source": "https://tvn24.pl/najwazniejsze.xml", "title": "\u0141zy papie\u017ca Franciszka i za\u0142amuj\u0105cy si\u0119 g\u0142os", "description": "<img alt=\"\u0141zy papie\u017ca Franciszka i za\u0142amuj\u0105cy si\u0119 g\u0142os \" src=\"https://tvn24.pl/najnowsze/cdn-zdjecie-l8ibbb-papa-6420545/alternates/LANDSCAPE_1280\" />\n    W czasie modlitwy o pok\u00f3j w Ukrainie.", "link": "https://tvn24.pl/swiat/rzym-lzy-papieza-franciszka-w-czasie-modlitwy-o-pokoj-w-ukrainie-6420515?source=rss", "date_published": "2022-12-08 17:13:22+00:00", "persistent": false, "user": null, "language": "pl-PL"}, {"source": "https://tvn24.pl/najwazniejsze.xml", "title": "Glapi\u0144ski o tym, jak poradzi\u0107 sobie z otaczaj\u0105c\u0105 rzeczywisto\u015bci\u0105. \"To naprawd\u0119 cz\u0142owieka uspokaja\"", "description": "<img alt=\"Glapi\u0144ski o tym, jak poradzi\u0107 sobie z otaczaj\u0105c\u0105 rzeczywisto\u015bci\u0105. \" src=\"https://tvn24.pl/biznes/najnowsze/cdn-zdjecie-s1t4om-prezes-narodowego-banku-polskiego-adam-glapinski-podczas-konferencji-prasowej-6420522/alternates/LANDSCAPE_1280\" />\n    Szef NBP podczas konferencji prasowej.", "link": "https://tvn24.pl/biznes/z-kraju/glapinski-o-tym-jak-poradzic-sobie-z-otaczajaca-rzeczywistoscia-to-naprawde-czlowieka-uspokaja-6420482?source=rss", "date_published": "2022-12-08 17:08:09+00:00", "persistent": false, "user": null, "language": "pl-PL"}, {"source": "https://tvn24.pl/najwazniejsze.xml", "title": "Cz\u0142owiek-choinka przebi\u0142 opony w 21 pojazdach", "description": "<img alt=\"Cz\u0142owiek-choinka przebi\u0142 opony w 21 pojazdach\" src=\"https://tvn24.pl/najnowsze/cdn-zdjecie-6zcrlh-czlowiek-choinka-przebil-opony-w-21-pojazdach-zdjecie-z-monitoringu-6420511/alternates/LANDSCAPE_1280\" />\n    Szuka go policja, zobacz nagranie.", "link": "https://tvn24.pl/polska/warzymice-policja-szuka-czlowieka-choinki-monitoring-nagral-jak-niszczy-auta-nalezace-do-hurtowni-miesa-6420288?source=rss", "date_published": "2022-12-08 16:57:45+00:00", "persistent": false, "user": null, "language": "pl-PL"}, {"source": "https://tvn24.pl/najwazniejsze.xml", "title": "Hurkacz awansowa\u0142 do \u0107wier\u0107fina\u0142u", "description": "<img alt=\"Hurkacz awansowa\u0142 do \u0107wier\u0107fina\u0142u\" src=\"https://tvn24.pl/najnowsze/cdn-zdjecie-paxlz1-hubert-hurkacz-w-akcji/alternates/LANDSCAPE_1280\" />\n    Wygra\u0142 z Dominikiem Strickerem.", "link": "https://eurosport.tvn24.pl/hurkacz-jako-pierwszy-zdoby--po-10-punkt-w--awansowa--do--wier-fina-u,1128368.html?source=rss", "date_published": "2022-12-08 16:56:00+00:00", "persistent": false, "user": null, "language": "pl-PL"}, {"source": "https://tvn24.pl/najwazniejsze.xml", "title": "Policja poda\u0142a personalia \"ch\u0142opca z pude\u0142ka\" i najnowsze ustalenia w sprawie", "description": "<img alt=\"Policja poda\u0142a personalia \" ch=\"ch\" src=\"https://tvn24.pl/najnowsze/cdn-zdjecie-0gtid9-anonimowy-grob-chlopca-z-pudelka-na-cmentarzu-w-filadelfii-6420457/alternates/LANDSCAPE_1280\" />\n    \"Po 65 latach przywr\u00f3cono imi\u0119 Nieznanemu Dziecku Ameryki\"", "link": "https://tvn24.pl/swiat/usa-chlopiec-z-pudelka-policja-ujawnila-personalia-6420398?source=rss", "date_published": "2022-12-08 16:50:19+00:00", "persistent": false, "user": null, "language": "pl-PL"}, {"source": "https://tvn24.pl/najwazniejsze.xml", "title": "B\u0142yskawiczny powr\u00f3t Glika na ligowe boiska po mundialu", "description": "<img alt=\"B\u0142yskawiczny powr\u00f3t Glika na ligowe boiska po mundialu\" src=\"https://tvn24.pl/najnowsze/cdn-zdjecie-5n0uzd-kamil-glik-w-barwach-benevento/alternates/LANDSCAPE_1280\" />\n    Obro\u0144ca zagra\u0142 w barwach Benevento.", "link": "https://eurosport.tvn24.pl/b-yskawiczny-powr-t-glika-na-ligowe-boiska-po-mundialu,1128361.html?source=rss", "date_published": "2022-12-08 16:30:00+00:00", "persistent": false, "user": null, "language": "pl-PL"}, {"source": "https://tvn24.pl/najwazniejsze.xml", "title": "Strefa Schengen powi\u0119kszy si\u0119 o kolejne pa\u0144stwo. To popularny kierunek wakacyjnych podr\u00f3\u017cy Polak\u00f3w", "description": "<img alt=\"Strefa Schengen powi\u0119kszy si\u0119 o kolejne pa\u0144stwo. To popularny kierunek wakacyjnych podr\u00f3\u017cy Polak\u00f3w \" src=\"https://tvn24.pl/najnowsze/cdn-zdjecie-3xuzn8-shutterstock2047921568-6420496/alternates/LANDSCAPE_1280\" />\n    Jednocze\u015bnie dwie kandydatury zosta\u0142y odrzucone.", "link": "https://tvn24.pl/biznes/ze-swiata/strefa-schengen-bedzie-wieksza-chorwacja-ma-zgode-ue-na-dolaczenie-do-strefy-od-2023-roku-6420492?source=rss", "date_published": "2022-12-08 16:24:13+00:00", "persistent": false, "user": null, "language": "pl-PL"}, {"source": "https://tvn24.pl/najwazniejsze.xml", "title": "Prezent od Basi? \"O Jezu, przepraszam, w \u017cyciu bym do pani nie powiedzia\u0142 w ten spos\u00f3b\"", "description": "<img alt=\"Prezent od Basi? \" src=\"https://tvn24.pl/najnowsze/cdn-zdjecie-wqsncx-sejm-wita-6420495/alternates/LANDSCAPE_1280\" />\n    Radomir Wit i dwie Barbary na sejmowym korytarzu.", "link": "https://tvn24.pl/go/programy,7/sejm-wita-odcinki,404598/odcinek-97,S00E97,932609?source=rss", "date_published": "2022-12-08 16:04:28+00:00", "persistent": false, "user": null, "language": "pl-PL"}, {"source": "https://tvn24.pl/najwazniejsze.xml", "title": "Wielkie \u015bnie\u017cne fronty dotr\u0105 do Polski. \"Do poniedzia\u0142ku zasypie nas od Ba\u0142tyku po Tatry\"", "description": "<img alt=\"Wielkie \u015bnie\u017cne fronty dotr\u0105 do Polski. \" src=\"https://tvn24.pl/tvnmeteo/najnowsze/cdn-zdjecie-uls409-sniezyce-drv-6420433/alternates/LANDSCAPE_1280\" />\n    Pogoda w najbli\u017cszych dniach zapowiada si\u0119 i\u015bcie zimowo.", "link": "https://tvn24.pl/tvnmeteo/prognoza/pogoda-na-weekend-wielkie-sniezne-fronty-dotra-do-polski-do-poniedzialku-zasypie-nas-od-baltyku-po-tatry-kiedy-spadnie-snieg-6420441?source=rss", "date_published": "2022-12-08 15:43:12+00:00", "persistent": false, "user": null, "language": "pl-PL"}, {"source": "https://tvn24.pl/najwazniejsze.xml", "title": "Karski: mamy cztery razy wi\u0119cej energii z OZE ni\u017c za rz\u0105d\u00f3w PO-PSL. Sprawdzamy", "description": "<img alt=\"Karski: mamy cztery razy wi\u0119cej energii z OZE ni\u017c za rz\u0105d\u00f3w PO-PSL. Sprawdzamy\" src=\"https://tvn24.pl/najnowsze/cdn-zdjecie-4erzli-karski-mamy-cztery-razy-wiecej-energii-z-oze-niz-za-rzadow-po-psl-to-nieprawda-6406952/alternates/LANDSCAPE_1280\" />\n    Sprawdzili\u015bmy, czy s\u0142owa europos\u0142a PiS maj\u0105 pokrycie w danych.", "link": "https://konkret24.tvn24.pl/polityka/karski-mamy-cztery-razy-wiecej-energii-z-oze-niz-za-rzadow-po-psl-sprawdzamy-6405701?source=rss", "date_published": "2022-12-08 15:22:00+00:00", "persistent": false, "user": null, "language": "pl-PL"}, {"source": "https://tvn24.pl/najwazniejsze.xml", "title": "\"Bohaterowie\". Gor\u0105ce powitanie japo\u0144skich pi\u0142karzy po mundialu", "description": "<img alt=\"\" src=\"https://tvn24.pl/najnowsze/cdn-zdjecie-mqgqzf-japonia-przegrala-z-chorwacja-w-18-finalu-ms-2022/alternates/LANDSCAPE_1280\" />\n    Na lotnisku na pi\u0142karzy czeka\u0142 t\u0142um kibic\u00f3w, kt\u00f3rzy entuzjastycznie powitali swoich ulubie\u0144c\u00f3w.", "link": "https://eurosport.tvn24.pl/-bohaterowie---gor-ce-powitanie-japo-skich-pi-karzy-po-mundialu,1128356.html?source=rss", "date_published": "2022-12-08 15:04:34+00:00", "persistent": false, "user": null, "language": "pl-PL"}, {"source": "https://tvn24.pl/najwazniejsze.xml", "title": "Wyj\u0105tkowy cynizm po \u015bmiertelnym wypadku w trakcie mundialu. \"To naturalna cz\u0119\u015b\u0107 \u017cycia\"", "description": "<img alt=\"Wyj\u0105tkowy cynizm po \u015bmiertelnym wypadku w trakcie mundialu. \" src=\"https://tvn24.pl/najnowsze/cdn-zdjecie-a3129o-nasser-al-khater/alternates/LANDSCAPE_1280\" />\n    G\u0142os zabrali dyrektor generalny pi\u0142karskich mistrzostw \u015bwiata w Katarze Nasser Al Khater i sekretarz generalna FIFA Fatma Samoura.", "link": "https://eurosport.tvn24.pl/wyj-tkowy-cynizm-oficjeli-po--miertelnym-wypadku-w-trakcie-mundialu---to-naturalna-cz-----ycia-,1128353.html?source=rss", "date_published": "2022-12-08 15:00:00+00:00", "persistent": false, "user": null, "language": "pl-PL"}, {"source": "https://tvn24.pl/najwazniejsze.xml", "title": "Zignorowa\u0142a dzieci na pasach i m\u0119\u017cczyzn\u0119, kt\u00f3ry znakiem \"stop\" macha\u0142 jej przed mask\u0105", "description": "<img alt=\"Zignorowa\u0142a dzieci na pasach i m\u0119\u017cczyzn\u0119, kt\u00f3ry znakiem \" src=\"https://tvn24.pl/najnowsze/cdn-zdjecie-pc426g-zdarzenie-zostalo-nagrane-przez-wideorejestrator-jednego-ze-swiadkow-6420317/alternates/LANDSCAPE_1280\" />\n    Policja pokaza\u0142a nagranie, na kt\u00f3rym wida\u0107 moment zdarzenia.", "link": "https://tvn24.pl/bialystok/elk-zignorowala-dzieci-na-pasach-i-mezczyzne-ktory-znakiem-stop-machal-jej-przed-maska-zostala-ukarana-6420295?source=rss", "date_published": "2022-12-08 14:50:55+00:00", "persistent": false, "user": null, "language": "pl-PL"}, {"source": "https://tvn24.pl/najwazniejsze.xml", "title": "Brazylijczycy musz\u0105 si\u0119 ba\u0107?", "description": "<img alt=\"Brazylijczycy musz\u0105 si\u0119 ba\u0107? \" src=\"https://tvn24.pl/najnowsze/cdn-zdjecie-6kc584-brazylijczycy-wspaniale-graja-na-mundialu-w-katarze/alternates/LANDSCAPE_1280\" />\n     Fatalna statystyka mecz\u00f3w z ekipami z Europy.", "link": "https://eurosport.tvn24.pl/brazylijczycy-musz--si--ba---fatalna-statystyka-mecz-w-z-ekipami-z-europy,1128315.html?source=rss", "date_published": "2022-12-08 14:35:51+00:00", "persistent": false, "user": null, "language": "pl-PL"}, {"source": "https://tvn24.pl/najwazniejsze.xml", "title": "Powsta\u0142a klinika \"Budzik\" dla doros\u0142ych", "description": "<img alt=\"Powsta\u0142a klinika \" src=\"https://tvn24.pl/tvnwarszawa/najnowsze/cdn-zdjecie-5uv6yg-otwarcie-kliniki-budzik-dla-doroslych-6420168/alternates/LANDSCAPE_1280\" />\n    W dzieci\u0119cej klinice wybudzi\u0142o si\u0119 w\u0142a\u015bnie setne dziecko.", "link": "https://tvn24.pl/tvnwarszawa/najnowsze/warszawa-w-szpitalu-brodnowskim-powstala-klinika-budzik-dla-doroslych-6420267?source=rss", "date_published": "2022-12-08 14:34:49+00:00", "persistent": false, "user": null, "language": "pl-PL"}, {"source": "https://tvn24.pl/najwazniejsze.xml", "title": "Glapi\u0144ski o stopach procentowych i inflacji. \"Stycze\u0144, luty b\u0119dzie wzrost\"", "description": "<img alt=\"Glapi\u0144ski o stopach procentowych i inflacji. \" src=\"https://tvn24.pl/najnowsze/cdn-zdjecie-71ygcb-glapa-6420299/alternates/LANDSCAPE_1280\" />\n    Konferencja prezesa NBP.", "link": "https://tvn24.pl/biznes/z-kraju/adam-glapinski-o-stopach-procentowych-i-inflacji-konferencja-prezesa-nbp-6420150?source=rss", "date_published": "2022-12-08 14:31:40+00:00", "persistent": false, "user": null, "language": "pl-PL"}, {"source": "https://tvn24.pl/najwazniejsze.xml", "title": "\"Nad Balatonem powa\u017cne problemy\"", "description": "<img alt=\"\" src=\"https://tvn24.pl/najnowsze/cdn-zdjecie-4nzq1p-wegry-budapeszt-shutterstock2202273345-6420225/alternates/LANDSCAPE_1280\" />\n    Najnowsze dane.", "link": "https://tvn24.pl/biznes/ze-swiata/wegry-inflacja-w-listopadzie-nad-balatonem-powazne-problemy-6420208?source=rss", "date_published": "2022-12-08 14:04:56+00:00", "persistent": false, "user": null, "language": "pl-PL"}, {"source": "https://tvn24.pl/najwazniejsze.xml", "title": "C\u00f3rki \u017co\u0142nierza Armii Krajowej dostan\u0105 800 tysi\u0119cy z\u0142otych zado\u015b\u0107uczynienia za\u00a0\u015bmier\u0107 ojca", "description": "<img alt=\"C\u00f3rki \u017co\u0142nierza Armii Krajowej dostan\u0105 800 tysi\u0119cy z\u0142otych zado\u015b\u0107uczynienia za\u00a0\u015bmier\u0107 ojca\" src=\"https://tvn24.pl/najnowsze/cdn-zdjecie-a2xdjd-wyrok-sadu-5745962/alternates/LANDSCAPE_1280\" />\n    Wyrok jest prawomocny.", "link": "https://tvn24.pl/najnowsze/bialystok-corki-zolnierza-armii-krajowej-dostana-800-tysiecy-zlotych-zadoscuczynienia-zasmierc-ojca-6420174?source=rss", "date_published": "2022-12-08 14:02:00+00:00", "persistent": false, "user": null, "language": "pl-PL"}, {"source": "https://tvn24.pl/najwazniejsze.xml", "title": "Brittney Griner wraca do domu. Mi\u0119dzy Rosj\u0105 a USA dosz\u0142o do wymiany wi\u0119\u017ani\u00f3w", "description": "<img alt=\"Brittney Griner wraca do domu. Mi\u0119dzy Rosj\u0105 a USA dosz\u0142o do wymiany wi\u0119\u017ani\u00f3w\" src=\"https://tvn24.pl/najnowsze/cdn-zdjecie-95pjjm-griner-zostala-wymieniona-za-handlarza-bronia/alternates/LANDSCAPE_1280\" />\n    Informacj\u0119 potwierdzi\u0142 ameryka\u0144ski prezydent Joe Biden.", "link": "https://eurosport.tvn24.pl/griner-uwolniona--mi-dzy-rosj--a-usa-dosz-o-do-wymiany-wi--ni-w,1128343.html?source=rss", "date_published": "2022-12-08 14:01:00+00:00", "persistent": false, "user": null, "language": "pl-PL"}, {"source": "https://tvn24.pl/najwazniejsze.xml", "title": "Atak no\u017cownika w sklepie, nie \u017cyje kobieta. Trwa policyjna ob\u0142awa", "description": "<img alt=\"Atak no\u017cownika w sklepie, nie \u017cyje kobieta. Trwa policyjna ob\u0142awa\" src=\"https://tvn24.pl/najnowsze/cdn-zdjecie-ueaktg-nie-zyje-dwoch-nastolatkow-6238963/alternates/LANDSCAPE_1280\" />\n    W Sochaczewie przy ulicy P\u0142ockiej.", "link": "https://tvn24.pl/tvnwarszawa/okolice/sochaczew-atak-nozownika-w-sklepie-nie-zyje-35-letnia-kobieta-6420234?source=rss", "date_published": "2022-12-08 13:58:41+00:00", "persistent": false, "user": null, "language": "pl-PL"}, {"source": "https://tvn24.pl/najwazniejsze.xml", "title": "Do tunelu, kt\u00f3rym przed laty transportowano gazety wlej\u0105 900 metr\u00f3w sze\u015bciennych betonu", "description": "<img alt=\"Do tunelu, kt\u00f3rym przed laty transportowano gazety wlej\u0105 900 metr\u00f3w sze\u015bciennych betonu\" src=\"https://tvn24.pl/tvnwarszawa/najnowsze/cdn-zdjecie-5yr94d-drogowcy-betonuja-nieczynny-tunel-pod-prosta-6419981/alternates/LANDSCAPE_1280\" />\n    Nieczynny tunel pod ulic\u0105 Prost\u0105 ma na ponad 80 metr\u00f3w d\u0142ugo\u015bci.", "link": "https://tvn24.pl/tvnwarszawa/najnowsze/warszawa-drogowcy-betonuja-nieczynny-tunel-pod-prosta-6419864?source=rss", "date_published": "2022-12-08 13:45:13+00:00", "persistent": false, "user": null, "language": "pl-PL"}, {"source": "https://tvn24.pl/najwazniejsze.xml", "title": "\"Ci\u0119\u017ckie straty\" elitarnej rosyjskiej jednostki", "description": "<img alt=\"\" src=\"https://tvn24.pl/najnowsze/cdn-zdjecie-jvht6q-ukraina-donbas-rosyjscy-zolnierze-sily-samozwanczej-donieckiej-republiki-ludowej-01122022-6304302/alternates/LANDSCAPE_1280\" />\n    Brytyjczycy donosz\u0105 o powa\u017cnych stratach rosyjskiej armii.", "link": "https://tvn24.pl/swiat/wielka-brytania-resort-obrony-elitarna-rosyjska-armia-pancerna-poniosla-ciezkie-straty-6420103?source=rss", "date_published": "2022-12-08 13:39:25+00:00", "persistent": false, "user": null, "language": "pl-PL"}, {"source": "https://tvn24.pl/najwazniejsze.xml", "title": "Kilka porcji ukry\u0142 w bieli\u017anie, ponad dwa kilogramy zakopa\u0142 pod lasem", "description": "<img alt=\"Kilka porcji ukry\u0142 w bieli\u017anie, ponad dwa kilogramy zakopa\u0142 pod lasem\" src=\"https://tvn24.pl/tvnwarszawa/najnowsze/cdn-zdjecie-72s59f-policja-zatrzymala-50-latka-podejrzanego-o-handel-narkotykami-6419753/alternates/LANDSCAPE_1280\" />\n    50-latek z zarzutem handlu narkotykami", "link": "https://tvn24.pl/tvnwarszawa/najnowsze/otwock-kilka-porcji-ukryl-w-bieliznie-ponad-dwa-kilo-zakopal-w-ziemi-50-latek-z-zarzutem-handlu-narkotykami-6419647?source=rss", "date_published": "2022-12-08 13:25:51+00:00", "persistent": false, "user": null, "language": "pl-PL"}, {"source": "https://tvn24.pl/najwazniejsze.xml", "title": "Michniewicz o relacjach z Lewandowskim. \"Zadzwoni\u0142 i d\u0142ugo rozmawiali\u015bmy\"", "description": "<img alt=\"Michniewicz o relacjach z Lewandowskim. \" src=\"https://tvn24.pl/najnowsze/cdn-zdjecie-kfiaow-michniewicz-powiedzial-ze-nie-ma-problemu-miedzy-nim-a-kapitanem-reprezentacji/alternates/LANDSCAPE_1280\" />\n    Selekcjoner reprezentacji Polski w wywiadzie radiowym.", "link": "https://eurosport.tvn24.pl/michniewicz-o-relacjach-z-lewandowskim---zadzwoni--i-d-ugo-rozmawiali-my-,1128316.html?source=rss", "date_published": "2022-12-08 13:10:08+00:00", "persistent": false, "user": null, "language": "pl-PL"}, {"source": "https://tvn24.pl/najwazniejsze.xml", "title": "Inwazja szerszeni azjatyckich w Europie. Naukowcy maj\u0105 dobr\u0105 i z\u0142\u0105 wiadomo\u015b\u0107", "description": "<img alt=\"Inwazja szerszeni azjatyckich w Europie. Naukowcy maj\u0105 dobr\u0105 i z\u0142\u0105 wiadomo\u015b\u0107\" src=\"https://tvn24.pl/najnowsze/cdn-zdjecie-zgo4gz-vespa-velutina-6419322/alternates/LANDSCAPE_1280\" />\n    Zbadali, jak zosta\u0142a zapocz\u0105tkowana.", "link": "https://tvn24.pl/tvnmeteo/nauka/inwazja-szerszeni-azjatyckich-w-europie-naukowcy-wiedza-jak-zostala-zapoczatkowana-maja-dobra-i-zla-wiadomosc-6419397?source=rss", "date_published": "2022-12-08 13:05:05+00:00", "persistent": false, "user": null, "language": "pl-PL"}, {"source": "https://tvn24.pl/najwazniejsze.xml", "title": "Zjechali na pobocze, samoch\u00f3d trafi\u0142 na min\u0119. Nie \u017cyj\u0105 rodzice o\u015bmiorga dzieci", "description": "<img alt=\"Zjechali na pobocze, samoch\u00f3d trafi\u0142 na min\u0119. Nie \u017cyj\u0105 rodzice o\u015bmiorga dzieci \" src=\"https://tvn24.pl/najnowsze/cdn-zdjecie-n37f0h-zytomierz-wypadek-6419682/alternates/LANDSCAPE_1280\" />\n    Do tragedii dosz\u0142o w obwodzie \u017cytomierskim.", "link": "https://tvn24.pl/swiat/ukraina-nie-zyja-rodzice-osmiorga-maloletnich-dzieci-6419828?source=rss", "date_published": "2022-12-08 13:01:37+00:00", "persistent": false, "user": null, "language": "pl-PL"}, {"source": "https://tvn24.pl/najwazniejsze.xml", "title": "Siedziba Twittera jak hotel. Elon Musk wstawi\u0142 \u0142\u00f3\u017cka dla pracownik\u00f3w", "description": "<img alt=\"Siedziba Twittera jak hotel. Elon Musk wstawi\u0142 \u0142\u00f3\u017cka dla pracownik\u00f3w\" src=\"https://tvn24.pl/najnowsze/cdn-zdjecie-pyxx3v-pokoj-6419164/alternates/LANDSCAPE_1280\" />\n    W\u0142adze San Francisco zapowiadaj\u0105 wszcz\u0119cie dochodzenia w sprawie.", "link": "https://tvn24.pl/biznes/ze-swiata/elon-musk-wstawil-do-siedziby-twittera-lozka-dla-pracownikow-wladze-san-francisco-planuja-wszczecie-dochodzenia-6418730?source=rss", "date_published": "2022-12-08 13:01:29+00:00", "persistent": false, "user": null, "language": "pl-PL"}, {"source": "https://tvn24.pl/najwazniejsze.xml", "title": "Ast: s\u0105 kraje, w kt\u00f3rych jest mo\u017cliwa konfiskata auta za jazd\u0119 po alkoholu. Ile ich jest?", "description": "<img alt=\"Ast: s\u0105 kraje, w kt\u00f3rych jest mo\u017cliwa konfiskata auta za jazd\u0119 po alkoholu. Ile ich jest?\" src=\"https://tvn24.pl/najnowsze/cdn-zdjecie-hzxmds-marek-ast-o-konfiskacie-samochodow-w-europie-6418248/alternates/LANDSCAPE_1280\" />\n    Pokazujemy, kt\u00f3re to pa\u0144stwa i za jak\u0105 zawarto\u015b\u0107 alkoholu mo\u017cna w nich straci\u0107 pojazd.", "link": "https://konkret24.tvn24.pl/polska/konfiskata-samochodu-gdzie-w-europie-przepada-auto-za-jazde-po-alkoholu-6412063?source=rss", "date_published": "2022-12-08 13:00:15+00:00", "persistent": false, "user": null, "language": "pl-PL"}, {"source": "https://tvn24.pl/najwazniejsze.xml", "title": "Cena jest ta sama, ale waga produktu ju\u017c nie. \"W tym roku to zjawisko si\u0119 nasili\u0142o ewidentnie\"", "description": "<img alt=\"Cena jest ta sama, ale waga produktu ju\u017c nie. \" src=\"https://tvn24.pl/najnowsze/cdn-zdjecie-9gwnyh-zakupy-sklep-wozek-pieniadze-shutterstock2152231121-1-5834533/alternates/LANDSCAPE_1280\" />\n    Dane dlahandlu.pl.", "link": "https://tvn24.pl/biznes/z-kraju/inflacja-w-polsce-dane-dlahandlupl-za-grudzien-2022-co-podrozalo-6412976?source=rss", "date_published": "2022-12-08 12:51:41+00:00", "persistent": false, "user": null, "language": "pl-PL"}, {"source": "https://tvn24.pl/najwazniejsze.xml", "title": "\"Wyczerpa\u0142 si\u0119 m\u00f3j pok\u0142ad zaufania do Rzecznika\". Rezygnacje ekspert\u00f3w po odwo\u0142aniu Hanny Machi\u0144skiej", "description": "<img alt=\"\" src=\"https://tvn24.pl/najnowsze/cdn-zdjecie-1mtnkw-profesor-marek-konopczynski-6419758/alternates/LANDSCAPE_1280\" />\n    RPO odwo\u0142a\u0142 swoj\u0105 zast\u0119pczyni\u0119 Hann\u0119 Machi\u0144sk\u0105. W reakcji rezygnacj\u0119 z\u0142o\u017cy\u0142a cz\u0119\u015b\u0107 cz\u0142onk\u00f3w eksperckiej komisji.", "link": "https://tvn24.pl/polska/hanna-machinska-odwolana-z-funkcji-zastepczyni-rzecznika-praw-obywatelskich-eksperci-przy-krajowym-mechanizmie-prewencji-tortur-rezygnuja-6419348?source=rss", "date_published": "2022-12-08 12:34:18+00:00", "persistent": false, "user": null, "language": "pl-PL"}, {"source": "https://tvn24.pl/najwazniejsze.xml", "title": "Kto dostanie powo\u0142anie do wojska w 2023 roku? Czy otrzymuje si\u0119 wtedy pensj\u0119? Najwa\u017cniejsze pytania", "description": "<img alt=\"Kto dostanie powo\u0142anie do wojska w 2023 roku? Czy otrzymuje si\u0119 wtedy pensj\u0119? Najwa\u017cniejsze pytania\" src=\"https://tvn24.pl/najnowsze/cdn-zdjecie-kq9zxk-02042022-szczecin-jasne-blonia-uroczysta-przysiega-wojskowa-zolnierzy-sluzby-przygotowawczej-12-brygady-zmechanizowanej-6419892/alternates/LANDSCAPE_1280\" />\n    Wyja\u015bniamy szczeg\u00f3\u0142y powo\u0142a\u0144 do wojska planowanych przez MON w 2023 roku.", "link": "https://tvn24.pl/polska/powolanie-do-wojska-i-na-cwiczenia-wojskowe-2023-kto-dostanie-rezerwa-pasywna-i-rezerwa-aktywna-6417657?source=rss", "date_published": "2022-12-08 12:28:29+00:00", "persistent": false, "user": null, "language": "pl-PL"}, {"source": "https://tvn24.pl/najwazniejsze.xml", "title": "Udany powr\u00f3t Zvereva", "description": "<img alt=\"Udany powr\u00f3t Zvereva\" src=\"https://tvn24.pl/najnowsze/cdn-zdjecie-86wp91-alexander-zverev-wrocil-do-gry-po-kontuzji-kostki-6419850/alternates/LANDSCAPE_1280\" />\n    Na ten mecz czeka\u0142 przesz\u0142o p\u00f3\u0142 roku.", "link": "https://eurosport.tvn24.pl/udany-powr-t-zvereva--na-ten-mecz-czeka--przesz-o-p---roku,1128332.html?source=rss", "date_published": "2022-12-08 12:14:00+00:00", "persistent": false, "user": null, "language": "pl-PL"}, {"source": "https://tvn24.pl/najwazniejsze.xml", "title": "Zmiany w du\u017cym banku. Koniec z kredytami hipotecznymi opartymi na stawce WIBOR", "description": "<img alt=\"Zmiany w du\u017cym banku. Koniec z kredytami hipotecznymi opartymi na stawce WIBOR\" src=\"https://tvn24.pl/najnowsze/cdn-zdjecie-4t1sga-kobieta-przelala-oszustom-az-390-tysiecy-zlotych-5939798/alternates/LANDSCAPE_1280\" />\n    Komunikat.", "link": "https://tvn24.pl/biznes/z-kraju/ing-bank-wycofanie-kredytow-hipotecznych-ze-stawka-wibor-zamiana-na-wiron-6419534?source=rss", "date_published": "2022-12-08 12:10:15+00:00", "persistent": false, "user": null, "language": "pl-PL"}, {"source": "https://tvn24.pl/najwazniejsze.xml", "title": "Kiedy stopy procentowe zaczn\u0105 spada\u0107? Prognozy ekonomist\u00f3w", "description": "<img alt=\"Kiedy stopy procentowe zaczn\u0105 spada\u0107? Prognozy ekonomist\u00f3w \" src=\"https://tvn24.pl/biznes/najnowsze/cdn-zdjecie-xo8yep-adam-glapinski-6215084/alternates/LANDSCAPE_1280\" />\n    Rada Polityki Pieni\u0119\u017cnej zdecydowa\u0142a si\u0119 utrzyma\u0107 stopy procentowe NBP na niezmienionym poziomie.", "link": "https://tvn24.pl/biznes/z-kraju/rpp-stopy-procentowe-do-konca-2022-roku-pozostana-bez-zmian-walka-z-inflacja-komentarze-mbank-ing-goldman-sachs-bank-millennium-pekao-6418592?source=rss", "date_published": "2022-12-08 11:50:10+00:00", "persistent": false, "user": null, "language": "pl-PL"}, {"source": "https://tvn24.pl/najwazniejsze.xml", "title": "Hiszpania zawiod\u0142a, trener straci\u0142 prac\u0119", "description": "<img alt=\"Hiszpania zawiod\u0142a, trener straci\u0142 prac\u0119\" src=\"https://tvn24.pl/najnowsze/cdn-zdjecie-rbazgt-luis-enrique-nie-poprowadzi-juz-reprezentacji-hiszpanii/alternates/LANDSCAPE_1280\" />\n    Luis Enrique przesta\u0142 by\u0107 selekcjonerem reprezentacji.", "link": "https://eurosport.tvn24.pl/hiszpania-zawiod-a--trener-straci--prac-,1128334.html?source=rss", "date_published": "2022-12-08 11:44:04+00:00", "persistent": false, "user": null, "language": "pl-PL"}, {"source": "https://tvn24.pl/najwazniejsze.xml", "title": "Kobiety czuj\u0105 to znacznie cz\u0119\u015bciej ni\u017c m\u0119\u017cczy\u017ani. Wyniki dziesi\u0119cioletnich bada\u0144", "description": "<img alt=\"Kobiety czuj\u0105 to znacznie cz\u0119\u015bciej ni\u017c m\u0119\u017cczy\u017ani. Wyniki dziesi\u0119cioletnich bada\u0144\" src=\"https://tvn24.pl/najnowsze/cdn-zdjecie-1uk6gi-kobieta-protest-shutterstock1277147113-6419209/alternates/LANDSCAPE_1280\" />\n    Zapytano ponad 120 tys. os\u00f3b w ponad 150 krajach.", "link": "https://tvn24.pl/ciekawostki/kobiety-coraz-czesciej-odczuwaja-negatywne-emocje-takie-jak-zlosc-smutek-i-stres-martwia-sie-czesciej-niz-mezczyzni-6418384?source=rss", "date_published": "2022-12-08 11:42:46+00:00", "persistent": false, "user": null, "language": "pl-PL"}, {"source": "https://tvn24.pl/najwazniejsze.xml", "title": "\"R\u00f3wnie\u017c o to walczy\u0142\". Putin por\u00f3wnuje si\u0119 do Piotra I i zapowiada d\u0142ug\u0105 wojn\u0119", "description": "<img alt=\"\" src=\"https://tvn24.pl/najnowsze/cdn-zdjecie-lpesxb-wladimir-putin-wizytuje-flote-czarnomorska-zdjecie-archiwalne-6230928/alternates/LANDSCAPE_1280\" />\n    Pisze ameryka\u0144ski Instytut Bada\u0144 nad Wojn\u0105 w najnowszym raporcie.", "link": "https://tvn24.pl/swiat/wojna-w-ukrainie-raport-isw-wladimir-putin-przygotowuje-rosjan-do-dlugiej-wojny-i-porownuje-sie-do-piotra-i-6419294?source=rss", "date_published": "2022-12-08 11:39:19+00:00", "persistent": false, "user": null, "language": "pl-PL"}, {"source": "https://tvn24.pl/najwazniejsze.xml", "title": "Uderzy\u0142 w ty\u0142 radiowozu i wbi\u0142 go pod cystern\u0119. Wewn\u0105trz byli dwaj policjanci", "description": "<img alt=\"Uderzy\u0142 w ty\u0142 radiowozu i wbi\u0142 go pod cystern\u0119. Wewn\u0105trz byli dwaj policjanci\" src=\"https://tvn24.pl/najnowsze/cdn-zdjecie-n2eiz6-wypadek-na-dolnoslaskim-odcinku-autostrady-a4-6418482/alternates/LANDSCAPE_1280\" />\n    Mundurowi zabezpieczali zepsut\u0105 ci\u0119\u017car\u00f3wk\u0119.", "link": "https://tvn24.pl/polska/a4-wroclaw-legnica-wypadek-pod-budziszowem-wielkim-bus-wbil-radiowoz-pod-cysterne-ranni-policjanci-6418516?source=rss", "date_published": "2022-12-08 11:34:01+00:00", "persistent": false, "user": null, "language": "pl-PL"}, {"source": "https://tvn24.pl/najwazniejsze.xml", "title": "\"Zostawili\u015bmy Benzem\u0119 w p\u00f3\u0142 dystansu\". Niefortunny fragment wywiadu Michniewicza", "description": "<img alt=\"\" src=\"https://tvn24.pl/najnowsze/cdn-zdjecie-3ag3nm-selekcjoner-czeslaw-michniewicz/alternates/LANDSCAPE_1280\" />\n    Udzieli\u0142 go w czwartek Radiu Zet.", "link": "https://eurosport.tvn24.pl/michniewicz-pomyli--francuskich-pi-karzy--niefortunny-fragment-wywiadu,1128324.html?source=rss", "date_published": "2022-12-08 11:32:00+00:00", "persistent": false, "user": null, "language": "pl-PL"}, {"source": "https://tvn24.pl/najwazniejsze.xml", "title": "Wi\u0119cej nowych przypadk\u00f3w i hospitalizacji. Nowa grupa do szczepienia przeciw COVID-19", "description": "<img alt=\"Wi\u0119cej nowych przypadk\u00f3w i hospitalizacji. Nowa grupa do szczepienia przeciw COVID-19\" src=\"https://tvn24.pl/najnowsze/cdn-zdjecie-4vym9w-08-1150-konfa-mz-0004-6419298/alternates/LANDSCAPE_1280\" />\n    Poinformowa\u0142 minister zdrowia Adam Niedzielski.", "link": "https://tvn24.pl/polska/szczepienia-na-covid-19-dla-dzieci-od-szesciu-miesiecy-do-czterech-lat-minister-zapisy-rusza-12-grudnia-6419375?source=rss", "date_published": "2022-12-08 11:27:45+00:00", "persistent": false, "user": null, "language": "pl-PL"}, {"source": "https://tvn24.pl/najwazniejsze.xml", "title": "To DNA pobi\u0142o absolutny rekord. \"Mo\u017cemy cofn\u0105\u0107 si\u0119 w czasie dalej, ni\u017c ktokolwiek o\u015bmiela\u0142 si\u0119 wyobra\u017ca\u0107\"", "description": "<img alt=\"To DNA pobi\u0142o absolutny rekord. \" src=\"https://tvn24.pl/tvnmeteo/najnowsze/cdn-zdjecie-dfhdod-artystyczna-wizja-formacji-kap-kbenhavn-sprzed-dwoch-milionow-lat-6418751/alternates/LANDSCAPE_1280\" />\n    Donosz\u0105 naukowcy na \u0142amach \"Nature\".", "link": "https://tvn24.pl/tvnmeteo/nauka/odkryto-dna-sprzed-dwoch-milionow-lat-to-rekord-w-badaniach-paleontologicznych-6418417?source=rss", "date_published": "2022-12-08 11:23:38+00:00", "persistent": false, "user": null, "language": "pl-PL"}, {"source": "https://tvn24.pl/najwazniejsze.xml", "title": "\"To pokazuje, jak bezbronne jest pa\u0144stwo polskie, skoro szpiedzy rosyjscy mog\u0105 wnika\u0107 tak g\u0142\u0119boko\"", "description": "<img alt=\"\" src=\"https://tvn24.pl/najnowsze/cdn-zdjecie-uxpn7h-0712n107x-cnb-swierczek-bond-arch-0043-6418212/alternates/LANDSCAPE_1280\" />\n    Polityczne komentarze do sprawy Tomasza L.", "link": "https://tvn24.pl/polska/sprawa-tomasza-l-zatrzymanego-pod-zarzutem-szpiegostwa-na-rzecz-rosji-komentarze-politykow-6418410?source=rss", "date_published": "2022-12-08 11:20:40+00:00", "persistent": false, "user": null, "language": "pl-PL"}, {"source": "https://tvn24.pl/najwazniejsze.xml", "title": "Chcia\u0142a okra\u015b\u0107 bank, przeszkodzi\u0142a jej 91-latka. Napastniczka dosta\u0142a cios kul\u0105 ortopedyczn\u0105 w plecy", "description": "<img alt=\"Chcia\u0142a okra\u015b\u0107 bank, przeszkodzi\u0142a jej 91-latka. Napastniczka dosta\u0142a cios kul\u0105 ortopedyczn\u0105 w plecy\" src=\"https://tvn24.pl/najnowsze/cdn-zdjecie-p1ltcw-bank-napad-drv-6418925/alternates/LANDSCAPE_1280\" />\n    Do napadu dosz\u0142o w Przemy\u015blu.", "link": "https://tvn24.pl/krakow/przemysl-napad-na-bank-26-latka-zagrozila-nozem-i-zazadala-pieniedzy-powstrzymali-ja-swiadkowie-6409654?source=rss", "date_published": "2022-12-08 10:59:00+00:00", "persistent": false, "user": null, "language": "pl-PL"}, {"source": "https://tvn24.pl/najwazniejsze.xml", "title": "40 milion\u00f3w z\u0142otych na miejski program in vitro", "description": "<img alt=\"40 milion\u00f3w z\u0142otych na miejski program in vitro\" src=\"https://tvn24.pl/najnowsze/cdn-zdjecie-h083uv-dzietnosc-6224086/alternates/LANDSCAPE_1280\" />\n    Przyszli rodzice b\u0119d\u0105 tak\u017ce mogli korzysta\u0107 z bezp\u0142atnych zaj\u0119\u0107 w szko\u0142ach rodzenia.", "link": "https://tvn24.pl/tvnwarszawa/najnowsze/warszawa-miasto-przeznaczy-40-milionow-zlotych-na-program-in-vitro-6418719?source=rss", "date_published": "2022-12-08 10:52:46+00:00", "persistent": false, "user": null, "language": "pl-PL"}, {"source": "https://tvn24.pl/najwazniejsze.xml", "title": "Kolejny pakiet sankcji na Rosj\u0119. Sado\u015b: prawdopodobnie w pi\u0105tek", "description": "<img alt=\"Kolejny pakiet sankcji na Rosj\u0119. Sado\u015b: prawdopodobnie w pi\u0105tek\" src=\"https://tvn24.pl/biznes/najnowsze/cdn-zdjecie-n8h99x-ropa-naftowa-rosja-6077655/alternates/LANDSCAPE_1280\" />\n    Poinformowa\u0142 w czwartek Brukseli Sta\u0142y Przedstawiciel Polski przy UE.", "link": "https://tvn24.pl/swiat/unia-europejska-szykuje-kolejny-pakiet-sankcji-wobec-rosji-ma-objac-przemysl-wydobywczy-6418559?source=rss", "date_published": "2022-12-08 10:18:11+00:00", "persistent": false, "user": null, "language": "pl-PL"}, {"source": "https://tvn24.pl/najwazniejsze.xml", "title": "Fina\u0142 \"Top Model\" za nami. Jury i widzowie byli jednog\u0142o\u015bni", "description": "<img alt=\"Fina\u0142 \" src=\"https://tvn24.pl/najnowsze/cdn-zdjecie-nmowa0-final-top-model-za-nami-6415764/alternates/LANDSCAPE_1280\" />\n    Fina\u0142owy odcinek prowadzili Joanna Krupa i Micha\u0142 Pir\u00f3g.", "link": "https://tvn24.pl/kultura-i-styl/top-model-kto-wygral-11-sezon-top-model-6415837?source=rss", "date_published": "2022-12-08 10:12:54+00:00", "persistent": false, "user": null, "language": "pl-PL"}, {"source": "https://tvn24.pl/najwazniejsze.xml", "title": "72 miliony euro za 16-latka? Real nie \u017ca\u0142uje pieni\u0119dzy na supertalent", "description": "<img alt=\"72 miliony euro za 16-latka? Real nie \u017ca\u0142uje pieni\u0119dzy na supertalent\" src=\"https://tvn24.pl/najnowsze/cdn-zdjecie-i4jwa1-endrick-ma-byc-nowym-pilkarzem-realu-madryt/alternates/LANDSCAPE_1280\" />\n    Wed\u0142ug doniesie\u0144 medi\u00f3w napastnik, kt\u00f3rego powo\u0142ania na mundial w Katarze domaga\u0142 si\u0119 Brazylijczyk Ronaldo, ma do\u0142\u0105czy\u0107 do Kr\u00f3lewskich w 2024 roku.", "link": "https://eurosport.tvn24.pl/72-miliony-euro-za-16-latka--real-nie--a-uje-pieni-dzy-na-supertalent,1128313.html?source=rss", "date_published": "2022-12-08 10:07:00+00:00", "persistent": false, "user": null, "language": "pl-PL"}, {"source": "https://tvn24.pl/najwazniejsze.xml", "title": "Samozwa\u0144czy prorok ma 20 \u017con, po\u015blubi\u0142 nawet w\u0142asne c\u00f3rki. Nowe fakty w sprawie Samuela Batemana", "description": "<img alt=\"Samozwa\u0144czy prorok ma 20 \u017con, po\u015blubi\u0142 nawet w\u0142asne c\u00f3rki. Nowe fakty w sprawie Samuela Batemana\" src=\"https://tvn24.pl/najnowsze/cdn-zdjecie-f1lbry-samuel-bateman-6418089/alternates/LANDSCAPE_1280\" />\n    Odbywanie stosunk\u00f3w seksualnych z nieletnimi t\u0142umaczy\u0142 tym, \u017ce \"dziewcz\u0119ta powierzy\u0142y swoj\u0105 cnot\u0119 Panu\".", "link": "https://tvn24.pl/swiat/usa-samuel-bateman-ma-co-najmniej-20-zon-w-tym-wlasne-corki-oskarzany-jest-o-kazirodztwo-i-handel-dziecmi-6413263?source=rss", "date_published": "2022-12-08 10:06:39+00:00", "persistent": false, "user": null, "language": "pl-PL"}, {"source": "https://tvn24.pl/najwazniejsze.xml", "title": "\"Rosyjski \u0142\u0105cznik\", \"szpieg przy likwidacji WSI\", \"katastrofa\"", "description": "<img alt=\"\" src=\"https://tvn24.pl/najnowsze/cdn-zdjecie-h4uwpd-0712n107x-cnb-swierczek-bond-arch-0016-6418240/alternates/LANDSCAPE_1280\" />\n    Komentarze po reporta\u017cu \"Czarno na bia\u0142ym\".", "link": "https://tvn24.pl/polska/rosyjski-szpieg-przy-likwidacji-wsi-komentarze-politykow-i-ekspertow-po-reportazu-historia-agenta-w-czarno-na-bialym-6416222?source=rss", "date_published": "2022-12-08 10:06:19+00:00", "persistent": false, "user": null, "language": "pl-PL"}, {"source": "https://tvn24.pl/najwazniejsze.xml", "title": "Dziennikarka tvn24.pl Justyna Suchecka na li\u015bcie 100 Kobiet Roku magazynu \"Forbes Women\"", "description": "<img alt=\"Dziennikarka tvn24.pl Justyna Suchecka na li\u015bcie 100 Kobiet Roku magazynu \" src=\"https://tvn24.pl/najnowsze/cdn-zdjecie-f5lp81-justyna-suchecka-5493566/alternates/LANDSCAPE_1280\" />\n    Lista sk\u0142ada si\u0119 z przedstawicielek biznesu i finans\u00f3w, wybitnych artystek, naukowczy\u0144, innowatorek, liderek politycznych i aktywistek, kobiet osi\u0105gaj\u0105cych najwy\u017csze wyniki w sporcie i innych dziedzinach \u017cycia.", "link": "https://tvn24.pl/biznes/z-kraju/kobiety-roku-2022-forbes-women-dziennikarka-tvn24pl-justyna-suchecka-na-liscie-6417938?source=rss", "date_published": "2022-12-08 10:00:05+00:00", "persistent": false, "user": null, "language": "pl-PL"}, {"source": "https://tvn24.pl/najwazniejsze.xml", "title": "Policja: przez pi\u0119\u0107 lat prowokowa\u0142 st\u0142uczki i wy\u0142udza\u0142 odszkodowania", "description": "<img alt=\"Policja: przez pi\u0119\u0107 lat prowokowa\u0142 st\u0142uczki i wy\u0142udza\u0142 odszkodowania \" src=\"https://tvn24.pl/najnowsze/cdn-zdjecie-r8p23w-policja-wyjasnia-okolicznosci-zdarzenia-zdjecie-ilustracyjne-6412922/alternates/LANDSCAPE_1280\" />\n     40-latek wybiera\u0142 miejsca nieobj\u0119te monitoringiem i zaje\u017cd\u017ca\u0142 innym kierowcom drog\u0119.", "link": "https://tvn24.pl/katowice/slaskie-poszkodowany-w-podejrzanie-wielu-kolizjach-przez-piec-lat-prowokowal-stluczki-i-dostawal-odszkodowania-z-ubezpieczalni-6417850?source=rss", "date_published": "2022-12-08 09:52:35+00:00", "persistent": false, "user": null, "language": "pl-PL"}, {"source": "https://tvn24.pl/najwazniejsze.xml", "title": "Udaremniony pucz w Niemczech. To on mia\u0142 zosta\u0107 g\u0142ow\u0105 pa\u0144stwa", "description": "<img alt=\"Udaremniony pucz w Niemczech. To on mia\u0142 zosta\u0107 g\u0142ow\u0105 pa\u0144stwa\" src=\"https://tvn24.pl/najnowsze/cdn-zdjecie-cmsyx1-ksiaze-heinrich-xiii-po-puczu-ekstremistow-mial-zostac-glowa-panstwa-6418146/alternates/LANDSCAPE_1280\" />\n    Ksi\u0105\u017c\u0119 w r\u0119kach policji.", "link": "https://tvn24.pl/swiat/niemcy-zamach-stanu-udaremniony-ksiaze-heinrich-xiii-zatrzymany-po-puczu-ekstremistow-mial-zostac-glowa-panstwa-6418272?source=rss", "date_published": "2022-12-08 09:16:40+00:00", "persistent": false, "user": null, "language": "pl-PL"}, {"source": "https://tvn24.pl/najwazniejsze.xml", "title": "Tomasz L. \"mia\u0142 dost\u0119p do wszystkiego, co jest wa\u017cne dla polskiego wywiadu\"", "description": "<img alt=\"Tomasz L. \" src=\"https://tvn24.pl/najnowsze/cdn-zdjecie-37z8uw-0712n107x-cnb-swierczek-bond-arch-0033-6418222/alternates/LANDSCAPE_1280\" />\n    Piotr \u015awierczek, autor materia\u0142u \"Historia agenta\", by\u0142 go\u015bciem \"Wstajesz i wiesz\".", "link": "https://tvn24.pl/polska/sprawa-tomasza-l-zatrzymanego-pod-zarzutem-szpiegostwa-na-rzecz-rosji-piotr-swierczek-wyjasnia-sprawe-bylego-pracownika-komisji-likwidacyjnej-wsi-6417397?source=rss", "date_published": "2022-12-08 08:56:30+00:00", "persistent": false, "user": null, "language": "pl-PL"}, {"source": "https://tvn24.pl/najwazniejsze.xml", "title": "Gra i strzela na mundialu z defibrylatorem", "description": "<img alt=\"Gra i strzela na mundialu z defibrylatorem\" src=\"https://tvn24.pl/najnowsze/cdn-zdjecie-iwfdts-daley-blind-gra-z-defibrylatorem/alternates/LANDSCAPE_1280\" />\n    Daley Blind ma prawo m\u00f3wi\u0107 o ogromnym szcz\u0119\u015bciu.", "link": "https://eurosport.tvn24.pl/gra-i-strzela-na-mundialu-z-defibrylatorem,1128289.html?source=rss", "date_published": "2022-12-08 08:32:28+00:00", "persistent": false, "user": null, "language": "pl-PL"}, {"source": "https://tvn24.pl/najwazniejsze.xml", "title": "Wiele zalanych ulic. Jedna osoba nie \u017cyje", "description": "<img alt=\"Wiele zalanych ulic. Jedna osoba nie \u017cyje\" src=\"https://tvn24.pl/tvnmeteo/najnowsze/cdn-zdjecie-q4epr5-zalane-ulice-w-lizbonie-6417901/alternates/LANDSCAPE_1280\" />\n    Ulewy w Lizbonie.", "link": "https://tvn24.pl/tvnmeteo/swiat/portugalia-lizbona-wiele-zalanych-ulic-woda-wdarla-sie-sie-do-szpitala-i-na-lotnisko-jedna-osoba-nie-zyje-6417324?source=rss", "date_published": "2022-12-08 08:24:07+00:00", "persistent": false, "user": null, "language": "pl-PL"}, {"source": "https://tvn24.pl/najwazniejsze.xml", "title": "Bez ciep\u0142a co trzeci budynek, szpital na ogrzewaniu awaryjnym. Du\u017ca awaria w Pu\u0142awach", "description": "<img alt=\"Bez ciep\u0142a co trzeci budynek, szpital na ogrzewaniu awaryjnym. Du\u017ca awaria w Pu\u0142awach\" src=\"https://tvn24.pl/najnowsze/cdn-zdjecie-pxthkr-od-sieci-odciety-jest-co-trzeci-budynek-6417650/alternates/LANDSCAPE_1280\" />\n    Ciep\u0142o do odci\u0119tych od sieci budynk\u00f3w pop\u0142ynie najp\u00f3\u017aniej w pi\u0105tek rano.", "link": "https://tvn24.pl/bialystok/pulawy-awaria-sieci-cieplowniczej-ogrzewania-problemy-dotknely-co-trzeci-budynek-w-tym-szpital-6417668?source=rss", "date_published": "2022-12-08 08:21:54+00:00", "persistent": false, "user": null, "language": "pl-PL"}, {"source": "https://tvn24.pl/najwazniejsze.xml", "title": "\"Nie zwolni si\u0119 z polityki krajowej. Dalej b\u0119dzie bulterierem\"", "description": "<img alt=\"\" src=\"https://tvn24.pl/najnowsze/cdn-zdjecie-gv516n-jacek-kurski-6417705/alternates/LANDSCAPE_1280\" />\n    Grzegorz Schetyna o Jacku Kurskim.", "link": "https://tvn24.pl/polska/jacek-kurski-ma-nowa-prace-grzegorz-schetyna-nie-zwolni-sie-z-polityki-krajowej-dalej-bedzie-bulterierem-6417537?source=rss", "date_published": "2022-12-08 08:17:38+00:00", "persistent": false, "user": null, "language": "pl-PL"}, {"source": "https://tvn24.pl/najwazniejsze.xml", "title": "Sejmik wojew\u00f3dztwa \u015bl\u0105skiego zmieni\u0142 prezydium i sk\u0142ady komisji. Samorz\u0105dowcy PiS odwo\u0142ani", "description": "<img alt=\"Sejmik wojew\u00f3dztwa \u015bl\u0105skiego zmieni\u0142 prezydium i sk\u0142ady komisji. Samorz\u0105dowcy PiS odwo\u0142ani\" src=\"https://tvn24.pl/najnowsze/cdn-zdjecie-d9yst0-sejmik-6230502/alternates/LANDSCAPE_1280\" />\n    Zast\u0105pili ich g\u0142\u00f3wnie radni Koalicji Obywatelskiej.", "link": "https://tvn24.pl/polska/sejmik-wojewodztwa-slaskiego-zmienil-prezydium-i-sklady-komisji-samorzadowcy-pis-odwolani-6416491?source=rss", "date_published": "2022-12-08 07:45:00+00:00", "persistent": false, "user": null, "language": "pl-PL"}, {"source": "https://tvn24.pl/najwazniejsze.xml", "title": "Michniewicz skomentowa\u0142 spraw\u0119 premii. Rezygnowa\u0107 nie zamierza", "description": "<img alt=\"Michniewicz skomentowa\u0142 spraw\u0119 premii. Rezygnowa\u0107 nie zamierza\" src=\"https://tvn24.pl/najnowsze/cdn-zdjecie-k33bxg-michniewicz-pozostanie-selekcjonerem-reprezentacji-polski/alternates/LANDSCAPE_1280\" />\n    Selekcjoner reprezentacji by\u0142 go\u015bciem Radia Zet.", "link": "https://eurosport.tvn24.pl/michniewicz-skomentowa--spraw--premii--rezygnowa--nie-zamierza,1128309.html?source=rss", "date_published": "2022-12-08 07:38:00+00:00", "persistent": false, "user": null, "language": "pl-PL"}, {"source": "https://tvn24.pl/najwazniejsze.xml", "title": "Ma\u0142o kibic\u00f3w na mundialu. Katarczycy si\u0119 przeliczyli", "description": "<img alt=\"Ma\u0142o kibic\u00f3w na mundialu. Katarczycy si\u0119 przeliczyli\" src=\"https://tvn24.pl/najnowsze/cdn-zdjecie-win7bq-puste-trybuny-w-katarze-6417544/alternates/LANDSCAPE_1280\" />\n    Liczba kibic\u00f3w jest zdecydowanie mniejsza ni\u017c zak\u0142adano", "link": "https://eurosport.tvn24.pl/ma-o-kibic-w-na-mundialu--katarczycy-si--przeliczyli,1128312.html?source=rss", "date_published": "2022-12-08 07:32:00+00:00", "persistent": false, "user": null, "language": "pl-PL"}, {"source": "https://tvn24.pl/najwazniejsze.xml", "title": "\"Ro\u015bnie irytacja\" podej\u015bciem Macrona do Moskwy. Ostatnie s\u0142owa \"rozgniewa\u0142y Europejczyk\u00f3w\"", "description": "<img alt=\"\" src=\"https://tvn24.pl/najnowsze/cdn-zdjecie-kzjzvl-emmanuel-macron-6415175/alternates/LANDSCAPE_1280\" />\n    Pisze \"Le Figaro\".", "link": "https://tvn24.pl/swiat/francja-europejczycy-coraz-bardziej-zirytowani-umiarkowanym-nastawieniem-paryza-wobec-moskwy-pisze-le-figaro-6415238?source=rss", "date_published": "2022-12-08 07:12:19+00:00", "persistent": false, "user": null, "language": "pl-PL"}, {"source": "https://tvn24.pl/najwazniejsze.xml", "title": "Dlaczego konkurs \"Drewno jest z lasu\" by\u0142 owiany tajemnic\u0105? \"Chodzi\u0142y plotki, \u017ce to konkurs dla ko\u015bcio\u0142\u00f3w\"", "description": "<img alt=\"Dlaczego konkurs \" src=\"https://tvn24.pl/najnowsze/cdn-zdjecie-9f5oqv-lasy-panstwowe-6417268/alternates/LANDSCAPE_1280\" />\n    Reporta\u017c Artura Warcholi\u0144skiego.", "link": "https://tvn24.pl/go/programy,7/czarno-na-bialym-odcinki,11367/odcinek-2344,S00E2344,931756?source=rss", "date_published": "2022-12-08 07:12:18+00:00", "persistent": false, "user": null, "language": "pl-PL"}, {"source": "https://tvn24.pl/najwazniejsze.xml", "title": "Schetyna o sprawie Tomasza L.: To skandal dla pa\u0144stwa. Brak odporno\u015bci, brak mechanizm\u00f3w", "description": "<img alt=\"Schetyna o sprawie Tomasza L.: To skandal dla pa\u0144stwa. Brak odporno\u015bci, brak mechanizm\u00f3w\" src=\"https://tvn24.pl/najnowsze/cdn-zdjecie-jwn023-grzegorz-schetyna-6417185/alternates/LANDSCAPE_1280\" />\n    Grzegorz Schetyna w \"Rozmowie Piaseckiego\".", "link": "https://tvn24.pl/polska/tomasz-l-zatrzymany-pod-zarzutem-szpiegostwa-byl-czlonkiem-komisji-likwidacyjnej-wsi-grzegorz-schetyna-to-skandal-dla-panstwa-6417212?source=rss", "date_published": "2022-12-08 07:07:36+00:00", "persistent": false, "user": null, "language": "pl-PL"}, {"source": "https://tvn24.pl/najwazniejsze.xml", "title": "Rz\u0105d podnosi VAT na gaz, bo taki jest \"wym\u00f3g Brukseli\". Komisja Europejska zaprzecza", "description": "<img alt=\"Rz\u0105d podnosi VAT na gaz, bo taki jest \" src=\"https://tvn24.pl/najnowsze/cdn-zdjecie-fb5o2c-gaz-kuchenka-palnik-5792469/alternates/LANDSCAPE_1280\" />\n    Informuje w czwartek \"Rzeczpospolita\".", "link": "https://tvn24.pl/biznes/z-kraju/wzrost-vat-na-gaz-do-23-procent-decyzje-polskiego-rzadu-oraz-unii-europejskiej-6416944?source=rss", "date_published": "2022-12-08 06:58:54+00:00", "persistent": false, "user": null, "language": "pl-PL"}, {"source": "https://tvn24.pl/najwazniejsze.xml", "title": "Kontuzja zawodnika nie pozwoli\u0142a cieszy\u0107 si\u0119 z wygranej. \"Spodziewamy si\u0119 najgorszego\"", "description": "<img alt=\"Kontuzja zawodnika nie pozwoli\u0142a cieszy\u0107 si\u0119 z wygranej. \" src=\"https://tvn24.pl/najnowsze/cdn-zdjecie-lrxi72-kielczanie-moga-na-dlugo-stracic-islandczyka-6413913/alternates/LANDSCAPE_1280\" />\n    \u0141om\u017ca Industria Kielce czeka na ostateczn\u0105 diagnoz\u0119 kontuzji swojego zawodnika.", "link": "https://eurosport.tvn24.pl/kontuzja-zawodnika-nie-pozwoli-a-cieszy--si--z-wygranej---spodziewamy-si--najgorszego-,1128308.html?source=rss", "date_published": "2022-12-08 06:52:00+00:00", "persistent": false, "user": null, "language": "pl-PL"}, {"source": "https://tvn24.pl/najwazniejsze.xml", "title": "Dom wicepremiera otoczony kordonem policji, zamkni\u0119te ulice dojazdowe", "description": "<img alt=\"Dom wicepremiera otoczony kordonem policji, zamkni\u0119te ulice dojazdowe\" src=\"https://tvn24.pl/najnowsze/cdn-zdjecie-mrll82-vincent-van-quickenborne-6416740/alternates/LANDSCAPE_1280\" />\n    O sprawie pisz\u0105 belgijskie media, policja nie komentuje.", "link": "https://tvn24.pl/swiat/belgia-policja-otoczyla-dom-wicepremiera-i-ministra-sprawiedliwosci-vincenta-van-quickenbornea-6416739?source=rss", "date_published": "2022-12-08 06:26:36+00:00", "persistent": false, "user": null, "language": "pl-PL"}, {"source": "https://tvn24.pl/najwazniejsze.xml", "title": "Ukraina. Najwa\u017cniejsze wydarzenia ostatnich godzin", "description": "<img alt=\"Ukraina. Najwa\u017cniejsze wydarzenia ostatnich godzin\" src=\"https://tvn24.pl/najnowsze/cdn-zdjecie-vzhc2h-zniszczenia-w-mariupolu-6416241/alternates/LANDSCAPE_1280\" />\n    Rosyjska inwazja trwa 288. dzie\u0144.", "link": "https://tvn24.pl/swiat/ukraina-najwazniejsze-wydarzenia-ostatnich-godzin-8-grudnia-2022-6416731?source=rss", "date_published": "2022-12-08 06:21:14+00:00", "persistent": false, "user": null, "language": "pl-PL"}, {"source": "https://tvn24.pl/najwazniejsze.xml", "title": "Sochan my\u015bli o powrocie do gry. \"Kontuzja nie jest powa\u017cna\"", "description": "<img alt=\"Sochan my\u015bli o powrocie do gry. \" src=\"https://tvn24.pl/najnowsze/cdn-zdjecie-7nmez1-jeremy-sochan-jest-jedynym-polakiem-w-nba/alternates/LANDSCAPE_1280\" />\n    Polski koszykarz z powodu urazu opu\u015bci\u0142 cztery ostatnie mecze San Antonio Spurs.", "link": "https://eurosport.tvn24.pl/sochan-my-li-o-powrocie-do-gry---kontuzja-nie-jest-powa-na-,1128280.html?source=rss", "date_published": "2022-12-08 06:13:10+00:00", "persistent": false, "user": null, "language": "pl-PL"}, {"source": "https://tvn24.pl/najwazniejsze.xml", "title": "Dach kamienicy zawali\u0142 si\u0119 w czasie po\u017caru, trwa akcja stra\u017cak\u00f3w. Ewakuowano kilkadziesi\u0105t os\u00f3b", "description": "<img alt=\"Dach kamienicy zawali\u0142 si\u0119 w czasie po\u017caru, trwa akcja stra\u017cak\u00f3w. Ewakuowano kilkadziesi\u0105t os\u00f3b\" src=\"https://tvn24.pl/najnowsze/cdn-zdjecie-4mv9k1-08-0645-zielona-pozar-0004-6416932/alternates/LANDSCAPE_1280\" />\n    Na Dolnym \u015al\u0105sku.", "link": "https://tvn24.pl/wroclaw/pozar-kamienicy-w-przemkowie-ewakuowano-30-osob-6416969?source=rss", "date_published": "2022-12-08 06:13:04+00:00", "persistent": false, "user": null, "language": "pl-PL"}, {"source": "https://tvn24.pl/najwazniejsze.xml", "title": "Szykuj\u0105 si\u0119 du\u017ce utrudnienia na lotniskach. Podano dat\u0119 strajku", "description": "<img alt=\"Szykuj\u0105 si\u0119 du\u017ce utrudnienia na lotniskach. Podano dat\u0119 strajku\" src=\"https://tvn24.pl/najnowsze/cdn-zdjecie-hqitpf-wladze-londynskiego-lotniska-heathrow-poinformowaly-ze-w-weekend-rozpocznie-sie-pilotazowy-program-szybkich-kontroli-granicznych-5142599/alternates/LANDSCAPE_1280\" />\n    Brytyjski rz\u0105d bierze pod uwag\u0119 zaanga\u017cowanie wojska.", "link": "https://tvn24.pl/biznes/ze-swiata/szykuja-sie-duze-utrudnienia-na-brytyjskich-lotniskach-podano-date-strajku-6414056?source=rss", "date_published": "2022-12-08 06:12:30+00:00", "persistent": false, "user": null, "language": "pl-PL"}, {"source": "https://tvn24.pl/najwazniejsze.xml", "title": "Atak zimy mo\u017ce \"powodowa\u0107 du\u017ce straty i zagra\u017ca\u0107 zdrowiu i \u017cyciu\"", "description": "<img alt=\"Atak zimy mo\u017ce \" src=\"https://tvn24.pl/najnowsze/cdn-zdjecie-0olroz-intensywne-opady-sniegu-zawieje-i-zamiecie-6430682/alternates/LANDSCAPE_1280\" />\n    IMGW ostrzega.", "link": "https://tvn24.pl/tvnmeteo/prognoza/alerty-imgw-drugiego-stopnia-gololedz-w-polsce-weekend-przyniesie-sniezyce-zawieje-i-zamiecie-potem-chwyci-siarczysty-mroz-6416752?source=rss", "date_published": "2022-12-08 05:32:04+00:00", "persistent": false, "user": null, "language": "pl-PL"}, {"source": "https://tvn24.pl/najwazniejsze.xml", "title": "Brygida zbli\u017ca si\u0119 do Polski. Alerty IMGW", "description": "<img alt=\"Brygida zbli\u017ca si\u0119 do Polski. Alerty IMGW\" src=\"https://tvn24.pl/najnowsze/cdn-zdjecie-lg1j3c-snieg-zima-noc-6225274/alternates/LANDSCAPE_1280\" />\n    IMGW wyda\u0142 ostrze\u017cenia meteorologiczne.", "link": "https://tvn24.pl/tvnmeteo/prognoza/alerty-imgw-drugiego-stopnia-intensywne-opady-sniegu-sniezyce-nadciagaja-nad-polske-niz-brygida-atak-zimy-w-weekend-6416752?source=rss", "date_published": "2022-12-08 05:32:04+00:00", "persistent": false, "user": null, "language": "pl-PL"}, {"source": "https://tvn24.pl/najwazniejsze.xml", "title": "Mo\u017cliwe \"du\u017ce straty i zagro\u017cenie zdrowia i \u017cycia\"", "description": "<img alt=\"Mo\u017cliwe \" src=\"https://tvn24.pl/tvnmeteo/najnowsze/cdn-zdjecie-pamkd9-intensywne-opady-sniegu-6233942/alternates/LANDSCAPE_1280\" />\n    IMGW ostrzega.", "link": "https://tvn24.pl/tvnmeteo/prognoza/alerty-imgw-gololedz-w-kilku-wojewodztwach-weekend-przyniesie-sniezyce-zawieje-i-zamiecie-potem-chwyci-siarczysty-mroz-6416752?source=rss", "date_published": "2022-12-08 05:32:04+00:00", "persistent": false, "user": null, "language": "pl-PL"}, {"source": "https://tvn24.pl/najwazniejsze.xml", "title": "Nawet 30 centymetr\u00f3w \u015bniegu. Alerty IMGW drugiego stopnia", "description": "<img alt=\"Nawet 30 centymetr\u00f3w \u015bniegu. Alerty IMGW drugiego stopnia\" src=\"https://tvn24.pl/najnowsze/cdn-zdjecie-91rr16-intensywne-opady-sniegu-6442008/alternates/LANDSCAPE_1280\" />\n    Kogo czekaj\u0105 trudne godziny?", "link": "https://tvn24.pl/tvnmeteo/prognoza/alerty-imgw-drugiego-stopnia-sniezyce-nadciagaja-nad-polske-atak-zimy-w-weekend-6416752?source=rss", "date_published": "2022-12-08 05:32:04+00:00", "persistent": false, "user": null, "language": "pl-PL"}, {"source": "https://tvn24.pl/najwazniejsze.xml", "title": "Niebezpiecznie \u015blisko w cz\u0119\u015bci kraju. Na horyzoncie alerty przed \u015bnie\u017cycami i zamieciami", "description": "<img alt=\"Niebezpiecznie \u015blisko w cz\u0119\u015bci kraju. Na horyzoncie alerty przed \u015bnie\u017cycami i zamieciami\" src=\"https://tvn24.pl/najnowsze/cdn-zdjecie-no3hd9-oblodzenia-oblodzone-drogi-6419619/alternates/LANDSCAPE_1280\" />\n    Sprawd\u017a, gdzie aura b\u0119dzie stwarza\u0107 zagro\u017cenie.", "link": "https://tvn24.pl/tvnmeteo/prognoza/alerty-imgw-oblodzenie-gesta-mgla-ostrzezenia-prognoza-zagrozen-mozliwe-intensywne-opady-i-zawieje-sniezne-6416752?source=rss", "date_published": "2022-12-08 05:32:04+00:00", "persistent": false, "user": null, "language": "pl-PL"}, {"source": "https://tvn24.pl/najwazniejsze.xml", "title": "Spadnie du\u017co \u015bniegu, wiatr b\u0119dzie powodowa\u0107 zawieje i zamiecie", "description": "<img alt=\"Spadnie du\u017co \u015bniegu, wiatr b\u0119dzie powodowa\u0107 zawieje i zamiecie\" src=\"https://tvn24.pl/najnowsze/cdn-zdjecie-9ofm66-snieg-zima-adobestock234872319-6417479/alternates/LANDSCAPE_1280\" />\n    Prognoza zagro\u017ce\u0144 IMGW.", "link": "https://tvn24.pl/tvnmeteo/prognoza/imgw-sniezyce-zawieje-i-zamiecie-kiedy-spadnie-snieg-prognoza-zagrozen-imgw-na-piatek-sobote-i-niedziele-6416752?source=rss", "date_published": "2022-12-08 05:32:04+00:00", "persistent": false, "user": null, "language": "pl-PL"}, {"source": "https://tvn24.pl/najwazniejsze.xml", "title": "Zimowe alerty drugiego stopnia. W weekend mocno sypnie \u015bniegiem, mo\u017cliwe zawieje", "description": "<img alt=\"Zimowe alerty drugiego stopnia. W weekend mocno sypnie \u015bniegiem, mo\u017cliwe zawieje\" src=\"https://tvn24.pl/tvnmeteo/najnowsze/cdn-zdjecie-vuofq5-opady-marznace-gololedz-6428317/alternates/LANDSCAPE_1280\" />\n    Przed nami trudny czas w pogodzie.", "link": "https://tvn24.pl/tvnmeteo/prognoza/alerty-imgw-opady-marznace-oblodzenie-ostrzezenia-drugiego-i-pierwszego-stopnia-prognoza-zagrozen-mozliwe-intensywne-opady-i-zawieje-sniezne-6416752?source=rss", "date_published": "2022-12-08 05:32:04+00:00", "persistent": false, "user": null, "language": "pl-PL"}, {"source": "https://tvn24.pl/najwazniejsze.xml", "title": "Bli\u017aniaczki dotrzyma\u0142y s\u0142owa danego mamie. Nie walczy\u0142y w finale", "description": "<img alt=\"Bli\u017aniaczki dotrzyma\u0142y s\u0142owa danego mamie. Nie walczy\u0142y w finale\" src=\"https://tvn24.pl/najnowsze/cdn-zdjecie-kwt7xd-siostry-miegoc/alternates/LANDSCAPE_1280\" />\n    Czasem nie liczy si\u0119 wygrana za wszelk\u0105 cen\u0119.", "link": "https://eurosport.tvn24.pl/bli-niaczki-dotrzyma-y-s-owa-danego-mamie--nie-walczy-y-w-finale,1128305.html?source=rss", "date_published": "2022-12-08 05:06:00+00:00", "persistent": false, "user": null, "language": "pl-PL"}, {"source": "https://tvn24.pl/najwazniejsze.xml", "title": "Ksi\u0105\u017c\u0119 \"rozwin\u0105\u0142 czerwony dywan\" na przywitanie Xi, wysy\u0142aj\u0105c \"niezbyt subtelny komunikat\" Bidenowi", "description": "<img alt=\"Ksi\u0105\u017c\u0119 \" src=\"https://tvn24.pl/najnowsze/cdn-zdjecie-sninkr-xi-jinping-przybyl-do-rijadu-6414956/alternates/LANDSCAPE_1280\" />\n    Przyw\u00f3dca Chin w Arabii Saudyjskiej.", "link": "https://tvn24.pl/swiat/arabia-saudyjska-chiny-xi-jinping-przybyl-do-rijadu-byl-witany-z-wieksza-pompa-niz-joe-biden-6414984?source=rss", "date_published": "2022-12-08 04:59:21+00:00", "persistent": false, "user": null, "language": "pl-PL"}, {"source": "https://tvn24.pl/najwazniejsze.xml", "title": "Eksplozja w czasie rozminowywania. Zgin\u0119\u0142o czterech policjant\u00f3w", "description": "<img alt=\"Eksplozja w czasie rozminowywania. Zgin\u0119\u0142o czterech policjant\u00f3w\" src=\"https://tvn24.pl/najnowsze/cdn-zdjecie-2nt7r9-rozminowanie-bomby-w-czernihowie-5631059/alternates/LANDSCAPE_1280\" />\n    W obwodzie cherso\u0144skim.", "link": "https://tvn24.pl/swiat/czterech-ukrainskich-policjantow-zginelo-podczas-operacji-rozminowywania-w-obwodzie-chersonskim-6415322?source=rss", "date_published": "2022-12-08 04:48:16+00:00", "persistent": false, "user": null, "language": "pl-PL"}, {"source": "https://tvn24.pl/najwazniejsze.xml", "title": "Trzustka prosto z drukarki. \"\u017bywy narz\u0105d z \u017cywych kom\u00f3rek\" od polskich naukowc\u00f3w", "description": "<img alt=\"Trzustka prosto z drukarki. \" src=\"https://tvn24.pl/najnowsze/cdn-zdjecie-uti029-trzustka-prosto-z-drukarki-3d-6414938/alternates/LANDSCAPE_1280\" />\n    Pionierski wynalazek zespo\u0142u doktora Micha\u0142a Wszo\u0142y.", "link": "https://tvn24.pl/programy/trzustka-z-drukarki-3d-pionierski-wynalazek-polskich-naukowcow-6414759?source=rss", "date_published": "2022-12-08 04:44:08+00:00", "persistent": false, "user": null, "language": "pl-PL"}]