[{"source": "https://www.cnet.com/rss/all/", "title": "One of NASA's First Webb Telescope Images Gets Its Long-Awaited Lore     - CNET", "description": "The Southern Ring Nebula: brought to you by a star's messy, and explosive, demise.", "link": "https://www.cnet.com/science/space/one-of-nasas-first-webb-telescope-images-gets-its-long-awaited-lore/#ftag=CADf328eec", "date_published": "2022-12-08 23:40:45+00:00", "persistent": false, "user": null, "language": "en-US"}, {"source": "https://www.cnet.com/rss/all/", "title": "Everyone Should Watch The Most Underrated Sci-Fi Gem On Television     - CNET", "description": "It's ambitious, smart and well produced.", "link": "https://www.cnet.com/culture/entertainment/everyone-should-watch-the-most-underrated-sci-fi-gem-on-television/#ftag=CADf328eec", "date_published": "2022-12-08 23:35:00+00:00", "persistent": false, "user": null, "language": "en-US"}, {"source": "https://www.cnet.com/rss/all/", "title": "What to Remember About 'Avatar' Before Watching 'Way of Water'     - CNET", "description": "Refresh your memory of the original 2009 film as Avatar 2 nears.", "link": "https://www.cnet.com/culture/entertainment/what-to-remember-about-avatar-before-watching-way-of-water/#ftag=CADf328eec", "date_published": "2022-12-08 23:34:00+00:00", "persistent": false, "user": null, "language": "en-US"}, {"source": "https://www.cnet.com/rss/all/", "title": "More People Need to Watch This Trippy Sci-Fi Mystery on Prime Video     - CNET", "description": "It will leave you wrestling with big questions.", "link": "https://www.cnet.com/culture/entertainment/more-people-need-to-watch-this-trippy-sci-fi-mystery-on-prime-video/#ftag=CADf328eec", "date_published": "2022-12-08 23:32:00+00:00", "persistent": false, "user": null, "language": "en-US"}, {"source": "https://www.cnet.com/rss/all/", "title": "Try to Spot the Secret Messages NASA Hid Inside the Orion Spacecraft     - CNET", "description": "The craft is packed with Easter eggs, from a Morse code message to a bird image.", "link": "https://www.cnet.com/science/space/try-to-spot-the-secret-messages-nasa-hid-inside-the-orion-spacecraft/#ftag=CADf328eec", "date_published": "2022-12-08 23:20:00+00:00", "persistent": false, "user": null, "language": "en-US"}, {"source": "https://www.cnet.com/rss/all/", "title": "How to Watch SpaceX Launch Satellites for Competitor OneWeb Tonight     - CNET", "description": "The UK company went looking for launch services elsewhere after the invasion of Ukraine by Russia.", "link": "https://www.cnet.com/science/space/how-to-watch-spacex-launch-satellites-for-starlink-competitor-oneweb-tonight/#ftag=CADf328eec", "date_published": "2022-12-08 23:16:00+00:00", "persistent": false, "user": null, "language": "en-US"}, {"source": "https://www.cnet.com/rss/all/", "title": "Science Shows How Flushing a Public Toilet Blasts Pathogens Everywhere     - CNET", "description": "Here's proof that flushing a public toilet is truly disgusting.", "link": "https://www.cnet.com/science/science-shows-how-flushing-a-public-toilet-blasts-pathogens-everywhere/#ftag=CADf328eec", "date_published": "2022-12-08 23:14:00+00:00", "persistent": false, "user": null, "language": "en-US"}, {"source": "https://www.cnet.com/rss/all/", "title": "Company Offers a Free Month of Psychedelic Therapy to People Who've Lost Their Jobs     - CNET", "description": "For those who qualify, Field Trip is offering one free month of ketamine-assisted therapy while services are available this December.", "link": "https://www.cnet.com/health/medical/company-offers-a-free-month-of-psychedelic-therapy-to-people-whove-lost-their-jobs/#ftag=CADf328eec", "date_published": "2022-12-08 23:09:00+00:00", "persistent": false, "user": null, "language": "en-US"}, {"source": "https://www.cnet.com/rss/all/", "title": "Why Lord of the Rings Is Actually the Supreme Christmas Movie     - CNET", "description": "Please", "link": "https://www.cnet.com/culture/entertainment/why-lord-of-the-rings-is-actually-the-supreme-christmas-movie/#ftag=CADf328eec", "date_published": "2022-12-08 23:08:00+00:00", "persistent": false, "user": null, "language": "en-US"}, {"source": "https://www.cnet.com/rss/all/", "title": "Google Pixel Fold 360-Degree Renders Show A Thin Foldable With Big Cameras     - CNET", "description": "A new video claims to show a rotating render of Google's answer to the Samsung Galaxy Fold.", "link": "https://www.cnet.com/tech/mobile/pixel-fold-360-degree-renders-show-a-thin-foldable-with-big-cameras/#ftag=CADf328eec", "date_published": "2022-12-08 22:54:00+00:00", "persistent": false, "user": null, "language": "en-US"}, {"source": "https://www.cnet.com/rss/all/", "title": "Google Pixel Fold Render Shows a Thin Foldable With Big Cameras     - CNET", "description": "A new video claims to show a rotating render of Google's answer to the Samsung Galaxy Fold.", "link": "https://www.cnet.com/tech/mobile/google-pixel-fold-render-shows-a-thin-foldable-with-big-cameras/#ftag=CADf328eec", "date_published": "2022-12-08 22:54:00+00:00", "persistent": false, "user": null, "language": "en-US"}, {"source": "https://www.cnet.com/rss/all/", "title": "The Game Awards: Start Times, How to Watch, Nominees, Everything You Need to Know     - CNET", "description": "Expect a shorter show this time around.", "link": "https://www.cnet.com/tech/gaming/the-game-awards-start-times-how-to-watch-nominees-everything-you-need-to-know/#ftag=CADf328eec", "date_published": "2022-12-08 22:21:00+00:00", "persistent": false, "user": null, "language": "en-US"}, {"source": "https://www.cnet.com/rss/all/", "title": "How to Send Your Face Back in Time With MyHeritage's 'AI Time Machine'     - CNET", "description": "Just don't blame us for the results.", "link": "https://www.cnet.com/culture/internet/how-to-send-your-face-back-in-time-with-myheritages-ai-time-machine/#ftag=CADf328eec", "date_published": "2022-12-08 22:15:00+00:00", "persistent": false, "user": null, "language": "en-US"}, {"source": "https://www.cnet.com/rss/all/", "title": "Trouble Falling Asleep? This Dietary Supplement Also Works as a Sleep Aid     - CNET", "description": "Step aside melatonin, GABA can help you fall asleep without feeling groggy the next morning.", "link": "https://www.cnet.com/health/sleep/trouble-falling-asleep-this-dietary-supplement-also-works-as-a-sleep-aid/#ftag=CADf328eec", "date_published": "2022-12-08 22:00:16+00:00", "persistent": false, "user": null, "language": "en-US"}, {"source": "https://www.cnet.com/rss/all/", "title": "NASA Challenges Space Fans to Find Secret Messages Hidden Inside Orion     - CNET", "description": "The spacecraft is packed with Easter eggs, from a Morse code message to a bird image.", "link": "https://www.cnet.com/science/space/nasa-challenges-space-fans-to-find-secret-messages-hidden-inside-orion/#ftag=CADf328eec", "date_published": "2022-12-08 21:51:00+00:00", "persistent": false, "user": null, "language": "en-US"}, {"source": "https://www.cnet.com/rss/all/", "title": "Disney Plus Just Hiked Its Price and Launched Ads: Everything to Know     - CNET", "description": "Disney Plus, like many streaming services, is raising prices after it priced its service artificially low during its early years.", "link": "https://www.cnet.com/tech/services-and-software/disney-plus-just-hiked-its-price-and-launched-ads-everything-to-know/#ftag=CADf328eec", "date_published": "2022-12-08 21:30:24+00:00", "persistent": false, "user": null, "language": "en-US"}, {"source": "https://www.cnet.com/rss/all/", "title": "Xbox Game Pass Subscribers Get Access To Riot Games' Biggest Titles Soon     - CNET", "description": "Subscribers also get big perks with each game.", "link": "https://www.cnet.com/tech/gaming/xbox-game-pass-subscribers-get-access-to-riot-games-biggest-titles-soon/#ftag=CADf328eec", "date_published": "2022-12-08 21:22:01+00:00", "persistent": false, "user": null, "language": "en-US"}, {"source": "https://www.cnet.com/rss/all/", "title": "If You Want an iPhone 14 Pro Before Christmas, These Are Your Options     - CNET", "description": "There's a shortage on the iPhone 14 Pro and iPhone 14 Pro Max, but you might have a chance to score one before the holidays.", "link": "https://www.cnet.com/tech/mobile/if-you-want-an-iphone-14-pro-before-christmas-these-are-your-options/#ftag=CADf328eec", "date_published": "2022-12-08 21:15:03+00:00", "persistent": false, "user": null, "language": "en-US"}, {"source": "https://www.cnet.com/rss/all/", "title": "Marvel's Midnight Suns Offers Lots of Heroes, Little Emotion     - CNET", "description": "Commentary: The new strategy game has so much potential, but certain choices leave a lot on the table.", "link": "https://www.cnet.com/tech/gaming/marvels-midnight-suns-offers-lots-of-heroes-little-emotion/#ftag=CADf328eec", "date_published": "2022-12-08 21:10:26+00:00", "persistent": false, "user": null, "language": "en-US"}, {"source": "https://www.cnet.com/rss/all/", "title": "How a Hellish Planet Could Ignite the Quest to Find Habitable Worlds     - CNET", "description": "Scientists have successfully tested their new Earth-hunting device -- on one of the weirdest planets ever.", "link": "https://www.cnet.com/science/space/how-a-hellish-planet-could-ignite-the-quest-to-find-habitable-worlds/#ftag=CADf328eec", "date_published": "2022-12-08 21:08:29+00:00", "persistent": false, "user": null, "language": "en-US"}, {"source": "https://www.cnet.com/rss/all/", "title": "Best 1-Year Credit Union CD Rates (Share Certificates)     - CNET", "description": "Credit unions offer CDs called share certificates. Like CDs, share certificates provide competitive rates over traditional savings accounts.", "link": "https://www.cnet.com/personal-finance/banking/best-1-year-credit-union-cd-rates-share-certificates/#ftag=CADf328eec", "date_published": "2022-12-08 20:50:00+00:00", "persistent": false, "user": null, "language": "en-US"}, {"source": "https://www.cnet.com/rss/all/", "title": "What's the Difference Between a Bank and a Credit Union?     - CNET", "description": "When comparing banks and credit unions, look out for fees, minimum balance requirements and rates on savings products.", "link": "https://www.cnet.com/personal-finance/banking/difference-between-bank-and-credit-union/#ftag=CADf328eec", "date_published": "2022-12-08 20:35:46+00:00", "persistent": false, "user": null, "language": "en-US"}, {"source": "https://www.cnet.com/rss/all/", "title": "The Best Restaurant Gift Card Deals for the Holidays     - CNET", "description": "Stocking stuffers from Buffalo Wild Wings, Shake Shack, Subway and more that give you a little something, too.", "link": "https://www.cnet.com/deals/the-best-restaurant-gift-card-deals-for-the-holidays/#ftag=CADf328eec", "date_published": "2022-12-08 20:15:02+00:00", "persistent": false, "user": null, "language": "en-US"}, {"source": "https://www.cnet.com/rss/all/", "title": "'The White Lotus' Episode 6: Who's in the Mysterious Photo Tanya Picks Up?     - CNET", "description": "The penultimate episode of season 2 included an uncanny photograph and other signs that Tanya may not be among friends.", "link": "https://www.cnet.com/culture/entertainment/the-white-lotus-episode-6-whos-in-the-photo-tanya-picks-up/#ftag=CADf328eec", "date_published": "2022-12-08 20:00:07+00:00", "persistent": false, "user": null, "language": "en-US"}, {"source": "https://www.cnet.com/rss/all/", "title": "Best 2022 Holiday Bluetooth Speaker Deals     - CNET", "description": "We've rounded up some of the best bargains on top-rated portable Bluetooth speakers for this holiday shopping season.", "link": "https://www.cnet.com/tech/home-entertainment/best-2022-holiday-bluetooth-speaker-deals/#ftag=CADf328eec", "date_published": "2022-12-08 20:00:00+00:00", "persistent": false, "user": null, "language": "en-US"}, {"source": "https://www.cnet.com/rss/all/", "title": "11 of The Best Women's Walking Shoes in 2022     - CNET", "description": "Give your feet the comfort and support they deserve with our top picks.", "link": "https://www.cnet.com/health/fitness/best-walking-shoes-for-women/#ftag=CADf328eec", "date_published": "2022-12-08 19:58:05+00:00", "persistent": false, "user": null, "language": "en-US"}, {"source": "https://www.cnet.com/rss/all/", "title": "T-Mobile's $350 Million Cybersecurity Settlement: There's Just Weeks Left to Claim Money     - CNET", "description": "How to find out if you're eligible for a payment and how much money you could receive.", "link": "https://www.cnet.com/personal-finance/t-mobiles-350-million-cybersecurity-settlement-theres-weeks-left-to-claim-your-share-of-the-money/#ftag=CADf328eec", "date_published": "2022-12-08 19:37:55+00:00", "persistent": false, "user": null, "language": "en-US"}, {"source": "https://www.cnet.com/rss/all/", "title": "Amazon Launches Inspire, A TikTok-Style Shopping Feed     - CNET", "description": "The new feature lets you shop for products while scrolling through videos and photos.", "link": "https://www.cnet.com/tech/services-and-software/amazon-launches-inspire-a-tiktok-style-shopping-feed/#ftag=CADf328eec", "date_published": "2022-12-08 19:31:00+00:00", "persistent": false, "user": null, "language": "en-US"}, {"source": "https://www.cnet.com/rss/all/", "title": "'1899' on Netflix: That Strange Ending Explained     - CNET", "description": "1899 has quite the ending.", "link": "https://www.cnet.com/culture/entertainment/1899-on-netflix-that-strange-ending-explained/#ftag=CADf328eec", "date_published": "2022-12-08 19:28:00+00:00", "persistent": false, "user": null, "language": "en-US"}, {"source": "https://www.cnet.com/rss/all/", "title": "Dishy 'Harry & Meghan' Netflix Series Is Out Now: How to Watch, When Episodes Drop     - CNET", "description": "Move over, The Crown. The first three episodes of royal rows and gossip are streaming now.", "link": "https://www.cnet.com/culture/entertainment/dishy-harry-meghan-netflix-series-is-out-now-how-to-watch-when-episodes-drop/#ftag=CADf328eec", "date_published": "2022-12-08 19:21:00+00:00", "persistent": false, "user": null, "language": "en-US"}, {"source": "https://www.cnet.com/rss/all/", "title": "ATM Withdrawal Limits: What You Need to Know     - CNET", "description": "Banks impose ATM withdrawal limits for security, among other practical purposes.", "link": "https://www.cnet.com/personal-finance/banking/atm-withdrawal-limits/#ftag=CADf328eec", "date_published": "2022-12-08 19:20:00+00:00", "persistent": false, "user": null, "language": "en-US"}, {"source": "https://www.cnet.com/rss/all/", "title": "US FTC Sues to Block Microsoft's $69B Acquisition of Activision Blizzard     - CNET", "description": "The government agency said the massive deal would hurt competition. Microsoft has argued it won't.", "link": "https://www.cnet.com/tech/gaming/us-ftc-sues-to-block-microsofts-69b-acquisition-of-activision-blizzard/#ftag=CADf328eec", "date_published": "2022-12-08 19:14:00+00:00", "persistent": false, "user": null, "language": "en-US"}, {"source": "https://www.cnet.com/rss/all/", "title": "See How Flushing a Public Toilet Spews Particles That Fill the Room     - CNET", "description": "\"Like a rocket,\" one researcher says.", "link": "https://www.cnet.com/science/see-how-flushing-a-public-toilet-spews-particles-that-fill-the-room/#ftag=CADf328eec", "date_published": "2022-12-08 19:09:43+00:00", "persistent": false, "user": null, "language": "en-US"}, {"source": "https://www.cnet.com/rss/all/", "title": "What Is a Second-Chance Checking Account?     - CNET", "description": "A second-chance checking account can help you repair a bad banking history.", "link": "https://www.cnet.com/personal-finance/banking/second-chance-checking-account/#ftag=CADf328eec", "date_published": "2022-12-08 18:54:00+00:00", "persistent": false, "user": null, "language": "en-US"}, {"source": "https://www.cnet.com/rss/all/", "title": "ChatGPT: Why Everyone's Obsessed With This Mind-Blowing AI Chatbot     - CNET", "description": "This artificial intelligence bot is an impressive writer and conversationalist. But be careful how much you trust its answers.", "link": "https://www.cnet.com/tech/computing/chatgpt-why-everyones-obsessed-with-this-mind-blowing-ai-chatbot/#ftag=CADf328eec", "date_published": "2022-12-08 18:47:00+00:00", "persistent": false, "user": null, "language": "en-US"}, {"source": "https://www.cnet.com/rss/all/", "title": "These 9 Stellar Kitchen Buys Are Worth the Extra Dough     - CNET", "description": "Some things are worth investing in for yourself or as a gift. This cookware justifies the price.", "link": "https://www.cnet.com/how-to/these-9-stellar-kitchen-buys-are-worth-the-extra-dough/#ftag=CADf328eec", "date_published": "2022-12-08 18:46:00+00:00", "persistent": false, "user": null, "language": "en-US"}, {"source": "https://www.cnet.com/rss/all/", "title": "I Can't Live Without These 12 Kitchen Tools Under $25     - CNET", "description": "These kitchen must-have tools are inexpensive, versatile and easy to store, use and clean.", "link": "https://www.cnet.com/how-to/i-cant-live-without-these-12-kitchen-tools-under-25/#ftag=CADf328eec", "date_published": "2022-12-08 18:35:34+00:00", "persistent": false, "user": null, "language": "en-US"}, {"source": "https://www.cnet.com/rss/all/", "title": "How to Scan a QR Code With Any Android Phone     - CNET", "description": "Those square barcode-looking things? Here's how to scan them with any Android phone, whether it's old or new.", "link": "https://www.cnet.com/tech/mobile/how-to-scan-a-qr-code-with-an-android-phone/#ftag=CADf328eec", "date_published": "2022-12-08 18:31:47+00:00", "persistent": false, "user": null, "language": "en-US"}, {"source": "https://www.cnet.com/rss/all/", "title": "Google Built a Sweeping Online Hub to Preserve Ukraine's Rich Culture     - CNET", "description": "\"Our culture is not only ours. This is the legacy of the entire civilized world,\" first lady Olena Zelenska says of the project from Google Arts & Culture.", "link": "https://www.cnet.com/culture/internet/google-built-a-sweeping-online-hub-to-preserve-ukraines-rich-culture/#ftag=CADf328eec", "date_published": "2022-12-08 18:30:00+00:00", "persistent": false, "user": null, "language": "en-US"}, {"source": "https://www.cnet.com/rss/all/", "title": "Get $50 Off This Excellent Anker Soundcore Bluetooth Speaker     - CNET", "description": "The Soundcore by Anker Motion Boom Plus is on sale for $130, or $50 off. That may just be the best deal you can get right now on a Bluetooth speaker.", "link": "https://www.cnet.com/deals/get-50-off-this-excellent-anker-soundcore-bluetooth-speaker/#ftag=CADf328eec", "date_published": "2022-12-08 18:24:04+00:00", "persistent": false, "user": null, "language": "en-US"}, {"source": "https://www.cnet.com/rss/all/", "title": "Best Meat Delivery Deals for December     - CNET", "description": "A package of premium meat is about as foolproof as gifting gets. Save on high-end steaks or nab free ground beef for life with these tempting deals.", "link": "https://www.cnet.com/deals/best-meat-delivery-deals-online/#ftag=CADf328eec", "date_published": "2022-12-08 18:17:00+00:00", "persistent": false, "user": null, "language": "en-US"}, {"source": "https://www.cnet.com/rss/all/", "title": "More People Need to Watch This Riveting Mystery on Prime Video     - CNET", "description": "Looking for a whodunit done right? Watch this story within a story that hooks you from the first episode.", "link": "https://www.cnet.com/culture/entertainment/more-people-need-to-watch-this-riveting-mystery-on-prime-video/#ftag=CADf328eec", "date_published": "2022-12-08 18:06:00+00:00", "persistent": false, "user": null, "language": "en-US"}, {"source": "https://www.cnet.com/rss/all/", "title": "Twitter Blue May Be More Expensive if You Subscribe via Apple     - CNET", "description": "The subscription service could be much pricer due to the 30% cut Apple takes.", "link": "https://www.cnet.com/news/social-media/twitter-blue-may-be-more-expensive-if-you-subscribe-via-apple/#ftag=CADf328eec", "date_published": "2022-12-08 18:02:00+00:00", "persistent": false, "user": null, "language": "en-US"}, {"source": "https://www.cnet.com/rss/all/", "title": "This Easy Ceiling Fan Trick Can Save You Money on Heat This Winter     - CNET", "description": "Slash those utility bills by making this simple change to your fan.", "link": "https://www.cnet.com/how-to/this-easy-ceiling-fan-trick-can-save-you-money-on-heat-this-winter/#ftag=CADf328eec", "date_published": "2022-12-08 17:43:27+00:00", "persistent": false, "user": null, "language": "en-US"}, {"source": "https://www.cnet.com/rss/all/", "title": "SpaceX to Launch Satellites for Starlink Competitor OneWeb Thursday     - CNET", "description": "The UK company went looking for launch services elsewhere after the invasion of Ukraine by Russia.", "link": "https://www.cnet.com/science/space/spacex-to-launch-satellites-for-starlink-competitor-oneweb-thursday/#ftag=CADf328eec", "date_published": "2022-12-08 17:38:05+00:00", "persistent": false, "user": null, "language": "en-US"}, {"source": "https://www.cnet.com/rss/all/", "title": "Loved 'Wednesday'? Watch These Ooky Addams Family Movies and TV Shows Next     - CNET", "description": "Put on your best black outfit. It's time for more of the ghoulish clan portrayed in the runaway Netflix hit.", "link": "https://www.cnet.com/culture/entertainment/loved-wednesday-watch-these-ooky-addams-family-movies-and-tv-shows-next/#ftag=CADf328eec", "date_published": "2022-12-08 17:33:00+00:00", "persistent": false, "user": null, "language": "en-US"}, {"source": "https://www.cnet.com/rss/all/", "title": "Stop Holiday Package Theft With These 6 Smart Home Devices     - CNET", "description": "These gadgets will help you keep an eye on your porch, even when you aren't home.", "link": "https://www.cnet.com/news/stop-holiday-package-theft-with-these-6-smart-home-devices/#ftag=CADf328eec", "date_published": "2022-12-08 17:30:03+00:00", "persistent": false, "user": null, "language": "en-US"}, {"source": "https://www.cnet.com/rss/all/", "title": "T-Mobile's Latest 5G Home Internet Bundle Drops the Price to $25 Per Month     - CNET", "description": "No Magenta Max plan required.", "link": "https://www.cnet.com/news/t-mobiles-latest-5g-home-internet-bundle-drops-the-price-to-25-per-month/#ftag=CADf328eec", "date_published": "2022-12-08 17:28:40+00:00", "persistent": false, "user": null, "language": "en-US"}, {"source": "https://www.cnet.com/rss/all/", "title": "There Is a Right Way to Load the Dishwasher (and You're Probably Not Doing It)     - CNET", "description": "Get those dishes sparkling clean by loading the dishwasher most effectively. Here's how.", "link": "https://www.cnet.com/how-to/there-is-a-right-way-to-load-the-dishwasher-and-youre-probably-not-doing-it/#ftag=CADf328eec", "date_published": "2022-12-08 17:00:02+00:00", "persistent": false, "user": null, "language": "en-US"}, {"source": "https://www.cnet.com/rss/all/", "title": "Google Chrome Update Rolls Out Battery and Memory Saving Features     - CNET", "description": "The browser's latest update comes with new settings that respond to low batteries and when your tab count gets out of control.", "link": "https://www.cnet.com/tech/services-and-software/google-chrome-update-rolls-out-battery-and-memory-saving-features/#ftag=CADf328eec", "date_published": "2022-12-08 17:00:00+00:00", "persistent": false, "user": null, "language": "en-US"}, {"source": "https://www.cnet.com/rss/all/", "title": "Scientists Explain Mysterious Object Found on Beach After Hurricane     - CNET", "description": "The long wood and metal structure offers a glimpse at maritime history from the 1800s.", "link": "https://www.cnet.com/science/scientists-explain-mysterious-object-found-on-beach-after-hurricane/#ftag=CADf328eec", "date_published": "2022-12-08 16:59:00+00:00", "persistent": false, "user": null, "language": "en-US"}, {"source": "https://www.cnet.com/rss/all/", "title": "Send Holiday Packages Now to Save Money: Comparing USPS, FedEx and UPS     - CNET", "description": "No matter which delivery service you choose, you'll save big by sending your packages as early as possible.", "link": "https://www.cnet.com/how-to/send-holiday-packages-now-to-save-money-comparing-usps-fedex-and-ups/#ftag=CADf328eec", "date_published": "2022-12-08 16:57:02+00:00", "persistent": false, "user": null, "language": "en-US"}, {"source": "https://www.cnet.com/rss/all/", "title": "Bundle Up in Bed This Winter and Save Money on Heating     - CNET", "description": "Stay warm this December. Cozy up your mattress in time for the holidays.", "link": "https://www.cnet.com/health/sleep/bundle-up-in-bed-this-winter-and-save-money-on-heating/#ftag=CADf328eec", "date_published": "2022-12-08 16:55:05+00:00", "persistent": false, "user": null, "language": "en-US"}, {"source": "https://www.cnet.com/rss/all/", "title": "'Harry & Meghan' Netflix Series Out Now: How to Watch and When Episodes Drop     - CNET", "description": "Move over, The Crown. The first three episodes of royal dish and gossip are streaming now.", "link": "https://www.cnet.com/culture/entertainment/harry-meghan-netflix-series-out-now-how-to-watch-and-when-episodes-drop/#ftag=CADf328eec", "date_published": "2022-12-08 16:50:00+00:00", "persistent": false, "user": null, "language": "en-US"}, {"source": "https://www.cnet.com/rss/all/", "title": "'Harry and Meghan' Netflix Trailer: 'We know the full truth'     - CNET", "description": "In a preview of the documentary, streaming now, the royal couple makes it clear they're ready to bare all.", "link": "https://www.cnet.com/culture/entertainment/harry-and-meghan-netflix-trailer-sees-royal-couple-open-up/#ftag=CADf328eec", "date_published": "2022-12-08 16:47:00+00:00", "persistent": false, "user": null, "language": "en-US"}, {"source": "https://www.cnet.com/rss/all/", "title": "How a Crowd Favorite Planet Became the Hellish World It Is Today     - CNET", "description": "Thanks to the gravitational spells of its planetary siblings, 55 Cnc e may as well be holding hands with its scorching star.", "link": "https://www.cnet.com/science/space/how-a-crowd-favorite-planet-became-the-hellish-world-it-is-today/#ftag=CADf328eec", "date_published": "2022-12-08 16:00:07+00:00", "persistent": false, "user": null, "language": "en-US"}, {"source": "https://www.cnet.com/rss/all/", "title": "9 Tips For Lowering Your Risk of Heart Disease     - CNET", "description": "Implement these easy, everyday habits into your routine and prevent heart disease.", "link": "https://www.cnet.com/health/9-tips-for-lowering-your-risk-of-heart-disease/#ftag=CADf328eec", "date_published": "2022-12-08 16:00:02+00:00", "persistent": false, "user": null, "language": "en-US"}, {"source": "https://www.cnet.com/rss/all/", "title": "Once You Try a Galaxy Fold, You'll Never Go Back     - CNET", "description": "Commentary: The large screen on the Galaxy Z Fold series is so transformative, it's hard to switch to a traditional phone, even the new Pixel 7.", "link": "https://www.cnet.com/tech/mobile/once-you-try-a-galaxy-fold-youll-never-go-back/#ftag=CADf328eec", "date_published": "2022-12-08 15:55:23+00:00", "persistent": false, "user": null, "language": "en-US"}, {"source": "https://www.cnet.com/rss/all/", "title": "Valve Is Giving Away a Steam Deck Every Minute at the Game Awards Today     - CNET", "description": "Find out if you qualify for the drawing and how you can win.", "link": "https://www.cnet.com/tech/gaming/valve-is-giving-away-a-steam-deck-every-minute-at-the-game-awards-today/#ftag=CADf328eec", "date_published": "2022-12-08 15:51:00+00:00", "persistent": false, "user": null, "language": "en-US"}, {"source": "https://www.cnet.com/rss/all/", "title": "Find Out If Your State Sending You a Tax Rebate or Stimulus Check     - CNET", "description": "Taxpayers in numerous states are still receiving special one-time tax refunds.", "link": "https://www.cnet.com/personal-finance/taxes/find-out-if-your-state-sending-you-a-tax-rebate-or-stimulus-check/#ftag=CADf328eec", "date_published": "2022-12-08 15:44:53+00:00", "persistent": false, "user": null, "language": "en-US"}, {"source": "https://www.cnet.com/rss/all/", "title": "How Is Your Credit Card Minimum Payment Calculated?     - CNET", "description": "Your minimum monthly payment is usually based on a percentage of your balance.", "link": "https://www.cnet.com/personal-finance/credit-cards/how-minimum-payments-are-decided/#ftag=CADf328eec", "date_published": "2022-12-08 15:37:47+00:00", "persistent": false, "user": null, "language": "en-US"}, {"source": "https://www.cnet.com/rss/all/", "title": "Quit Drinking Alcohol With These 8 Tips That Actually Work     - CNET", "description": "Having a solid plan that works for you can help you successfully quit drinking alcohol.", "link": "https://www.cnet.com/health/medical/8-quit-drinking-alcohol-with-these-8-tips-that-actually-work/#ftag=CADf328eec", "date_published": "2022-12-08 15:20:00+00:00", "persistent": false, "user": null, "language": "en-US"}, {"source": "https://www.cnet.com/rss/all/", "title": "How Do You Apply for Social Security Benefits for Children? Who Is Eligible and More     - CNET", "description": "We answer your questions on the benefits your child is eligible for, who can receive them and more.", "link": "https://www.cnet.com/personal-finance/how-do-you-apply-for-social-security-benefits-for-children-who-is-eligible-and-more/#ftag=CADf328eec", "date_published": "2022-12-08 15:15:02+00:00", "persistent": false, "user": null, "language": "en-US"}, {"source": "https://www.cnet.com/rss/all/", "title": "7 TikTok-Approved Cheap Beauty Gifts to Give for the Holidays     - CNET", "description": "Gift-giving season is here. Celebrate it with these popular beauty gifts.", "link": "https://www.cnet.com/deals/7-tiktok-approved-cheap-beauty-gifts-to-give-for-the-holidays/#ftag=CADf328eec", "date_published": "2022-12-08 15:05:00+00:00", "persistent": false, "user": null, "language": "en-US"}, {"source": "https://www.cnet.com/rss/all/", "title": "Measles in the US: What to Know About Outbreaks, Vaccines and More     - CNET", "description": "Measles are affecting unvaccinated children in Ohio. The CDC and the WHO issued a warning last month about waning vaccine rates.", "link": "https://www.cnet.com/health/medical/measles-in-the-us-what-to-know-about-outbreaks-vaccines-and-more/#ftag=CADf328eec", "date_published": "2022-12-08 15:00:00+00:00", "persistent": false, "user": null, "language": "en-US"}, {"source": "https://www.cnet.com/rss/all/", "title": "Just Dance 2023 Is Just $23 for Nintendo Switch, PS5 and Xbox Series X|S -- Today Only     - CNET", "description": "Save space on your shelf and get your groove on with songs from Harry Styles, Doja Cat, Billie Eilish, BTS, Encanto and more.", "link": "https://www.cnet.com/deals/just-dance-2023-is-just-23-for-nintendo-switch-ps5-and-xbox-series-xs-today-only/#ftag=CADf328eec", "date_published": "2022-12-08 14:56:00+00:00", "persistent": false, "user": null, "language": "en-US"}, {"source": "https://www.cnet.com/rss/all/", "title": "Brittney Griner Freed From Russian Prison in Prisoner Swap     - CNET", "description": "The basketball star is heading back to the US after nearly 10 months in custody.", "link": "https://www.cnet.com/news/brittney-griner-freed-from-russian-prison-in-prisoner-swap/#ftag=CADf328eec", "date_published": "2022-12-08 14:55:00+00:00", "persistent": false, "user": null, "language": "en-US"}, {"source": "https://www.cnet.com/rss/all/", "title": "Gear Up for the Playoffs With Up to 59% Off Ultra Game NFL Apparel     - CNET", "description": "Show you're more than just a bandwagon fan with discounts on T-shirts, hoodies, jackets and more.", "link": "https://www.cnet.com/deals/gear-up-for-the-playoffs-with-up-to-59-off-ultra-game-nfl-apparel/#ftag=CADf328eec", "date_published": "2022-12-08 14:46:00+00:00", "persistent": false, "user": null, "language": "en-US"}, {"source": "https://www.cnet.com/rss/all/", "title": "This Simple Alexa Trick Puts an Extra $5 in Your Amazon Delivery Driver's Pocket     - CNET", "description": "It's super easy to do and costs you nothing out of pocket. Give it a try today.", "link": "https://www.cnet.com/tech/this-simple-alexa-trick-puts-an-extra-5-in-your-amazon-delivery-drivers-pocket/#ftag=CADf328eec", "date_published": "2022-12-08 14:44:00+00:00", "persistent": false, "user": null, "language": "en-US"}, {"source": "https://www.cnet.com/rss/all/", "title": "Thursday Night Football: How to Watch, Stream Raiders vs. Rams Tonight on Prime Video or Twitch     - CNET", "description": "Las Vegas and Los Angeles meet on Thursday Night Football to kick off Week 14 of the NFL season.", "link": "https://www.cnet.com/tech/services-and-software/thursday-night-football-how-to-watch-stream-raiders-vs-rams-tonight-on-prime-video-or-twitch/#ftag=CADf328eec", "date_published": "2022-12-08 14:35:00+00:00", "persistent": false, "user": null, "language": "en-US"}, {"source": "https://www.cnet.com/rss/all/", "title": "Moto G Play for 2023 Highlights a 16MP Triple Camera System at $170     - CNET", "description": "The budget-focused Android phone goes on sale Jan. 12.", "link": "https://www.cnet.com/tech/mobile/moto-g-play-for-2023-highlights-a-16mp-triple-camera-system-at-170/#ftag=CADf328eec", "date_published": "2022-12-08 14:00:50+00:00", "persistent": false, "user": null, "language": "en-US"}, {"source": "https://www.cnet.com/rss/all/", "title": "5 Money-Saving Steps for Surviving the Health Care System     - CNET", "description": "It starts with questioning your medical bills.", "link": "https://www.cnet.com/personal-finance/5-money-saving-steps-for-surviving-the-health-care-system/#ftag=CADf328eec", "date_published": "2022-12-08 14:00:27+00:00", "persistent": false, "user": null, "language": "en-US"}, {"source": "https://www.cnet.com/rss/all/", "title": "How Alcohol Is Screwing With Your Sleep     - CNET", "description": "Drinking can interrupt your sleep quality in four key ways.", "link": "https://www.cnet.com/health/sleep/how-alcohol-is-screwing-with-your-sleep/#ftag=CADf328eec", "date_published": "2022-12-08 14:00:12+00:00", "persistent": false, "user": null, "language": "en-US"}, {"source": "https://www.cnet.com/rss/all/", "title": "Cobra's SC 200D Dash Cam Will Give You Peace of Mind on the Road     - CNET", "description": "Searching for the best dash cam to buy your loved ones? Look no further than the Cobra SC 200D.", "link": "https://www.cnet.com/roadshow/news/cobras-sc-200d-dash-cam-will-give-you-peace-of-mind-on-the-road/#ftag=CADf328eec", "date_published": "2022-12-08 14:00:00+00:00", "persistent": false, "user": null, "language": "en-US"}, {"source": "https://www.cnet.com/rss/all/", "title": "Mortgage Rates on Dec. 8, 2022: Rates Slip     - CNET", "description": "Some major mortgage rates decreased this week, though rates remain high compared to earlier this year. See how the Fed's interest rate hikes could affect your mortgage payments.", "link": "https://www.cnet.com/personal-finance/mortgages/mortgage-rates-on-dec-8-2022-rates-slip/#ftag=CADf328eec", "date_published": "2022-12-08 14:00:00+00:00", "persistent": false, "user": null, "language": "en-US"}, {"source": "https://www.cnet.com/rss/all/", "title": "Refinance Rates for Dec. 8, 2022: Rates Slide Further     - CNET", "description": "Several benchmark refinance rates dropped this week. Though refinance rates change daily, experts expect rates to continue to climb.", "link": "https://www.cnet.com/personal-finance/mortgages/refinance-rates-for-dec-8-2022-rates-slide/#ftag=CADf328eec", "date_published": "2022-12-08 14:00:00+00:00", "persistent": false, "user": null, "language": "en-US"}, {"source": "https://www.cnet.com/rss/all/", "title": "Save Over 50% on This 9-Quart Gourmia Air Fryer and Snag It for Just $68     - CNET", "description": "It has seven preset cooking functions, dual frying baskets and right now you can pick it up for $82 off the usual price.", "link": "https://www.cnet.com/deals/save-over-50-on-this-9-quart-gourmia-air-fryer-and-snag-it-for-just-68/#ftag=CADf328eec", "date_published": "2022-12-08 13:56:23+00:00", "persistent": false, "user": null, "language": "en-US"}, {"source": "https://www.cnet.com/rss/all/", "title": "Grab This 58-Inch Samsung 4K TV for Just $360 During 1-Day Deal at Best Buy     - CNET", "description": "Upgrade your entertainment space and stream your favorite content in 4K.", "link": "https://www.cnet.com/deals/grab-this-58-inch-samsung-4k-tv-for-just-360-during-1-day-deal-at-best-buy/#ftag=CADf328eec", "date_published": "2022-12-08 13:32:43+00:00", "persistent": false, "user": null, "language": "en-US"}, {"source": "https://www.cnet.com/rss/all/", "title": "Xfinity Home Security Review: The Best Professionally Installed Home Security System     - CNET", "description": "This Comcast company's combo of equipment, automation, professional installation and monitoring is great. But there's still progress to be made.", "link": "https://www.cnet.com/news/xfinity-home-security-review-the-best-professionally-installed-home-security-system/#ftag=CADf328eec", "date_published": "2022-12-08 13:00:15+00:00", "persistent": false, "user": null, "language": "en-US"}, {"source": "https://www.cnet.com/rss/all/", "title": "Streaming TV's Party Is Over. Now Comes the Hangover     - CNET", "description": "New services kept launching with big-budget shows and, often, cheap prices. But three of them raised prices this fall, and they won't be the last.", "link": "https://www.cnet.com/culture/entertainment/streaming-tvs-party-is-over-now-comes-the-hangover/#ftag=CADf328eec", "date_published": "2022-12-08 13:00:00+00:00", "persistent": false, "user": null, "language": "en-US"}, {"source": "https://www.cnet.com/rss/all/", "title": "Xfinity Home Security Review: The Best Professionally Installed Home Security System     - CNET", "description": "This Comcast company's combo of equipment, automation, professional installation and monitoring is great. But there's still progress to be made.", "link": "https://www.cnet.com/news/xfinity-home-security-review/#ftag=CADf328eec", "date_published": "2022-12-08 13:00:00+00:00", "persistent": false, "user": null, "language": "en-US"}, {"source": "https://www.cnet.com/rss/all/", "title": "Want a New Way to Stream Your Favorite Artist? Your Local Library May Be an Option     - CNET", "description": "Spotify and Apple aren't your only choices for streaming music.", "link": "https://www.cnet.com/tech/services-and-software/want-a-new-way-to-stream-your-favorite-artist-your-local-library-may-be-an-option/#ftag=CADf328eec", "date_published": "2022-12-08 12:30:07+00:00", "persistent": false, "user": null, "language": "en-US"}, {"source": "https://www.cnet.com/rss/all/", "title": "10 Festive Alexa Activities to Get You Into the Christmas Spirit     - CNET", "description": "Your Amazon Echo can make the holidays a little more merry and bright.", "link": "https://www.cnet.com/how-to/10-festive-alexa-activities-to-get-you-into-the-christmas-spirit/#ftag=CADf328eec", "date_published": "2022-12-08 12:30:02+00:00", "persistent": false, "user": null, "language": "en-US"}, {"source": "https://www.cnet.com/rss/all/", "title": "Why You Should Blur Your Home on Google Maps Right Now     - CNET", "description": "Protect your privacy with this Google setting.", "link": "https://www.cnet.com/tech/services-and-software/why-you-should-blur-your-home-on-google-maps-right-now/#ftag=CADf328eec", "date_published": "2022-12-08 12:15:06+00:00", "persistent": false, "user": null, "language": "en-US"}, {"source": "https://www.cnet.com/rss/all/", "title": "This Cooking Hack Changed How I Boil My Pasta Water     - CNET", "description": "Avoid making a splatter-y mess on your stovetop when you're cooking with this easy trick.", "link": "https://www.cnet.com/how-to/this-cooking-hack-changed-how-i-boil-my-pasta-water/#ftag=CADf328eec", "date_published": "2022-12-08 12:15:02+00:00", "persistent": false, "user": null, "language": "en-US"}, {"source": "https://www.cnet.com/rss/all/", "title": "More People Need to Watch the Third Best Sci-Fi Show on Netflix     - CNET", "description": "Travelers is a rare sci-fi gem glinting in the shadows of Netflix's catacombs.", "link": "https://www.cnet.com/culture/entertainment/more-people-need-to-watch-the-third-best-sci-fi-show-on-netflix/#ftag=CADf328eec", "date_published": "2022-12-08 12:00:50+00:00", "persistent": false, "user": null, "language": "en-US"}, {"source": "https://www.cnet.com/rss/all/", "title": "Issues With Your Social Security Payment? Here's How to Contact the Social Security Administration     - CNET", "description": "Have questions on how to contact the SSA about your Social Security, SSI, SSDI and Medicare? We have answers.", "link": "https://www.cnet.com/personal-finance/issues-with-your-social-security-payment-heres-how-to-contact-the-social-security-administration/#ftag=CADf328eec", "date_published": "2022-12-08 12:00:44+00:00", "persistent": false, "user": null, "language": "en-US"}, {"source": "https://www.cnet.com/rss/all/", "title": "If You Allow Every iPhone App Data Access, You're Doing It Wrong     - CNET", "description": "Your apps don't need access to all your data. Here's how to stop them.", "link": "https://www.cnet.com/tech/services-and-software/if-you-allow-every-iphone-app-data-access-youre-doing-it-wrong/#ftag=CADf328eec", "date_published": "2022-12-08 12:00:33+00:00", "persistent": false, "user": null, "language": "en-US"}, {"source": "https://www.cnet.com/rss/all/", "title": "Disney Plus Review: Not Just for Kids     - CNET", "description": "From Christmas classics to princesses to Star Wars to Marvel, Disney Plus is well worth its monthly fee.", "link": "https://www.cnet.com/deals/disney-plus-review/#ftag=CADf328eec", "date_published": "2022-12-08 12:00:27+00:00", "persistent": false, "user": null, "language": "en-US"}, {"source": "https://www.cnet.com/rss/all/", "title": "6 Ways to Cope With Social Anxiety During the Holidays     - CNET", "description": "The holidays are a time to gather, which can present serious challenges for those with social anxiety.", "link": "https://www.cnet.com/health/mental/6-ways-to-cope-with-social-anxiety-during-the-holidays/#ftag=CADf328eec", "date_published": "2022-12-08 12:00:06+00:00", "persistent": false, "user": null, "language": "en-US"}, {"source": "https://www.cnet.com/rss/all/", "title": "Trouble Sleeping?These House Plants Will Help You Sleep Better     - CNET", "description": "Promote better sleep with the one of these best 14 plants.", "link": "https://www.cnet.com/health/sleep/trouble-sleeping-these-plants-will-help-you-sleep-better/#ftag=CADf328eec", "date_published": "2022-12-08 12:00:02+00:00", "persistent": false, "user": null, "language": "en-US"}, {"source": "https://www.cnet.com/rss/all/", "title": "9 Stellar Kitchen Buys That Are Totally Worth the Money     - CNET", "description": "Some things are worth investing in for yourself or as a gift. This cookware justifies spending a little extra dough.", "link": "https://www.cnet.com/how-to/9-stellar-kitchen-buys-that-are-totally-worth-the-money/#ftag=CADf328eec", "date_published": "2022-12-08 11:15:07+00:00", "persistent": false, "user": null, "language": "en-US"}, {"source": "https://www.cnet.com/rss/all/", "title": "Lensa AI Selfies: What to Know About the App Everyone's Using     - CNET", "description": "The latest social media craze has stirred up quite the controversy due to privacy concerns.", "link": "https://www.cnet.com/tech/services-and-software/lensa-ai-selfies-what-to-know-about-the-app-everyones-using/#ftag=CADf328eec", "date_published": "2022-12-08 11:15:00+00:00", "persistent": false, "user": null, "language": "en-US"}, {"source": "https://www.cnet.com/rss/all/", "title": "The Best Restaurant Giveaways and Deals This Holiday Season     - CNET", "description": "Save some money with tasty discounts and freebies from Wendy's, Denny's, Baskin-Robbins, the Cheesecake Factory and others.", "link": "https://www.cnet.com/personal-finance/the-best-restaurant-giveaways-and-deals-this-holiday-season/#ftag=CADf328eec", "date_published": "2022-12-08 11:00:06+00:00", "persistent": false, "user": null, "language": "en-US"}, {"source": "https://www.cnet.com/rss/all/", "title": "The Disney Plus Price Hike Is Here: How to Get the Best Bundle Deal     - CNET", "description": "With new prices in effect for Disney Plus, Hulu and ESPN, here's a look at money-saving combos, with or without ads.", "link": "https://www.cnet.com/tech/services-and-software/disney-plus-price-hike-here-how-to-get-the-best-bundle-deal/#ftag=CADf328eec", "date_published": "2022-12-08 11:00:03+00:00", "persistent": false, "user": null, "language": "en-US"}, {"source": "https://www.cnet.com/rss/all/", "title": "Xiaomi 13 Flagship Phones Set to Launch This Sunday     - CNET", "description": "The Xiaomi 13 and Xiaomi 13 Pro are finally set to make their China debut after the original launch date was pushed back.", "link": "https://www.cnet.com/tech/mobile/xiaomi-13-flagship-phones-set-to-launch-this-sunday/#ftag=CADf328eec", "date_published": "2022-12-08 08:28:35+00:00", "persistent": false, "user": null, "language": "en-US"}, {"source": "https://www.cnet.com/rss/all/", "title": "ChatGPT's Writing Capabilities Stun, But Humans Are Still Essential (For Now)     - CNET", "description": "Commentary: Large language models aren't likely to replace us in the short term. They might even help.", "link": "https://www.cnet.com/science/chatgpts-writing-capabilities-stun-but-humans-are-still-essential-for-now/#ftag=CADf328eec", "date_published": "2022-12-08 06:00:06+00:00", "persistent": false, "user": null, "language": "en-US"}, {"source": "https://www.cnet.com/rss/all/", "title": "Funny Lion Cub Fail Wins Comedy Wildlife Photography Awards     - CNET", "description": "A klutzy lion cub takes top honors in a competition that highlights the humorous side of wildlife while promoting conservation awareness.", "link": "https://www.cnet.com/science/biology/funny-lion-cub-fail-wins-comedy-wildlife-photography-awards/#ftag=CADf328eec", "date_published": "2022-12-08 06:00:02+00:00", "persistent": false, "user": null, "language": "en-US"}, {"source": "https://www.cnet.com/rss/all/", "title": "'Wonder Woman 3' as You Know It Is Reportedly Not Going Ahead     - CNET", "description": "New DC Studios heads James Gunn and Peter Safran have reportedly turned down Patty Jenkins' current version of the Wonder Woman threequel.", "link": "https://www.cnet.com/culture/entertainment/wonder-woman-3-as-you-know-it-is-reportedly-not-going-ahead/#ftag=CADf328eec", "date_published": "2022-12-08 03:20:00+00:00", "persistent": false, "user": null, "language": "en-US"}, {"source": "https://www.cnet.com/rss/all/", "title": "Netflix: The 52 Absolute Best TV Shows to Watch     - CNET", "description": "Need to decide what to watch next? These shows are worthy of your viewing hours.", "link": "https://www.cnet.com/culture/entertainment/netflix-the-52-absolute-best-tv-shows-to-watch/#ftag=CADf328eec", "date_published": "2022-12-08 02:45:00+00:00", "persistent": false, "user": null, "language": "en-US"}, {"source": "https://www.cnet.com/rss/all/", "title": "You Watched 'Wednesday' on Netflix. Here's Where to Stream More Addams Family     - CNET", "description": "Put on your best black outfit. It's time for more of the ghoulish clan portrayed in the runaway Netflix hit.", "link": "https://www.cnet.com/culture/entertainment/you-watched-wednesday-on-netflix-heres-where-to-stream-more-addams-family/#ftag=CADf328eec", "date_published": "2022-12-08 02:04:00+00:00", "persistent": false, "user": null, "language": "en-US"}, {"source": "https://www.cnet.com/rss/all/", "title": "Pentagon Gives $9B in Cloud Contracts to Google, Oracle, Microsoft and Amazon     - CNET", "description": "The four tech giants are tasked with building out cloud computing networks for the US military.", "link": "https://www.cnet.com/news/pentagon-gives-9b-in-cloud-contracts-to-google-oracle-microsoft-and-amazon/#ftag=CADf328eec", "date_published": "2022-12-08 01:45:28+00:00", "persistent": false, "user": null, "language": "en-US"}, {"source": "https://www.cnet.com/rss/all/", "title": "These Were the 10 Most Difficult Wordle Words of 2022     - CNET", "description": "Some the words surprised me! Other's didn't surprise me at all!", "link": "https://www.cnet.com/culture/internet/these-were-the-10-most-difficult-wordle-words-of-2022/#ftag=CADf328eec", "date_published": "2022-12-08 01:16:00+00:00", "persistent": false, "user": null, "language": "en-US"}, {"source": "https://www.cnet.com/rss/all/", "title": "The Game Awards: How to Watch, Nominees, Start Times, Everything You Need to Know     - CNET", "description": "This year's show will most likely be a little shorter.", "link": "https://www.cnet.com/tech/gaming/the-game-awards-how-to-watch-nominees-start-times-everything-you-need-to-know/#ftag=CADf328eec", "date_published": "2022-12-08 01:11:00+00:00", "persistent": false, "user": null, "language": "en-US"}, {"source": "https://www.cnet.com/rss/all/", "title": "Wordle Starter Words That Almost Guarantee a Winning Streak     - CNET", "description": "These are our favourites.", "link": "https://www.cnet.com/culture/wordle-starter-words-that-almost-guarantee-a-winning-streak/#ftag=CADf328eec", "date_published": "2022-12-08 01:03:00+00:00", "persistent": false, "user": null, "language": "en-US"}, {"source": "https://www.cnet.com/rss/all/", "title": "Everything I Learned From Taking Cold Showers for a Full Year     - CNET", "description": "I'm not sure it was worth it. But I might not stop either...", "link": "https://www.cnet.com/health/personal-care/features/everything-i-learned-from-taking-cold-showers-for-a-full-year/#ftag=CADf328eec", "date_published": "2022-12-08 00:59:00+00:00", "persistent": false, "user": null, "language": "en-US"}, {"source": "https://www.cnet.com/rss/all/", "title": "That Viral Dance From Netflix Hit 'Wednesday' Is Taking Over TikTok     - CNET", "description": "You can even get an online lesson from a professional.", "link": "https://www.cnet.com/culture/entertainment/that-viral-dance-from-netflix-hit-wednesday-is-taking-over-tiktok/#ftag=CADf328eec", "date_published": "2022-12-08 00:58:00+00:00", "persistent": false, "user": null, "language": "en-US"}, {"source": "https://www.cnet.com/rss/all/", "title": "Renewables Expected to Surpass Coal as Largest Source of Electricity by 2025     - CNET", "description": "The latest report from the International Energy Agency says the growth of renewables will almost double in the next five years.", "link": "https://www.cnet.com/science/renewables-expected-to-surpass-coal-as-largest-source-of-electricity-by-2025/#ftag=CADf328eec", "date_published": "2022-12-08 00:52:16+00:00", "persistent": false, "user": null, "language": "en-US"}, {"source": "https://www.cnet.com/rss/all/", "title": "Dyson Zone Air Filtering Headphones on Sale in January for $949     - CNET", "description": "The headphones feature active noise canceling and a face mask that's designed to filter out harmful airborne toxins.", "link": "https://www.cnet.com/tech/mobile/dyson-zone-air-filtering-headphones-on-sale-in-jan-for-949/#ftag=CADf328eec", "date_published": "2022-12-08 00:01:02+00:00", "persistent": false, "user": null, "language": "en-US"}]