[{"source": "https://www.youtube.com/feeds/videos.xml?channel_id=UCcXhhVwCT6_WqjkEniejRJQ", "title": "This Design Trick Surprised Me!", "description": "Well Hello There! Happy Camper here, not only because this video was so satisfying to make but also because our friend Hannes3000 have started a new youtube series on his youtube channel TRAINERDS!\n\nTrainerds is a wholesome community inspired by Hannes own health journey. Hannes is showing that excercising is for anyone, not limited to the gym elites. (Although Hannes himself is becoming a gym elite but that hasn\u00b4t made him lost connection with us other mere mortals so that\u00b4s all good haha) Hannes has inspired me personally to start excercising and my brain is forever thankful. Now he is about to inspire people all over the internet in the same way, head over and take a peak at the first two episodes here:\n\nHOW TO START A TRAINING ROUTINE\nhttps://www.youtube.com/watch?v=Bft31oO2fys\n\nHOW TO BUILD MUSCLES\nhttps://www.youtube.com/watch?v=K2ETMXBSzIM\n\nThe Trainerds Discord community is also already blooming with a very friendly and supportive culture, so if you are looking for friendly training buddies across the interwebs, check that out.\nhttps://discord.gg/3mAdmvyRAz\n\nBut also how SWEET, the revenge. ;)\n\nSupport Wintergatan: \u25ba https://www.wintergatan.net\n\nThis Design Trick Surprised Me!\n#4k #wintergatan\n\u2014\nMUSIC DOWNLOADS \u25ba https://wintergatan.bandcamp.com \nWINTERGATAN RECORDS \u25ba http://www.wintergatan.net/#/shop\nSPOTIFY \u25ba http://bit.ly/2oKxXWd \nITUNES \u25ba http://apple.co/2ntWNsZ \nMERCH \u25ba https://teespring.com/stores/wintergatan\nDISCORD \u25ba https://discord.gg/wintergatan\nSECOND OFFICIAL CHANNEL:\u25ba https://www.youtube.com/c/Wintergatan2021\n\u2014", "link": "https://www.youtube.com/watch?v=TEKZWiKelCU", "date_published": "2022-12-08 15:58:19+00:00", "persistent": false, "user": null, "language": "en-US"}]