[{"source": "https://www.theepochtimes.com/c-tech/feed/", "title": "Cybersecurity, Foreign Interference Among Biggest Issues Australia Is Facing", "description": "Minister for Home Affairs and Minister for Cyber Security Clare O'Neil speaks to media in Melbourne, Australia, on Oct. 20, 2022. (AAP Image/James Ross)", "link": "https://www.theepochtimes.com/cybersecurity-foreign-interference-among-biggest-issues-australia-is-facing-home-affairs-minister_4911050.html", "date_published": "2022-12-08 23:42:51+00:00", "persistent": false, "user": null, "language": "en-US"}, {"source": "https://www.theepochtimes.com/c-tech/feed/", "title": "FTC Sues to Block $68 Billion Microsoft-Activision Merger, Alleges Anti-Competitive Actions", "description": "The Microsoft logo at the Microsoft Annual Shareholders Meeting in Bellevue, Wash., on Nov. 30, 2016. (Jason Redmond/AFP via Getty Images)", "link": "https://www.theepochtimes.com/ftc-sues-to-block-68b-microsoft-activision-merger-alleges-anti-competitive-actions_4913161.html", "date_published": "2022-12-08 23:41:29+00:00", "persistent": false, "user": null, "language": "en-US"}, {"source": "https://www.theepochtimes.com/c-tech/feed/", "title": "Biden Administration Tells US Supreme Court That Law Protecting Social Media Companies Has Limits", "description": "President Joe Biden in the Oval Office of the White House in Washington, on Dec. 1, 2022. (Ludovic Marin/AFP via Getty Images)", "link": "https://www.theepochtimes.com/biden-administration-tells-us-supreme-court-that-law-protecting-social-media-companies-has-limits_4912625.html", "date_published": "2022-12-08 21:00:12+00:00", "persistent": false, "user": null, "language": "en-US"}, {"source": "https://www.theepochtimes.com/c-tech/feed/", "title": "Google Must Delete Search Result Data at Users\u2019 Request If \u2018Manifestly Inaccurate\u2019: EU Court", "description": "The Google logo at the entrance to the Google offices in London on Jan. 18, 2019. (Hannah McKay/Reuters)", "link": "https://www.theepochtimes.com/google-must-delete-search-result-data-at-users-request-if-manifestly-inaccurate-eu-court_4911538.html", "date_published": "2022-12-08 17:20:20+00:00", "persistent": false, "user": null, "language": "en-US"}, {"source": "https://www.theepochtimes.com/c-tech/feed/", "title": "FBI \u2018Deeply Concerned\u2019 After Apple Says Nearly All iCloud Data Now Has End-to-End Encryption", "description": "The Apple logo at an Apple Store in the Brooklyn borough of New York City on Oct. 23, 2020.  (Brendan McDermid/Reuters)", "link": "https://www.theepochtimes.com/fbi-deeply-concerned-after-apple-says-nearly-all-icloud-data-now-has-end-to-end-encryption_4911030.html", "date_published": "2022-12-08 14:48:45+00:00", "persistent": false, "user": null, "language": "en-US"}, {"source": "https://www.theepochtimes.com/c-tech/feed/", "title": "Musk Says Key Bits of \u2018Twitter Files\u2019 Were Compromised as He Fires Ex-FBI Twitter Lawyer Involved in \u2018Vetting\u2019 the Data", "description": "Elon Musk, Tesla CEO, attends the opening of the Tesla factory Berlin Brandenburg in Gruenheide, Germany, March 22, 2022. (Patrick Pleul/Pool via AP)", "link": "https://www.theepochtimes.com/musk-says-key-bits-of-twitter-files-were-compromised-as-he-fires-ex-fbi-twitter-lawyer-involved-in-vetting-the-data_4911251.html", "date_published": "2022-12-08 14:10:01+00:00", "persistent": false, "user": null, "language": "en-US"}, {"source": "https://www.theepochtimes.com/c-tech/feed/", "title": "Cyberattack on Top Indian Hospital Highlights Security Risk", "description": "Patients and their attendants squat outside the All India Institute of Medical Sciences (AIIMS) hospital in New Delhi on Dec. 7, 2022. (Altaf Qadri/AP Photo)", "link": "https://www.theepochtimes.com/cyberattack-on-top-indian-hospital-highlights-security-risk_4909017.html", "date_published": "2022-12-08 06:52:32+00:00", "persistent": false, "user": null, "language": "en-US"}]