[{"source": "https://www.youtube.com/feeds/videos.xml?channel_id=UCNvzD7Z-g64bPXxGzaQaa4g", "title": "10 Realistic Gameplay Mechanics That DON'T SUCK", "description": "Some games include realistic gameplay elements that truly improve the game. Here are some of our favorite examples in gaming.\nSubscribe for more: https://www.youtube.com/gameranxTV?sub_confirmation=1\n\n0:00 Intro\n0:36 Number 10\n2:22 Number 9\n3:47 Number 8\n5:19 Number 7\n6:41 Number 6\n8:03 Number 5\n9:40 Number 4\n10:32 Number 3\n12:06 Number 2\n13:44 Number 1", "link": "https://www.youtube.com/watch?v=3fyiGNpzyIs", "date_published": "2022-10-08 00:00:00+00:00", "persistent": false, "user": null, "language": "en-US"}, {"source": "https://www.youtube.com/feeds/videos.xml?channel_id=UCNvzD7Z-g64bPXxGzaQaa4g", "title": "CYBERPUNK 2077 SEQUEL ANNOUNCED, PS5 JAILBROKEN & MORE", "description": "Thanks to Established Titles for sponsoring this video. Go to https://establishedtitles.com/GAMERANX and help support the channel. They are now running an early Black Friday sale, plus 10% off on any purchase with code GAMERANX.\n\n\n~~~~~SOURCES~~~~~\n\n\nPS5 jailbroken\nhttps://www.videogameschronicle.com/news/the-ps5-has-reportedly-been-jailbroken/\nhttps://twitter.com/manfightdragon/status/1576768394707161088\nMVG video: https://youtu.be/HpV2iG7IKaQ\n\nCD Projekt Red announces a bunch\nhttps://www.pcgamer.com/cyberpunk-2077-is-getting-a-full-sequel/\nhttps://www.ign.com/articles/cd-projekt-red-is-going-to-put-hundreds-of-developers-on-cyberpunk-orion\n\nKojima\u2019s new star\nhttps://www.ign.com/articles/kojima-productions-reveals-another-tease-at-pax-australia-where-am-i\n\nSteam deck\nhttps://youtu.be/bcwkMfoUATc\nhttps://metro.co.uk/2022/10/07/you-dont-need-a-reservation-to-buy-a-steam-deck-anymore-17523820/\n\n\nGotham Knights hands on impressions:\nhttps://youtu.be/X1qIKXBz9dw\n\n\nMario\nhttps://youtu.be/LLIn2HB7ud0K\n\n\nNFS Unbound:\nhttps://youtu.be/H2Y8XCe7F9E\n\n\n\nWild Hearts gameplay\nhttps://youtu.be/dbJPkCD9ZTs\n\nPok\u00e9mon Scarlet Violet\nhttps://youtu.be/8OKbyhHUbjs\n\nNMS on Switch\nhttps://www.nintendo.com/store/products/no-mans-sky-switch/\n\nSomething big I forgot\n\nModern Warfare 2 campaign trailer\nhttps://youtu.be/U0utVQIMZHI\n\nDead Space\nhttps://youtu.be/cTDJNZ9cK1w\n\nGod of War length\nhttps://insider-gaming.com/god-of-war-ragnarok-40-hours/\n\nCallisto Protocol length\nhttps://mp1st.com/news/the-callisto-protocol-game-length-to-be-around-12-14-hours-beta-paths-will-add-replay-value\n\n0:00 PS5 jailbreak\n1:23 Cyberpunk/CD Projekt Red new games\n3:54 sponsor - Established Titles\n5:45 Steam Deck update\n6:13 Jake played Gotham Knights\n8:38 Mario movie\n10:12 rapid fire news", "link": "https://www.youtube.com/watch?v=ts9vgnRYoAo", "date_published": "2022-10-07 00:00:00+00:00", "persistent": false, "user": null, "language": "en-US"}]