[{"source": "https://www.youtube.com/feeds/videos.xml?channel_id=UC5UAwBUum7CPN5buc-_N1Fw", "title": "Google delays adblock's death, New Nvidia driver, Debian goes non free -  Linux and Open Source News", "description": "Get 100$ credit for your own Linux and gaming server: https://www.linode.com/linuxexperiment \nGrab a brand new laptop or desktop running Linux:https://www.tuxedocomputers.com/en#\n\n\n\ud83d\udc4f SUPPORT THE CHANNEL:\nGet access to a weekly podcast, vote on the next topics I cover, and get your name in the credits:\n\nYouTube: https://www.youtube.com/channel/UC5UAwBUum7CPN5buc-_N1Fw/join\nPatreon: https://www.patreon.com/thelinuxexperiment\n\nOr, you can donate whatever you want: https://paypal.me/thelinuxexp?locale.x=fr_FR\n\n\ud83d\udcf9 MORE VIDEOS FROM ME\nLinux news in Shorts format: https://www.youtube.com/channel/UCtZp0mK9IBrpS2-jNzMZmoA\nGaming on Linux: https://www.youtube.com/channel/UCaw_Lz7oifDb-PZCAcZ07kw\nI'm also on ODYSEE: https://odysee.com/$/invite/@TheLinuxExperiment:e\n\n\ud83c\udfc6 FOLLOW ME ELSEWHERE:\nTwitter : http://twitter.com/thelinuxEXP\nInstagram: https://www.instagram.com/nick_thelinuxexp/\nMastodon: https://mastodon.social/web/@thelinuxEXP\nPixelfed: https://pixelfed.social/TLENick\n\nThis video is distributed under the Creative Commons Share Alike license.\n\n#linux #news #opensource \n\n00:00 Intro\n00:46 Sponsor: 100$ free credit for your Linux or gaming server\n01:43 Google delays the end of Manifest v2 extensions\n03:33 Linux kernel 6.0 is out with support for Intel ARC GPUs\n05:15 New FOSS Nvidia driver from Collabora\n07:13 GNOME App Updates\n08:46 Debian includes non-free firmware on their installer\n10:17 elementary OS7 updates\n11:37 No more queue for the Deck, and big Docked mode update\n13:49 Sponsor: Get a laptop or desktop that runs Linux perfectly\n14:55 Support the channel\n\n\n\nGoogle delays the end of Manifest v2 extensions\nhttps://www.ghacks.net/2022/09/29/google-delays-the-death-of-manifest-v2-extensions-to-2024/\n\nhttps://www.youtube.com/watch?v=8KWCLhHrblE\n\nLinux kernel 6.0 is out with support for Intel ARC GPUs\nhttps://www.omgubuntu.co.uk/2022/10/linux-kernel-6-released-new-features\n\nhttps://www.pcworld.com/article/1341464/intel-arc-a770-a750-graphics-card-review.html\n\n\n\nNew FOSS Nvidia driver from Collabora\nhttps://www.collabora.com/news-and-blog/news-and-events/introducing-nvk.html\n\n\nGNOME App Updates\nhttps://thisweek.gnome.org/posts/2022/09/twig-63/\n\n\nDebian includes non-free firmware on their installer\nhttps://linuxiac.com/debian-decided-to-include-non-free-firmware-in-the-installer/\n\n\nelementary OS7 updates\nhttps://blog.elementary.io/updates-for-september-2022/\n\n\nNo more queue for the Deck, and big Docked mode update\nhttps://www.gamingonlinux.com/2022/10/steamos-and-steam-deck-on-top-for-linux-in-the-steam-hardware-survey/\n\nhttps://steamcommunity.com/games/1675200/announcements/detail/3276955672625890260\n\nhttps://www.gamingonlinux.com/2022/10/steamos-332-and-a-stable-steam-deck-client-update-are-out-now-heres-whats-new/\n\nhttps://store.steampowered.com/news/app/1675200/view/3301726014486703380", "link": "https://www.youtube.com/watch?v=xO2bJtXqtHg", "date_published": "2022-10-07 00:00:00+00:00", "persistent": false, "user": null, "language": "en-US"}]