[{"source": "https://www.codeproject.com/WebServices/NewsRSS.aspx", "title": "AWS IoT FleetWise Now Generally Available", "description": "AWS recently announced the general availability (GA) of its fully managed IoT FleetWise service, allowing customers to easily collect, transform, and transfer vehicle data to the cloud.", "link": "https://www.codeproject.com/script/News/View.aspx?nwid=59120", "date_published": "2022-10-07 04:00:00+00:00", "persistent": false, "user": null, "language": "en-US"}, {"source": "https://www.codeproject.com/WebServices/NewsRSS.aspx", "title": "Binary Classification Using PyTorch, Part 1: New Best Practices", "description": "Because machine learning with deep neural techniques has advanced quickly, our resident data scientist updates binary classification techniques and best practices based on experience over the past two years.", "link": "https://www.codeproject.com/script/News/View.aspx?nwid=59118", "date_published": "2022-10-07 04:00:00+00:00", "persistent": false, "user": null, "language": "en-US"}, {"source": "https://www.codeproject.com/WebServices/NewsRSS.aspx", "title": "Boston Dynamics and other industry heavyweights pledge not to build war robots", "description": "One Law of Robotics down, three to go", "link": "https://www.codeproject.com/script/News/View.aspx?nwid=59124", "date_published": "2022-10-07 04:00:00+00:00", "persistent": false, "user": null, "language": "en-US"}, {"source": "https://www.codeproject.com/WebServices/NewsRSS.aspx", "title": "Building Feedforward Neural Networks from Scratch", "description": "Everything you need to know about Feed Forward Neural Networks (FFNNs). From learning what a Perceptron is, to Deep Neural Networks, to Gradient Descent, and Backpropagation.", "link": "https://www.codeproject.com/script/News/View.aspx?nwid=59116", "date_published": "2022-10-07 04:00:00+00:00", "persistent": false, "user": null, "language": "en-US"}, {"source": "https://www.codeproject.com/WebServices/NewsRSS.aspx", "title": "Cheekmate tests the viability of viral chess cheating conspiracy theory", "description": "For your next chess tournament", "link": "https://www.codeproject.com/script/News/View.aspx?nwid=59114", "date_published": "2022-10-07 04:00:00+00:00", "persistent": false, "user": null, "language": "en-US"}, {"source": "https://www.codeproject.com/WebServices/NewsRSS.aspx", "title": "Disabling these Windows 11 security features could improve gaming performance", "description": "If your pew-pew is more important than your safety", "link": "https://www.codeproject.com/script/News/View.aspx?nwid=59126", "date_published": "2022-10-07 04:00:00+00:00", "persistent": false, "user": null, "language": "en-US"}, {"source": "https://www.codeproject.com/WebServices/NewsRSS.aspx", "title": "How to choose a cloud machine learning platform", "description": "12 capabilities every cloud machine learning platform should provide to support the complete machine learning lifecycle\u2014and which cloud machine learning platforms provide them.", "link": "https://www.codeproject.com/script/News/View.aspx?nwid=59121", "date_published": "2022-10-07 04:00:00+00:00", "persistent": false, "user": null, "language": "en-US"}, {"source": "https://www.codeproject.com/WebServices/NewsRSS.aspx", "title": "Low code doesn\u2019t necessarily mean low security risks", "description": "Obvious statements are obvious", "link": "https://www.codeproject.com/script/News/View.aspx?nwid=59127", "date_published": "2022-10-07 04:00:00+00:00", "persistent": false, "user": null, "language": "en-US"}, {"source": "https://www.codeproject.com/WebServices/NewsRSS.aspx", "title": "Matter 1.0 is finally finalized \u2014 so what\u2019s next?", "description": "The smart home standard is open for certification at last. We could see Matter devices in our homes as soon as this month.", "link": "https://www.codeproject.com/script/News/View.aspx?nwid=59117", "date_published": "2022-10-07 04:00:00+00:00", "persistent": false, "user": null, "language": "en-US"}, {"source": "https://www.codeproject.com/WebServices/NewsRSS.aspx", "title": "Measuring performance in high-tech development teams", "description": "(KLoC/fortnight)-([bugs in backlog]*e)", "link": "https://www.codeproject.com/script/News/View.aspx?nwid=59125", "date_published": "2022-10-07 04:00:00+00:00", "persistent": false, "user": null, "language": "en-US"}, {"source": "https://www.codeproject.com/WebServices/NewsRSS.aspx", "title": "Meta seeks to accelerate AI inference with open-source AITemplate", "description": "Without inference, an artificial intelligence (AI) model is just math and does not actually execute or forecast much, if anything.", "link": "https://www.codeproject.com/script/News/View.aspx?nwid=59122", "date_published": "2022-10-07 04:00:00+00:00", "persistent": false, "user": null, "language": "en-US"}, {"source": "https://www.codeproject.com/WebServices/NewsRSS.aspx", "title": "Survey shows nearly half the systems still not ready for Windows 11, a whole year later", "description": "I just can't imagine why there's such a lack of urgency", "link": "https://www.codeproject.com/script/News/View.aspx?nwid=59123", "date_published": "2022-10-07 04:00:00+00:00", "persistent": false, "user": null, "language": "en-US"}, {"source": "https://www.codeproject.com/WebServices/NewsRSS.aspx", "title": "This LinkedIn tool for building machine learning systems is now part of the LF AI & Data Foundation", "description": "The technology that turns petabytes of data into useful features that machine learning models can use already works on Azure.", "link": "https://www.codeproject.com/script/News/View.aspx?nwid=59119", "date_published": "2022-10-07 04:00:00+00:00", "persistent": false, "user": null, "language": "en-US"}, {"source": "https://www.codeproject.com/WebServices/NewsRSS.aspx", "title": "What happened to all the good food America???", "description": "They ate it  all", "link": "https://www.codeproject.com/script/News/View.aspx?nwid=59129", "date_published": "2022-10-07 04:00:00+00:00", "persistent": false, "user": null, "language": "en-US"}, {"source": "https://www.codeproject.com/WebServices/NewsRSS.aspx", "title": "What to say when you join in the new team", "description": "\"None of you understand. I'm not locked up in here with you. You're locked up in here with me.\"", "link": "https://www.codeproject.com/script/News/View.aspx?nwid=59128", "date_published": "2022-10-07 04:00:00+00:00", "persistent": false, "user": null, "language": "en-US"}, {"source": "https://www.codeproject.com/WebServices/NewsRSS.aspx", "title": "Why Big Tech shreds millions of storage devices it could reuse", "description": "As a tear forms as I look at my free disc space", "link": "https://www.codeproject.com/script/News/View.aspx?nwid=59115", "date_published": "2022-10-07 04:00:00+00:00", "persistent": false, "user": null, "language": "en-US"}]