[{"source": "https://www.youtube.com/feeds/videos.xml?channel_id=UCwSv086EAByBY-Z7y-QR_cQ", "title": "Wo\u0142odymyr Ze\u0142enski wezwa\u0142 NATO do prewencyjnego uderzenia na Rosj\u0119! Analiza", "description": "\ud83d\udcfa Zapraszam do ogl\u0105dania\n\n\u2b07\ufe0fRozwi\u0144 opis\u2b07\ufe0f\n------------------------------------------------------------\n\ud83d\udc40 Uszi po godzinach: https://goo.gl/cdCFKe\n\ud83d\udc40 Hello World_: http://bit.ly/31BEhnv\n------------------------------------------------------------\n\u2709\ufe0f Ludzie listy pisz\u0105 \n\ud83d\udd8a\ufe0f uszi@protonmail.com\n------------------------------------------------------------\n\ud83d\udc7a Niecenzuralne i agresywne komentarze zostan\u0105 usuni\u0119te.  Jak ju\u017c musisz zakl\u0105\u0107 dawaj znaki (&*%@%).\n------------------------------------------------------------\n\ud83d\udcb2 Donate/ Darowizna\nPLN / SMS / Blik: http://bit.ly/3bsXtJj\nBTC: 174EmE88YFtvs6fuM8ZL5yYbik8hcaY6ud\n-------------------------------------------------------------\n\u2705 \u0179r\u00f3d\u0142a:\n1. https://bit.ly/3CiyQws\n2. https://bit.ly/3SLYsJ3\n3. https://bit.ly/3SPbwO2\n4. https://bit.ly/3ecWmDf\n5. https://bit.ly/3EqK0Sw\n---------------------------------------------------------------\n\ud83d\udca1 Tagi: #Rosja #Ukraina\n--------------------------------------------------------------", "link": "https://www.youtube.com/watch?v=wV1--C41qMc", "date_published": "2022-10-08 00:00:00+00:00", "persistent": false, "user": null, "language": "en-US"}, {"source": "https://www.youtube.com/feeds/videos.xml?channel_id=UCwSv086EAByBY-Z7y-QR_cQ", "title": "OPEC zmniejsza wydobycie ropy naftowej. Czy benzyna podro\u017ceje do 9z\u0142 za litr?", "description": "\ud83d\udcfa Zapraszam do ogl\u0105dania\n\n\u2b07\ufe0fRozwi\u0144 opis\u2b07\ufe0f\n------------------------------------------------------------\n\ud83d\udc40 Uszi po godzinach: https://goo.gl/cdCFKe\n\ud83d\udc40 Hello World_: http://bit.ly/31BEhnv\n------------------------------------------------------------\n\u2709\ufe0f Ludzie listy pisz\u0105 \n\ud83d\udd8a\ufe0f uszi@protonmail.com\n------------------------------------------------------------\n\ud83d\udc7a Niecenzuralne i agresywne komentarze zostan\u0105 usuni\u0119te.  Jak ju\u017c musisz zakl\u0105\u0107 dawaj znaki (&*%@%).\n------------------------------------------------------------\n\ud83d\udcb2 Donate/ Darowizna\nPLN / SMS / Blik: http://bit.ly/3bsXtJj\nBTC: 174EmE88YFtvs6fuM8ZL5yYbik8hcaY6ud\n-------------------------------------------------------------\n\u2705 \u0179r\u00f3d\u0142a:\n1. https://nbcnews.to/3ynxf7y\n2. https://bit.ly/3ynBr7f\n3. https://yhoo.it/3CEMpHR\n4. https://bit.ly/3ec0XWf\n5. https://bit.ly/3CEMKKI\n6. https://bit.ly/3EpjR6I\n7. https://reut.rs/3CG3Wzy\n8. https://bit.ly/3RLpsXM\n---------------------------------------------------------------\n\ud83d\udca1 Tagi: #Rosja #OPEC #ropa\n--------------------------------------------------------------", "link": "https://www.youtube.com/watch?v=y0uzmUljGls", "date_published": "2022-10-07 00:00:00+00:00", "persistent": false, "user": null, "language": "en-US"}]