[{"source": "https://www.youtube.com/feeds/videos.xml?channel_id=UCw--xPGVVxYzRsWyV1nFqgg", "title": "Elayne & Mat First Look!\ud83d\udc40 Malazan AI Cover Controversy?\ud83e\udd16 -FANTASY NEWS", "description": "Let's jump into the FANTASY NEWS! \nCheck out Campfire today: https://tinyurl.com/bd4b4akj \nNew Channel: https://www.youtube.com/channel/UC9tQc_K_LtoCiVGx7_R3FRA \nPatreon: https://www.patreon.com/DanielBGreene \nAll the Me Social Links: https://linktr.ee/DanielGreene\n\nMerch: https://www.designbyhumans.com/shop/FantasyNews/ \n\nLawful Times Series: \nBreach of Peace: https://amzn.to/3CnKsfX\nRebels Creed: https://amzn.to/3Gtqt2p\n\nEquipment: \nCamera: https://amzn.to/3siqgHv  \nLens: https://amzn.to/3ugGxhQ  \nLighting: https://amzn.to/3aI3brK  \nMicrophone: https://amzn.to/3pCGtWg  \nTripod: https://amzn.to/3kd9yq1  \n\nP.O. Box: PO Box 7874 Henrico, VA 23231\n\nNEWS: \n00:00 intro \n\n00:27 D&D prequel novels: https://gizmodo.com/dungeons-and-dragons-movie-prequel-novels-release-date-1849615170 \n\n01:46 Sword of Kaigen: https://mlwangbooks.com/2022/10/06/the-sword-of-kaigen-is-getting-a-special-edition/ \n\n02:17 Folio Never Ending Story: https://www.youtube.com/watch?v=ub5aWc_R96g&ab_channel=TheFolioSociety \n\n03:22 Forge of the High Mage: https://thewertzone.blogspot.com/2022/10/ian-cameron-esslemonts-new-malazan.html \n\n07:51 Sponsor \n\n09:09 Mat and Elayne First Look: https://twitter.com/thewheeloftime/status/1578494216354791426?s=46&t=Ct8qgbhZYfFt_PycLiZAVg \n\n09:53 Dead Space remake: https://www.youtube.com/watch?v=cTDJNZ9cK1w&ab_channel=DeadSpace \n\n10:35 Dune Sisterhood: https://deadline.com/2022/10/dune-the-sisterhood-emily-watson-amp-shirley-henderson-hbo-max-series-1235135004/ \n\n11:41 Nosferatu Robert Eggers: https://deadline.com/2022/09/bill-skarsgard-lily-rose-depp-robert-eggers-nosferatu-focus-1235131507/", "link": "https://www.youtube.com/watch?v=5i8BfbpOXOw", "date_published": "2022-10-07 00:00:00+00:00", "persistent": false, "user": null, "language": "en-US"}, {"source": "https://www.youtube.com/feeds/videos.xml?channel_id=UCw--xPGVVxYzRsWyV1nFqgg", "title": "WHEEL OF TIME ~BREAKDOWN~", "description": "My breakdown for the #thewheeloftime ! \nNew Channel: https://www.youtube.com/channel/UC9tQc_K_LtoCiVGx7_R3FRA \nPatreon: https://www.patreon.com/DanielBGreene \nAll the Me Social Links: https://linktr.ee/DanielGreene\n\n\nMerch: https://www.designbyhumans.com/shop/FantasyNews/ \n\n\nLawful Times Series: \nBreach of Peace: https://amzn.to/3CnKsfX\nRebels Creed: https://amzn.to/3Gtqt2p\n\n\nEquipment: \nCamera: https://amzn.to/3siqgHv  \nLens: https://amzn.to/3ugGxhQ  \nLighting: https://amzn.to/3aI3brK  \nMicrophone: https://amzn.to/3pCGtWg  \nTripod: https://amzn.to/3kd9yq1  \n\n\nP.O. Box: PO Box 7874 Henrico, VA 23231", "link": "https://www.youtube.com/watch?v=EM5MGGmgLKE", "date_published": "2022-10-07 00:00:00+00:00", "persistent": false, "user": null, "language": "en-US"}]