[{"source": "https://www.gamespot.com/feeds/mashup", "title": "Overwatch 2 Support Tier List - All 8 Support Heroes Ranked", "description": "<p><img src=\"https://www.gamespot.com/a/uploads/scale_large/1727/17277836/4045817-overwatch-2-best-support-heroes.jpg\" /><br /><h3><p dir=\"ltr\"><a href=\"https://www.gamespot.com/games/overwatch-2/\">Overwatch 2</a> is finally here, bringing with it some sweeping changes to the battlefield, including adjustments to almost every role--except supports. That doesn\u2019t mean everything is the same for support heroes, though. These stalwart medics and helpers might play the same as they always have, but O", "link": "https://www.gamespot.com/gallery/overwatch-2-support-tier-list/2900-4382/", "date_published": "2022-10-07 23:41:00+00:00", "persistent": false, "user": null, "language": "en-US"}, {"source": "https://www.gamespot.com/feeds/mashup", "title": "V/H/S/99 Trailer Teases Larger Than Life Found Footage Horror", "description": "<p dir=\"ltr\">The trailer for the upcoming installment of beloved found footage horror anthology series, V/H/S/99, has arrived at New York Comic-Con and you can take it in, right now, in all its nostalgic Y2K-flavored glory. Watch the trailer now.</p><p dir=\"ltr\">V/H/S/99 will premiere on Shudder on October 20, and features five different short, found footage films with directors like Johannes Roberts (47 Meters Down) and rapper FlyingLotus. If the trailer is to be believed, it will also feature ", "link": "https://www.gamespot.com/articles/v-h-s-99-trailer-teases-larger-than-life-found-footage-horror/1100-6508125/?ftag=CAD-01-10abi2f", "date_published": "2022-10-07 23:30:00+00:00", "persistent": false, "user": null, "language": "en-US"}, {"source": "https://www.gamespot.com/feeds/mashup", "title": "Get a Steam Deck, No Reservation | GameSpot News", "description": "<img height=\"480\" src=\"https://www.gamespot.com/a/uploads/square_medium/1574/15746725/4045801-news1007_v0.jpg\" width=\"480\" /> Getting a Steam Deck just got a lot easier, Hideo Kojima is teasing his next project again, and Forza Horizon 5 is getting its biggest update yet.", "link": "https://www.gamespot.com/videos/get-a-steam-deck-no-reservation-gamespot-news/2300-6459717/", "date_published": "2022-10-07 22:13:00+00:00", "persistent": false, "user": null, "language": "en-US"}, {"source": "https://www.gamespot.com/feeds/mashup", "title": "HBO Max's Harley Quinn Will Get A Valentine's Day Special For 2023", "description": "<p>Harley Quinn Season 4 is still a long way off, but we'll get a dose of our favorite villain/superhero/licensed psychiatrist/clown sooner than we expected: Harley Quinn: A Very Problematic Valentine's Day Special is headed to HBO Max next year.</p><p>Set to debut in February 2023, \"the special will feature Harley and Ivy celebrating their very first Valentine's Day together, while also revealing how the rest of the ragtag crew spends the gushiest, mushiest, most romantic day of the year.\"</p><", "link": "https://www.gamespot.com/articles/hbo-maxs-harley-quinn-will-get-a-valentines-day-special-for-2023/1100-6508129/?ftag=CAD-01-10abi2f", "date_published": "2022-10-07 22:09:00+00:00", "persistent": false, "user": null, "language": "en-US"}, {"source": "https://www.gamespot.com/feeds/mashup", "title": "A 10-Year-Old Keanu Reeves Would've Wanted To Play Ghost Rider In The MCU", "description": "<p>It seems like everybody wants to play Marvel's hog-ridin' haunter, Ghost Rider. Motorcycle travel show host <a href=\"https://www.gamespot.com/articles/the-walking-deads-norman-reedus-wants-to-be-ghost-/1100-6440627/\">Norman Reedus</a> and motorcycle film The Place Beyond the Pines star <a href=\"https://www.gamespot.com/articles/kevin-feige-would-love-to-find-a-place-for-ryan-gosling-to-be-ghost-rider/1100-6505837/\">Ryan Gosling</a> have both expressed interest. Now, real-life <a href=\"https:/", "link": "https://www.gamespot.com/articles/a-10-year-old-keanu-reeves-wouldve-wanted-to-play-ghost-rider-in-the-mcu/1100-6508128/?ftag=CAD-01-10abi2f", "date_published": "2022-10-07 22:08:00+00:00", "persistent": false, "user": null, "language": "en-US"}, {"source": "https://www.gamespot.com/feeds/mashup", "title": "Overwatch 2 Push Mode Tips: Best Heroes And More Strategies", "description": "<p><a href=\"https://www.gamespot.com/games/overwatch-2/\">Overwatch 2</a> has finally launched, bringing the new game mode Push to the hero shooter. While Overwatch 2 has had a rocky launch, with long queues, crashes, and a <a href=\"https://www.gamespot.com/articles/blizzard-owns-up-to-overwatch-2s-rocky-start-drops-phone-registration-requirement-for-many/1100-6508073/\">phone number requirement that has been mostly dropped by Blizzard</a>, Push has provided a fun new neutral objective mode for pe", "link": "https://www.gamespot.com/articles/overwatch-2-push-mode-tips-best-heroes-and-more-strategies/1100-6508126/?ftag=CAD-01-10abi2f", "date_published": "2022-10-07 20:50:00+00:00", "persistent": false, "user": null, "language": "en-US"}, {"source": "https://www.gamespot.com/feeds/mashup", "title": "Best Prime Day Gaming And Tech Deals Available Now", "description": "<p><img src=\"https://www.gamespot.com/a/uploads/scale_large/1595/15950357/4044446-primeday.png\" /><br /><h3><p>For the first time, Amazon is hosting two Prime Day sales events in one year. <a href=\"https://www.gamespot.com/amazon-prime-day-deals/\">Amazon Prime Day 2022</a> (round two) runs October 11-12. Technically called Prime Early Access Sale 2022, the sales event is exclusive to members and will likely be fairly similar to the first event in July. This assumption is already somewhat backed ", "link": "https://www.gamespot.com/gallery/best-prime-day-gaming-and-tech-deals-available-now/2900-4370/", "date_published": "2022-10-07 20:21:00+00:00", "persistent": false, "user": null, "language": "en-US"}, {"source": "https://www.gamespot.com/feeds/mashup", "title": "Steam Deck Trailer Removed After Briefly Featuring A Switch Emulator Icon", "description": "<p>In a recent trailer for the Steam Deck, Valve's portable PC platform, you can briefly see the logo for a Nintendo Switch emulator. Shortly after the detail was discussed on social media, the trailer was removed and replaced with a new version that does away with the icon in question.</p><p>During the trailer, a Steam Deck screen is shown displaying recent games. One of the recent games listed is the application Yuzu. After the trailer was released, Nibel spotted the logo and posted it on Twit", "link": "https://www.gamespot.com/articles/steam-deck-trailer-removed-after-briefly-featuring-a-switch-emulator-icon/1100-6508123/?ftag=CAD-01-10abi2f", "date_published": "2022-10-07 20:09:00+00:00", "persistent": false, "user": null, "language": "en-US"}, {"source": "https://www.gamespot.com/feeds/mashup", "title": "PSN's Most-Downloaded Games For September 2022 Revealed: NBA 2K23 And FIFA 23 Are On Top", "description": "<p>As it does each month, Sony has announced the most-downloaded games on the PlayStation Store for September 2022. The lists reveal the most popular PS4, PS5, PS VR, and free-to-play games of the month for both North America and Europe, and there aren't many surprises in store this month.</p><p>Starting with PS5 games, NBA 2K23 was the most-downloaded game on the PSN in September in North America, while FIFA 23 was the top game in Europe (which is no surprise given how popular football is in th", "link": "https://www.gamespot.com/articles/psns-most-downloaded-games-for-september-2022-revealed-nba-2k23-and-fifa-23-are-on-top/1100-6508122/?ftag=CAD-01-10abi2f", "date_published": "2022-10-07 18:53:00+00:00", "persistent": false, "user": null, "language": "en-US"}, {"source": "https://www.gamespot.com/feeds/mashup", "title": "Grab An Xbox Wireless Controller For Only $39", "description": "<p>Xbox controllers are notoriously expensive, costing $60 or more depending on which design you\u2019re considering. That\u2019s not the case today, however, as multiple models are on sale for big discounts ahead of <a href=\"https://www.gamespot.com/amazon-prime-day-deals/\">Prime Day 2022</a>. The best deal is on the <span class=\"norewrite\">           <a href=\"https://assoc-redirect.amazon.com/g/r/https://www.amazon.com/gp/product/B08DF26MXW?tag=gamespotdeals-20&amp;ascsubtag=ag:|vg:-|st:dtp\">Robot White", "link": "https://www.gamespot.com/articles/grab-an-xbox-wireless-controller-for-only-39/1100-6507817/?ftag=CAD-01-10abi2f", "date_published": "2022-10-07 18:18:00+00:00", "persistent": false, "user": null, "language": "en-US"}, {"source": "https://www.gamespot.com/feeds/mashup", "title": "Lifetime Access To 10TB Of Cloud Storage For $70", "description": "<p>It's surprisingly easy to fill up your PC's SSD or hard drive, and if you don't want to rely on external devices, cloud storage is a convenient solution. Cloud storage allows you to access your files on any device, which really does make it more desirable than local storage for some people. That said, cloud storage can be pricey, especially if you go through the biggest names like Google or Microsoft. If you want to ditch the subscription plan storage options, you can <span class=\"norewrite\">", "link": "https://www.gamespot.com/articles/lifetime-access-to-10tb-of-cloud-storage-for-70/1100-6504123/?ftag=CAD-01-10abi2f", "date_published": "2022-10-07 18:08:00+00:00", "persistent": false, "user": "rumpel", "language": "en-US"}, {"source": "https://www.gamespot.com/feeds/mashup", "title": "Bethesda Confirms Deathloop And Dishonored Are In The Same Connected Universe", "description": "<p>Bethesda has confirmed a <a href=\"https://www.reddit.com/r/Deathloop/comments/pvnt5a/whywhen_and_where_is_deathloop_in_the_dishonored/\">longstanding fan theory</a> for two of its game franchises: Dishonored and Deathloop are set in the same universe. Deathloop director Dinga Bakaba confirmed this on the Xbox Podcast, stating that Deathloop takes place in the same universe as Dishonored, but far into the future.</p><p>\"Yes, we envisioned Deathloop to be happening in the future after Death of t", "link": "https://www.gamespot.com/articles/bethesda-confirms-deathloop-and-dishonored-are-in-the-same-connected-universe/1100-6508120/?ftag=CAD-01-10abi2f", "date_published": "2022-10-07 18:03:00+00:00", "persistent": false, "user": null, "language": "en-US"}, {"source": "https://www.gamespot.com/feeds/mashup", "title": "Cyberpunk: Edgerunners Location Guide | Cyberpunk 2077", "description": "<img height=\"480\" src=\"https://www.gamespot.com/a/uploads/square_medium/1574/15746725/4045722-cyberpunk_map_v1.jpg\" width=\"480\" /> Cyberpunk: Edgerunners, the new hit Netflix anime based on CD Projekt Red's Cyberpunk 2077, isn't just set in Night City, but it just about every scene is actually a location from the game. So, here is Mapping Out Cyberpunk: Edgerunners.", "link": "https://www.gamespot.com/videos/cyberpunk-edgerunners-location-guide-cyberpunk-2077/2300-6459710/", "date_published": "2022-10-07 18:00:00+00:00", "persistent": false, "user": null, "language": "en-US"}, {"source": "https://www.gamespot.com/feeds/mashup", "title": "The Fall Of The House Of Usher Isn't Part Of Mike Flanagan's \"Haunting Of\u2026\" Series", "description": "<p> </p><p dir=\"ltr\">It may be based on classic literature and about a house, but Mike Flanagan's upcoming series, The Fall of the House of Usher, won't actually be part of his \"Haunting Of\u2026\" series. The writer/director sat down with journalists at Netflix's New York office to talk about the specifics of what makes a Haunting story what it is and shed some light on how he and his production partner, Trevor Macy, actually select which stories get included under the umbrella.</p><p dir=\"ltr\">\"Our ", "link": "https://www.gamespot.com/articles/the-fall-of-the-house-of-usher-isnt-part-of-mike-flanagans-haunting-of-series/1100-6508119/?ftag=CAD-01-10abi2f", "date_published": "2022-10-07 17:59:00+00:00", "persistent": false, "user": null, "language": "en-US"}, {"source": "https://www.gamespot.com/feeds/mashup", "title": "The Midnight Club Was Designed To Be An Ongoing Series With Multiple Seasons", "description": "<p> </p><p dir=\"ltr\">Mike Flanagan has made a name for himself at Netflix with a cadre of prestigious horror limited series--from The Haunting of Hill House to Midnight Mass. He seems to have perfected the art of telling a 10-episode story that wraps up (however bleakly) the arcs of every character involved. So, it may come as a surprise to learn that his latest, The Midnight Club, is actually designed to be anything but. This new show is, pending renewal by Netflix which Flanagan says is still ", "link": "https://www.gamespot.com/articles/the-midnight-club-was-designed-to-be-an-ongoing-series-with-multiple-seasons/1100-6508118/?ftag=CAD-01-10abi2f", "date_published": "2022-10-07 17:56:00+00:00", "persistent": false, "user": null, "language": "en-US"}, {"source": "https://www.gamespot.com/feeds/mashup", "title": "Netflix's Blockbuster Trailer Features Randall Park In Nostalgic Workplace Comedy", "description": "<p dir=\"ltr\">Netflix has released the first official trailer for Blockbuster, an upcoming workplace comedy series about the once preeminent video rental store still trying to cling to life. The comedy is set to premiere November 3 on Netflix with a 10-episode season.</p><p dir=\"ltr\">Blockbuster stars Randall Park (WandaVision, Fresh Off the Boat) as Timmy Yoon, the manager of the last Blockbuster Video store. The series is created by Vanessa Ramos (Superstore). The cast also includes Melissa Fum", "link": "https://www.gamespot.com/articles/netflixs-blockbuster-trailer-features-randall-park-in-nostalgic-workplace-comedy/1100-6508117/?ftag=CAD-01-10abi2f", "date_published": "2022-10-07 17:49:00+00:00", "persistent": false, "user": null, "language": "en-US"}, {"source": "https://www.gamespot.com/feeds/mashup", "title": "Chainsaw Man Review - It Cuts Like A Knife, And It Feels Alright", "description": "<p dir=\"ltr\">A man with chainsaws coming out of his arms and coming out of his face sounds like something exceptionally horrific, like some sort of failed '80s horror movie with really memorable VHS cover art. However, in the realm of anime, it works perfectly. On October 11 at 9 AM PT on Crunchyroll, the first episode of Chainsaw Man arrives, and it's the perfect way to kick off the Halloween season.</p><p dir=\"ltr\">The first episode of Chainsaw Man, which GameSpot was provided for review, adap", "link": "https://www.gamespot.com/reviews/chainsaw-man-review-it-cuts-like-a-knife-and-it-feels-alright/1900-6417975/?ftag=CAD-01-10abi2f", "date_published": "2022-10-07 17:45:00+00:00", "persistent": false, "user": null, "language": "en-US"}, {"source": "https://www.gamespot.com/feeds/mashup", "title": "Call Of Duty: Modern Warfare 2 PC Trailer Reveals More Explosive Action", "description": "<p dir=\"ltr\">Following the release of <a href=\"https://www.gamespot.com/articles/call-of-duty-modern-warfare-2-gameplay-launch-trailer-has-arrived/1100-6508076/\">Call of Duty: Modern Warfare 2's gameplay launch trailer</a>, Activision has now shared a new PC trailer to detail some features players can expect with the October 28 launch.</p><p dir=\"ltr\">Modern Warfare 2's PC trailer reveals campaign game footage captured on PC, highlighting some of the story action with Task Force 141. The familia", "link": "https://www.gamespot.com/articles/call-of-duty-modern-warfare-2-pc-trailer-reveals-more-explosive-action/1100-6508116/?ftag=CAD-01-10abi2f", "date_published": "2022-10-07 17:35:00+00:00", "persistent": false, "user": null, "language": "en-US"}, {"source": "https://www.gamespot.com/feeds/mashup", "title": "God Of War Ragnarok Goes Gold, As Sony Confirms 8 Other Studios Contributed", "description": "<p>God of War Ragnarok has gone gold, developer Santa Monica Studio has announced. This means that work on the game has wrapped up and discs are being sent to manufacturing for mass production.</p><p>Cory Barlog, a producer on the title and the director on its predecessor, said on Twitter, \"Congratulations to my Sony dev family on this incredible milestone.\" He added: \"I could not be more proud of each and every one of you. You are all brilliant!\"</p><p>Sony's \"gone gold\" announcement also conta", "link": "https://www.gamespot.com/articles/god-of-war-ragnarok-goes-gold-as-sony-confirms-8-other-studios-contributed/1100-6508115/?ftag=CAD-01-10abi2f", "date_published": "2022-10-07 17:24:00+00:00", "persistent": false, "user": null, "language": "en-US"}, {"source": "https://www.gamespot.com/feeds/mashup", "title": "Mortal Kombat 30th Anniversary Video Celebrates The Franchise's Huge Impact", "description": "<p>Mortal Kombat marks its 30th anniversary this year, and while fans will have to <a href=\"https://www.gamespot.com/articles/netherrealms-ed-boon-says-the-studios-next-game-announcement-is-coming-in-due-time/1100-6508040/\">wait some time</a> to hear about developer NetherRealm's next game, the studio is celebrating the birthday with a new video. The sizzle video showcases the role Mortal Kombat has played over the past three decades not just in the world of video games but across entertainment,", "link": "https://www.gamespot.com/articles/mortal-kombat-30th-anniversary-video-celebrates-the-franchises-huge-impact/1100-6508110/?ftag=CAD-01-10abi2f", "date_published": "2022-10-07 16:00:00+00:00", "persistent": false, "user": null, "language": "en-US"}, {"source": "https://www.gamespot.com/feeds/mashup", "title": "Overwatch 2 - Junker Queen Hero Guide", "description": "<p> </p><p dir=\"ltr\">Junker Queen in <a href=\"https://www.gamespot.com/games/overwatch-2/\">Overwatch 2</a> is Blizzard\u2019s <a href=\"https://www.gamespot.com/articles/whats-new-in-overwatch-2-battle-pass-challenges-how-to-transfer-skins-and-more/1100-6508024/\">newest hero</a> and one you can take the field with right away, even if you don\u2019t purchase the FPS game\u2019s battle pass or <a href=\"https://www.gamespot.com/articles/the-overwatch-2-character-lockdown-is-fine-actually/1100-6508055/\">play 100 ma", "link": "https://www.gamespot.com/articles/overwatch-2-junker-queen-hero-guide/1100-6508114/?ftag=CAD-01-10abi2f", "date_published": "2022-10-07 15:54:00+00:00", "persistent": false, "user": null, "language": "en-US"}, {"source": "https://www.gamespot.com/feeds/mashup", "title": "The 13 Best Star Wars TV Shows, Movies, And Specials On Disney Plus That You Might Not Have Seen", "description": "<p><img src=\"https://www.gamespot.com/a/uploads/scale_large/1597/15975876/4045621-2a261125-4bc5-4c21-b17d-20098c36bb68.jpeg\" /><br /><h3><p>The canon Star Wars universe has expanded greatly since the launch of Disney+, with nine saga films, two standalone films, and four live-action shows all available to watch on the streaming platform. The world of Star Wars goes far beyond the big-name live-action titles though, and there's no better time to dive into the extended Star Wars canon as the new T", "link": "https://www.gamespot.com/gallery/the-13-best-star-wars-tv-shows-movies-and-specials-on-disney-plus-that-you-might-not-have-seen/2900-4380/", "date_published": "2022-10-07 15:39:00+00:00", "persistent": false, "user": null, "language": "en-US"}, {"source": "https://www.gamespot.com/feeds/mashup", "title": "Pokemon Grass Vs. Fire Vs. Water Starters: Splatoon 3 Splatfest Will Settle The Debate", "description": "<p dir=\"ltr\">Nintendo has announced Splatoon 3's next Splatfest, and it's Pokemon-themed. Yes, Nintendo will never miss an opportunity for a well-timed crossover, and that's exactly what this November's Splatfest will be.</p><p dir=\"ltr\">This timed event will ask players to choose their favorite Pokemon starter type. It's a question forever debated on schoolyards across the world, from generation to generation. But for those of you who left your Pokedex back in 2000, those starter types are Gras", "link": "https://www.gamespot.com/articles/pokemon-grass-vs-fire-vs-water-starters-splatoon-3-splatfest-will-settle-the-debate/1100-6508113/?ftag=CAD-01-10abi2f", "date_published": "2022-10-07 15:30:00+00:00", "persistent": false, "user": null, "language": "en-US"}, {"source": "https://www.gamespot.com/feeds/mashup", "title": "The Rock Won't Be President (For Now)", "description": "<p>Dwayne \"The Rock\" Johnson will not run for president of the United States, at least not while he has young daughters to raise. In February 2021, Johnson said he <a href=\"https://www.gamespot.com/articles/the-rock-says-he-might-run-for-president/1100-6487679/\">would consider running</a> if the American people wanted him to, but now he says such a bid is \"off the table.\"</p><p>Speaking to CBS (<a href=\"https://variety.com/2022/film/news/dwayne-johnson-rules-out-presidential-run-1235396111/\">via", "link": "https://www.gamespot.com/articles/the-rock-wont-be-president-for-now/1100-6508112/?ftag=CAD-01-10abi2f", "date_published": "2022-10-07 15:12:00+00:00", "persistent": false, "user": null, "language": "en-US"}, {"source": "https://www.gamespot.com/feeds/mashup", "title": "Save Thousands On Flights With This Lifetime Subscription To Dollar Flight Club", "description": "<p>Flying is usually the quickest way to get anywhere, but that form of transportation often comes with a hefty price-tag. The good news is that you can save big on flights thanks to the folks over at Dollar Flight Club, and through October 12, that subscription service is available for an ultra-low price. A Premium Plus lifetime subscription technically retaile for $1,690, but right now, you can grab that membership for just $70.</p><div class=\"norewrite\" title=\"\">           <a href=\"https://de", "link": "https://www.gamespot.com/articles/save-thousands-on-flights-with-this-lifetime-subscription-to-dollar-flight-club/1100-6508111/?ftag=CAD-01-10abi2f", "date_published": "2022-10-07 15:03:00+00:00", "persistent": false, "user": null, "language": "en-US"}, {"source": "https://www.gamespot.com/feeds/mashup", "title": "These $25 Earbuds Can Run All Day And Charge Your Phone", "description": "<p>A good set of earbuds or headphones is an essential purchase when you're looking to unwind with your favorite songs, and these days you can get a quality set without having to break your monthly budget. Take the Flux 7 TWS earbuds for example, a set that not only looks attractive and has a durable design but will <span class=\"norewrite\">           <a href=\"https://deals.gamespot.com/sales/flux-7-tws-earbuds-w-wireless-charging-case-power-bank-white?sid=[subid_value]\">only set you back a mere ", "link": "https://www.gamespot.com/articles/these-25-earbuds-can-run-all-day-and-charge-your-phone/1100-6508108/?ftag=CAD-01-10abi2f", "date_published": "2022-10-07 14:44:00+00:00", "persistent": false, "user": null, "language": "en-US"}, {"source": "https://www.gamespot.com/feeds/mashup", "title": "Super Smash Bros. Ultimate Gets Rare, Huge Discount", "description": "<p>Though Nintendo Switch exclusives tend to receive more discounts than first-party games on older Nintendo hardware, there are still about a handful of titles that very rarely get price cuts that could be considered a good deal. One such game is Super Smash Bros. Ultimate, the wildly popular brawler that released way back in 2018. Right now, however, <span class=\"norewrite\">           <a href=\"https://supershop.sjv.io/c/159047/1185863/14902?&amp;sharedId=gamespot&amp;u=https://www.livesuper.co", "link": "https://www.gamespot.com/articles/super-smash-bros-ultimate-gets-rare-huge-discount/1100-6508109/?ftag=CAD-01-10abi2f", "date_published": "2022-10-07 14:42:00+00:00", "persistent": false, "user": null, "language": "en-US"}, {"source": "https://www.gamespot.com/feeds/mashup", "title": "Need For Speed Unbound Has Over 140 Cars To Collect And Customize", "description": "<p>Need for Speed Unbound races onto PC, PS5, and Xbox Series X|S on December 2, and it's bringing dozens of vehicles with it. EA has confirmed that there'll be 143 cars to collect and customize, with the list of available vehicles being a mix of iconic racing machines and modern monsters.</p><p><a href=\"https://www.ea.com/en-gb/games/need-for-speed/need-for-speed-unbound/about/car-list\">Over on EA's website</a>, the list is a dream collection of power and performance. Nissan has plenty of repre", "link": "https://www.gamespot.com/articles/need-for-speed-unbound-has-over-140-cars-to-collect-and-customize/1100-6508106/?ftag=CAD-01-10abi2f", "date_published": "2022-10-07 14:31:00+00:00", "persistent": false, "user": null, "language": "en-US"}, {"source": "https://www.gamespot.com/feeds/mashup", "title": "October's Platinum Collection Steam Game Bundle Is Awesome", "description": "<p>Fanatical\u2019s Platinum Collection bundle for October is now available, offering up to seven PC games for $20. Like Fanatical\u2019s other build-it-yourself bundle, customers select from 18 games to create their own custom bundle of seven games. You can also opt for a three-game package for $10 or five games for $15, but the $20 tier offers the best savings. All purchases also come with a coupon for 5% off a future purchase at Fanatical.</p><div class=\"norewrite\" title=\"\">           <a href=\"https://", "link": "https://www.gamespot.com/articles/octobers-platinum-collection-steam-game-bundle-is-awesome/1100-6508096/?ftag=CAD-01-10abi2f", "date_published": "2022-10-07 14:19:00+00:00", "persistent": false, "user": null, "language": "en-US"}, {"source": "https://www.gamespot.com/feeds/mashup", "title": "Forza Horizon 5 Getting Massive 10th Anniversary Update With New Achievements, Story, And More", "description": "<p>The original Forza Horizon game was released in October 2012, so it's coming up on its 10th anniversary. To mark the anniversary, Microsoft is releasing a Horizon 10-Year Anniversary update for Forza Horizon 5 on Xbox and PC that comes with a new \"Horizon Origins Story\" and the Midnight Battles mode that lets players collect rare cars by winning races.</p><p>The free anniversary update launches on October 11, kicking off a four-week celebration. And for anyone who is just getting into the For", "link": "https://www.gamespot.com/articles/forza-horizon-5-getting-massive-10th-anniversary-update-with-new-achievements-story-and-more/1100-6508107/?ftag=CAD-01-10abi2f", "date_published": "2022-10-07 14:07:00+00:00", "persistent": false, "user": null, "language": "en-US"}, {"source": "https://www.gamespot.com/feeds/mashup", "title": "New Gotham Knights Trailer Shows Plenty Of 60 FPS Bat-Family Combat, But Watch Out For Spoilers", "description": "<p>Gotham Knights launches in just a few weeks, headlining a very busy October on the gaming calendar. Before it launches on October 21, you might want to load up some filters to keep mentions of the game out of your social media feeds. <a href=\"https://www.resetera.com/threads/gotham-knights-launch-trailer.640863/\">Spoilers for Gotham Knights</a> and its ending have apparently begun circulating, so now is a good time to be alert and double-check your feeds.</p><p>To mark its upcoming release, a", "link": "https://www.gamespot.com/articles/new-gotham-knights-trailer-shows-plenty-of-60-fps-bat-family-combat-but-watch-out-for-spoilers/1100-6508105/?ftag=CAD-01-10abi2f", "date_published": "2022-10-07 14:05:00+00:00", "persistent": false, "user": null, "language": "en-US"}, {"source": "https://www.gamespot.com/feeds/mashup", "title": "You Can Finally Buy A Steam Deck With No Wait", "description": "<p dir=\"ltr\">Good news, Valve fans: You no longer have to wait in line for a reservation to buy a Steam Deck. Instead, you can buy it on demand--you know, the way you purchase everything else in your life. (Well, except that PS5.) Valve has also unveiled the device's promised docking station, which costs $89 and ships in 1-2 weeks.</p><p dir=\"ltr\">Since its release this February, would-be Steam Deck buyers had to wait for their order email to appear in their inbox, sometimes waiting months for t", "link": "https://www.gamespot.com/articles/you-can-finally-buy-a-steam-deck-with-no-wait/1100-6508104/?ftag=CAD-01-10abi2f", "date_published": "2022-10-07 13:50:00+00:00", "persistent": false, "user": null, "language": "en-US"}, {"source": "https://www.gamespot.com/feeds/mashup", "title": "Call Of Duty: Warzone Season 5 Patch Notes Slightly Nerf Some Guns, Make Bug Fixes", "description": "<p>Call of Duty: Warzone's Season 5 mid-season update has received another patch, this time delivering an assortment of bug fixes and weapon adjustments to the battle royale game.</p><p>For weapon balance, the UGM-8 sees its minimum damage decreased from 22 to 21, while the Lienna 57 LMG has its upper torso damage multiplier decreased from 1.05 to 1.0 and its minimum damage decreased from 27 to 24.</p><p>The Gorenko Anti-Tank rifle, meanwhile, has its bullet velocity decreased from 980 to 900 an", "link": "https://www.gamespot.com/articles/call-of-duty-warzone-season-5-patch-notes-slightly-nerf-some-guns-make-bug-fixes/1100-6508103/?ftag=CAD-01-10abi2f", "date_published": "2022-10-07 13:14:00+00:00", "persistent": false, "user": null, "language": "en-US"}, {"source": "https://www.gamespot.com/feeds/mashup", "title": "Pokemon Scarlet And Violet Preorders Get Big Discounts", "description": "<p>We're about a month away from the biggest Nintendo Switch release of the year. Pokemon Scarlet and Violet, the ninth generation of mainline entries in the massively popular RPG series, release on November 18 exclusively for Nintendo Switch. If you haven't preordered a copy yet, you can lock in your <strong><span class=\"norewrite\">           <a href=\"https://supershop.sjv.io/c/159047/1185863/14902?&amp;sharedId=gamespot&amp;u=https://www.livesuper.com/shop/products/pokemon-scarlet-or-pokemon-v", "link": "https://www.gamespot.com/articles/pokemon-scarlet-and-violet-preorders-get-big-discounts/1100-6508102/?ftag=CAD-01-10abi2f", "date_published": "2022-10-07 13:07:00+00:00", "persistent": false, "user": null, "language": "en-US"}, {"source": "https://www.gamespot.com/feeds/mashup", "title": "EA's New PC App Is Out Now, Replaces Origin", "description": "<p>EA has officially launched a replacement app for its PC client Origin. After more than a decade, Origin is being retired in favor of the EA App, which the company says is its \"fastest and lightest\" program to date.</p><p>In a <a href=\"https://www.ea.com/en-gb/news/ea-app\">blog post</a>, EA explained that extensive beta testing helped it create a new program that was designed to be more streamlined and the best possible place for users to play titles from its library. Using the EA App, you'll ", "link": "https://www.gamespot.com/articles/eas-new-pc-app-is-out-now-replaces-origin/1100-6508101/?ftag=CAD-01-10abi2f", "date_published": "2022-10-07 13:03:00+00:00", "persistent": false, "user": null, "language": "en-US"}, {"source": "https://www.gamespot.com/feeds/mashup", "title": "Today's Wordle Answer (#475) - October 7, 2022", "description": "<p>It\u2019s Friday, and players should end the week right by getting the <a href=\"https://www.gamespot.com/games/wordle/\">Wordle</a> correct. If you're here, then you might be struggling to accomplish that goal. Luckily for you, we're here to make sure that you start your Friday off right and continue your streak into the weekend. To put a period on the work week, the Wordle gods have given players a tricky answer that might require some extra thinking on a Friday. This word isn\u2019t uncommon necessari", "link": "https://www.gamespot.com/articles/todays-wordle-answer-475-october-7-2022/1100-6508099/?ftag=CAD-01-10abi2f", "date_published": "2022-10-07 13:00:00+00:00", "persistent": false, "user": null, "language": "en-US"}, {"source": "https://www.gamespot.com/feeds/mashup", "title": "Hideo Kojima's Next Game Will Feature Elle Fanning", "description": "<p>Hideo Kojima has revealed that the actress Elle Fanning will appear in his next game. Kojima revealed this as part of PAX Australia, which is going on now in Melbourne.</p><p>The <a href=\"https://www.gamespot.com/articles/hideo-kojima-teases-new-game-with-mysterious-photos-and-website/1100-6507535/\">first teaser for the mysterious game was revealed during the Tokyo Game Show</a> last month. Additional teasers are coming, and if they follow tradition, a major game event might again be the host", "link": "https://www.gamespot.com/articles/hideo-kojimas-next-game-will-feature-elle-fanning/1100-6508100/?ftag=CAD-01-10abi2f", "date_published": "2022-10-07 12:40:00+00:00", "persistent": false, "user": null, "language": "en-US"}, {"source": "https://www.gamespot.com/feeds/mashup", "title": "Destiny 2's Controversial Divinity Will Be Getting A Nerf In Season 19", "description": "<p>In its weekly update, Bungie dropped a bombshell on players who favor the controversial Divinity trace rifle, amongst other smaller details on how guns will be changing ahead of the Lightfall expansion. Divinity has become a polarizing weapon within the Destiny 2 community, with some players calling it a crutch that has become too dominant within high-level PvE content.</p><p>The trace rifle's <a href=\"https://www.light.gg/db/items/4103414242/divinity/\">primary perk</a> is a debuff that weake", "link": "https://www.gamespot.com/articles/destiny-2-controversial-divinity-will-be-getting-a-nerf-in-season-19/1100-6508098/?ftag=CAD-01-10abi2f", "date_published": "2022-10-07 12:35:00+00:00", "persistent": false, "user": null, "language": "en-US"}, {"source": "https://www.gamespot.com/feeds/mashup", "title": "Trials Of Osiris Rewards This Week In Destiny 2 (October 7-11)", "description": "<p>It's a new Friday in Destiny 2, which means that it's time for another weekend of high-risk and highly rewarding PvP action in Trials of Osiris. As usual, you can find everything you need from Saint-14 after he opens up his inventory following the daily reset, from Trials cards to rewards for successful runs in this competitive activity. You can check back later to see which maps will be on rotation and which Adept weapon will be up for grabs once Trials of Osiris goes live.</p><p>While you'r", "link": "https://www.gamespot.com/articles/trials-of-osiris-rewards-this-week-in-destiny-2-october-7-11/1100-6508085/?ftag=CAD-01-10abi2f", "date_published": "2022-10-07 06:59:00+00:00", "persistent": false, "user": null, "language": "en-US"}, {"source": "https://www.gamespot.com/feeds/mashup", "title": "Where Is Xur Today? (October 7-11) - Destiny 2 Exotic Items And Xur Location Guide", "description": "<p>Xur is getting ready to pull a double-shift in Destiny 2 for the next couple of days, as the enigmatic arms dealer will once again be offering his finest weapons and hosting the game show Dares of Eternity. As usual, you can expect a selection of Exotic weapons, armor, and a few more goodies of the Legendary-class variety when Xur pops up after the scheduled daily reset. It's handy stuff, especially if you're planning to enter the Trials of Osiris.</p><p>We don't know where he'll be just yet,", "link": "https://www.gamespot.com/articles/where-is-xur-today-october-7-11-destiny-2-exotic-items-and-xur-location-guide/1100-6508080/?ftag=CAD-01-10abi2f", "date_published": "2022-10-07 06:59:00+00:00", "persistent": false, "user": null, "language": "en-US"}]