[{"source": "https://www.youtube.com/feeds/videos.xml?channel_id=UC3ScyryU9Oy9Wse3a8OAmYQ", "title": "For Migrant Women Farmworkers, Abuse Often Comes with the Job (full documentary) | FRONTLINE", "description": "FRONTLINE and Univision News uncovered the hidden price that many migrant women working in America\u2019s fields and packing plants pay to keep their jobs and provide for their families. (Aired 2013)\n\nThis journalism is made possible by viewers like you. Support your local PBS station here: http://www.pbs.org/donate\u200b.\n\nFor the women who pick and package the food we eat every day, sexual assault often comes with the job. \u201cRape in the Fields/Violaci\u00f3n de un Sue\u00f1o\u201d investigated why female farmworkers, especially those who are undocumented, fall prey to field bosses and co-workers \u2014 and run the very real risk that they\u2019ll lose their jobs or be deported if they dare to denounce their attackers.\n\nExplore additional reporting on \"Rape in the Fields\" on our website:\nhttps://www.pbs.org/wgbh/frontline/documentary/rape-in-the-fields/\n\n#Documentary #Frontline #Univision #Migrants #SexualHarassment\n\nSubscribe on YouTube: http://bit.ly/1BycsJW\u200b\nInstagram: https://www.instagram.com/frontlinepbs\u200b\nTwitter: https://twitter.com/frontlinepbs\u200b\nFacebook: https://www.facebook.com/frontline\n\nFRONTLINE is produced at GBH in Boston and is broadcast nationwide on PBS. Funding for FRONTLINE is provided through the support of PBS viewers and by the Corporation for Public Broadcasting. Additional funding is provided by the Abrams Foundation; the John D. and Catherine T. MacArthur Foundation; Park Foundation; and the FRONTLINE Journalism Fund with major support from Jon and Jo Ann Hagler on behalf of the Jon L. Hagler Foundation, and additional support from Koo and Patricia Yuen.\n\nCHAPTERS:\nPrologue - 00:00\n\u201cSexual Harassment is an Epidemic in the Fields\u201d - 00:57\nAn EEOC Investigation into an Apple Grower  - 14:46\nFor Undocumented Victims, the Fear of Deportation  - 20:05\nPattern of No Criminal Charges for Sexual Violence Against Farmworkers  - 34:15\nLawsuits and Outcomes  - 42:40\nCredits - 51:56", "link": "https://www.youtube.com/watch?v=tRGTNchcfZU", "date_published": "2022-09-21 00:00:00+00:00", "persistent": false, "user": null, "language": "en-US"}]