[{"source": "https://www.rp.pl", "title": "Europejska komisja oskar\u017ca PiS. Inwigilacja Brejzy Pegasusem kosztowa\u0142a 20 mln z\u0142 - rp.pl", "description": "Europejska komisja oskar\u017ca PiS. Inwigilacja Brejzy Pegasusem kosztowa\u0142a 20 mln z\u0142 - rp.pl", "link": "https://www.rp.pl/polityka/art37096721-europejska-komisja-oskarza-pis-inwigilacja-brejzy-pegasusem-kosztowala-20-mln-zl", "date_published": "2022-09-21 06:57:44+00:00", "persistent": true, "user": "rumpel", "language": "pl", "tags": ["pegasus", "big brother", "spyware", "privacy", "surveillance"]}]