[{"source": "https://feeds.feedburner.com/niebezpiecznik/", "title": "Podstawy analizowania z\u0142o\u015bliwego oprogramowania (malware)", "description": "<a href=\"https://niebezpiecznik.pl/post/podstawy-analizowania-zlosliwego-oprogramowania-malware/\"><img align=\"left\" alt=\"\" class=\"alignleft tfe wp-post-image\" height=\"100\" hspace=\"5\" src=\"https://niebezpiecznik.pl/wp-content/uploads/2022/09/delfin-wirus-150x150.jpeg\" width=\"100\" /></a>Pomimo regularnych atak\u00f3w phishingowych, z\u0142o\u015bliwe oprogramowanie ma si\u0119 dobrze. I niestety malware cz\u0119sto sieje spustoszenie na firmowych komputerach. Sk\u0105d wiadomo, czy oprogramowanie jest z\u0142o\u015bliwe? Jak ustali\u0107 co ", "link": "https://niebezpiecznik.pl/post/podstawy-analizowania-zlosliwego-oprogramowania-malware/", "date_published": "2022-09-21 08:10:18+00:00", "persistent": false, "user": null, "language": "pl-PL"}]