[{"source": "https://www.youtube.com/feeds/videos.xml?channel_id=UCzQUP1qoWDoEbmsQxvdjxgQ", "title": "The Anticipation of Jon Jones' Comeback", "description": "Taken from JRE MMA Show #130 w/Will Harris:\nhttps://open.spotify.com/episode/4ZpI1Zd3L7AEYEG7L73f0x?si=66dd275da8e0406c", "link": "https://www.youtube.com/watch?v=gl1_vKBYvH4", "date_published": "2022-09-21 00:00:00+00:00", "persistent": false, "user": null, "language": "en-US"}, {"source": "https://www.youtube.com/feeds/videos.xml?channel_id=UCzQUP1qoWDoEbmsQxvdjxgQ", "title": "Will Harris on Being with Kamaru Usman After Leon Edwards Loss", "description": "Taken from JRE MMA Show #130 w/Will Harris:\nhttps://open.spotify.com/episode/4ZpI1Zd3L7AEYEG7L73f0x?si=66dd275da8e0406c", "link": "https://www.youtube.com/watch?v=GZSjbC4tM5s", "date_published": "2022-09-21 00:00:00+00:00", "persistent": false, "user": null, "language": "en-US"}]