[{"source": "https://www.youtube.com/feeds/videos.xml?channel_id=UCFQMnBA3CS502aghlcr0_aw", "title": "Twitch Banned Gambling", "description": "And it\u2019s about time\n\nFollow Coffeezilla: \n\u25ba Twitter: https://twitter.com/coffeebreak_YT\n\u25ba Instagram: https://www.instagram.com/coffeebreak_yt/\n\u25ba Facebook: https://www.facebook.com/Coffeezilla-102981089132662\n\ud83c\udfb6 Music: https://www.youtube.com/watch?v=nMSQ1yoPT2c&list=PL4qw3AkxFDSNhEgawXD1j6r0iN1072XIB&index=1\nCredits: \n3D Artist: Ed Leszczynski https://twitter.com/LeszczynskiEd\nVideo Editor: Harry Bagg  https://twitter.com/HarryRBagg\nVirtual Production Software: Aximmetry https://aximmetry.com/\n\nThis video is an opinion and in no way should be construed as statements of fact. Scams, bad business opportunities, and fake gurus are subjective terms that mean different things to different people. I think someone who promises $100K/month for an upfront fee of $2K is a scam. Others would call it a Napoleon Hill pitch.", "link": "https://www.youtube.com/watch?v=p8yfCJ6Ivl8", "date_published": "2022-09-22 00:00:00+00:00", "persistent": false, "user": null, "language": "en-US"}]