[{"source": "https://www.androidauthority.com/feed/", "title": "How to delete history on Google Chrome", "description": "If you've gone sicko mode, you may want to clean up that browser history...", "link": "https://www.androidauthority.com/delete-history-google-chrome-3101758/", "date_published": "2022-09-21 21:05:10+00:00", "persistent": false, "user": null, "language": "en-US"}, {"source": "https://www.androidauthority.com/feed/", "title": "How to block someone on Spotify", "description": "Are you worried about other users stalking your Spotify activity? Here's how to stop them.", "link": "https://www.androidauthority.com/how-to-block-someone-on-spotify-3071187/", "date_published": "2022-09-21 21:00:57+00:00", "persistent": false, "user": null, "language": "en-US"}, {"source": "https://www.androidauthority.com/feed/", "title": "Google teases new face and Google Assistant button for its upcoming Pixel Watch", "description": "Google has revealed a new watch face and a Google Assistant button on the Pixel Watch.", "link": "https://www.androidauthority.com/google-pixel-watch-face-3211541/", "date_published": "2022-09-21 20:40:38+00:00", "persistent": false, "user": null, "language": "en-US"}, {"source": "https://www.androidauthority.com/feed/", "title": "How to freeze rows and columns in Google Sheets", "description": "Stay cool and keep on scrolling with critical data frozen in place.", "link": "https://www.androidauthority.com/freeze-rows-columns-google-sheets-3110287/", "date_published": "2022-09-21 19:50:01+00:00", "persistent": false, "user": null, "language": "en-US"}, {"source": "https://www.androidauthority.com/feed/", "title": "Logitech\u2019s cloud gaming handheld finally has a price and release date", "description": "During its Logi Play event, Logitech revealed its new cloud gaming handheld.", "link": "https://www.androidauthority.com/logitech-cloud-gaming-handheld-3211503/", "date_published": "2022-09-21 19:24:20+00:00", "persistent": false, "user": null, "language": "en-US"}, {"source": "https://www.androidauthority.com/feed/", "title": "How to use the PS5 web browser", "description": "Did you know your PlayStation 5 has a hidden web browser?", "link": "https://www.androidauthority.com/ps5-web-browser-3147042/", "date_published": "2022-09-21 19:00:57+00:00", "persistent": false, "user": null, "language": "en-US"}, {"source": "https://www.androidauthority.com/feed/", "title": "Just got a new Xbox Series X/S? Here\u2019s what you should do first.", "description": "You have hours of gaming ahead, but first, let's tackle some setup.", "link": "https://www.androidauthority.com/new-xbox-series-x-s-guide-1186228/", "date_published": "2022-09-21 18:20:33+00:00", "persistent": false, "user": null, "language": "en-US"}, {"source": "https://www.androidauthority.com/feed/", "title": "Samsung surprises Galaxy S6 owners with new update", "description": "Galaxy S6 owners in the Netherlands and Belgium are reporting their phones have received updates.", "link": "https://www.androidauthority.com/galaxy-s6-update-3211478/", "date_published": "2022-09-21 18:09:39+00:00", "persistent": false, "user": null, "language": "en-US"}, {"source": "https://www.androidauthority.com/feed/", "title": "The Pixel 7 will be the first Pixel flagship to come to India in years", "description": "The Pixel 7 marks Google's return to the Indian market.", "link": "https://www.androidauthority.com/pixel-7-series-india-3211444/", "date_published": "2022-09-21 16:35:17+00:00", "persistent": false, "user": null, "language": "en-US"}, {"source": "https://www.androidauthority.com/feed/", "title": "Framework\u2019s modular Chromebook is the Chrome OS laptop of my dreams", "description": "Framework's modular Chromebook is a breath of fresh, upgradeable air.", "link": "https://www.androidauthority.com/framework-modular-upgradable-chromebook-3211396/", "date_published": "2022-09-21 15:41:11+00:00", "persistent": false, "user": null, "language": "en-US"}, {"source": "https://www.androidauthority.com/feed/", "title": "There\u2019s now a fully modular Chromebook: The Framework Laptop Chromebook Edition", "description": "The new Framework Laptop Chromebook Edition is the first modular Chromebook.", "link": "https://www.androidauthority.com/framework-laptop-chromebook-3210947/", "date_published": "2022-09-21 15:00:38+00:00", "persistent": false, "user": null, "language": "en-US"}, {"source": "https://www.androidauthority.com/feed/", "title": "Wallpaper Wednesday: More great phone wallpapers for all to share (Sep. 21)", "description": "Here is a weekly selection of Android wallpapers created by our readers and members of the Android Authority team!", "link": "https://www.androidauthority.com/wallpaper-wednesday-sep-21-2022-3210300/", "date_published": "2022-09-21 13:30:19+00:00", "persistent": false, "user": null, "language": "en-US"}, {"source": "https://www.androidauthority.com/feed/", "title": "Amazon\u2019s next generation Fire HD 8 gets preorder date and new models", "description": "The new Fire HD 8 tablet will bring a few minor improvements to the series.", "link": "https://www.androidauthority.com/fire-hd-8-preorder-3211058/", "date_published": "2022-09-21 13:20:05+00:00", "persistent": false, "user": null, "language": "en-US"}, {"source": "https://www.androidauthority.com/feed/", "title": "The OnePlus 11 Pro could be a bare minimum upgrade", "description": "A new chipset and faster wired charging seem to be the headline upgrades here.", "link": "https://www.androidauthority.com/oneplus-11-pro-specs-3211357/", "date_published": "2022-09-21 13:04:56+00:00", "persistent": false, "user": null, "language": "en-US"}, {"source": "https://www.androidauthority.com/feed/", "title": "Android 13 could finally bring seamless updates to all brands (even Samsung)", "description": "Samsung has long held off on implementing this update method, but that could change soon.", "link": "https://www.androidauthority.com/android-13-seamless-updates-3211296/", "date_published": "2022-09-21 12:39:10+00:00", "persistent": false, "user": "rumpel", "language": "en-US"}, {"source": "https://www.androidauthority.com/feed/", "title": "No, YouTube, I will not subscribe to Premium", "description": "YouTube's aggressive Premium push is driving me away from the platform.", "link": "https://www.androidauthority.com/youtube-premium-popups-ads-3209067/", "date_published": "2022-09-21 12:00:24+00:00", "persistent": true, "user": null, "language": "en-US", "tags": ["youtube"]}, {"source": "https://www.androidauthority.com/feed/", "title": "A YouTuber just reviewed the canceled LG rollable phone", "description": "From the rollable display to a variety of other quirky features, here's what could've been.", "link": "https://www.androidauthority.com/lg-rollable-phone-youtube-review-3211213/", "date_published": "2022-09-21 09:38:28+00:00", "persistent": false, "user": null, "language": "en-US"}, {"source": "https://www.androidauthority.com/feed/", "title": "Daily Authority: \ud83d\udcbb The first major Windows 11 update is here", "description": "The complete lowdown on the big Windows 11 update and more tech news from around the world.", "link": "https://www.androidauthority.com/daily-authority-september-21-2022-3211181/", "date_published": "2022-09-21 09:29:45+00:00", "persistent": false, "user": null, "language": "en-US"}, {"source": "https://www.androidauthority.com/feed/", "title": "15 best shooting games for Android", "description": "Shooting games are getting better every year. Check out the absolute best shooting games on Android right now.", "link": "https://www.androidauthority.com/best-android-shooting-games-531962/", "date_published": "2022-09-21 08:45:04+00:00", "persistent": false, "user": null, "language": "en-US"}, {"source": "https://www.androidauthority.com/feed/", "title": "At least one Android OEM is considering a Dynamic Island rip-off", "description": "Realme is asking users for feedback on a potential 'Realme Island' feature.", "link": "https://www.androidauthority.com/apple-dynamic-island-android-realme-3211200/", "date_published": "2022-09-21 08:10:44+00:00", "persistent": false, "user": null, "language": "en-US"}, {"source": "https://www.androidauthority.com/feed/", "title": "A follow-up to the Samsung Wireless Charger Trio could be in the works", "description": "The Wireless Charger Hub could pick up where the Wireless Charger Trio left off.", "link": "https://www.androidauthority.com/samsung-wireless-charger-hub-3211196/", "date_published": "2022-09-21 06:39:28+00:00", "persistent": false, "user": null, "language": "en-US"}]