[{"source": "https://www.youtube.com/feeds/videos.xml?channel_id=UCSFy-1JrpZf0tFlRZfo-Rvw", "title": "Patreon BANS me but allows THIS?? WTF.", "description": "Check out American Hartford Gold here https://offers.americanhartfordgold.com/sydneywatson/ or call 866-568-0043 for more information on their gold and silver specials!\n\nSubscribestar, in case you are interested ;D : https://www.subscribestar.com/sydney-watson\n\nLinks:\nReduxx article of full story: https://reduxx.info/patreon-fires-security-staff-amid-allegations-of-protecting-maps/\n\nCyberscoop: https://www.cyberscoop.com/patreon-security-team-layoffs/\n\nMy Patreon video: https://www.youtube.com/watch?v=phmizUdHUVI&amp;t=155s\nVideo about Pedobaiting: https://www.youtube.com/watch?v=Wt5y3HmEHiE&amp;t=574s\n\nFind me:\nSubscribestar: https://www.subscribestar.com/sydney-watson\nGab: https://gab.com/sydneywatson \nFacebook: https://www.facebook.com/sydneywatsonofficial \nTwitter: https://twitter.com/sydneylwatson \nInstagram: https://www.instagram.com/sydneywatson__ \n\nSign up to my email list (I promise not to harass you haha): https://www.sydneywatson.com", "link": "https://www.youtube.com/watch?v=Mb4wuTx8o0Q", "date_published": "2022-09-21 21:35:20+00:00", "persistent": false, "user": null, "language": "en-US"}]