[{"source": "https://www.wsj.com", "title": "CDC Oversells the \u2018Bivalent\u2019 Covid Shot - WSJ", "description": "CDC Oversells the \u2018Bivalent\u2019 Covid Shot - WSJ", "link": "https://www.wsj.com/articles/cdc-oversells-the-bivalent-covid-shot-hospitalizations-vaccine-booster-omicron-pandemic-pfizer-moderna-china-illness-death-11663793472", "date_published": "2022-09-21 13:36:42+00:00", "persistent": true, "user": "rumpel", "language": "en-US", "tags": ["vaccine", "covid lie", "covid", "big pharma"]}]