[{"source": "https://www.youtube.com/feeds/videos.xml?channel_id=UChnxLLvzviaR5NeKOevB8iQ", "title": "Cruisin' with the Instruo Cruinn", "description": "Are you ready for BZZZ? Are you ready for 5 BZZZZ, moving very fast from left to right? Well then, come aboard the good ship Cruinn. This is a demo of the new Instruo stereo oscillator through the XOAC Zagrzeb filter and Mutable Instruments Beads. We'll be joined by Bastl Pizza doing some FM duties, and the Bitbox Micro doing drums. Ahoy.\n\nModules used in this video (via Perfect Circuit and Patchwerks)\n\nInstruo Cruinn: https://bit.ly/cruinnpc\nXAOC Zagrzeb: https://bit.ly/3HhbEAj\nMutable Instruments Beads:  https://shrsl.com/38qvc\nAcid Rain Navigator: http://shrsl.com/38qt2\nAcid Rain Constellation: https://shrsl.com/3plw6\nBitbox Micro: http://shrsl.com/3plw8\n\n00:00 intro\n01:52 basic sound demo\n03:54 rhythmic fm modulation\n07:41 spread cv modulation\n09:23 dune fm drones\n12:12 outro jam\n\nJoin me on Patreon and get access to music, presets, samples, and a great community: http://bit.ly/rmrpatreon\n\nTake a lesson with me: https://rmr.media/education\n\nFind my music here: \nBandcamp: http://bit.ly/2Kq617o\nSoundcloud: http://bit.ly/2NOH9Is\nSpotify: https://spoti.fi/2N40SoX\nYouTube Music: https://bit.ly/3PZQ4ol\niTunes: https://apple.co/2pqh3SK\nAmazon Music: https://amzn.to/2O9q1fe\n\nMerch: http://bit.ly/rmrshirts\n\nConnect:\nTwitter: http://bit.ly/rmrtwitters\nWebsite: http://bit.ly/rmrmedia", "link": "https://www.youtube.com/watch?v=9DyKmvxxlpA", "date_published": "2022-09-22 00:00:00+00:00", "persistent": false, "user": null, "language": "en-US"}]