[{"source": "https://www.youtube.com/feeds/videos.xml?channel_id=UCXuqSBlHAE6Xw-yeJA0Tunw", "title": "Intel tried to keep this from me - Intel Arc Pro GPUs", "description": "Play Crossout for FREE on PC, Xbox Series X|S and PS\u00ae5: https://xoplay.link/ltt.  See you in battle!\n\nPurchase the Viewsonic X2000-4K at https://geni.us/7vBAO\n\nWe almost didn\u2019t attend SIGGRAPH, but we had to go when Intel revealed Arc Pro GPUs. Is it everything graphics professionals hoped it would be, and if not, what did Nvidia announce?\n\nDiscuss on the forum: https://linustechtips.com/topic/1449242-intel-tried-to-keep-this-from-me/\n\nPurchases made through some store links may provide some compensation to Linus Media Group.\n\n\u25ba GET MERCH: https://lttstore.com\n\u25ba SUPPORT US ON FLOATPLANE: https://www.floatplane.com/ltt\n\u25ba AFFILIATES, SPONSORS & REFERRALS: https://lmg.gg/sponsors\n\u25ba PODCAST GEAR: https://lmg.gg/podcastgear\n\n\nFOLLOW US \n---------------------------------------------------  \nTwitter: https://twitter.com/linustech\nFacebook: http://www.facebook.com/LinusTech\nInstagram: https://www.instagram.com/linustech\nTikTok: https://www.tiktok.com/@linustech\nTwitch: https://www.twitch.tv/linustech\n\nMUSIC CREDIT\n---------------------------------------------------\nIntro: Laszlo - Supernova\nVideo Link: https://www.youtube.com/watch?v=PKfxmFU3lWY\niTunes Download Link: https://itunes.apple.com/us/album/supernova/id936805712\nArtist Link: https://soundcloud.com/laszlomusic\n\nOutro: Approaching Nirvana - Sugar High\nVideo Link: https://www.youtube.com/watch?v=ngsGBSCDwcI\nListen on Spotify: http://spoti.fi/UxWkUw\nArtist Link: http://www.youtube.com/approachingnirvana\n\nIntro animation by MBarek Abdelwassaa https://www.instagram.com/mbarek_abdel/\nMonitor And Keyboard by vadimmihalkevich / CC BY 4.0  https://geni.us/PgGWp\nMechanical RGB Keyboard by BigBrotherECE / CC BY 4.0 https://geni.us/mj6pHk4\nMouse Gamer free Model By Oscar Creativo / CC BY 4.0 https://geni.us/Ps3XfE\n\nCHAPTERS\n---------------------------------------------------\n0:00 Intro\n0:54 Arc Pro A40 demos\n1:57 Arc Pro A40 & A50 specs\n3:05 Arctic Sound-M datacenter GPUs (SuperMicro)\n4:23 No Nvidia on the show floor\n5:17 Webcam-based motion capture (Plask)\n6:03 Finger-tracking gloves (Manus)\n7:00 Conclusion", "link": "https://www.youtube.com/watch?v=RlPesrNpPNQ", "date_published": "2022-08-13 00:00:00+00:00", "persistent": false, "user": null, "language": "en-US"}, {"source": "https://www.youtube.com/feeds/videos.xml?channel_id=UCXuqSBlHAE6Xw-yeJA0Tunw", "title": "Trust Me Bro  - WAN Show August 12, 2022", "description": "Get your first $5,000 managed for FREE at https://www.wealthfront.com/WAN/\nBuy a Seasonic Prime TX 1000W PSU: https://geni.us/aryiquT\nTry Vultr today with an exclusive 30-day $150 code for signing up at https://getvultr.com/wan\n\nPodcast Download: https://anchor.fm/thewanshowpodcast/episodes/Trust-Me-Bro---WAN-Show-August-12--2022-e1mhurt\n\nTimestamps: (Courtesy of NoKi1119)\n0:00 Chapters.\n1:50 Intro.\n2:18 Topic #1: Google tells Apple to adopt RCS.\n3:58 Green bubble is bad for dating, discussing social life.\n7:38 Topic #2: LTTStore's backpack warranty.\n8:46 Summarizing interpretation from Linus's comments.\n10:30 Explaining the \"trust me, bro\" & investments.\n15:10 Luke discusses the wording & responses.\n18:12 Linus on what he really meant about the store support.\n21:46 Linus on the retiring stream.\n24:18 Things that Linus feels he did wrong.\n26:50 Internal versus external policy, ghosting people, lawsuits.\n29:22 LTT's reputation, GN's video, discussing trust.\n33:12 Subreddit's thread, accusations towards LMG censoring.\n40:36 Planned warranty for LTTStore, nothing changes with LMG.\n44:42 LTTStore's \"Trust me bro\" T-Shirt.\n[Cont.] Topic #2: LTTStore's backpack warranty.\n46:55 Clearing the confusion in chats.\n48:48 LTTStore discount, sweatband.\n49:21 Topic #3: Linus's pool update.\n50:55 Concrete & cement ratio, explaining shortage.\n55:02 Topic #4: Netflix has mobile iOS games.\n58:38 Discussing Netflix users, comparing to Apple Arcade.\n1:01:34 Ubisoft, Netflix Premium subscription.\n1:04:28 Merch Messages #1.\n1:05:00 Riding season, video on biking & gear.\n1:05:57 Floatplane background play.\n1:06:16 Sponsoring an Esports team.\n1:11:34 Less commonly known tech carriers.\n1:14:46 Thought on Steam spam games, pop-ups, Luke's \"child\".\n1:20:49 Sponsors.\n1:21:01 Wealthfront.\n1:22:18 Seasonic.\n1:22:48 VULTR ft. Seasonic's 12 years warranty.\n1:26:22 Topic #5: Newegg GIGABYTE discount scandal.\n1:31:28 Linus tries to read into the refund & shipping issue.\n1:39:48 Topic #6: Linus V.S. Naomi Wu Twitter controversy.\n1:45:00 Naomi Wu & 4chan changing the story.\n1:48:29 Discussing responses on Twitter.\n2:01:52 Topic #7: Instagram & Facebook's excuse for in-app browser.\n2:05:44 Merch Messages #2.\n2:05:52 LMG's tape backup.\n2:08:35 Battery technology in houses.\n2:10:47 LTT demographics.\n2:13:46 Should NVidia branch out into CPUs?\n2:14:16 AMD CPU show similar to Intel's ARC?\n2:16:30 Half life 2 in VR.\n2:18:30 How Linus feels about the 20,000 bags.\n2:25:58 Luke's Steam Deck & spending habit.\n2:31:45 Steam Deck for game streaming.\n2:33:24 Product category Linus would target.\n2:34:34 Steam Deck with case for LTTStore backpack.\n2:35:10 Networking cables & wifi mesh.\n2:40:20 Outro.", "link": "https://www.youtube.com/watch?v=I1rCEL9uGwk", "date_published": "2022-08-12 00:00:00+00:00", "persistent": false, "user": null, "language": "en-US"}]