[{"source": "https://www.youtube.com/feeds/videos.xml?channel_id=UCswH8ovgUp5Bdg-0_JTYFNw", "title": "I Can\u2019t Believe He Just DID THIS", "description": "As Justin Trudeau now joins the Netherlands, Germany and Sri Lanka in making applying pressure to farmers over emissions, do politicians and their rich friends they give tax cuts to follow the same climate goals? \n#justintrudeau #canada #farmersprotest #climatechange \n\nReferences\n--------------------------------------------------------------------------------------------------------------------------\nTickets To My Live Show: https://www.russellbrand.com/live-dates/\n\nJoin Our Community HERE: https://www.russellbrand.com/join \n\nFor meditation and breath work, subscribe to my side-channel: \nhttps://www.youtube.com/c/AwakeningWithRussell\n\nRumble:\nhttps://rumble.com/c/russellbrand\n\nLocals:\nhttps://russellbrand.locals.com/", "link": "https://www.youtube.com/watch?v=B15zpf_6T4c", "date_published": "2022-08-12 00:00:00+00:00", "persistent": false, "user": null, "language": "en-US"}]