[{"source": "https://www.youtube.com/feeds/videos.xml?channel_id=UCNvzD7Z-g64bPXxGzaQaa4g", "title": "10 REALISTIC Unreal Engine 5 Demos Show Future of Graphics [4K]", "description": "Unreal Engine 5 is producing some incredible looking projects. Here are some amazing recent examples with great graphics.\nSubscribe for more: https://www.youtube.com/gameranxTV?sub_confirmation=1\n\nPart 1 - https://www.youtube.com/watch?v=BYQmp1ZM0jM\n---------------\nSources:\nhttps://www.youtube.com/watch?v=p3tpq5zD418&ab_channel=DanielMagyar\n--\nhttps://www.youtube.com/watch?v=g0VAy6t0UFI&ab_channel=dviz\nhttps://www.youtube.com/watch?v=DHV3EvstBWI&ab_channel=dviz\n--\nhttps://www.youtube.com/watch?v=SjLXyO_CpHM&ab_channel=WaveFunctionVR\n\nhttps://www.youtube.com/watch?v=XRcXsw5Pj4Y\n\nhttps://www.youtube.com/watch?v=0kWn90jb1r4&ab_channel=BrilliantBlue\n\nhttps://www.youtube.com/watch?v=ADjoNvkLL20&ab_channel=RivardoKusuma\n\nhttps://www.youtube.com/watch?v=VaGQhqqTkxo&ab_channel=AnuarFigueroa3D\n\nhttps://www.youtube.com/watch?v=2i8HenF-zMk&t=174s&ab_channel=MelhemSfeir\n\nhttps://www.youtube.com/watch?v=jKuHiDyLZfw&t=34s&ab_channel=MelhemSfeir\n\nhttps://www.youtube.com/watch?v=-n58sQqdmA0&ab_channel=RobJinStudio", "link": "https://www.youtube.com/watch?v=ZSZDIeKCs4o", "date_published": "2022-02-14 00:00:00+00:00", "persistent": false, "user": null, "language": "en-US"}, {"source": "https://www.youtube.com/feeds/videos.xml?channel_id=UCNvzD7Z-g64bPXxGzaQaa4g", "title": "Dying Light 2: Top 10 Secrets & Easter Eggs", "description": "Dying Light 2 (PC, PS5, PS4, Xbox Series X/S/One) is filled with tons of fun secrets, easter eggs, and references to find. Here are our some of our favorite examples.\nSubscribe for more: https://www.youtube.com/gameranxTV?sub_confirmation=1\n\n#DyingLight2\n\nreferences:\n\n#2\n https://www.reddit.com/r/dyinglight/comments/slg9q6/any_idea_as_to_what_the_evil_rubber_ducks_are_for/\n\n#1\nhttps://www.reddit.com/r/dyinglight/comments/slg9q6/any_idea_as_to_what_the_evil_rubber_ducks_are_for/", "link": "https://www.youtube.com/watch?v=hDxKCi8RGsY", "date_published": "2022-02-14 00:00:00+00:00", "persistent": false, "user": null, "language": "en-US"}, {"source": "https://www.youtube.com/feeds/videos.xml?channel_id=UCNvzD7Z-g64bPXxGzaQaa4g", "title": "Top 10 NEW Medieval Games of 2022", "description": "Looking for swords, castles, and maybe even sorcery in your video games? We've got you covered with these medieval themed games on PC, PS5, PS4, and Xbox Series X/S/One.\nSubscribe for more: https://www.youtube.com/gameranxTV?sub_confirmation=1\n\n10-Thymesia\n\nPlatform : PC PS5 XSX|S\n\nRelease Date : TBA 2022 \n\n\n\n9- Project Awakening\n\nPlatform : PS4 PS5\n\nRelease Date : TBA 2022 \n\n\n\n8-Crimson Desert\n\nPlatform : PC PS4 PS5 XSX|S Xbox One \n\nRelease Date : TBA 2022 \n\n\n\n7-Knights of Honor II: Sovereign \n\nPlatform : PC \n\nRelease Date : TBA 2022 \n\n\n\n6-Manor Lords\n\nPlatform : PC \n\nRelease Date : TBA\n\n\n\n5-A Plague Tale: Requiem \n\nPlatform : PC PS5 XSX|S Switch \n\nRelease Date : TBA 2022 \n\n\n\n4-Diplomacy is Not an Option \n\nPlatform : PC \n\nRelease Date : 9 February 2022 \n\n\n\n3-Total War: Warhammer III \n\nPlatform : PC Linnux \n\nRelease Date : February 17, 2022 \n\n\n\n2-Avowed \n\nPlatform : PC XSX|S\n\nRelease Date : TBA \n\n\n\n1-Elden Ring\n\nPlatform : PC PS4 PS5 XSX|S Xbox One \n\nRelease Date : February 25, 2022 \n\n\n\nBonus:\n\n\n\nV Rising\n\nPlatform : PC \n\nRelease Date : TBA  \n\n\nThe Iron Oath \n\nPlatform : PC \n\nRelease Date : TBA  \n\n\nBabylon's Fall\n\nPlatform : PC PS4 PS5 \n\nRelease Date : March 3, 2022    \n\n\nForspoken \n\nPlatform : PC PS5 \n\nRelease Date : May 24, 2022    \n\n\n\nThe Lord of the Rings: Gollum\n\nPlatform : PC PS4 PS5 XSX|S Xbox One Switch \n\nRelease Date : 2022 \n\n\n\nGod of War Ragnarok \n\nPlatform : PS4 PS5 \n\nRelease Date : 2022", "link": "https://www.youtube.com/watch?v=rb4R4npjxCw", "date_published": "2022-02-13 00:00:00+00:00", "persistent": false, "user": null, "language": "en-US"}]