[{"source": "https://www.youtube.com/feeds/videos.xml?channel_id=UCh9IfI45mmk59eDvSWtuuhQ", "title": "How Insects Got Their Names", "description": "Save 33% on your first Native Plastic-Free Deodorant Pack - normally $39, you\u2019ll get it for $26! Click here https://bit.ly/nativergeorge and use my code RGEORGE \n\nHi there hello please click the subscribe button and turn on notifications so I can feed my cats.\nTwitter/Instagram: @TheRyanGeorge\n\nNATIVE DEODORANT REVIEW:\nIt's good and I like it!", "link": "https://www.youtube.com/watch?v=bYyiS8AT3ug", "date_published": "2022-02-13 00:00:00+00:00", "persistent": false, "user": null, "language": "en-US"}]