[{"source": "https://www.youtube.com/feeds/videos.xml?channel_id=UC-2YHgc363EdcusLIBbgxzg", "title": "Why Are There No Tornadoes In Europe? | Answers With Joe", "description": "Visit http://www.brilliant.org/answerswithjoe to start learning STEM for free, and the first 200 people will get 20% off their annual premium subscription.\nAnybody who grew up in the Midwest is familiar with the threat of tornadoes, but why are tornadoes so prevalent in the American Midwest and not other places in the world? Today we talk with Pecos Hank to learn what causes tornadoes to form and why the United States gets way more of them than anywhere else in the world.\n\nCheck out Hank's channel here:\nhttps://www.youtube.com/c/PecosHank\n\nYou can check out the interview with Hank (coming soon) on my podcast, Conversations With Joe. Check it out on Spotify, Apple Podcasts, Google Podcasts, or wherever you get your podcasts.\n\nSpotify \ud83d\udc49 https://spoti.fi/3AWUFAO\nApple Podcasts \ud83d\udc49 https://apple.co/3Hngf3v\nGoogle Podcasts \ud83d\udc49 https://bit.ly/3s9Sq9b\n\nWant to support the channel? Here's how:\n\nPatreon: http://www.patreon.com/answerswithjoe\nChannel Memberships: https://www.youtube.com/channel/UC-2YHgc363EdcusLIBbgxzg/join\nT-Shirts & Merch: http://www.answerswithjoe.com/store\n\nCheck out my 2nd channel, Joe Scott TMI:\nhttps://www.youtube.com/channel/UCqi721JsXlf0wq3Z_cNA_Ew\n\nInterested in getting a Tesla or going solar? Use my referral link and get discounts and perks:\nhttps://ts.la/joe74700\n\nFollow me at all my places!\nInstagram: https://instagram.com/answerswithjoe\nTikTok: https://www.tiktok.com/@answerswithjoe\nFacebook: http://www.facebook.com/answerswithjoe\nTwitter: https://www.twitter.com/answerswithjoe\n\nLINKS LINKS LINKS:\n\nhttps://en.wikipedia.org/wiki/1979_Red_River_Valley_tornado_outbreak\n\nhttps://www.weatherwizkids.com/weather-tornado.htm\n\nhttps://scied.ucar.edu/learning-zone/storms/how-tornadoes-form\n\nhttps://www.cnn.com/2021/04/26/weather/tornado-facts-formation-supercell/index.html\n\nhttps://www.weather.gov/oun/efscale\n\nhttps://scied.ucar.edu/learning-zone/storms/tornadoes/where-tornadoes-happen\n\nhttps://www.usatoday.com/in-depth/news/nation/2021/06/16/tornado-season-changing-spreading-across-south-deaths-and-destruction/5134403001/\n\nhttps://www.aljazeera.com/news/2019/8/11/just-how-common-are-tornadoes-in-europe\n\nhttps://www.accuweather.com/en/weather-news/which-areas-around-the-world-are-most-prone-to-tornadoes/361551\n\nhttps://www.thoughtco.com/worlds-worst-tornadoes-3555048\n\nhttps://talkweather.com/threads/tornadoes-on-other-planets-moons.1724/\n\nhttps://www.sciencefocus.com/planet-earth/the-weirdest-and-rarest-weather-phenomena-from-around-the-world/\n\nhttps://www.redcross.org/get-help/how-to-prepare-for-emergencies/types-of-emergencies/tornado.html", "link": "https://www.youtube.com/watch?v=CoqNpydOJq4", "date_published": "2022-02-14 00:00:00+00:00", "persistent": false, "user": null, "language": "en-US"}]