[{"source": "https://www.youtube.com/feeds/videos.xml?channel_id=UChvithwOECK5g_19TjldMKw", "title": "The Olympics Backfired on China - Disastrous Regret", "description": "The Beijing 2022 Winter Olympics were incredibly important for Chinese leadership. Unfortunately for them, it backfired. It was disastrous, and now\nChina faces some serious issues.\n\nSerpentZA - Olympians Forced to use this App - https://youtu.be/-YhEN8ZPD6I\n\n\u25d8 Support me on Patreon to talk to me directly and support my work - http://www.patreon.com/laowhy86\n\u25d8 Donate and support this channel through Paypal http://paypal.me/cmilkrun\n\nCrypto support \n\u25d8 Bitcoin - bc1qrvvga0c4kn69rlte47q0tzrhugn9pf426tqhvm\n\u25d8 ETH -  0x456E5A9B875d4eF8DCb70eB1F7Fa376C520b206C\n\u25d8 Odysee - http://odysee.com/@laowhy86\n\nMy documentaries - \n\u25d8 Conquering Northern China:\nhttps://vimeo.com/ondemand/conqueringnorthernchina\n\u25d8 Conquering Southern China\nhttps://vimeo.com/ondemand/conqueringsouthernchina\n\nADVChina - https://www.youtube.com/advchina\nSerpentZA - https://www.youtube.com/serpentza\nADVPodcasts - https://www.youtube.com/advpodcasts\n\n\u25d8 Donate and support this channel through Paypal http://paypal.me/cmilkrun\n\n\u25d8 OR Become a Sponsor on YouTube:\nhttps://www.youtube.com/channel/UChvithwOECK5g_19TjldMKw/sponsor\n\n\u25d8 Join me every week for videos about China! Don't forget to subscribe!\nhttp://www.youtube.com/laowhy86\n\nBe a Laowinner!\nLike comment subscribe!\n\n\u25d8 Facebook:\nhttp://www.facebook.com/laowhy86\n\n\u25d8 Instagram: \nhttp://instagram.com/laowhy86\n\nMusic -\nBig Bad Beats\nhttps://www.youtube.com/c/bigbadbeats", "link": "https://www.youtube.com/watch?v=tNVUqyeJklw", "date_published": "2022-02-14 00:00:00+00:00", "persistent": false, "user": null, "language": "en-US"}]