[{"source": "https://www.youtube.com/feeds/videos.xml?channel_id=UChnxLLvzviaR5NeKOevB8iQ", "title": "A Cat Learns Synthesis with Syntorial (Part 05)", "description": "Syntorial is a program designed to help you learn how music synthesizers work.\nCats are mammals.\nLet's see what happens when we put them together.\nhttps://www.syntorial.com/\n------------------------------------\nPatreon:  http://bit.ly/rmrpatreon\n\nMy Music: \nBandcamp: http://bit.ly/2Kq617o\nSoundcloud: http://bit.ly/2NOH9Is\nSpotify: https://spoti.fi/2N40SoX\nGoogle Play: http://bit.ly/33M9aG5\niTunes: https://apple.co/2pqh3SK\nAmazon Music: https://amzn.to/2O9q1fe\n\nMerch: http://bit.ly/rmrshirts\n\nConnect:\nTwitter: http://bit.ly/rmrtwitters\nWebsite: http://bit.ly/rmrmedia", "link": "https://www.youtube.com/watch?v=1MKy9LC4JeI", "date_published": "2022-03-29 00:00:00+00:00", "persistent": false, "user": null, "language": "en-US"}]