[{"source": "https://www.youtube.com/feeds/videos.xml?channel_id=UC1W8ShdwtfgjRHdbl1Lctcw", "title": "San Francisco 1906 (New Version) in Color [VFX,60fps, Remastered] w/sound design added", "description": "I colorized , restored and I added a sky visual effect and created a sound design for this video of San Francisco 1906, A Trip Down Market Street, Shot on April 14, 1906, four days before the San Francisco earthquake and fire. From the front of a cable car, a motion picture camera records a trip down Market Street, San Francisco, California, from a point between 8th & 9th Streets, Eastward to the cable car turnaround at the Ferry Building,\n\nVideo Restoration Process:\n\u2714 FPS boosted to 60 frames per second \n\u2714 Image resolution boosted up to HD \n\u2714 Improved video sharpness and brightness \n\u2714 Colorized only for the ambiance (not historically accurate)\n\u2714added sound design only for the ambiance\n\u2714restoration:(stabilisation,denoise,cleand,deblur) \n\u2714 SKY Visual Effects (not historically accurate)\n\nPlease, be aware that colorization colors and SKY Visual Effects are not real and fake, colorization and VFX was made only for the ambiance and do not represent real historical data.\n\nThanks to Prelinger Archives share the amazing B&W Video Source\n\nB&W Video Source from: Prelinger Archives on archive.org\nB&W Video Source: https://archive.org/details/MarketStreet19064KScan20181016\n\nB&W Video Source Rights: under the Creative Commons Attribution License\n- - - - - - - - - - - - - - - - - - - -\n\ud83d\udce8 Contact me at :nassthegoodman@gmail.com\n- - - - - - - - - - - - - - - - - - - -\nFor any Copyright issues, please reach out to us first before filing a claim with YouTube. Send us a message or email detailing your concerns and we'll make sure the matter is resolved immediately. All contact details in our channel's \"About\" page! Please consider \"fair use\" before filing a claim. Thank You!", "link": "https://www.youtube.com/watch?v=sHkc83XA2dY", "date_published": "2022-03-30 00:00:00+00:00", "persistent": false, "user": null, "language": "en-US"}]