[{"source": "https://feeds.washingtonpost.com/rss/business/technology", "title": "Study of large incel internet forum raises alarms about its growth", "description": "More than 2.6 million visit the incel forum each month, where their posts often endorse rape and mass murder, according to the Center for Countering Digital Hate.", "link": "https://www.washingtonpost.com/technology/2022/09/22/incels-rape-murder-study/?utm_source=rss&utm_medium=referral&utm_campaign=wp_business-technology", "date_published": "2022-09-22 19:00:00+00:00", "persistent": false, "user": null, "language": "en-US"}, {"source": "https://feeds.washingtonpost.com/rss/business/technology", "title": "Outside audit says Facebook restricted Palestinian posts during Gaza war", "description": "An independent audit of Meta\u2019s handling of online content during the two-week war between Israel and the militant Palestinian group Hamas last year found that the social media giant had denied Palestinian users their freedom of expression by erroneously removing their content and punished Arabic-speaking users more heavily than Hebrew-speaking ones.", "link": "https://www.washingtonpost.com/technology/2022/09/22/facebook-censorship-palestinians/?utm_source=rss&utm_medium=referral&utm_campaign=wp_business-technology", "date_published": "2022-09-22 18:42:11+00:00", "persistent": false, "user": null, "language": "en-US"}, {"source": "https://feeds.washingtonpost.com/rss/business/technology", "title": "Jan. 6 Twitter witness: Failure to curb Trump spurred \u2018terrifying\u2019 choice", "description": "The whistleblower, who spoke exclusively with The Washington Post, said Twitter's complacency toward then-President Donald Trump led to disastrous consequences.", "link": "https://www.washingtonpost.com/technology/2022/09/22/jan6-committee-twitter-witness-navaroli/?utm_source=rss&utm_medium=referral&utm_campaign=wp_business-technology", "date_published": "2022-09-22 17:35:00+00:00", "persistent": false, "user": null, "language": "en-US"}, {"source": "https://feeds.washingtonpost.com/rss/business/technology", "title": "Video game YouTuber Dunkey launches indie game publisher Bigmode", "description": "In a debut video, Dunkey said he wanted to make good games instead of waiting for them. But some in the space questioned his lack of experience.", "link": "https://www.washingtonpost.com/video-games/2022/09/22/dunkey-youtube-bigmode-indie-publisher/?utm_source=rss&utm_medium=referral&utm_campaign=wp_business-technology", "date_published": "2022-09-22 17:25:51+00:00", "persistent": false, "user": null, "language": "en-US"}, {"source": "https://feeds.washingtonpost.com/rss/business/technology", "title": "The \u2018Omega Strikers\u2019 pitch is \u2018gladiator hockey.\u2019 That\u2019s just the start.", "description": "'Omega Strikers' is a 3v3 sports brawler from Odyssey Interactive that's aiming to be the most accessible and watchable game in the market.", "link": "https://www.washingtonpost.com/video-games/2022/09/22/omega-strikers-interview/?utm_source=rss&utm_medium=referral&utm_campaign=wp_business-technology", "date_published": "2022-09-22 12:37:32+00:00", "persistent": false, "user": null, "language": "en-US"}, {"source": "https://feeds.washingtonpost.com/rss/business/technology", "title": "Book bans are surging but online access tries to fill the void", "description": "Books are being banned across United States school libraries in record numbers, led largely by conservative lawmakers and activists.", "link": "https://www.washingtonpost.com/technology/2022/09/22/books-banned-libraries/?utm_source=rss&utm_medium=referral&utm_campaign=wp_business-technology", "date_published": "2022-09-22 10:13:05+00:00", "persistent": false, "user": null, "language": "en-US"}, {"source": "https://feeds.washingtonpost.com/rss/business/technology", "title": "Health apps share your concerns with advertisers. HIPAA can\u2019t stop it.", "description": "We examined the privacy practices of popular health apps including Drugs.com, WebMD, K Health, HealthTap and Period Calendar.", "link": "https://www.washingtonpost.com/technology/2022/09/22/health-apps-privacy/?utm_source=rss&utm_medium=referral&utm_campaign=wp_business-technology", "date_published": "2022-09-22 07:00:37+00:00", "persistent": false, "user": null, "language": "en-US"}, {"source": "https://feeds.washingtonpost.com/rss/business/technology", "title": "Inside the civil rights campaign to get Big Tech to fight the \u2018big lie\u2019", "description": "For months, the Change the Terms coalition pleaded with Meta, Twitter, TikTok and YouTube to bolster its content moderation systems.", "link": "https://www.washingtonpost.com/technology/2022/09/22/midterms-elections-social-media-civil-rights/?utm_source=rss&utm_medium=referral&utm_campaign=wp_business-technology", "date_published": "2022-09-22 07:00:22+00:00", "persistent": false, "user": null, "language": "en-US"}, {"source": "https://feeds.washingtonpost.com/rss/business/technology", "title": "Inside crypto\u2019s house of cards", "description": "The wild beginnings, crazy turns, colorful characters and multiple comebacks of crypto.", "link": "https://www.washingtonpost.com/technology/interactive/2022/crypto-exchange-bitcoin-history/?utm_source=rss&utm_medium=referral&utm_campaign=wp_business-technology", "date_published": "2022-09-22 06:30:45+00:00", "persistent": false, "user": null, "language": "en-US"}, {"source": "https://feeds.washingtonpost.com/rss/business/technology", "title": "Biotech aims to detect cancer early. But tests have a long way to go.", "description": "President Biden said he wants to foster research on early-cancer-detection blood tests through his cancer \u201cmoonshot\u201d initiative.", "link": "https://www.washingtonpost.com/technology/2022/09/22/early-detection-cancer-tests-biden-cancer-moonshot/?utm_source=rss&utm_medium=referral&utm_campaign=wp_business-technology", "date_published": "2022-09-22 06:00:24+00:00", "persistent": false, "user": null, "language": "en-US"}]