[{"source": "http://www.zdnet.com/news/rss.xml", "title": "Apple releases iOS update to fix iPhone 14 Pro camera shaking problem", "description": "After Apple released its new flagship devices, some users reported the camera on the phone would shake when they tried to take a picture using third-party apps like TikTok and Instagram.", "link": "https://www.zdnet.com/article/apple-releases-ios-update-to-fix-iphone-14-pro-camera-shaking-problem/#ftag=RSSbaffb68", "date_published": "2022-09-22 21:37:23+00:00", "persistent": false, "user": null, "language": "en-US"}, {"source": "http://www.zdnet.com/news/rss.xml", "title": "Starlink speeds have slowed as more people sign up, report shows", "description": "The satellite internet service provider is adding customers around the globe, but its growing popularity is impacting its performance.", "link": "https://www.zdnet.com/article/starlink-speeds-have-slowed-as-more-people-sign-up-report-shows/#ftag=RSSbaffb68", "date_published": "2022-09-22 20:42:10+00:00", "persistent": false, "user": null, "language": "en-US"}, {"source": "http://www.zdnet.com/news/rss.xml", "title": "AirPods Pro 2 offer two big upgrades but connectivity chaos hasn't been tamed", "description": "Review: The new earbuds build on the successes of their predecessor with better noise cancellation and the most advanced AirPods case yet.", "link": "https://www.zdnet.com/article/airpods-pro-2-offer-two-big-upgrades-but-connectivity-chaos-hasnt-been-tamed/#ftag=RSSbaffb68", "date_published": "2022-09-22 19:14:00+00:00", "persistent": false, "user": null, "language": "en-US"}, {"source": "http://www.zdnet.com/news/rss.xml", "title": "HP launches a laptop in a way even Apple wouldn't dare", "description": "HP offers a very different story because, it says, it's not \"bombastic\" like some competitors. Now, who might that be?", "link": "https://www.zdnet.com/article/hp-launches-a-laptop-in-a-way-even-apple-wouldnt-dare/#ftag=RSSbaffb68", "date_published": "2022-09-22 19:04:00+00:00", "persistent": false, "user": null, "language": "en-US"}, {"source": "http://www.zdnet.com/news/rss.xml", "title": "How to watch a NASA spacecraft smash into an asteroid live", "description": "On Monday, as part of the DART mission, NASA will send a spacecraft to collide with its target asteroid Dimorphos. Here is how you can watch it happen live.", "link": "https://www.zdnet.com/article/how-to-watch-a-nasa-spacecraft-smash-into-an-asteroid-live/#ftag=RSSbaffb68", "date_published": "2022-09-22 19:02:21+00:00", "persistent": false, "user": null, "language": "en-US"}, {"source": "http://www.zdnet.com/news/rss.xml", "title": "Chainguard releases Wolfi, a Linux 'undistribution'", "description": "Chainguard takes a new approach to building a container Linux with all the security you'd need already baked in.", "link": "https://www.zdnet.com/article/chainguard-releases-wolfi-a-linux-undistribution/#ftag=RSSbaffb68", "date_published": "2022-09-22 17:47:27+00:00", "persistent": false, "user": null, "language": "en-US"}, {"source": "http://www.zdnet.com/news/rss.xml", "title": "Is Microsoft cracking down on Windows 11 updates for unsupported hardware?", "description": "You just checked Windows Update, but the latest Windows 11 feature update isn't showing up. Does that mean Microsoft is cutting off updates to incompatible hardware? I did some testing.", "link": "https://www.zdnet.com/article/is-microsoft-cracking-down-on-windows-11-updates-for-unsupported-hardware/#ftag=RSSbaffb68", "date_published": "2022-09-22 17:01:15+00:00", "persistent": false, "user": null, "language": "en-US"}, {"source": "http://www.zdnet.com/news/rss.xml", "title": "Microsoft readies more modules for its Viva employee-experience suite", "description": "Microsoft is readying yet more new modules for its Viva platform and is gearing up to make its first role-based Viva app, Viva Sales, generally available on October 3.", "link": "https://www.zdnet.com/article/microsoft-readies-more-modules-for-its-viva-employee-experience-suite/#ftag=RSSbaffb68", "date_published": "2022-09-22 13:14:00+00:00", "persistent": false, "user": null, "language": "en-US"}, {"source": "http://www.zdnet.com/news/rss.xml", "title": "Programming languages: Java 19 arrives and here's what's new", "description": "Oracle has released Java 19, which adds a port for the open-source RSIC-V chip architecture plus other developments.", "link": "https://www.zdnet.com/article/programming-languages-java-19-arrives-and-heres-whats-new/#ftag=RSSbaffb68", "date_published": "2022-09-22 13:01:22+00:00", "persistent": false, "user": null, "language": "en-US"}, {"source": "http://www.zdnet.com/news/rss.xml", "title": "Google just launched a budget-friendly Chromecast powered by Google TV", "description": "Don't want or need a 4K Chromecast? The $30 Chromecast with Google TV (HD) is meant for you.", "link": "https://www.zdnet.com/home-and-office/home-entertainment/google-just-launched-a-budget-friendly-chromecast-powered-by-google-tv/#ftag=RSSbaffb68", "date_published": "2022-09-22 13:00:01+00:00", "persistent": false, "user": null, "language": "en-US"}, {"source": "http://www.zdnet.com/news/rss.xml", "title": "AirPods Pro 2 are transparently great, especially if you care about these two things", "description": "Review: The new earbuds build on the successes of their predecessor with better noise cancellation and the most advanced AirPods case yet.", "link": "https://www.zdnet.com/article/airpods-pro-2-are-transparently-great-especially-if-you-care-about-these-two-things/#ftag=RSSbaffb68", "date_published": "2022-09-22 13:00:00+00:00", "persistent": false, "user": null, "language": "en-US"}, {"source": "http://www.zdnet.com/news/rss.xml", "title": "AirPods Pro 2 have two killer features and a couple big challenges", "description": "Review: The new earbuds build on the successes of their predecessor with better noise cancellation and the most advanced AirPods case yet.", "link": "https://www.zdnet.com/article/airpods-pro-2-have-two-killer-features-and-a-couple-big-challenges/#ftag=RSSbaffb68", "date_published": "2022-09-22 13:00:00+00:00", "persistent": false, "user": null, "language": "en-US"}, {"source": "http://www.zdnet.com/news/rss.xml", "title": "Break up with LastPass: How to use iCloud as a password manager on Windows", "description": "If you already have an iPhone, an iPad, or a Mac, then a free and secure password manager has been in your hands all this time.", "link": "https://www.zdnet.com/article/break-up-with-lastpass-how-to-use-icloud-as-a-password-manager-on-windows/#ftag=RSSbaffb68", "date_published": "2022-09-22 13:00:00+00:00", "persistent": false, "user": null, "language": "en-US"}, {"source": "http://www.zdnet.com/news/rss.xml", "title": "AGM Glory G1S review: Superhero powers in a rugged smartphone", "description": "Laser from the top, thermographic sensing, and night vision all seem like unique superpowers, but they are actual features tucked inside this rugged Android.", "link": "https://www.zdnet.com/article/agm-glory-g1s-review/#ftag=RSSbaffb68", "date_published": "2022-09-22 12:00:00+00:00", "persistent": false, "user": null, "language": "en-US"}, {"source": "http://www.zdnet.com/news/rss.xml", "title": "This Windows 11 security feature makes your PC 'very unattractive' to password hackers", "description": "Microsoft rolls out a new security feature that should significantly slow down password attacks against Windows devices.", "link": "https://www.zdnet.com/article/this-windows-11-security-feature-makes-your-pc-very-unattractive-to-password-hackers/#ftag=RSSbaffb68", "date_published": "2022-09-22 11:53:27+00:00", "persistent": false, "user": null, "language": "en-US"}, {"source": "http://www.zdnet.com/news/rss.xml", "title": "The 5 best podcast apps of 2022", "description": "Podcasts have grown in popularity, and so have the ways to listen to them. The top podcast apps come with personalized playlists, offline listening, bonus content, and more. We compared five of them to determine the best app overall, and you may be surprised.", "link": "https://www.zdnet.com/article/best-podcast-app/#ftag=RSSbaffb68", "date_published": "2022-09-22 11:18:00+00:00", "persistent": false, "user": null, "language": "en-US"}, {"source": "http://www.zdnet.com/news/rss.xml", "title": "Programming languages: It's time to stop using C and C++ for new projects, says Microsoft Azure CTO", "description": "The industry should treat C and C++ languages as 'deprecated', says Azure CTO.", "link": "https://www.zdnet.com/article/programming-languages-its-time-to-stop-using-c-and-c-for-new-projects-says-microsoft-azure-cto/#ftag=RSSbaffb68", "date_published": "2022-09-22 10:29:26+00:00", "persistent": false, "user": null, "language": "en-US"}, {"source": "http://www.zdnet.com/news/rss.xml", "title": "Microsoft's updated Windows 11 photos app makes it easier to backup your pictures", "description": "Microsoft is dumping the legacy Windows 11 Photos app from its pre-bundled apps, but it's still available in the Microsoft Store.", "link": "https://www.zdnet.com/article/microsofts-updated-windows-11-photos-app-makes-it-easier-to-backup-your-pictures/#ftag=RSSbaffb68", "date_published": "2022-09-22 09:22:11+00:00", "persistent": false, "user": null, "language": "en-US"}, {"source": "http://www.zdnet.com/news/rss.xml", "title": "Optus security breach compromises customers' passport details", "description": "Australian operator says it is investigating \"unauthorised access\" of personal data belonging to its current and former customers, including dates of birth, phone numbers, and passport numbers.", "link": "https://www.zdnet.com/article/optus-security-breach-compromises-customers-passport-details/#ftag=RSSbaffb68", "date_published": "2022-09-22 06:42:38+00:00", "persistent": false, "user": null, "language": "en-US"}, {"source": "http://www.zdnet.com/news/rss.xml", "title": "The 5 best iPad Air cases and covers of 2022", "description": "Keeping your iPad Air protected doesn't mean you need to sacrifice quality or style. The best iPad Air cases and covers offer durability and multiple kickstand configurations. In fact, ZDNET's top choice delivers the perfect fit.", "link": "https://www.zdnet.com/article/best-ipad-air-case/#ftag=RSSbaffb68", "date_published": "2022-09-22 06:25:00+00:00", "persistent": false, "user": null, "language": "en-US"}, {"source": "http://www.zdnet.com/news/rss.xml", "title": "The 5 best travel backpacks of 2022", "description": "When you're on the road, a backpack should fit and protect important items. We tested and analyzed the best travel backpacks to make your next adventure feel like a breeze.", "link": "https://www.zdnet.com/home-and-office/yard-outdoors/best-travel-backpack/#ftag=RSSbaffb68", "date_published": "2022-09-22 06:11:00+00:00", "persistent": false, "user": null, "language": "en-US"}, {"source": "http://www.zdnet.com/news/rss.xml", "title": "Need AI-powered voiceovers? Micmonster is 80% off", "description": "Micmonster is the text-to-speech tool that lets you take your pick of voices in 129 languages.", "link": "https://www.zdnet.com/article/need-ai-powered-voiceovers-micmonster-is-80-off/#ftag=RSSbaffb68", "date_published": "2022-09-22 05:55:09+00:00", "persistent": false, "user": null, "language": "en-US"}, {"source": "http://www.zdnet.com/news/rss.xml", "title": "Need AI-powered voiceovers? Micmonster is 50% off", "description": "Micmonster is the text-to-speech tool that lets you take your pick of voices in 129 languages.", "link": "https://www.zdnet.com/article/need-ai-powered-voiceovers-micmonster-is-50-off/#ftag=RSSbaffb68", "date_published": "2022-09-22 05:55:00+00:00", "persistent": false, "user": null, "language": "en-US"}, {"source": "http://www.zdnet.com/news/rss.xml", "title": "MacBook Air deal: 13.3-inch refurbished model is 80% off", "description": "This 2015 MacBook Air has a stunning Retina display and powerful internals yet weighs only three pounds.", "link": "https://www.zdnet.com/article/macbook-air-deal-13-3-inch-refurbished-model-is-80-off/#ftag=RSSbaffb68", "date_published": "2022-09-22 05:52:00+00:00", "persistent": false, "user": null, "language": "en-US"}]