[{"source": "https://lifehacker.com/rss", "title": "How (and Why) to Do Copenhagen Planks", "description": "<img src=\"https://i.kinja-img.com/gawker-media/image/upload/s--h6O36UmU--/c_fit,fl_progressive,q_80,w_636/4758dc8ec7da8f52f054d0b8bdc0e25d.jpg\" /><p>We last saw Copenhagen planks in <a href=\"https://lifehacker.com/12-bodyweight-exercises-that-will-actually-make-you-str-1847903062\">our rundown of the best bodyweight exercises that actually build strength</a>. But it\u2019s an under-appreciated exercise, and deserves a spotlight of its own. The Copenhagen plank looks a bit like a side plank: You\u2019re lea", "link": "https://lifehacker.com/how-and-why-to-do-copenhagen-planks-1849569524", "date_published": "2022-09-22 22:00:00+00:00", "persistent": false, "user": null, "language": "en-US"}, {"source": "https://lifehacker.com/rss", "title": "You Can Curate Lists of Your Favorite (or Frequent) Locations in Google Maps", "description": "<img src=\"https://i.kinja-img.com/gawker-media/image/upload/s--7yF84OJT--/c_fit,fl_progressive,q_80,w_636/ffa853e80742c069b05f7ceb1645c0c7.jpg\" /><p>When you open Google Maps, it\u2019s usually either for somewhere you\u2019ve <em>never </em>been before, or a location you visit <em>all </em>the time. The app makes it easy to find a new restaurant or venue or try, but it\u2019s just as good for monitoring traffic on your daily commute. We all have a host of frequent locations we enter into Google\u2026</p><p><a href", "link": "https://lifehacker.com/you-can-curate-lists-of-your-favorite-or-frequent-loc-1849569641", "date_published": "2022-09-22 21:30:00+00:00", "persistent": false, "user": null, "language": "en-US"}, {"source": "https://lifehacker.com/rss", "title": "Why You Should Blanch Your Vegetables Before Freezing Them", "description": "<img src=\"https://i.kinja-img.com/gawker-media/image/upload/s--npU1n4s4--/c_fit,fl_progressive,q_80,w_636/7c3def5f5acfc70d391d4424e80ca8fb.jpg\" /><p>Buying vegetables in bulk is a good way to save money on already cheap (or not so cheap) vegetables. Many of them will keep for weeks in a cool, dry place, but even the most zealous vegetable enjoyer can find themselves with too much of a good thing. In moments like these, you turn to your freezer.</p><p><a href=\"https://lifehacker.com/why-you-shoul", "link": "https://lifehacker.com/why-you-should-blanch-your-vegetables-before-freezing-t-1849569633", "date_published": "2022-09-22 21:00:00+00:00", "persistent": false, "user": null, "language": "en-US"}, {"source": "https://lifehacker.com/rss", "title": "How to Clean Your Electrical Outlets Without Killing Yourself", "description": "<img src=\"https://i.kinja-img.com/gawker-media/image/upload/s--MC1XIejY--/c_fit,fl_progressive,q_80,w_636/9a76dae59d91b59d7d08d3df6f4b3327.jpg\" /><p>Most people wouldn\u2019t necessarily think of cleaning an electrical outlet, what with the risk of shock and all\u2014but they can get dusty just like anything else in your home. Dust can build up on the surfaces and prevent cords from making contact, and can even cause fire in extreme cases. To keep your outlets looking and\u2026</p><p><a href=\"https://lifehacke", "link": "https://lifehacker.com/how-to-clean-your-electrical-outlets-without-killing-yo-1849568733", "date_published": "2022-09-22 20:30:00+00:00", "persistent": false, "user": null, "language": "en-US"}, {"source": "https://lifehacker.com/rss", "title": "How Being Kind at Work (to Others and Yourself) Can Combat Burnout", "description": "<img src=\"https://i.kinja-img.com/gawker-media/image/upload/s--G2-r8TMp--/c_fit,fl_progressive,q_80,w_636/71565c16d0b07142d49864269fc5069e.jpg\" /><p>Work burnout can take many forms: a general lack of enthusiasm for your work, cynicism about your co-workers, or the general fatigue associated with showing up every day to a job that has overworked you to the point of exhaustion. Depending on how bad the situation is, solutions can range from leaving the company\u2026</p><p><a href=\"https://lifehacker.c", "link": "https://lifehacker.com/how-being-kind-at-work-to-others-and-yourself-can-com-1849568597", "date_published": "2022-09-22 20:00:00+00:00", "persistent": false, "user": null, "language": "en-US"}, {"source": "https://lifehacker.com/rss", "title": "How to Tell If Your Floor is Hardwood or Laminate (and Why It Matters)", "description": "<img src=\"https://i.kinja-img.com/gawker-media/image/upload/s--GRZb2_Un--/c_fit,fl_progressive,q_80,w_636/2279a6dfa119c39ab08617a9e709d113.jpg\" /><p>Even if you\u2019ve never once contemplated the <a href=\"https://lifehacker.com/how-to-quiet-creaky-floors-in-an-older-house-1847959921\">flooring you walk on</a>, buying a house will change that fast. There\u2019s a reason everyone on <em>House Hunters</em> asks what kind of floors are in each house they visit: It\u2019s because hardwood floors and laminate floori", "link": "https://lifehacker.com/how-to-tell-if-your-floor-is-hardwood-or-laminate-and-1849568470", "date_published": "2022-09-22 19:30:00+00:00", "persistent": false, "user": null, "language": "en-US"}, {"source": "https://lifehacker.com/rss", "title": "What's New on Paramount+ in October 2022", "description": "<img src=\"https://i.kinja-img.com/gawker-media/image/upload/s--Qf5W1tB1--/c_fit,fl_progressive,q_80,w_636/4f0e03e4dfecfab064dcaceb78a26032.png\" /><p>In case you weren\u2019t aware, it\u2019s nearly October, which means it\u2019s almost time for Halloween. But you don\u2019t need me to remind you of this fact; instead, just read the press release highlighting Paramount+\u2019s  schedule for the month, which inserts multiple puns (\u201cA View From the Eeeeeeeek!\u201d; \u201cPeak Screaming\u201d) to to\u2026</p><p><a href=\"https://lifehacker.com", "link": "https://lifehacker.com/whats-new-on-paramount-in-october-2022-1849568896", "date_published": "2022-09-22 19:00:00+00:00", "persistent": false, "user": null, "language": "en-US"}, {"source": "https://lifehacker.com/rss", "title": "Your Android Can Have Its Own \u2018Dynamic Island\u2019", "description": "<img src=\"https://i.kinja-img.com/gawker-media/image/upload/s--2cQVg-7z--/c_fit,fl_progressive,q_80,w_636/4452e0e7c3bcf025f4b761c5a84df344.png\" /><p>Many people don\u2019t like the camera cutouts that take up space on our smartphone screens. We\u2019ve seen some ambitious applications for these cutouts in the past, like <a href=\"https://lifehacker.com/this-app-gives-your-android-an-old-school-led-notificat-1848025168\">turning it into an old-school notification LED</a>, but Apple takes the creative cake wi", "link": "https://lifehacker.com/your-android-can-have-its-own-dynamic-island-1849568426", "date_published": "2022-09-22 18:30:00+00:00", "persistent": false, "user": null, "language": "en-US"}, {"source": "https://lifehacker.com/rss", "title": "What Cooking Chicken in NyQuil Actually Does to Your Body", "description": "<img src=\"https://i.kinja-img.com/gawker-media/image/upload/s--WpIiuo6O--/c_fit,fl_progressive,q_80,w_636/664fedb33b0aede5c01f4617ff3bc5f0.jpg\" /><p>The FDA does not want you to cook your chicken in NyQuil. Nobody, in fact, wants to cook their chicken in NyQuil\u2014that\u2019s the whole joke. But the FDA issued a <a href=\"https://www.fda.gov/consumers/consumer-updates/recipe-danger-social-media-challenges-involving-medicines\" rel=\"noopener noreferrer\" target=\"_blank\">warning</a> about \u201csocial media chall", "link": "https://lifehacker.com/what-cooking-chicken-in-nyquil-actually-does-to-your-bo-1849568210", "date_published": "2022-09-22 18:00:00+00:00", "persistent": false, "user": null, "language": "en-US"}, {"source": "https://lifehacker.com/rss", "title": "Why 'Passive Income' Is a Myth", "description": "<img src=\"https://i.kinja-img.com/gawker-media/image/upload/s--4lwm7277--/c_fit,fl_progressive,q_80,w_636/7ec9050be50dd48ae99d3196cb2d56a5.jpg\" /><p>Too often, things that are considered <a href=\"https://lifehacker.com/the-difference-between-passive-and-residual-income-1849559680\">passive income</a> are more of a misnomer than <a href=\"https://lifehacker.com/why-personal-finance-gurus-are-awful-at-giving-personal-1849558271\">financial gurus would have you believe</a>. In reality, many of the end", "link": "https://lifehacker.com/why-passive-income-is-a-myth-1849568396", "date_published": "2022-09-22 17:30:00+00:00", "persistent": false, "user": null, "language": "en-US"}, {"source": "https://lifehacker.com/rss", "title": "Comedian Bobby Moynihan Talks About Leaving SNL and Writing a Children\u2019s Book", "description": "<img src=\"https://i.kinja-img.com/gawker-media/image/upload/s--rhj_4pWv--/c_fit,fl_progressive,q_80,w_636/16056e3618033093ed897fb0c9ef029b.png\" /><p><a href=\"https://lifehacker.com/comedian-bobby-moynihan-talks-about-leaving-snl-and-wri-1849568343\">Read more...</a></p>", "link": "https://lifehacker.com/comedian-bobby-moynihan-talks-about-leaving-snl-and-wri-1849568343", "date_published": "2022-09-22 17:00:00+00:00", "persistent": false, "user": null, "language": "en-US"}, {"source": "https://lifehacker.com/rss", "title": "This Is the Best Way to Scoop Your Drop Cookies", "description": "<img src=\"https://i.kinja-img.com/gawker-media/image/upload/s--y6OxLU0P--/c_fit,fl_progressive,q_80,w_636/5036ac336c55d383950a353314472341.jpg\" /><p>All cookies are beautiful just the way they are. As one of my top three favorite things, I\u2019ll almost never turn down a cookie, and certainly not because of its looks. But there\u2019s a drop-cookie beautification trend, and it has to do with making sure your cookies have the perfectly jagged, crinkly tops. It turns out,\u2026</p><p><a href=\"https://lifehacker", "link": "https://lifehacker.com/this-is-the-best-way-to-scoop-your-drop-cookies-1849568018", "date_published": "2022-09-22 16:30:00+00:00", "persistent": false, "user": null, "language": "en-US"}, {"source": "https://lifehacker.com/rss", "title": "Why Basically Everyone Should Be Screened for Anxiety Disorder", "description": "<img src=\"https://i.kinja-img.com/gawker-media/image/upload/s--A6reu7ua--/c_fit,fl_progressive,q_80,w_636/ba2366677bd207b725e0d3e31cc73f5b.jpg\" /><p>The lingering pandemic, rising crime, an uncertain economy: All good reasons to visit your doctor to get screened for anxiety, or so says the federal government. The advice isn\u2019t just aimed at people already experiencing mental health issues\u2014this week, the U.S. Preventive Services Task Force, an advisory group\u2026</p><p><a href=\"https://lifehacker.com/", "link": "https://lifehacker.com/why-basically-everyone-should-be-screened-for-anxiety-d-1849565908", "date_published": "2022-09-22 16:00:00+00:00", "persistent": false, "user": null, "language": "en-US"}, {"source": "https://lifehacker.com/rss", "title": "Should You Get a Rowing Machine?", "description": "<img src=\"https://i.kinja-img.com/gawker-media/image/upload/s--o5gBm7vM--/c_fit,fl_progressive,q_80,w_636/95bcf383e7e5bca416c73a59f974532d.jpg\" /><p><a href=\"https://lifehacker.com/how-to-do-intervals-on-a-rowing-machine-1838974151\">Rowers</a> are having a moment. Hydrow seems to be forcefully inserting itself into our Instagram feeds (or is that just mine?), and even Peloton is selling one of them. We can probably credit <a href=\"https://lifehacker.com/what-to-know-your-first-time-trying-crossf", "link": "https://lifehacker.com/should-you-get-a-rowing-machine-1849565041", "date_published": "2022-09-22 15:30:00+00:00", "persistent": false, "user": null, "language": "en-US"}, {"source": "https://lifehacker.com/rss", "title": "Use the Creaming Method Every Time You Bake", "description": "<img src=\"https://i.kinja-img.com/gawker-media/image/upload/s--WrK7nT8b--/c_fit,fl_progressive,q_80,w_636/ea9424047f9e0337cf309c10e805a5a3.png\" /><p><a href=\"https://lifehacker.com/use-the-creaming-method-every-time-you-bake-1849564746\">Read more...</a></p>", "link": "https://lifehacker.com/use-the-creaming-method-every-time-you-bake-1849564746", "date_published": "2022-09-22 15:00:00+00:00", "persistent": false, "user": null, "language": "en-US"}, {"source": "https://lifehacker.com/rss", "title": "When to See October's 'Hunter Moon' at Peak Brilliance", "description": "<img src=\"https://i.kinja-img.com/gawker-media/image/upload/s--K26FBkza--/c_fit,fl_progressive,q_80,w_636/2071302b94970316d171020c995af6cb.jpg\" /><p>You can see October\u2019s full moon, called \u201cThe Hunter\u2019s Moon,\u201d rise on Sunday, October 9. It will be at its absolute brightest at at 4:54 P.M. ET, but you\u2019ll have to wait for it to float over the horizon to see it. Or check it out on Saturday night; it won\u2019t be fully full, but it will be close enough.<br /></p><p><a href=\"https://lifehacker.com/when-t", "link": "https://lifehacker.com/when-to-see-octobers-hunter-moon-at-peak-brilliance-1849565506", "date_published": "2022-09-22 14:30:00+00:00", "persistent": false, "user": null, "language": "en-US"}, {"source": "https://lifehacker.com/rss", "title": "Plant These Winter Cover Crops Now for Better Soil in the Spring", "description": "<img src=\"https://i.kinja-img.com/gawker-media/image/upload/s--OmrK6qfE--/c_fit,fl_progressive,q_80,w_636/a832f7d8e58cf8848f8e43191af88b0a.jpg\" /><p>It\u2019s difficult to overstate the benefits of a cover crop for your garden. In addition to helping replenish the nitrogen in your soil, cover crops also act as habitat for a healthy garden ecosystem and help prevent soil from eroding while it\u2019s not in use growing veggies. Using cover crops, like companion planting, is a\u2026</p><p><a href=\"https://lifehac", "link": "https://lifehacker.com/plant-these-winter-cover-crops-now-for-better-soil-in-t-1849564143", "date_published": "2022-09-22 14:00:00+00:00", "persistent": false, "user": null, "language": "en-US"}, {"source": "https://lifehacker.com/rss", "title": "You Should Make This Breakfast Pizza With a Hash Brown Crust", "description": "<img src=\"https://i.kinja-img.com/gawker-media/image/upload/s--J5DT2wFg--/c_fit,fl_progressive,q_80,w_636/3b35883a2deeb52b5c0e83d487f1d1aa.jpg\" /><p>Let\u2019s get one thing straight: I know that \u201cbreakfast pizza\u201d is not \u201creal pizza,\u201d but that doesn\u2019t mean it\u2019s not delicious. Much like Chicago-style deep dish, my favorite kind of breakfast pizza is \u201cmore of a casserole.\u201d (I went back and forth on whether or not I should file this to the \u201c<a href=\"https://lifehacker.com/food-drink/cooking/will-it-cass", "link": "https://lifehacker.com/you-should-make-this-breakfast-pizza-with-a-hash-brown-1849565824", "date_published": "2022-09-22 13:30:00+00:00", "persistent": false, "user": null, "language": "en-US"}, {"source": "https://lifehacker.com/rss", "title": "Why You Should Apply for a Student Loan Refund Before Forgiveness", "description": "<img src=\"https://i.kinja-img.com/gawker-media/image/upload/s--az2j13fQ--/c_fit,fl_progressive,q_80,w_636/c653dbd5b63d2e337901141f1a57fa77.jpg\" /><p>By now you know that President Joe Biden\u2019s administration is moving forward with a plan that will enable millions of Americans to get up to $10,000 in federal student loan forgiveness (and up to $20,000<a href=\"https://lifehacker.com/how-to-find-out-if-you-have-a-pell-grant-1849453465\"> if they received Pell Grants</a>). But if you\u2019re among those wh", "link": "https://lifehacker.com/why-you-should-apply-for-a-student-loan-refund-before-f-1849563860", "date_published": "2022-09-22 13:00:00+00:00", "persistent": false, "user": null, "language": "en-US"}, {"source": "https://lifehacker.com/rss", "title": "I Highly Recommend Dredging Your Fried Foods in Semolina Flour", "description": "<img src=\"https://i.kinja-img.com/gawker-media/image/upload/s--AJIQmJ4T--/c_fit,fl_progressive,q_80,w_636/eeeb21ddbb9e12e1eafd075fda951912.jpg\" /><p>Learning a completely new-to-me use for a familiar ingredient is one of my favorite parts of cooking. It\u2019s exciting and humbling\u2014a nice little reminder that, in the grand scheme of things, I don\u2019t know shit about shit. The most recent example of this is semolina flour: I\u2019d only used it while baking bread until about a\u2026</p><p><a href=\"https://lifehac", "link": "https://lifehacker.com/i-highly-recommend-dredging-your-fried-foods-in-semolin-1849560582", "date_published": "2022-09-22 12:30:00+00:00", "persistent": false, "user": null, "language": "en-US"}]