[{"source": "https://www.cnet.com/rss/all/", "title": "The Confusing 'House of the Dragon' Episode 6 Trailer Explained     - CNET", "description": "New cast members, a time jump, royal plotting... and wait, is that really King Viserys?", "link": "https://www.cnet.com/culture/entertainment/the-confusing-house-of-the-dragon-episode-6-trailer-explained/#ftag=CADf328eec", "date_published": "2022-09-22 23:56:00+00:00", "persistent": false, "user": null, "language": "en-US"}, {"source": "https://www.cnet.com/rss/all/", "title": "Downloading Windows 11's Latest Update Just Might Make You More Productive     - CNET", "description": "We'll walk you through downloading Windows 11's first big update.", "link": "https://www.cnet.com/tech/services-and-software/downloading-windows-11-latest-update-just-might-make-you-more-productive/#ftag=CADf328eec", "date_published": "2022-09-22 23:22:00+00:00", "persistent": false, "user": null, "language": "en-US"}, {"source": "https://www.cnet.com/rss/all/", "title": "Buying the New iPhone 14? Here's How to Transfer Your Data     - CNET", "description": "If you bought (or are planning to buy) one of the new iPhone 14 models, we'll explain how to transfer all your information without losing a thing.", "link": "https://www.cnet.com/tech/mobile/buying-the-new-iphone-14-heres-how-to-transfer-your-data/#ftag=CADf328eec", "date_published": "2022-09-22 23:15:02+00:00", "persistent": false, "user": null, "language": "en-US"}, {"source": "https://www.cnet.com/rss/all/", "title": "How to Curb the Sunday Scaries for Better Sleep     - CNET", "description": "Dreading the start to your week? Here's how to address your anxieties when you have a case of the Sunday scaries.", "link": "https://www.cnet.com/health/sleep/how-to-curb-the-sunday-scaries-for-better-sleep/#ftag=CADf328eec", "date_published": "2022-09-22 23:00:00+00:00", "persistent": false, "user": null, "language": "en-US"}, {"source": "https://www.cnet.com/rss/all/", "title": "Boeing Will Pay $200M to Settle Charges of Misleading Investors On 737 Max Plane Crashes     - CNET", "description": "The SEC alleges Boeing made \"materially misleading public statements\" after two fatal plane crashes.", "link": "https://www.cnet.com/tech/boeing-will-pay-200m-to-settle-charges-of-misleading-investors-on-737-max-plane-crashes/#ftag=CADf328eec", "date_published": "2022-09-22 22:57:00+00:00", "persistent": false, "user": null, "language": "en-US"}, {"source": "https://www.cnet.com/rss/all/", "title": "NASA's DART Crash: How to Watch Live as Spacecraft Collides With Asteroid     - CNET", "description": "About 6.8 million miles from home, NASA will send a spacecraft to its end. You can watch live on Sept. 26.", "link": "https://www.cnet.com/science/space/nasas-dart-crash-how-to-watch-live-as-spacecraft-collides-with-asteroid/#ftag=CADf328eec", "date_published": "2022-09-22 22:34:00+00:00", "persistent": false, "user": null, "language": "en-US"}, {"source": "https://www.cnet.com/rss/all/", "title": "Apple Watch Ultra Review: The Most Exciting Watch in Years     - CNET", "description": "\"Honey, I blew up the Apple Watch.\"", "link": "https://www.cnet.com/tech/mobile/apple-watch-ultra-review-most-exciting-watch-smartwatch-in-years/#ftag=CADf328eec", "date_published": "2022-09-22 22:32:33+00:00", "persistent": false, "user": null, "language": "en-US"}, {"source": "https://www.cnet.com/rss/all/", "title": "'Andor' Review: Star Wars Grows Up in Dark Disney Plus Prequel Series     - CNET", "description": "Diego Luna draws you into a slow-burning spy drama about real human failings that just happens to be set in a galaxy far, far away.", "link": "https://www.cnet.com/culture/entertainment/andor-review-star-wars-grows-up-in-dark-disney-plus-rogue-one-prequel/#ftag=CADf328eec", "date_published": "2022-09-22 22:22:00+00:00", "persistent": false, "user": null, "language": "en-US"}, {"source": "https://www.cnet.com/rss/all/", "title": "'Andor' Release Schedule: When Episodes 1, 2 and 3 Drop on Disney Plus     - CNET", "description": "Here are the exact release dates and times for the 12 episodes of the intense Star Wars Rogue One prequel series.", "link": "https://www.cnet.com/culture/entertainment/andor-release-schedule-when-episodes-1-2-and-3-drop-on-disney-plus/#ftag=CADf328eec", "date_published": "2022-09-22 22:16:00+00:00", "persistent": false, "user": null, "language": "en-US"}, {"source": "https://www.cnet.com/rss/all/", "title": "'The Bachelorette' Finale: A Bizarre, Explosive Ending for Rachel, Tino     - CNET", "description": "Meanwhile, Gabby and her guy, Erich, appear to be faring far better. Let's relive the world longest finale.", "link": "https://www.cnet.com/culture/entertainment/the-bachelorette-finale-a-bizarre-explosive-ending-for-rachel-tino/#ftag=CADf328eec", "date_published": "2022-09-22 22:12:02+00:00", "persistent": false, "user": null, "language": "en-US"}, {"source": "https://www.cnet.com/rss/all/", "title": "Jan. 6 Committee: How to Watch September's Hearing     - CNET", "description": "The next session is happening soon.", "link": "https://www.cnet.com/news/politics/jan-6-committee-how-to-watch-septembers-hearing/#ftag=CADf328eec", "date_published": "2022-09-22 22:06:55+00:00", "persistent": false, "user": null, "language": "en-US"}, {"source": "https://www.cnet.com/rss/all/", "title": "Forget Leaks: Google Itself Reveals Pixel Watch Design on YouTube     - CNET", "description": "Our first extensive look at the Google Watch in motion -- and how it will look on your wrist.", "link": "https://www.cnet.com/tech/mobile/forget-leaks-google-itself-reveals-pixel-watch-design-on-youtube/#ftag=CADf328eec", "date_published": "2022-09-22 21:55:14+00:00", "persistent": false, "user": null, "language": "en-US"}, {"source": "https://www.cnet.com/rss/all/", "title": "Facebook Parent Meta Impacted Palestinians' Human Rights, Report Says     - CNET", "description": "The social media giant mistakenly pulled down content and the company's lack of oversight allowed these errors to happen.", "link": "https://www.cnet.com/news/social-media/facebook-parent-meta-impacted-palestinians-human-rights-report-says/#ftag=CADf328eec", "date_published": "2022-09-22 21:51:04+00:00", "persistent": false, "user": null, "language": "en-US"}, {"source": "https://www.cnet.com/rss/all/", "title": "Pixel 7 Series: Rumors and Everything We Know About Google's Upcoming Phones     - CNET", "description": "Got questions about Google's next flagship lineup? Here are some rumors and what we know (and don't know for sure) about the Pixel 7 series.", "link": "https://www.cnet.com/tech/mobile/pixel-7-series-everything-we-know-about-googles-upcoming-phones/#ftag=CADf328eec", "date_published": "2022-09-22 21:44:00+00:00", "persistent": false, "user": null, "language": "en-US"}, {"source": "https://www.cnet.com/rss/all/", "title": "Prime Video: The 34 Absolute Best TV Shows to Watch     - CNET", "description": "The Lord of the Rings: The Rings of Power makes the list.", "link": "https://www.cnet.com/culture/entertainment/prime-video-the-34-absolute-best-tv-shows-to-watch/#ftag=CADf328eec", "date_published": "2022-09-22 21:28:31+00:00", "persistent": false, "user": null, "language": "en-US"}, {"source": "https://www.cnet.com/rss/all/", "title": "Unclog Your Toilet Without a Plunger (It's Way Easier Than You Think)     - CNET", "description": "You've already got what you need to unclog that toilet. Here's how to do it.", "link": "https://www.cnet.com/how-to/unclog-your-toilet-without-a-plunger-its-way-easier-than-you-think/#ftag=CADf328eec", "date_published": "2022-09-22 21:15:02+00:00", "persistent": false, "user": null, "language": "en-US"}, {"source": "https://www.cnet.com/rss/all/", "title": "Scientists Invent Wild New Color-Changing Sparklers     - CNET", "description": "More beautiful sparklers might one day light up your celebrations.", "link": "https://www.cnet.com/science/scientists-invent-wild-new-color-changing-sparklers/#ftag=CADf328eec", "date_published": "2022-09-22 21:04:00+00:00", "persistent": false, "user": null, "language": "en-US"}, {"source": "https://www.cnet.com/rss/all/", "title": "Apple AirPods Pro 2 Review: Better Battery Life and Improved Sound     - CNET", "description": "With improved sound, active noise canceling and battery life, the Airpods Pro 2 deliver exceptionally good performance for their size.", "link": "https://www.cnet.com/tech/mobile/apple-airpods-pro-2-review-better-battery-life-and-improved-sound/#ftag=CADf328eec", "date_published": "2022-09-22 21:00:36+00:00", "persistent": false, "user": null, "language": "en-US"}, {"source": "https://www.cnet.com/rss/all/", "title": "Ocean-Surfing Drone Sends Back Eerie Video From Inside Hurricane Fiona     - CNET", "description": "The powerful Category 4 storm is making its way across the Atlantic as a Saildrone investigates it from sea level.", "link": "https://www.cnet.com/science/ocean-surfing-drone-sends-back-eerie-video-from-inside-hurricane-fiona/#ftag=CADf328eec", "date_published": "2022-09-22 20:55:52+00:00", "persistent": false, "user": null, "language": "en-US"}, {"source": "https://www.cnet.com/rss/all/", "title": "Jealous of iPhone 14's Dynamic Island? Android Phones Can Get It, Too     - CNET", "description": "Android users don't need to buy an iPhone 14 to experience Apple's latest feature.", "link": "https://www.cnet.com/tech/services-and-software/jealous-of-iphone-14s-dynamic-island-android-phones-can-get-it-too/#ftag=CADf328eec", "date_published": "2022-09-22 20:55:00+00:00", "persistent": false, "user": null, "language": "en-US"}, {"source": "https://www.cnet.com/rss/all/", "title": "New Windows 11 Features That Make the 2022 Update Worth It     - CNET", "description": "We'll break down everything from Microsoft new Windows 11 2022 update.", "link": "https://www.cnet.com/tech/services-and-software/new-windows-11-features-that-make-the-2022-update-worth-it/#ftag=CADf328eec", "date_published": "2022-09-22 20:51:26+00:00", "persistent": false, "user": null, "language": "en-US"}, {"source": "https://www.cnet.com/rss/all/", "title": "iOS 16.0.2 Update Released, Fixes Camera Shake and More     - CNET", "description": "The update comes about two weeks after the launch of iOS 16.", "link": "https://www.cnet.com/tech/services-and-software/ios-16-0-2-update-released-fixes-camera-shake-and-more/#ftag=CADf328eec", "date_published": "2022-09-22 20:51:00+00:00", "persistent": false, "user": null, "language": "en-US"}, {"source": "https://www.cnet.com/rss/all/", "title": "Every 'Rings of Power' Episode Has Hidden Tidbits. Here's How to Unearth Them     - CNET", "description": "You're missing out on a ton of great details if you don't have X-Ray enabled in Amazon Prime Video.", "link": "https://www.cnet.com/culture/entertainment/every-rings-of-power-episode-has-hidden-secrets-heres-how-to-find-them/#ftag=CADf328eec", "date_published": "2022-09-22 20:00:02+00:00", "persistent": false, "user": null, "language": "en-US"}, {"source": "https://www.cnet.com/rss/all/", "title": "Denon Unveils New 8K Receivers for 2022 Starting at $399     - CNET", "description": "The range includes more 8K HDMI inputs than before, as well as Dirac Live calibration.", "link": "https://www.cnet.com/tech/home-entertainment/denon-unveils-new-8k-receivers-for-2022-starting-at-399/#ftag=CADf328eec", "date_published": "2022-09-22 19:58:13+00:00", "persistent": false, "user": null, "language": "en-US"}, {"source": "https://www.cnet.com/rss/all/", "title": "Exquisite NASA Webb Telescope Image Reveals Neptune's Delicate Rings     - CNET", "description": "The trailblazing machine delivers once again, offering us the best view of Neptune since 1989.", "link": "https://www.cnet.com/science/space/exquisite-nasa-webb-telescope-image-reveals-neptunes-delicate-rings/#ftag=CADf328eec", "date_published": "2022-09-22 19:56:00+00:00", "persistent": false, "user": null, "language": "en-US"}, {"source": "https://www.cnet.com/rss/all/", "title": "'Don't Worry Darling' Review: Florence Pugh and Harry Styles Get Weird     - CNET", "description": "Forget the offscreen drama: Olivia Wilde's glossy new film is a messy but stylish B-movie.", "link": "https://www.cnet.com/culture/entertainment/dont-worry-darling-review-florence-pugh-and-harry-styles-get-weird/#ftag=CADf328eec", "date_published": "2022-09-22 19:55:00+00:00", "persistent": false, "user": null, "language": "en-US"}, {"source": "https://www.cnet.com/rss/all/", "title": "The iPhone's New Battery Icon Was So Bad, Apple Already Fixed It in iOS 16.1     - CNET", "description": "Some iPhone users had an issue with iOS 16's battery icon redesign -- and Apple's doing something about it.", "link": "https://www.cnet.com/tech/mobile/the-iphones-new-battery-icon-was-so-bad-apple-already-fixed-it-in-ios-16-1/#ftag=CADf328eec", "date_published": "2022-09-22 19:15:41+00:00", "persistent": false, "user": null, "language": "en-US"}, {"source": "https://www.cnet.com/rss/all/", "title": "Student Loans: When Can You Fill Out the Student Debt Forgiveness Application?     - CNET", "description": "Within weeks you'll be able to apply to get up to $20,000 in student debt canceled. We'll explain what you'll need to do.", "link": "https://www.cnet.com/personal-finance/loans/student-loans-when-can-you-fill-out-the-student-debt-forgiveness-application/#ftag=CADf328eec", "date_published": "2022-09-22 19:15:03+00:00", "persistent": false, "user": null, "language": "en-US"}, {"source": "https://www.cnet.com/rss/all/", "title": "Mac Studio Deals: Where to Shop for Apple's Newest Desktop Computer     - CNET", "description": "Apple's ultrapowerful new desktop is here. Here's where you can find it in stock.", "link": "https://www.cnet.com/deals/best-mac-studio-deals/#ftag=CADf328eec", "date_published": "2022-09-22 19:00:11+00:00", "persistent": false, "user": null, "language": "en-US"}, {"source": "https://www.cnet.com/rss/all/", "title": "Is Your Partner Keeping You Up? Sleep Divorce Can Help     - CNET", "description": "If your partner is keeping you up at night, it might be time to file for sleep divorce.", "link": "https://www.cnet.com/health/sleep/is-your-partner-keeping-you-up-sleep-divorce-can-help/#ftag=CADf328eec", "date_published": "2022-09-22 19:00:07+00:00", "persistent": false, "user": null, "language": "en-US"}, {"source": "https://www.cnet.com/rss/all/", "title": "Best Cheap Meal Delivery Services in 2022     - CNET", "description": "Think meal delivery has to be expensive? Think again. These tasty treats are as cheap as $5 a serving.", "link": "https://www.cnet.com/health/nutrition/cheapest-meal-delivery-services/#ftag=CADf328eec", "date_published": "2022-09-22 19:00:03+00:00", "persistent": false, "user": null, "language": "en-US"}, {"source": "https://www.cnet.com/rss/all/", "title": "Instagram Is Back. Resume Your Meme Sharing     - CNET", "description": "The app was down for users in countries like the US, South Africa and Singapore, according to Down Detector.", "link": "https://www.cnet.com/tech/services-and-software/instagram-is-back-resume-your-meme-sharing/#ftag=CADf328eec", "date_published": "2022-09-22 18:46:00+00:00", "persistent": false, "user": null, "language": "en-US"}, {"source": "https://www.cnet.com/rss/all/", "title": "'Stranger Things': You Could Live in Will Byers' House From the Show     - CNET", "description": "The landmark from Netflix's popular series is up for sale. But you'll have to steer clear of the Demogorgon.", "link": "https://www.cnet.com/culture/entertainment/stranger-things-you-could-live-in-will-byers-house-from-the-show/#ftag=CADf328eec", "date_published": "2022-09-22 18:45:40+00:00", "persistent": false, "user": null, "language": "en-US"}, {"source": "https://www.cnet.com/rss/all/", "title": "Stunning New NASA View of Neptune Shows Its Rings, Moons Like Never Before     - CNET", "description": "The James Webb Telescope delivers the best view of the planet since 1989.", "link": "https://www.cnet.com/science/space/stunning-new-nasa-view-of-neptune-shows-its-rings-moons-like-never-before/#ftag=CADf328eec", "date_published": "2022-09-22 18:37:00+00:00", "persistent": false, "user": null, "language": "en-US"}, {"source": "https://www.cnet.com/rss/all/", "title": "Best Android VPN 2022     - CNET", "description": "These are the best virtual private networks for protecting your privacy on your Android mobile device.", "link": "https://www.cnet.com/tech/services-and-software/best-android-vpn/#ftag=CADf328eec", "date_published": "2022-09-22 18:35:03+00:00", "persistent": false, "user": null, "language": "en-US"}, {"source": "https://www.cnet.com/rss/all/", "title": "This App Gives Android Users Their Own Dynamic Island     - CNET", "description": "Android users don't need to buy the new iPhone to experience Apple's latest feature.", "link": "https://www.cnet.com/tech/services-and-software/this-app-gives-android-users-their-own-dynamic-island/#ftag=CADf328eec", "date_published": "2022-09-22 18:35:00+00:00", "persistent": false, "user": null, "language": "en-US"}, {"source": "https://www.cnet.com/rss/all/", "title": "Next James Bond Must Commit to 10-12 Years of Playing 007     - CNET", "description": "\"Not everybody wants to do that,\" one of the producers says.", "link": "https://www.cnet.com/culture/entertainment/next-james-bond-must-commit-to-10-12-years-of-playing-007/#ftag=CADf328eec", "date_published": "2022-09-22 18:25:00+00:00", "persistent": false, "user": null, "language": "en-US"}, {"source": "https://www.cnet.com/rss/all/", "title": "iOS 16 Is Here, but It Won't Run on Every iPhone. Here's How to Find Out     - CNET", "description": "Check to see if Apple's newest mobile software will work on your iPhone.", "link": "https://www.cnet.com/tech/mobile/ios-16-is-here-but-it-wont-run-on-every-iphone-heres-how-to-find-out/#ftag=CADf328eec", "date_published": "2022-09-22 18:20:02+00:00", "persistent": false, "user": null, "language": "en-US"}, {"source": "https://www.cnet.com/rss/all/", "title": "2023 Nissan Altima Gets More Tech, Higher Price     - CNET", "description": "The midsize sedan also gets new wheel designs and color options.", "link": "https://www.cnet.com/roadshow/news/2023-nissan-altima-debut/#ftag=CADf328eec", "date_published": "2022-09-22 18:11:00+00:00", "persistent": false, "user": null, "language": "en-US"}, {"source": "https://www.cnet.com/rss/all/", "title": "Here's Why Everyone Should Start Turning the Lights Off When Not Home     - CNET", "description": "Hint: Because it'll save you money.", "link": "https://www.cnet.com/how-to/heres-why-everyone-should-start-turning-the-lights-off-when-not-home/#ftag=CADf328eec", "date_published": "2022-09-22 18:00:14+00:00", "persistent": false, "user": null, "language": "en-US"}, {"source": "https://www.cnet.com/rss/all/", "title": "Best Webcams From 1080p to 4K for 2022     - CNET", "description": "The low-res 720p webcam in your laptop doesn't always cut it for Microsoft Teams, Zoom or Google Meet. Here are a handful of premium webcams to come to your rescue.", "link": "https://www.cnet.com/tech/computing/best-webcams/#ftag=CADf328eec", "date_published": "2022-09-22 18:00:04+00:00", "persistent": false, "user": null, "language": "en-US"}, {"source": "https://www.cnet.com/rss/all/", "title": "Stephen King Names the Best Miniseries He's Seen This Year     - CNET", "description": "When King tweets, we listen.", "link": "https://www.cnet.com/culture/entertainment/stephen-king-names-the-best-miniseries-hes-seen-this-year/#ftag=CADf328eec", "date_published": "2022-09-22 18:00:00+00:00", "persistent": false, "user": null, "language": "en-US"}, {"source": "https://www.cnet.com/rss/all/", "title": "Best iPhone VPN of 2022     - CNET", "description": "These virtual private networks are the top performers we've tested for Apple users looking to boost browsing privacy.", "link": "https://www.cnet.com/tech/services-and-software/best-iphone-vpn/#ftag=CADf328eec", "date_published": "2022-09-22 17:45:03+00:00", "persistent": false, "user": null, "language": "en-US"}, {"source": "https://www.cnet.com/rss/all/", "title": "Yes, Instagram Is Down. It's Not Just You     - CNET", "description": "Reports are coming in from the US, South Africa and Singapore the app is down, according to Down Detector.", "link": "https://www.cnet.com/tech/services-and-software/yes-instagram-is-down-its-not-just-you/#ftag=CADf328eec", "date_published": "2022-09-22 17:34:00+00:00", "persistent": false, "user": null, "language": "en-US"}, {"source": "https://www.cnet.com/rss/all/", "title": "Best MagSafe and Magnetic Wireless Chargers for Apple iPhone 13     - CNET", "description": "Looking for a wireless MagSafe charger for your iPhone? Here are some options beyond Apple's own model.", "link": "https://www.cnet.com/tech/mobile/best-magsafe-and-magnetic-wireless-chargers-for-apple-iphone-13-and-iphone-12/#ftag=CADf328eec", "date_published": "2022-09-22 17:30:04+00:00", "persistent": false, "user": null, "language": "en-US"}, {"source": "https://www.cnet.com/rss/all/", "title": "Best Samsung Galaxy S22, S22 Plus and S22 Ultra Cases for 2022     - CNET", "description": "If you're looking for a case for your Galaxy S22, here's an assortment of our top picks.", "link": "https://www.cnet.com/tech/mobile/best-samsung-galaxy-s22-s22-plus-and-s22-ultra-cases-for-2022/#ftag=CADf328eec", "date_published": "2022-09-22 17:00:04+00:00", "persistent": false, "user": null, "language": "en-US"}, {"source": "https://www.cnet.com/rss/all/", "title": "Jupiter's 'Frosted Cupcake' Clouds Look Divine in These Wild 3D Views     - CNET", "description": "See gorgeous scenes from NASA's Juno spacecraft come alive right before your eyes.", "link": "https://www.cnet.com/science/space/jupiters-frosted-cupcake-clouds-look-divine-in-these-wild-3d-views/#ftag=CADf328eec", "date_published": "2022-09-22 16:56:00+00:00", "persistent": false, "user": null, "language": "en-US"}, {"source": "https://www.cnet.com/rss/all/", "title": "McDonald's Halloween Happy Meal Buckets May Be Back This Fall     - CNET", "description": "Kids of the '80s and '90s may remember these trick-or-treat pails with nostalgia.", "link": "https://www.cnet.com/culture/mcdonalds-halloween-happy-meal-buckets-may-be-back-this-fall/#ftag=CADf328eec", "date_published": "2022-09-22 16:42:00+00:00", "persistent": false, "user": null, "language": "en-US"}, {"source": "https://www.cnet.com/rss/all/", "title": "Stop Cooking Chicken in Nyquil, FDA Begs in Response to Social Media Trend     - CNET", "description": "It's hard to believe this has to be said out loud, but using cough syrup as a marinade is a bad idea.", "link": "https://www.cnet.com/culture/internet/please-stop-cooking-chicken-in-nyquil-fda-pleads-in-response-to-social-media-trend/#ftag=CADf328eec", "date_published": "2022-09-22 16:35:00+00:00", "persistent": false, "user": null, "language": "en-US"}, {"source": "https://www.cnet.com/rss/all/", "title": "Samsung's New Rugged Phone Has Custom Buttons and a Replaceable Battery     - CNET", "description": "It's launching in the US along with a rugged tablet after debuting in other markets.", "link": "https://www.cnet.com/tech/mobile/samsungs-new-rugged-phone-has-custom-buttons-and-a-removable-battery/#ftag=CADf328eec", "date_published": "2022-09-22 16:30:34+00:00", "persistent": false, "user": null, "language": "en-US"}, {"source": "https://www.cnet.com/rss/all/", "title": "The Best E-Reader for 2022     - CNET", "description": "Why read on your phone or tablet when there are great E Ink e-readers out there? Here are the ones we recommend right now.", "link": "https://www.cnet.com/tech/computing/best-e-reader/#ftag=CADf328eec", "date_published": "2022-09-22 16:30:04+00:00", "persistent": false, "user": null, "language": "en-US"}, {"source": "https://www.cnet.com/rss/all/", "title": "National Ice Cream Cone Day 2022: Get Free Cones from Baskin-Robbins and More Today     - CNET", "description": "The first day of fall is here. It brought free ice cream with it.", "link": "https://www.cnet.com/culture/national-ice-cream-cone-day-2022-get-free-cones-from-baskin-robbins-and-more-today/#ftag=CADf328eec", "date_published": "2022-09-22 16:15:02+00:00", "persistent": false, "user": null, "language": "en-US"}, {"source": "https://www.cnet.com/rss/all/", "title": "Fed Issues Another Big Rate Hike. What Inflation and Higher Interest Rates Mean for You     - CNET", "description": "This is the fifth rate hike of the year -- and the third increase of this magnitude.", "link": "https://www.cnet.com/personal-finance/banking/fed-issues-another-big-rate-hike-what-inflation-and-higher-interest-rates-mean-for-you/#ftag=CADf328eec", "date_published": "2022-09-22 16:03:30+00:00", "persistent": false, "user": null, "language": "en-US"}, {"source": "https://www.cnet.com/rss/all/", "title": "Best Electric Toothbrush for 2022     - CNET", "description": "From whitening power to gum care, here's how to choose the best electric toothbrush.", "link": "https://www.cnet.com/health/personal-care/best-electric-toothbrush/#ftag=CADf328eec", "date_published": "2022-09-22 16:00:04+00:00", "persistent": false, "user": null, "language": "en-US"}, {"source": "https://www.cnet.com/rss/all/", "title": "Logitech G Cloud Wants to Be Your Steam Deck, but for Cloud Gaming Services     - CNET", "description": "The Nintendo Switch-like Logitech G Cloud Gaming Handheld, co-developed with Nvidia and Microsoft, launches with Xbox Cloud Gaming and GeForce Now support.", "link": "https://www.cnet.com/tech/gaming/logitech-g-cloud-wants-to-be-your-steam-deck-but-for-cloud-gaming-services/#ftag=CADf328eec", "date_published": "2022-09-22 15:49:35+00:00", "persistent": false, "user": null, "language": "en-US"}, {"source": "https://www.cnet.com/rss/all/", "title": "Best Credit Cards for Everyday Use in September 2022     - CNET", "description": "No matter what's included in your budget, these credit cards will net you good returns.", "link": "https://www.cnet.com/personal-finance/credit-cards/best-credit-cards-for-everyday-use/#ftag=CADf328eec", "date_published": "2022-09-22 15:47:53+00:00", "persistent": false, "user": null, "language": "en-US"}, {"source": "https://www.cnet.com/rss/all/", "title": "Best Credit Cards for Shopping for Big Gifts     - CNET", "description": "Take advantage of rewards, welcome bonuses and introductory APRs with these credit cards.", "link": "https://www.cnet.com/personal-finance/credit-cards/best-credit-cards-for-holiday-shopping/#ftag=CADf328eec", "date_published": "2022-09-22 15:44:47+00:00", "persistent": false, "user": null, "language": "en-US"}, {"source": "https://www.cnet.com/rss/all/", "title": "Best Place to Buy Contacts Online for 2022     - CNET", "description": "You can save by shopping at these reputable sites.", "link": "https://www.cnet.com/health/personal-care/best-place-to-buy-contacts-online/#ftag=CADf328eec", "date_published": "2022-09-22 15:30:04+00:00", "persistent": false, "user": null, "language": "en-US"}, {"source": "https://www.cnet.com/rss/all/", "title": "Want to Update Your iPhone to iOS 16? Don't Do It Yet. Here's Why     - CNET", "description": "We recommend holding off on downloading the latest iPhone OS. We'll explain.", "link": "https://www.cnet.com/tech/services-and-software/want-to-update-your-iphone-to-ios-16-dont-do-it-yet-heres-why/#ftag=CADf328eec", "date_published": "2022-09-22 15:15:02+00:00", "persistent": false, "user": null, "language": "en-US"}, {"source": "https://www.cnet.com/rss/all/", "title": "Apple AR, VR Headset Expectations: When Will the Rumored Device Show Up?     - CNET", "description": "Apple's next big product might not be here until next year. Here's what we expect.", "link": "https://www.cnet.com/tech/computing/apple-ar-vr-headset-rumors-m2-2022/#ftag=CADf328eec", "date_published": "2022-09-22 15:00:11+00:00", "persistent": false, "user": null, "language": "en-US"}, {"source": "https://www.cnet.com/rss/all/", "title": "Best Keyboard for 2022     - CNET", "description": "A better keyboard can make your work or school day a lot easier. Here are the best keyboards we've tested.", "link": "https://www.cnet.com/tech/computing/best-keyboard/#ftag=CADf328eec", "date_published": "2022-09-22 15:00:08+00:00", "persistent": false, "user": null, "language": "en-US"}, {"source": "https://www.cnet.com/rss/all/", "title": "11 Roku Tips and Tricks to Make You a Streaming Maven     - CNET", "description": "Roku devices are easy to navigate, but they have some advanced features that will help make your streaming experience sing.", "link": "https://www.cnet.com/tech/home-entertainment/11-roku-tips-and-tricks-to-make-you-a-streaming-maven/#ftag=CADf328eec", "date_published": "2022-09-22 15:00:02+00:00", "persistent": false, "user": null, "language": "en-US"}, {"source": "https://www.cnet.com/rss/all/", "title": "Don't Skip Windows 11's Big 2022 Update. Download It Today     - CNET", "description": "We'll walk you through downloading Windows 11's first big update.", "link": "https://www.cnet.com/tech/services-and-software/dont-skip-windows-11s-big-2022-update-download-it-today/#ftag=CADf328eec", "date_published": "2022-09-22 14:47:00+00:00", "persistent": false, "user": null, "language": "en-US"}, {"source": "https://www.cnet.com/rss/all/", "title": "Avoid Shipping Fees: Easy Tips and Tricks to Help You Pay the Least     - CNET", "description": "No one wants to pay a shipping fee, but sometimes it feels like you can't avoid it. Here are some tips to help skip the extra costs.", "link": "https://www.cnet.com/tech/avoid-shipping-fees-easy-tips-and-tricks-to-help-you-pay-the-least/#ftag=CADf328eec", "date_published": "2022-09-22 14:30:09+00:00", "persistent": false, "user": null, "language": "en-US"}, {"source": "https://www.cnet.com/rss/all/", "title": "17 Best Gifts for Under $50     - CNET", "description": "Great deals on everything from speakers and headphones to tech and small kitchen appliances -- all for $50 or less.", "link": "https://www.cnet.com/tech/computing/best-gifts-for-50-or-less/#ftag=CADf328eec", "date_published": "2022-09-22 14:30:04+00:00", "persistent": false, "user": null, "language": "en-US"}, {"source": "https://www.cnet.com/rss/all/", "title": "Redecorate Your Windows With Up to 40% Off Everything at Blinds     - CNET", "description": "Find the right shades that work for your windows and style at a discount.", "link": "https://www.cnet.com/deals/redecorate-your-windows-with-up-to-40-off-everything-at-blinds/#ftag=CADf328eec", "date_published": "2022-09-22 14:29:00+00:00", "persistent": false, "user": null, "language": "en-US"}, {"source": "https://www.cnet.com/rss/all/", "title": "Tesla Recalls 1 Million Vehicles for Finger-Pinching Window Issue     - CNET", "description": "The windows may not retract properly when they detect an obstruction while closing.", "link": "https://www.cnet.com/roadshow/news/tesla-recalls-1-million-vehicles-for-window-pinching-issue/#ftag=CADf328eec", "date_published": "2022-09-22 14:14:00+00:00", "persistent": false, "user": null, "language": "en-US"}, {"source": "https://www.cnet.com/rss/all/", "title": "Save Up to $90 On a Rugged Samsung T7 Shield External SSD     - CNET", "description": "It boasts impressive data transfer speeds and you can pick one up starting at just $100 right now.", "link": "https://www.cnet.com/deals/save-up-to-90-on-a-rugged-samsung-t7-shield-external-ssd/#ftag=CADf328eec", "date_published": "2022-09-22 14:03:00+00:00", "persistent": false, "user": null, "language": "en-US"}, {"source": "https://www.cnet.com/rss/all/", "title": "Can't Pay Your Credit Card Bill This Month? There Are Options     - CNET", "description": "Avoid damaging your credit score by learning what your options are when you can't pay on time.", "link": "https://www.cnet.com/personal-finance/credit-cards/cant-pay-your-credit-card-bill-this-month-there-are-options/#ftag=CADf328eec", "date_published": "2022-09-22 14:00:23+00:00", "persistent": false, "user": null, "language": "en-US"}, {"source": "https://www.cnet.com/rss/all/", "title": "How Often You Should Clean Your Fridge (and How to Do It the Right Way)     - CNET", "description": "From handles to the ice maker, here's how to give your fridge a deep clean.", "link": "https://www.cnet.com/how-to/how-often-you-should-clean-your-fridge-and-how-to-do-it-the-right-way/#ftag=CADf328eec", "date_published": "2022-09-22 14:00:19+00:00", "persistent": false, "user": null, "language": "en-US"}, {"source": "https://www.cnet.com/rss/all/", "title": "Do You Really Need a Bed Frame for Your Mattress?     - CNET", "description": "Here's the lowdown on what could happen if you don't use a bed frame to support your mattress.", "link": "https://www.cnet.com/health/sleep/do-you-really-need-a-bed-frame-for-your-mattress/#ftag=CADf328eec", "date_published": "2022-09-22 14:00:16+00:00", "persistent": false, "user": null, "language": "en-US"}, {"source": "https://www.cnet.com/rss/all/", "title": "Got an iPhone? Lock Down These 3 Security Settings Now     - CNET", "description": "Using Face ID or Touch ID with a passcode is a good start, but there's even more you can do.", "link": "https://www.cnet.com/tech/mobile/got-an-iphone-lock-down-these-3-security-settings-now/#ftag=CADf328eec", "date_published": "2022-09-22 14:00:11+00:00", "persistent": false, "user": null, "language": "en-US"}, {"source": "https://www.cnet.com/rss/all/", "title": "Best Car Backup Cameras for 2022     - CNET", "description": "You can park better, go in reverse easier and drive safer with one of these rearview cameras.", "link": "https://www.cnet.com/roadshow/news/best-backup-camera/#ftag=CADf328eec", "date_published": "2022-09-22 14:00:08+00:00", "persistent": false, "user": null, "language": "en-US"}, {"source": "https://www.cnet.com/rss/all/", "title": "Want to Save Up to $75 on Your Home Internet? Say Hello to This Federal Program     - CNET", "description": "The Affordable Connectivity Program could get you free home broadband. Here's what you need to know to find out if you're eligible.", "link": "https://www.cnet.com/how-to/want-to-save-up-to-75-on-your-home-internet-say-hello-to-this-federal-program/#ftag=CADf328eec", "date_published": "2022-09-22 14:00:03+00:00", "persistent": false, "user": null, "language": "en-US"}, {"source": "https://www.cnet.com/rss/all/", "title": "2024 Mercedes-AMG C63 S E Performance Borrows F1 Tech for the Road     - CNET", "description": "It uses both a high-capacity, high-discharge battery as well as an electric exhaust gas turbocharger.", "link": "https://www.cnet.com/roadshow/pictures/2024-mercedes-amg-c63-s-e-performance-hybrid-debut/#ftag=CADf328eec", "date_published": "2022-09-22 14:00:01+00:00", "persistent": false, "user": null, "language": "en-US"}, {"source": "https://www.cnet.com/rss/all/", "title": "Exercise in Style With 30% Off at Ellie Today Only     - CNET", "description": "Need workout clothes to help you get into shape? Get them with this one-day sale.", "link": "https://www.cnet.com/deals/exercise-in-style-with-30-off-at-ellie-today-only/#ftag=CADf328eec", "date_published": "2022-09-22 13:56:00+00:00", "persistent": false, "user": null, "language": "en-US"}, {"source": "https://www.cnet.com/rss/all/", "title": "Lock Your Laptop Screen: Keyboard Shortcuts to Keep Your Device Secure     - CNET", "description": "I don't know who needs to hear this, but you should lock your laptop screen every time you step away.", "link": "https://www.cnet.com/tech/services-and-software/lock-your-laptop-screen-keyboard-shortcuts-to-keep-your-device-secure/#ftag=CADf328eec", "date_published": "2022-09-22 13:37:00+00:00", "persistent": false, "user": null, "language": "en-US"}, {"source": "https://www.cnet.com/rss/all/", "title": "Save Up to $480 On Gaming Laptops From Asus, HP and Lenovo     - CNET", "description": "Pick up a midrange gaming laptop for less right now, with prices ranging from $1,100 to $1,850.", "link": "https://www.cnet.com/deals/save-up-to-480-on-gaming-laptops-from-asus-hp-and-lenovo/#ftag=CADf328eec", "date_published": "2022-09-22 13:25:00+00:00", "persistent": false, "user": null, "language": "en-US"}, {"source": "https://www.cnet.com/rss/all/", "title": "6 Best Fiber Supplements That Will Keep Your Gut Happy     - CNET", "description": "Fiber is crucial for healthy digestion. But most people aren't getting enough of it.", "link": "https://www.cnet.com/health/nutrition/6-best-fiber-supplements-that-will-keep-your-gut-happy/#ftag=CADf328eec", "date_published": "2022-09-22 13:00:08+00:00", "persistent": false, "user": null, "language": "en-US"}, {"source": "https://www.cnet.com/rss/all/", "title": "AirPods Pro 2 Review: Hard to Beat for Apple Users video     - CNET", "description": "Apple did little to change the design. But everything is new on the inside, making the AirPods Pro 2 a much more refined product than its predecessor, with noticeably improved performance.", "link": "https://www.cnet.com/videos/airpods-pro-2-review-hard-to-beat-for-apple-users/#ftag=CADf328eec", "date_published": "2022-09-22 13:00:00+00:00", "persistent": false, "user": null, "language": "en-US"}, {"source": "https://www.cnet.com/rss/all/", "title": "Apple AirPods Pro 2 Review: The Best Small Earbuds You Can Buy     - CNET", "description": "With improved sound, active noise canceling and battery life, they deliver exceptionally good performance for their size.", "link": "https://www.cnet.com/tech/mobile/apple-airpods-pro-2-review/#ftag=CADf328eec", "date_published": "2022-09-22 13:00:00+00:00", "persistent": false, "user": null, "language": "en-US"}, {"source": "https://www.cnet.com/rss/all/", "title": "DJI Osmo Mobile 6 Phone Stabilizer Gets Enhanced Motion Tracking, Refined Design     - CNET", "description": "And iPhone users get a new Quick Launch feature that gets the gimbal on and ready three times faster.", "link": "https://www.cnet.com/tech/mobile/dji-osmo-mobile-6-phone-stabilizer-gets-enhanced-motion-tracking-refined-design/#ftag=CADf328eec", "date_published": "2022-09-22 13:00:00+00:00", "persistent": false, "user": null, "language": "en-US"}, {"source": "https://www.cnet.com/rss/all/", "title": "Google's New $30 Chromecast With Google TV HD Arrives to Take On Amazon, Roku     - CNET", "description": "The device streams only in 1080p but looks and acts almost exactly like its 4K counterpart.", "link": "https://www.cnet.com/tech/home-entertainment/googles-new-30-chromecast-with-google-tv-hd-is-here-to-take-on-amazon-roku/#ftag=CADf328eec", "date_published": "2022-09-22 13:00:00+00:00", "persistent": false, "user": null, "language": "en-US"}, {"source": "https://www.cnet.com/rss/all/", "title": "Mortgage Refinance Rates for Sep. 22, 2022: Rates Tick Higher     - CNET", "description": "Multiple important refinance rates increased today. If you're in the market for a refi, now's a good time to assess your options.", "link": "https://www.cnet.com/personal-finance/mortgages/mortgage-refinance-rates-for-sep-22-2022-rates-tick-higher/#ftag=CADf328eec", "date_published": "2022-09-22 13:00:00+00:00", "persistent": false, "user": null, "language": "en-US"}, {"source": "https://www.cnet.com/rss/all/", "title": "Pico 4 Could Be the First of Many Meta Quest VR Competitors     - CNET", "description": "The VR headset, from TikTok parent company ByteDance, is going for Meta's turf with an app store, fitness straps, avatars and more.", "link": "https://www.cnet.com/tech/computing/pico-4-could-be-the-first-of-many-meta-quest-vr-competitors/#ftag=CADf328eec", "date_published": "2022-09-22 13:00:00+00:00", "persistent": false, "user": null, "language": "en-US"}, {"source": "https://www.cnet.com/rss/all/", "title": "Today's Mortgage Rates on Sep. 22, 2022: Rates Move Higher     - CNET", "description": "Today a few major mortgage rates climbed higher. As interest rates surge, it's getting more expensive to buy a house.", "link": "https://www.cnet.com/personal-finance/mortgages/here-are-todays-mortgage-rates-on-sep-22-2022-rates-move-higher/#ftag=CADf328eec", "date_published": "2022-09-22 13:00:00+00:00", "persistent": false, "user": null, "language": "en-US"}, {"source": "https://www.cnet.com/rss/all/", "title": "Stay-at-Home Parenting: Why Aren't We Talking About the Financial Costs?     - CNET", "description": "Commentary: TikTok isn't showing you the reality. Here's my take.", "link": "https://www.cnet.com/personal-finance/stay-at-home-parenting-why-arent-we-talking-about-the-financial-costs/#ftag=CADf328eec", "date_published": "2022-09-22 12:42:00+00:00", "persistent": false, "user": null, "language": "en-US"}, {"source": "https://www.cnet.com/rss/all/", "title": "Journey Student Rewards from Capital One: Students Can Build Credit at Home or Abroad     - CNET", "description": "College students can use this credit card to build credit and earn cash back.", "link": "https://www.cnet.com/personal-finance/credit-cards/journey-student-rewards-from-capital-one-review/#ftag=CADf328eec", "date_published": "2022-09-22 12:25:42+00:00", "persistent": false, "user": null, "language": "en-US"}, {"source": "https://www.cnet.com/rss/all/", "title": "Citi Rewards+ Card: Earn Rewards for Essential Spending     - CNET", "description": "The Citi Rewards+ earns rewards at restaurants, supermarkets and gas stations, but there's a limit to how much you can earn.", "link": "https://www.cnet.com/personal-finance/credit-cards/citi-rewards-card-review/#ftag=CADf328eec", "date_published": "2022-09-22 12:05:03+00:00", "persistent": false, "user": null, "language": "en-US"}, {"source": "https://www.cnet.com/rss/all/", "title": "Why the iPhone 14 Pro Camera Is a Big Leap for Photo Enthusiasts     - CNET", "description": "If you care a lot about photos, the newest high-end iPhones improve image quality in several ways.", "link": "https://www.cnet.com/tech/mobile/why-the-iphone-14-pro-camera-is-a-big-leap-for-photo-enthusiasts/#ftag=CADf328eec", "date_published": "2022-09-22 12:00:00+00:00", "persistent": false, "user": null, "language": "en-US"}, {"source": "https://www.cnet.com/rss/all/", "title": "'Knock at the Cabin' Trailer Reveals M. Night Shyamalan's Latest Horror     - CNET", "description": "There's somebody at the door...", "link": "https://www.cnet.com/culture/entertainment/knock-at-the-cabin-trailer-reveals-m-night-shyamalans-latest-horror/#ftag=CADf328eec", "date_published": "2022-09-22 11:54:51+00:00", "persistent": false, "user": null, "language": "en-US"}, {"source": "https://www.cnet.com/rss/all/", "title": "This New Hidden iOS 16 Feature Will Change How You Use Your iPhone Keyboard     - CNET", "description": "There's a secret iPhone feature right beneath your fingertips.", "link": "https://www.cnet.com/tech/services-and-software/this-new-hidden-ios-16-feature-will-change-how-you-use-your-iphone-keyboard/#ftag=CADf328eec", "date_published": "2022-09-22 11:30:03+00:00", "persistent": false, "user": null, "language": "en-US"}, {"source": "https://www.cnet.com/rss/all/", "title": "10 Years After 'Dredd', Here's What Stallone's 'Judge Dredd' Got Right     - CNET", "description": "A planned Judge Dredd TV show needs to learn from Sylvester Stallone's reviled 1995 adaptation as much as from Karl Urban's 2012 fan fave.", "link": "https://www.cnet.com/culture/entertainment/judge-dredd-tv-show-mega-city-one-sylvester-stallone-karl-urban-sequel-gaze-into-the-fist/#ftag=CADf328eec", "date_published": "2022-09-22 11:28:52+00:00", "persistent": false, "user": null, "language": "en-US"}, {"source": "https://www.cnet.com/rss/all/", "title": "Grandparents Can Use 529 College Saver Plans to Boost Grandkids' Education Without Hurting Their Financial Aid     - CNET", "description": "Tax-free 529 plans are a strong option for education savings, and they're about to get better for grandparents.", "link": "https://www.cnet.com/personal-finance/investing/how-grandparents-can-use-529-college-saver-plans-to-boost-grandkids-education-without-hurting-their-financial-aid/#ftag=CADf328eec", "date_published": "2022-09-22 11:15:02+00:00", "persistent": false, "user": null, "language": "en-US"}, {"source": "https://www.cnet.com/rss/all/", "title": "Victrola Stream Carbon Is the Turntable Built for Sonos Fans     - CNET", "description": "The turntable connects over Wi-Fi, which promises better sound quality than existing Bluetooth models.", "link": "https://www.cnet.com/tech/home-entertainment/victrola-stream-carbon-is-the-turntable-built-for-sonos-fans/#ftag=CADf328eec", "date_published": "2022-09-22 11:02:08+00:00", "persistent": false, "user": null, "language": "en-US"}, {"source": "https://www.cnet.com/rss/all/", "title": "Best Tower Fan for 2022     - CNET", "description": "We put the internet's best-selling tower fans to the test. Here are the ones we're fans of.", "link": "https://www.cnet.com/news/best-tower-fan/#ftag=CADf328eec", "date_published": "2022-09-22 11:02:04+00:00", "persistent": false, "user": null, "language": "en-US"}, {"source": "https://www.cnet.com/rss/all/", "title": "'She-Hulk' Episode 6 Recap: Just Jen the Wedding Crasher     - CNET", "description": "Tatiana Maslany and Jameela Jamil face off on the dancefloor in this week's She-Hulk: Attorney at Law, streaming now on Disney Plus. (Spoilers!)", "link": "https://www.cnet.com/culture/entertainment/she-hulk-episode-6-recap-just-jen-the-wedding-crasher/#ftag=CADf328eec", "date_published": "2022-09-22 10:56:57+00:00", "persistent": false, "user": null, "language": "en-US"}, {"source": "https://www.cnet.com/rss/all/", "title": "Make Yummy Ice Cream in Your Food Processor for National Ice Cream Cone Day     - CNET", "description": "It only takes four easy steps to make delicious ice cream at home -- really. Here's how.", "link": "https://www.cnet.com/how-to/make-yummy-ice-cream-in-your-food-processor-for-national-ice-cream-cone-day/#ftag=CADf328eec", "date_published": "2022-09-22 10:00:10+00:00", "persistent": false, "user": null, "language": "en-US"}, {"source": "https://www.cnet.com/rss/all/", "title": "Massachusetts Tax Refund: How to Calculate How Much Money You'll Get Back     - CNET", "description": "Thanks to an obscure 1986 law, nearly $3 billion in state tax revenue is being returned to Massachusetts residents.", "link": "https://www.cnet.com/personal-finance/massachusetts-tax-refund-how-to-calculate-how-much-money-youll-get-back/#ftag=CADf328eec", "date_published": "2022-09-22 10:00:02+00:00", "persistent": false, "user": null, "language": "en-US"}, {"source": "https://www.cnet.com/rss/all/", "title": "Best Ice Cream to Order Online     - CNET", "description": "No one wants subpar ice cream, especially on National Ice Cream Cone Day.", "link": "https://www.cnet.com/news/best-place-to-order-ice-cream-online/#ftag=CADf328eec", "date_published": "2022-09-22 09:00:13+00:00", "persistent": false, "user": null, "language": "en-US"}, {"source": "https://www.cnet.com/rss/all/", "title": "Thursday Night Football: How to Watch, Stream Steelers vs. Browns Tonight on Prime Video or Twitch     - CNET", "description": "Old rivals Cleveland and Pittsburgh meet on Thursday Night Football to kick off Week 3 of the NFL season.", "link": "https://www.cnet.com/tech/services-and-software/thursday-night-football-how-to-watch-stream-steelers-vs-browns-tonight-on-prime-video-or-twitch/#ftag=CADf328eec", "date_published": "2022-09-22 09:00:08+00:00", "persistent": false, "user": null, "language": "en-US"}, {"source": "https://www.cnet.com/rss/all/", "title": "Melatonin Can Make You Groggy: 3 Alternative Sleep Supplements to Try Instead     - CNET", "description": "These supplements can help you get a good night's sleep without facing a \"melatonin hangover\" the next morning.", "link": "https://www.cnet.com/health/sleep/melatonin-can-make-you-groggy-3-alternative-sleep-supplements-to-try-instead/#ftag=CADf328eec", "date_published": "2022-09-22 09:00:02+00:00", "persistent": false, "user": null, "language": "en-US"}, {"source": "https://www.cnet.com/rss/all/", "title": "2023 Cadillac XT6 Has One Big Advantage     - CNET", "description": "The Cadillac XT6 goes from a midpack player to one of the most interesting models in its class with the addition of Super Cruise hands-free highway assist.", "link": "https://www.cnet.com/roadshow/pictures/2023-cadillac-xt6-premium-luxury/#ftag=CADf328eec", "date_published": "2022-09-22 09:00:01+00:00", "persistent": false, "user": null, "language": "en-US"}, {"source": "https://www.cnet.com/rss/all/", "title": "2023 Cadillac XT6 Review: Super Cruising Into the Spotlight     - CNET", "description": "The addition of Caddy's hands-free highway driving assistant makes the XT6 one of the most interesting luxury SUVs on the road -- but there's a catch.", "link": "https://www.cnet.com/roadshow/reviews/2023-cadillac-xt6-review/#ftag=CADf328eec", "date_published": "2022-09-22 09:00:01+00:00", "persistent": false, "user": null, "language": "en-US"}, {"source": "https://www.cnet.com/rss/all/", "title": "Disability Benefits: How to Apply for Social Security, Who Qualifies and More     - CNET", "description": "Find out how to access Social Security Disability Insurance and Supplemental Security Income.", "link": "https://www.cnet.com/health/how-to-apply-for-disability-social-security/#ftag=CADf328eec", "date_published": "2022-09-22 08:00:08+00:00", "persistent": false, "user": null, "language": "en-US"}, {"source": "https://www.cnet.com/rss/all/", "title": "The 'Stranger Things' House the Byers Lived in Could Be Yours     - CNET", "description": "You can now buy the landmark from the hit Netflix show. But you'll have to steer clear of the Demogorgon.", "link": "https://www.cnet.com/culture/entertainment/the-stranger-things-house-the-byers-lived-in-could-be-yours/#ftag=CADf328eec", "date_published": "2022-09-22 03:14:00+00:00", "persistent": false, "user": null, "language": "en-US"}, {"source": "https://www.cnet.com/rss/all/", "title": "Elon Musk Says Starship Rocket Could Go to Space as Soon as Next Month     - CNET", "description": "For Musk, the short trip to space is a big step on the way to the moon and Mars.", "link": "https://www.cnet.com/science/space/elon-musk-says-starship-rocket-could-go-to-space-as-soon-as-next-month/#ftag=CADf328eec", "date_published": "2022-09-22 03:08:00+00:00", "persistent": false, "user": null, "language": "en-US"}, {"source": "https://www.cnet.com/rss/all/", "title": "Apple Watch Ultra Review: The Most Exciting Watch in Years     - CNET", "description": "\"Honey, I blew up the Apple Watch.\"", "link": "https://www.cnet.com/tech/mobile/apple-watch-ultra-review-most-exciting-watch-smartwatch-years/#ftag=CADf328eec", "date_published": "2022-09-22 03:01:01+00:00", "persistent": false, "user": null, "language": "en-US"}, {"source": "https://www.cnet.com/rss/all/", "title": "McDonald's Halloween Happy Meal Buckets May Be Returning This Halloween     - CNET", "description": "'80s and '90s kids may remember these trick-or-treat pails with nostalgia.", "link": "https://www.cnet.com/culture/mcdonalds-halloween-happy-meal-buckets-may-be-returning-this-halloween/#ftag=CADf328eec", "date_published": "2022-09-22 02:36:00+00:00", "persistent": false, "user": null, "language": "en-US"}, {"source": "https://www.cnet.com/rss/all/", "title": "Netflix, Amazon Prime, HBO Max: Ditch the Spinning Wheel of Streaming Dread     - CNET", "description": "Don't you hate it when... Netflix... pauses... right... before... an important... scene? Here's how to fix slowdowns, stuttering, and more.", "link": "https://www.cnet.com/tech/services-and-software/streaming-problems-how-to-fix-buffering-on-netflix-hulu-disney-plus/#ftag=CADf328eec", "date_published": "2022-09-22 01:15:03+00:00", "persistent": false, "user": null, "language": "en-US"}, {"source": "https://www.cnet.com/rss/all/", "title": "Lousy Sleep? These 7 Habits May Be to Blame     - CNET", "description": "Nipping certain habits in the bud can help improve your quality of sleep, like staying off your phone before bed.", "link": "https://www.cnet.com/health/sleep/these-habits-are-wrecking-your-sleep-schedule/#ftag=CADf328eec", "date_published": "2022-09-22 01:00:03+00:00", "persistent": false, "user": null, "language": "en-US"}, {"source": "https://www.cnet.com/rss/all/", "title": "'She-Hulk' Release Schedule: When Does Episode 6 Land on Disney Plus?     - CNET", "description": "Here's the exact release time for the latest episode of the Marvel series.", "link": "https://www.cnet.com/culture/entertainment/she-hulk-release-schedule-when-does-episode-6-land-on-disney-plus/#ftag=CADf328eec", "date_published": "2022-09-22 00:22:57+00:00", "persistent": false, "user": null, "language": "en-US"}, {"source": "https://www.cnet.com/rss/all/", "title": "Netflix: The 50 Absolute Best TV Shows to Watch     - CNET", "description": "Check out limited series Monster: The Jeffrey Dahmer Story, starring Evan Peters.", "link": "https://www.cnet.com/culture/entertainment/netflix-the-50-absolute-best-tv-shows-to-catch-this-weekend/#ftag=CADf328eec", "date_published": "2022-09-22 00:17:56+00:00", "persistent": false, "user": null, "language": "en-US"}]