[{"source": "https://www.youtube.com/feeds/videos.xml?channel_id=UCswH8ovgUp5Bdg-0_JTYFNw", "title": "Hang On, Bill Gates Said WHAT About Vaccines?", "description": "BIG ANNOUNCEMENT + With Joe Biden\u2019s announcement that the pandemic is \u201cover\u201d and vaccine makers stock price plummeting as a result, how will they respond - cos they don\u2019t really care about profit, do they? #covid #vaccines #pandemic \n\nReferences\nhttps://www.ft.com/content/c6fcbde9-9575-4c9c-a6eb-2c8796c2c5cb\nhttps://www.science.org/content/article/omicron-booster-shots-are-coming-lots-questions\nhttps://www.commonsense.news/p/us-public-health-agencies-arent-following\nhttps://www.telegraph.co.uk/politics/2020/06/09/school-age-children-likely-hit-lightning-die-coronavirus-oxbridge/\nhttps://www.wsj.com/articles/the-high-cost-of-disparaging-natural-immunity-to-covid-vaccine-mandates-protests-fire-rehire-employment-11643214336\nhttps://www.statnews.com/2022/09/06/pfizer-covid-vaccines-researchers-next-gen-studies/\n--------------------------------------------------------------------------------------------------------------------------\nJoin Our Community HERE: https://www.russellbrand.com/join \n\nFor meditation and breath work, subscribe to my side-channel: \nhttps://www.youtube.com/c/AwakeningWithRussell\n\nRumble:\nhttps://rumble.com/c/russellbrand\n\nLocals:\nhttps://russellbrand.locals.com/", "link": "https://www.youtube.com/watch?v=b9HZSxXfXkw", "date_published": "2022-09-22 00:00:00+00:00", "persistent": false, "user": null, "language": "en-US"}]