[{"source": "https://www.youtube.com/feeds/videos.xml?channel_id=UCw--xPGVVxYzRsWyV1nFqgg", "title": "HUGE Win for Authors\u2757Stormlight RPG\ud83c\udfb2 Iron Widow Adaptaion!\ud83c\udfa5 || FANTASY NEWS", "description": "Let's jump into the FANTASY NEWS! \nNew Channel: https://www.youtube.com/channel/UC9tQc_K_LtoCiVGx7_R3FRA \nPatreon: https://www.patreon.com/DanielBGreene \nAll the Me Social Links: https://linktr.ee/DanielGreene\n\nMerch: https://www.designbyhumans.com/shop/FantasyNews/ \n\nLawful Times Series: \nBreach of Peace: https://amzn.to/3CnKsfX\nRebels Creed: https://amzn.to/3Gtqt2p\n\nEquipment: \nCamera: https://amzn.to/3siqgHv  \nLens: https://amzn.to/3ugGxhQ  \nLighting: https://amzn.to/3aI3brK  \nMicrophone: https://amzn.to/3pCGtWg  \nTripod: https://amzn.to/3kd9yq1  \n\nP.O. Box: PO Box 7874 Henrico, VA 23231\n\nNEWS: \n\n00:00 Intro\n\n00:14 Authors WIN: https://twitter.com/Soc_of_Authors/status/1572951482789466112 \n\n02:52 Martha Wells cover: https://www.tor.com/2022/09/21/cover-reveals-martha-wells-witch-king/ \n\n04:01 JerryRigEverything Donations: https://www.youtube.com/watch?v=EHWQs2v_NS8&ab_channel=JerryRigEverything \nPlease send books to this business address: Not a Wheelchair 1347 N State St, Orem UT 84057\n\n04:35 Sanderson Tabletop: https://www.polygon.com/23365631/stormlight-archive-5e-compatible-tabletop-rpg-brandon-sanderson \n\n06:00 Janny Wurts update: https://twitter.com/JannyWurts/status/1572315337630031874?cxt=HHwWhICx5YKe_tErAAAA \n\n07:10 Iron widow Optioned: https://www.tor.com/2022/09/22/xiran-jay-zhao-iron-widow-movie/ \n\n08:00 Shinning Prequel: https://twitter.com/flanaganfilm/status/1571636789844246528?s=20&t=MBb-kQLJlogKT5RoqRkBDg \n\n09:40 Hellraiser Trailer: \n\n09:44 Constantine sequel: https://deadline.com/2022/09/constantine-sequel-keanu-reeves-francis-lawrence-warner-bros-dc-akiva-goldsman-scripting-producing-bad-robot-jj-abrams-hannah-minghella-1235121127/", "link": "https://www.youtube.com/watch?v=lEHt3JnJYho", "date_published": "2022-09-23 00:00:00+00:00", "persistent": false, "user": null, "language": "en-US"}, {"source": "https://www.youtube.com/feeds/videos.xml?channel_id=UCw--xPGVVxYzRsWyV1nFqgg", "title": "THE EXPANSE ~Breakdown~", "description": "Let's breakdown #theexpanse \nNew Channel: https://www.youtube.com/channel/UC9tQc_K_LtoCiVGx7_R3FRA \nPatreon: https://www.patreon.com/DanielBGreene \nAll the Me Social Links: https://linktr.ee/DanielGreene\n\nMerch: https://www.designbyhumans.com/shop/FantasyNews/ \n\nLawful Times Series: \nBreach of Peace: https://amzn.to/3CnKsfX\nRebels Creed: https://amzn.to/3Gtqt2p\n\nEquipment: \nCamera: https://amzn.to/3siqgHv  \nLens: https://amzn.to/3ugGxhQ  \nLighting: https://amzn.to/3aI3brK  \nMicrophone: https://amzn.to/3pCGtWg  \nTripod: https://amzn.to/3kd9yq1  \n\nP.O. Box: PO Box 7874 Henrico, VA 23231", "link": "https://www.youtube.com/watch?v=DFtIui13rQE", "date_published": "2022-09-22 00:00:00+00:00", "persistent": false, "user": null, "language": "en-US"}]