[{"source": "https://www.youtube.com/feeds/videos.xml?channel_id=UCl7mAGnY4jh4Ps8rhhh8XZg", "title": "\"Let it Rot\" - China's Youth are Giving Up on Life", "description": "Get Cultivate for free and see where your Amazon products come from, find out who and where you're actually buying from. Free Download - https://www.wecultivate.us/get/extension/current?campaignId=wins \n\nYou may have heard of Lying Flat or Bai Lan or \"Let it Rot\", what is happening to the youth of China today?...\n\nFor a deeper dive into China's Propaganda influence and soft power, watch The China Show: https://www.youtube.com/advpodcasts\n\nSupport Sasha and I on Patreon: http://www.patreon.com/serpentza\nBitcoin - bc1qxfjp2t6x5dpslv59u0jl89m6k643hcn8h2jsvp\nEthereum - 0x6Da150a2A8529110017Ed4db68B3dF0084900280\nPaypal: https://paypal.me/serpentza\n\nDOCUMENTARY LINKS:\nConquering Southern China:\nhttps://vimeo.com/ondemand/conqueringsouthernchina\n\nConquering Northern China:\nhttps://vimeo.com/ondemand/conqueringnorthernchina\n\nStay Awesome China (my new documentary): https://vimeo.com/ondemand/stayawesomechina\n\nFor Motorcycle adventures around the world, and a talk-show on two wheels go to ADVChina every Monday 1pm EST\nhttps://www.youtube.com/advchina\n\nFor a realistic perspective on China and world travel from an American father and a Chinese mother with two half-Chinese daughters go to Laowhy86 every Wednesday 1pm EST\nhttps://youtu.be/mErixa-YIJE\n\nFor a no-nonsense on the street look at Chinese culture and beyond from China's original YouTuber, join SerpentZA on Friday at 1pm EST\nhttps://www.youtube.com/serpentza\n\nJoin me on Facebook: http://www.facebook.com/winstoninchina\nTwitter: @serpentza\nInstagram: serpent_za", "link": "https://www.youtube.com/watch?v=IfgFNRnXCMc", "date_published": "2022-09-22 19:00:08+00:00", "persistent": false, "user": null, "language": "en-US"}]