[{"source": "https://www.europereloaded.com", "title": "MEP Cristian Terhes Grills AstraZeneca, Moderna About Vaccines and Contracts During EU Covid Committee Meeting - Europe Reloaded", "description": "MEP Cristian Terhes Grills AstraZeneca, Moderna About Vaccines and Contracts During EU Covid Committee Meeting - Europe Reloaded", "link": "https://www.europereloaded.com/mep-cristian-terhes-grills-astrazeneca-moderna-about-vaccines-and-vaccine-contracts-during-eu-covid-committee-meeting/", "date_published": "2022-09-22 16:41:57+00:00", "persistent": true, "user": "rumpel", "language": "en-US", "tags": ["covid", "vaccine"]}]