[{"source": "https://www.youtube.com/feeds/videos.xml?channel_id=UCBJycsmduvYEL83R_U4JriQ", "title": "This Was Ahead of its Time!", "description": "Top 3 Gadgets that were ahead of their time, and why they'll reappear in our future \ud83d\udc40\n\nMKBHD Merch: http://shop.MKBHD.com\n\nTech I'm using right now: https://www.amazon.com/shop/MKBHD\n\nIntro track: 1AM OMW by Ballpoint\nPlaylist of MKBHD Intro music: https://goo.gl/B3AWV5\n\n~\nhttp://twitter.com/MKBHD\nhttp://instagram.com/MKBHD\nhttp://facebook.com/MKBHD", "link": "https://www.youtube.com/watch?v=xcjZvAFBH_Y", "date_published": "2022-06-11 00:00:00+00:00", "persistent": false, "user": null, "language": "en-US"}]