[{"source": "https://www.youtube.com/feeds/videos.xml?channel_id=UCIw5fgJcTtR2Av-0JkZp-xg", "title": "\"Emotional Damage!\" (Instrumental)", "description": "Support my music on Patreon: https://www.patreon.com/yuriwong \nWatch the remix: https://youtu.be/59QzKeb6lU8\nCreated on @teenageengineering OP-1\nand completed in Logic Pro X using stock plugins and instruments.", "link": "https://www.youtube.com/watch?v=DcXIJCcCrUM", "date_published": "2022-06-11 00:00:00+00:00", "persistent": false, "user": null, "language": "en-US"}, {"source": "https://www.youtube.com/feeds/videos.xml?channel_id=UCIw5fgJcTtR2Av-0JkZp-xg", "title": "\"Emotional Damage!\" (Full Song)", "description": "Support my music on Patreon: https://www.patreon.com/yuriwong \nWatch the remix: https://youtu.be/59QzKeb6lU8\nCreated on @teenageengineering OP-1\nand completed in Logic Pro X using stock plugins and instruments.", "link": "https://www.youtube.com/watch?v=492p1wTEpOw", "date_published": "2022-06-10 00:00:00+00:00", "persistent": false, "user": null, "language": "en-US"}]