[{"source": "https://www.youtube.com/feeds/videos.xml?channel_id=UCzQUP1qoWDoEbmsQxvdjxgQ", "title": "Chef Daniel Holzman on Coffee Culture, Making Coffee \"Right\"", "description": "Taken from JRE #1782 w/Daniel Holzman:\nhttps://open.spotify.com/episode/4pYZ2oatLSBAH7zptRXowB?si=cd33ade69b174eda", "link": "https://www.youtube.com/watch?v=bA-Xx6daR_w", "date_published": "2022-02-22 00:00:00+00:00", "persistent": false, "user": null, "language": "en-US"}, {"source": "https://www.youtube.com/feeds/videos.xml?channel_id=UCzQUP1qoWDoEbmsQxvdjxgQ", "title": "Chef Daniel Holzman on The Best Way to Learn to Cook", "description": "Taken from JRE #1782 w/Daniel Holzman:\nhttps://open.spotify.com/episode/4pYZ2oatLSBAH7zptRXowB?si=cd33ade69b174eda", "link": "https://www.youtube.com/watch?v=LdE9u0-SwEY", "date_published": "2022-02-22 00:00:00+00:00", "persistent": false, "user": null, "language": "en-US"}]