[{"source": "https://www.youtube.com/feeds/videos.xml?channel_id=UCF9IOB2TExg3QIBupFtBDxg", "title": "Freedom of information discussion", "description": "13 March 2020 to 7 January 2022, England and Wales\n\nhttps://www.ons.gov.uk/peoplepopulationandcommunity/healthandsocialcare/conditionsanddiseases/articles/coronaviruscovid19/latestinsights\n\n127,704 excess deaths above the five-year average\n\nOfficial data\n\nhttps://coronavirus.data.gov.uk/details/deaths\n\nDeaths from COVID-19 with no other underlying causes\n\nFOI Ref: FOI/2021/3240\n\nhttps://www.ons.gov.uk/aboutus/transparencyandgovernance/freedomofinformationfoi/deathsfromcovid19withnootherunderlyingcauses?s=09\n\nDeath registrations for 2020 and 2021\n\nfor deaths where COVID-19 was listed as the underlying cause, \n\nbut had no other pre-existing conditions recorded on the death certificate, England and Wales\n\nThis publication will be updated quarterly\n\n2020\n\nTotal deaths,  9,400\n\n0-64,   1,549\n\n65 and over,  7,851\n\n\n2021 Q1\n\nTotal deaths,  6,483\n\n0-64,   1,560\n\n65 and over,  4,923\n\n2021 Q2\n\nTotal deaths,  346\n\n0-64,   153\n\n65 and over,  193\n\n2021 Q3,\n\nTotal deaths,  1,142\n\n0-64,   512\n\n65 and over,  630\n\nTherefore, 2020 and first 3 quarters of 2021\n\nTotal deaths from covid alone, 17,371\n\nOf this number 13,597 were 65 or over\n\nOf this number, 3,774 were under 65\n\nAverage age of death in UK from covid in 2021\n\n82.5 years\n\nAverage life expectancy in the UK, 2018 to 2020\n\nhttps://www.ons.gov.uk/peoplepopulationandcommunity/birthsdeathsandmarriages/lifeexpectancies/bulletins/nationallifetablesunitedkingdom/2018to2020\n\n79.0 years for males\n\n82.9 years for females\n\nThis represents a fall of 7.0 weeks for males and a slight increase of 0.5 weeks for females\n\n(from the latest non-overlapping period of 2015 to 2017)\n\nThis is the first time we have seen a decline when comparing non-overlapping time periods since the series began in the early 1980s\n\nAs of end of September\n\nhttps://coronavirus.data.gov.uk/details/deaths\n\nWithin 28 days of a positive test, 137,133\n\n(7.9 times more deaths) \n\nExcess deaths from cancer\n\nhttps://www.youtube.com/watch?v=U90eDxJV_9k\n\nProfessor Karol Sikora, University of Buckingham\n\nFormer head of cancer programme at WHO\n\nProbably an extra 50,000 deaths from cancer, over the past 18 months, you otherwise would not have had\n\nFailure to report early\nDifficulty getting to see GP\nFear of hospital admissions\nMissed chemotherapy\nMissed radiotherapy\n\n6 million waiting for NHS treatment", "link": "https://www.youtube.com/watch?v=9UHvwWWcjYw", "date_published": "2022-01-20 00:00:00+00:00", "persistent": false, "user": null, "language": "en-US"}, {"source": "https://www.youtube.com/feeds/videos.xml?channel_id=UCF9IOB2TExg3QIBupFtBDxg", "title": "US hospital patient remain high", "description": "If you would like John\u2019s text books, (free to download the PDFs)\n\nLink to free download of my 2 textbooks\n\nhttp://159.69.48.3/\n\nPhysiology book in hard copy\nhttps://www.ebay.co.uk/itm/154770452796?mkevt=1&mkcid=16&mkrid=710-127635-2958-0\n\nPathophysiology book in hard copy\nhttps://www.ebay.co.uk/itm/154770451780?mkevt=1&mkcid=16&mkrid=710-127635-2958-0\n\nUnited States, I believe you may be misinterpreting the cause for the multitude of hospitalizations in the US. \n\nThere is an economic incentive, as hospitals are reimbursed for covid patients and not so for other illnesses. \n\nCo-morbidity? - sure, but the incentive is to hospitalize and pray for covid to be present, or to hospitalize when marginally necessary to rake in the covid bounty.\n\n400 million nonsurgical N95 masks\n\nhttps://www.nytimes.com/live/2022/01/19/world/omicron-covid-vaccine-tests?campaign_id=185&emc=edit_yct_20220119&instance_id=50682&nl=coronavirus-tracker&regi_id=110300449&segment_id=80092&te=1&user_id=0b87b8c1eea981ec0514047bbfa553ca#covid-biden-free-masks\n\nFree of charge\n\nCommunity health centers and pharmacies\n\nN95 respirators, filter out 95 percent of airborne particles\n\nStrategic National Stockpile, protecting against bioterror attacks, anthrax vaccine\n\nStockpile now 737 million N95 masks, domestic manufacturers\n\nFree at home tests\n\nhttps://www.covidtests.gov\n\nhttps://www.nytimes.com/2022/01/14/us/politics/covid-tests-free-biden.html\n\nFour test kits per household\n\nUsually shipped in 7 to 12 days\n\nThe tests available for order\n\nAre rapid antigen at-home tests, not PCR\n\nCan be taken anywhere\n\nGive results within 30 minutes (no lab drop-off required)\n\nWork whether or not you have COVID-\u206019 symptoms\n\nWork whether or not you are up to date on your COVID-\u206019 vaccines\n\nAre also referred to as self-tests or over-the-counter (OTC) tests\n\nZoe data\n\nhttps://covid.joinzoe.com/data#levels-over-time\n\nhttps://www.youtube.com/watch?v=VGtFqew1Tic\n\nhttps://covid.joinzoe.com/post/omicron-falling-fast-but-new-uptick-detected-in-children\n\nUK, R = 0.9\n\nOne in 27 people in the UK currently have symptomatic COVID\n\nSymptoms (omicron times)\n\nBack pain\n\nGI symptoms, sickness, abdominal pain\n\nCould be GI positive but respiratory negative?\n\nDuration\n\nDelta\n\n7 days to recover\n\nOmicron\n\n5 days to recover\n\nIn just two weeks, the number of new cases per day has fallen around 31% \n\nfrom its peak of over 211,000 to under 145,000\n\nUptick in symptomatic cases in children due to the back to school effect. \nPM\n\nReturn to plan A, lifting plan B\n\nAs Covid becomes endemic, we will need to replace legal requirements with advice and guidance urging people with the virus to be careful and considerate of others\n\nLFTs\n\n400 million LFTs this month\n\nFree tests planned to end in July\n(Currently \u00a330 per pack of 7)\n\nUp to November 2021\n\n691 million lateral flow tests distributed\n\n96 million (14%) registered result with NHS\n\nToday\n\nEnding guidance on working from home\n\nNo masks in classrooms\n\nNext Thursday\n\nMandatory certifications will end\n\nFace masks not legally mandated\n\nMarch 24th (if not before)\n\nEnd legal requirement to self-isolate\n\nPM\n\nsoon come a time when we can remove the legal requirement to self-isolate altogether\n\nMr. Javid\n\nOmicron is in retreat\n\nWe have not reached the finish line\nMilestone, not an end\n\nBut it's not the end of the road and we shouldn't see this as the finish line\n\nbecause we cannot eradicate this virus and its future variants\n\nInstead we must learn to live with Covid in the same way we have to live with flu\n\nHelp keep the virus at bay, isolate if positive\n\nGat Jabbed\n\nDr Richard Cree, an intensive care consultant, Middlesbrough\n\nI am confident that the worst will soon be behind us\n\nFar fewer patients are unwell like they were back then (April, 2020) \n\nThe Covid wards are no longer full of people struggling to breathe\n\nThe hospital is still finding it a challenge to cope with such a large number of patients\n\nSocial care staff shortages, clogged hospitals", "link": "https://www.youtube.com/watch?v=ItKsN1y7CTg", "date_published": "2022-01-20 00:00:00+00:00", "persistent": false, "user": null, "language": "en-US"}]