[{"source": "https://www.theepochtimes.com", "title": "Scientists Who Were Instrumental to COVID-19 \u2018Natural Origin\u2019 Narrative Received Over $50 Million in NIAID Funding in 2020\u201321", "description": "Scientists Who Were Instrumental to COVID-19 \u2018Natural Origin\u2019 Narrative Received Over $50 Million in NIAID Funding in 2020\u201321", "link": "https://www.theepochtimes.com/scientists-who-were-instrumental-to-covid-19-natural-origins-narrative-received-over-50-million-in-niaid-funding-in-2020-2021_4220769.html", "date_published": "2022-01-19 14:23:35+00:00", "persistent": true, "user": "rumpel", "language": "en-US", "tags": ["covid", "wuhan", "niaid", "lableak"]}]