[{"source": "https://www.youtube.com/feeds/videos.xml?channel_id=UCSbdMXOI_3HGiFviLZO6kNA", "title": "The US Government is going after Meta and Oculus", "description": "Thank you to MicroCenter for sponsoring this video! \nHere the link to a free 240gb SSD:\n\nhttps://micro.center/8841f1\n\nHello and welcome to TUESDAY NEWSDAY! Your number one resource for the entire weeks worth of VR news! Today we will be covering the FTC lawsuit against Meta for anticompetitive practices in the VR industry, The Simula One VR headset, Apple's newest VR ventures and views on the metaverse and so much more! Hopefully you enjoy this week of VR news!\n\nMy links:\nTwitch.tv/Thrilluwu\nDiscord.gg/Thrill\nTwitter.com/Thrilluwu\n\nTIMESTAMPS:\n00:00 INTRO\n00:38 AD\n02:01 APPLE\n03:53 SIMULA\n06:57 MEME BREAK\n07:16 META\u2019S XROS\n08:13 META FTC\n09:23 ZENITH\n10:01 SECOND LIFE \n10:53 WAL-MART\n11:37 QOTW\n12:15 OUTRO\n\n\n\nSOURCES:\nhttps://simulavr.com/\nhttps://www.roadtovr.com/simula-one-vr-linux-standalone-kickstarter/\nhttps://www.businessinsider.com/meta-oculus-vr-division-antitrust-investigation-ftc-report-says-2022-1#:~:text=Meta%27s%20VR%20division%20is%20under%20investigation%20by%20the,sources%20with%20knowledge%20of%20the%20matter%20told%20Bloomberg.\nhttps://nypost.com/2022/01/18/ftc-investigates-metas-oculus-vr-business-over-market-dominance/", "link": "https://www.youtube.com/watch?v=rSI3MH7hNn0", "date_published": "2022-01-19 00:00:00+00:00", "persistent": false, "user": null, "language": "en-US"}]