[{"source": "https://www.youtube.com/feeds/videos.xml?channel_id=UCzQUP1qoWDoEbmsQxvdjxgQ", "title": "The Benefits of Sled Pulls for Knee Health", "description": "Taken from JRE #1766 w/Ben Patrick:\nhttps://open.spotify.com/episode/2zfpB6RoKwylk3DbN3GXA0?si=7da1d1f2020947f1", "link": "https://www.youtube.com/watch?v=P_M0zruGWbA", "date_published": "2022-01-19 00:00:00+00:00", "persistent": false, "user": null, "language": "en-US"}, {"source": "https://www.youtube.com/feeds/videos.xml?channel_id=UCzQUP1qoWDoEbmsQxvdjxgQ", "title": "The Origins of KneesOverToesGuy", "description": "Taken from JRE #1766 w/Ben Patrick:\nhttps://open.spotify.com/episode/2zfpB6RoKwylk3DbN3GXA0?si=7da1d1f2020947f1", "link": "https://www.youtube.com/watch?v=ppjUUwffYP8", "date_published": "2022-01-19 00:00:00+00:00", "persistent": false, "user": null, "language": "en-US"}]