[{"source": "https://www.youtube.com/feeds/videos.xml?channel_id=UCswH8ovgUp5Bdg-0_JTYFNw", "title": "As leaders PANIC Covid Narrative FALLS APART!!!!!", "description": "Boris Johnson announces the end of Covid restrictions and Joe Biden ceases reporting of daily Covid deaths. So, leaders make your minds up - is Covid a problem or not?\n#Covid #Pandemic #Boris #Biden \n\nGet tickets for my 2022 tour here: http://bit.ly/33_2022\n\nElites are taking over! Our only hope is to form our own. To learn more join my cartel here https://www.russellbrand.com/join and get weekly bulletins too incendiary for anything but your private inbox.\n*not a euphemism\n\nListen to my Luminary Original podcast, Under The Skin, to hear from guests including Edward Snowden, Jonathan Haidt, Jordan Peterson, Naomi Klein, Kehinde Andrews, Adam Curtis and Vandana Shiva.\nSubscribe to Luminary at luminary.link/russell\n\nFor meditation and breath work, subscribe to my side-channel: \nhttps://www.youtube.com/c/AwakeningWithRussell\n\nMy NEW weekly meditation podcast, Above the Noise, is available now only on Luminary. Meditate with me here: luminary.link/meditate\n\nFOOTBALL IS NICE is my free, weekly, full-length podcast - subscribe here: https://www.youtube.com/c/FootballisNiceRussellBrand\n\nMy Audible Original, \u2018Revelation', is out NOW!\nUS: http://adbl.co/revelation\nUK: http://adbl.co/revelationuk\nAU: http://adbl.co/revelationau\nCA: http://adbl.co/revelationca\n\nFacebook:\nhttps://www.facebook.com/RussellBrand/\n\nInstagram: \nhttps://instagram.com/russellbrand/\n\nTwitter: \nhttps://twitter.com/rustyrockets\n\nTikTok:\nhttps://www.tiktok.com/@russellbrand\n\nRumble:\nhttps://rumble.com/c/russellbrand\n\nLocals:\nhttps://russellbrand.locals.com/", "link": "https://www.youtube.com/watch?v=y0Q5YVqJHz4", "date_published": "2022-01-20 00:00:00+00:00", "persistent": false, "user": null, "language": "en-US"}, {"source": "https://www.youtube.com/feeds/videos.xml?channel_id=UCswH8ovgUp5Bdg-0_JTYFNw", "title": "Australia's Vaccine Apartheid", "description": "As Australian police arrest middle aged women for allegedly nor showing their vaccine passports, its politicians are considering charging the unvaccinated for healthcare. So, are we witnessing the creation of a two-tier society?  \n#PoliceState #VaccinePassports #VaccineAparthied #TwoTierSociety \n\nGet tickets for my 2022 tour here: http://bit.ly/33_2022\n\nElites are taking over! Our only hope is to form our own. To learn more join my cartel here https://www.russellbrand.com/join and get weekly bulletins too incendiary for anything but your private inbox.\n*not a euphemism\n\nListen to my Luminary Original podcast, Under The Skin, to hear from guests including Edward Snowden, Jonathan Haidt, Jordan Peterson, Naomi Klein, Kehinde Andrews, Adam Curtis and Vandana Shiva.\nSubscribe to Luminary at luminary.link/russell\n\nFor meditation and breath work, subscribe to my side-channel: \nhttps://www.youtube.com/c/AwakeningWithRussell\n\nMy NEW weekly meditation podcast, Above the Noise, is available now only on Luminary. Meditate with me here: luminary.link/meditate\n\nFOOTBALL IS NICE is my free, weekly, full-length podcast - subscribe here: https://www.youtube.com/c/FootballisNiceRussellBrand\n\nMy Audible Original, \u2018Revelation', is out NOW!\nUS: http://adbl.co/revelation\nUK: http://adbl.co/revelationuk\nAU: http://adbl.co/revelationau\nCA: http://adbl.co/revelationca\n\nFacebook:\nhttps://www.facebook.com/RussellBrand/\n\nInstagram: \nhttps://instagram.com/russellbrand/\n\nTwitter: \nhttps://twitter.com/rustyrockets\n\nTikTok:\nhttps://www.tiktok.com/@russellbrand\n\nRumble:\nhttps://rumble.com/c/russellbrand\n\nLocals:\nhttps://russellbrand.locals.com/", "link": "https://www.youtube.com/watch?v=N_os74m9uFI", "date_published": "2022-01-19 00:00:00+00:00", "persistent": false, "user": null, "language": "en-US"}]