[{"source": "https://www.youtube.com/feeds/videos.xml?channel_id=UCvg_4SPPEZ7y4pk_iB7z6sw", "title": "The Wacky World of Rare Xboxes", "description": "Well, it\u2019s another console variations list. This time for the OG Xbox. Yeah. That\u2019s, what the video\u2019s about.\n\n\nTwitter: https://twitter.com/WhimsuTy\nSoundcloud: https://soundcloud.com/user-503704039\nPatreon: https://www.patreon.com/theknowledgehub\n\nFootage Credits:\nAdam Koralik\nNeoGamer - The Video Game Archive\nLGR\nrodsormen1\nGamester81\nMetalJesusRocks\nIGN\nGoTeamScotch\nSPECTRE AIR\nPanzer Dragoon Legacy\nIndianVideoGameCollector\nOGXbox dotCOM\nXbox On\nPshyched Plays PS2\nCGR Publishing", "link": "https://www.youtube.com/watch?v=LFVvpFSeq4A", "date_published": "2022-01-19 00:00:00+00:00", "persistent": false, "user": null, "language": "en-US"}]