[{"source": "https://www.youtube.com/feeds/videos.xml?channel_id=UC-2JUs_G21BrJ0efehwGkUw", "title": "River | Bishop Briggs | funk cover ft. Ben Barnes", "description": "Join the Vinyl Club tier by Feb. 28 to get \"Technicolor Magic\" AND \"Best of 2021\" on vinyl! http://modal.scarypocketsfunk.com/patreon\n\nStore: https://www.scarypocketsfunk.com\nListen on Spotify: http://modal.scarypocketsfunk.com/spotify\n\nTip Jar: http://modal.scarypocketsfunk.com/tips\nInstagram: http://modal.scarypocketsfunk.com/instagram\nFacebook: http://modal.scarypocketsfunk.com/facebook\nDiscord: http://modal.scarypocketsfunk.com/discord\nSubscribe: http://modal.scarypocketsfunk.com/subscribe\n\nA funk cover of Bishop Briggs' \"River\" by Scary Pockets & Ben Barnes.\n\nMUSICIAN CREDITS\nLead vocal: Ben Barnes\nDrums: Abe Laboriel Jr.\nBass: Nick Campbell\nKeys: Carey Frank\nGuitar: Ariel Posen\nGuitar: Ryan Lerman\n\nAUDIO CREDITS\nRecording Engineer: Caleb Parker\nMixing/Mastering: Craig Polasko\n\nVIDEO CREDITS\nDP: Kenzo Le \nEditor: Adam Kritzberg\nSkit Editor: Jude Smith\n\nRecorded Live at East West in Los Angeles, CA.\n\n#ScaryPockets #Funk #BenBarnes #BishopBriggs #River", "link": "https://www.youtube.com/watch?v=p-_6th8rHRw", "date_published": "2022-01-31 00:00:00+00:00", "persistent": false, "user": null, "language": "en-US"}]