[{"source": "http://feeds.bbci.co.uk/news/rss.xml", "title": "Winter Olympics: Why is luge the 'fastest sport on ice'?", "description": "Athletes whizz down a mile-long track of ice on a small sled in both sports - but what makes luge faster than skeleton?", "link": "https://www.bbc.co.uk/sport/winter-olympics/60067520?at_medium=RSS&at_campaign=KARANGA", "date_published": "2022-01-30 21:32:38+00:00", "persistent": false, "user": null, "language": "en-US"}, {"source": "http://feeds.bbci.co.uk/news/rss.xml", "title": "Frank Lampard's best Chelsea Premier League goals as he closes in on Stamford Bridge return as interim manager", "description": "Watch some of Frank Lampard's best Premier League goals for Chelsea as the former England midfielder looks set to return to Stamford Bridge as interim manager until the end of the season.", "link": "https://www.bbc.co.uk/sport/av/football/60184229?at_medium=RSS&at_campaign=KARANGA", "date_published": "2022-01-30 20:29:53+00:00", "persistent": false, "user": null, "language": "en-US"}, {"source": "http://feeds.bbci.co.uk/news/rss.xml", "title": "Is Nadal the greatest male tennis player?", "description": "Not only was Rafael Nadal playing for the Australian Open title on Sunday, he was jostling for position to be crowned the Greatest of All Time.", "link": "https://www.bbc.co.uk/sport/tennis/60183689?at_medium=RSS&at_campaign=KARANGA", "date_published": "2022-01-30 20:13:15+00:00", "persistent": false, "user": null, "language": "en-US"}, {"source": "http://feeds.bbci.co.uk/news/rss.xml", "title": "Bloody Sunday: 'I still miss my father, 50 years on'", "description": "Relatives of those killed in Londonderry have gathered to remember loved ones, 50 years on.", "link": "https://www.bbc.co.uk/news/uk-60192584?at_medium=RSS&at_campaign=KARANGA", "date_published": "2022-01-30 18:36:21+00:00", "persistent": false, "user": null, "language": "en-US"}, {"source": "http://feeds.bbci.co.uk/news/rss.xml", "title": "In eastern Ukraine, war-weary soldiers and civilians await Russia's next move", "description": "On Ukraine's eastern front lines, in the deep winter cold, soldiers and civilians await Russia's next move.", "link": "https://www.bbc.co.uk/news/world-europe-60190249?at_medium=RSS&at_campaign=KARANGA", "date_published": "2022-01-30 14:32:07+00:00", "persistent": false, "user": null, "language": "en-US"}, {"source": "http://feeds.bbci.co.uk/news/rss.xml", "title": "Luis Diaz: Liverpool sign Colombia winger from Porto in five-year deal for initial \u00a337.5m", "description": "Liverpool sign Colombia winger Luis Diaz from Porto in a deal worth \u00a337.5m, with a further \u00a312.5m in potential bonuses.", "link": "https://www.bbc.co.uk/sport/football/60180371?at_medium=RSS&at_campaign=KARANGA", "date_published": "2022-01-30 12:17:42+00:00", "persistent": false, "user": null, "language": "en-US"}, {"source": "http://feeds.bbci.co.uk/news/rss.xml", "title": "Bloody Sunday: Irish PM lays wreath at Bloody Sunday memorial", "description": "Thirteen people were killed when British soldiers opened fire on a civil rights march in Londonderry.", "link": "https://www.bbc.co.uk/news/uk-northern-ireland-60130409?at_medium=RSS&at_campaign=KARANGA", "date_published": "2022-01-30 12:03:44+00:00", "persistent": false, "user": null, "language": "en-US"}, {"source": "http://feeds.bbci.co.uk/news/rss.xml", "title": "National Insurance: Boris Johnson and Rishi Sunak confirm rise from April", "description": "It comes after pressure from opposition and some Tory MPs to cancel the hike, due to start in April.", "link": "https://www.bbc.co.uk/news/uk-60185741?at_medium=RSS&at_campaign=KARANGA", "date_published": "2022-01-30 12:01:01+00:00", "persistent": false, "user": null, "language": "en-US"}, {"source": "http://feeds.bbci.co.uk/news/rss.xml", "title": "Ukraine-Russia tensions: British troops 'unlikely' to fight - Truss", "description": "The foreign secretary says the UK is using \"deterrence and diplomacy\" to avoid further conflict.", "link": "https://www.bbc.co.uk/news/uk-60188690?at_medium=RSS&at_campaign=KARANGA", "date_published": "2022-01-30 11:49:53+00:00", "persistent": false, "user": null, "language": "en-US"}, {"source": "http://feeds.bbci.co.uk/news/rss.xml", "title": "Levelling up: Sheffield and Wolverhampton chosen for regeneration plans", "description": "The government names first two places to get regeneration funds - but Labour says it's not enough.", "link": "https://www.bbc.co.uk/news/uk-politics-60183453?at_medium=RSS&at_campaign=KARANGA", "date_published": "2022-01-30 11:14:04+00:00", "persistent": false, "user": null, "language": "en-US"}, {"source": "http://feeds.bbci.co.uk/news/rss.xml", "title": "North Korea missile tests: Biggest launch since 2017", "description": "Sunday's launch is the seventh this month, and is thought to be the largest in almost five years.", "link": "https://www.bbc.co.uk/news/world-asia-pacific-60186538?at_medium=RSS&at_campaign=KARANGA", "date_published": "2022-01-30 10:19:03+00:00", "persistent": false, "user": null, "language": "en-US"}, {"source": "http://feeds.bbci.co.uk/news/rss.xml", "title": "Storm Corrie moves in after boy and woman die in Storm Malik", "description": "A day after Storm Malik hit much of Scotland and northern England, Storm Corrie is due to blow in.", "link": "https://www.bbc.co.uk/news/uk-60183035?at_medium=RSS&at_campaign=KARANGA", "date_published": "2022-01-30 10:02:27+00:00", "persistent": false, "user": null, "language": "en-US"}, {"source": "http://feeds.bbci.co.uk/news/rss.xml", "title": "Women's Ashes: England and Australia draw Test in incredible finale", "description": "England and Australia draw the one-off Women's Ashes Test in one of the most incredible finales cricket has seen.", "link": "https://www.bbc.co.uk/sport/cricket/60186075?at_medium=RSS&at_campaign=KARANGA", "date_published": "2022-01-30 08:57:49+00:00", "persistent": false, "user": null, "language": "en-US"}, {"source": "http://feeds.bbci.co.uk/news/rss.xml", "title": "US East Coast blanketed by 'bombogenesis' snowstorm", "description": "The storm dumps feet of snow, with high winds and flooding leaving tens of thousands without power.", "link": "https://www.bbc.co.uk/news/world-us-canada-60177979?at_medium=RSS&at_campaign=KARANGA", "date_published": "2022-01-30 07:44:15+00:00", "persistent": false, "user": null, "language": "en-US"}, {"source": "http://feeds.bbci.co.uk/news/rss.xml", "title": "Covid: Covid jabs offered to at-risk five to 11-year-olds in England, and National Insurance hike confirmed", "description": "Five things you need to know about the coronavirus pandemic this Sunday morning.", "link": "https://www.bbc.co.uk/news/uk-60185896?at_medium=RSS&at_campaign=KARANGA", "date_published": "2022-01-30 07:21:45+00:00", "persistent": false, "user": null, "language": "en-US"}, {"source": "http://feeds.bbci.co.uk/news/rss.xml", "title": "Gary Mavin: Wife's shock at poor care before suicide death", "description": "Lea Mavin says it was shocking to hear a doctor thought her husband was feigning symptoms.", "link": "https://www.bbc.co.uk/news/uk-england-nottinghamshire-60060844?at_medium=RSS&at_campaign=KARANGA", "date_published": "2022-01-30 07:19:41+00:00", "persistent": false, "user": null, "language": "en-US"}, {"source": "http://feeds.bbci.co.uk/news/rss.xml", "title": "Afcon 2021: Burkina Faso shock Tunisia in Afcon quarter-final", "description": "Watch highlights as Burkina Faso beat Tunisia 1-0 with a goal from teenager Dango Ouattara - who was later sent off - to qualify for the semi-finals of the Africa Cup of Nations.", "link": "https://www.bbc.co.uk/sport/av/football/60186063?at_medium=RSS&at_campaign=KARANGA", "date_published": "2022-01-30 06:10:08+00:00", "persistent": false, "user": null, "language": "en-US"}, {"source": "http://feeds.bbci.co.uk/news/rss.xml", "title": "The Papers: Sunak 'wins tug-of-war' over tax hike", "description": "Government announcements on levelling up plans and the planned National Insurance rise lead some papers.", "link": "https://www.bbc.co.uk/news/blogs-the-papers-60185883?at_medium=RSS&at_campaign=KARANGA", "date_published": "2022-01-30 05:21:39+00:00", "persistent": false, "user": null, "language": "en-US"}, {"source": "http://feeds.bbci.co.uk/news/rss.xml", "title": "British skier Atkin withdraws from Beijing big air", "description": "Team GB freestyle skier Izzy Atkin withdraws from the big air competition at the Winter Olympics, but still plans to compete in Beijing.", "link": "https://www.bbc.co.uk/sport/winter-olympics/60186601?at_medium=RSS&at_campaign=KARANGA", "date_published": "2022-01-30 02:52:37+00:00", "persistent": false, "user": null, "language": "en-US"}, {"source": "http://feeds.bbci.co.uk/news/rss.xml", "title": "What happened to the British children born to black GIs?", "description": "Children born to black US soldiers and white British women during World War Two share their stories.", "link": "https://www.bbc.co.uk/news/uk-england-suffolk-59967242?at_medium=RSS&at_campaign=KARANGA", "date_published": "2022-01-30 01:29:36+00:00", "persistent": false, "user": null, "language": "en-US"}, {"source": "http://feeds.bbci.co.uk/news/rss.xml", "title": "Newcastle's Covid response documented through photography", "description": "Council worker Tom Warburton was at the centre of the pandemic and documented his city's response.", "link": "https://www.bbc.co.uk/news/uk-england-tyne-60131496?at_medium=RSS&at_campaign=KARANGA", "date_published": "2022-01-30 01:27:18+00:00", "persistent": false, "user": null, "language": "en-US"}, {"source": "http://feeds.bbci.co.uk/news/rss.xml", "title": "\u2018I feel like me again\u2019 - troubled Army vets are helping fix driver shortage", "description": "Some UK veterans can face difficulties finding work after returning to civilian life, but one ex-soldier wants to help them get back in the driving seat.", "link": "https://www.bbc.co.uk/news/stories-60140431?at_medium=RSS&at_campaign=KARANGA", "date_published": "2022-01-30 01:24:51+00:00", "persistent": false, "user": null, "language": "en-US"}, {"source": "http://feeds.bbci.co.uk/news/rss.xml", "title": "Ukraine crisis: What\u2019s at stake for the UK?", "description": "From the disruption of gas supplies to the risk of broader war, the Ukraine crisis matters to the UK.", "link": "https://www.bbc.co.uk/news/uk-60159622?at_medium=RSS&at_campaign=KARANGA", "date_published": "2022-01-30 01:05:33+00:00", "persistent": false, "user": null, "language": "en-US"}, {"source": "http://feeds.bbci.co.uk/news/rss.xml", "title": "Covid vaccines offered to vulnerable five-to-11-year-olds in England", "description": "Around 500,000 young children will be offered the lower doses to protect them and vulnerable adults.", "link": "https://www.bbc.co.uk/news/health-60173823?at_medium=RSS&at_campaign=KARANGA", "date_published": "2022-01-30 00:34:38+00:00", "persistent": false, "user": null, "language": "en-US"}, {"source": "http://feeds.bbci.co.uk/news/rss.xml", "title": "Energy crisis: How countries are dealing with rising prices", "description": "From cash handouts to price caps, other countries are using a variety of measures to combat soaring gas prices.", "link": "https://www.bbc.co.uk/news/business-60112068?at_medium=RSS&at_campaign=KARANGA", "date_published": "2022-01-30 00:24:40+00:00", "persistent": false, "user": null, "language": "en-US"}, {"source": "http://feeds.bbci.co.uk/news/rss.xml", "title": "Peru: How Ed Sheeran helped Fireboy DML's hit go global", "description": "The Nigerian star discusses Peru's success and his new friendship with the British singer.", "link": "https://www.bbc.co.uk/news/newsbeat-60147212?at_medium=RSS&at_campaign=KARANGA", "date_published": "2022-01-30 00:23:34+00:00", "persistent": false, "user": null, "language": "en-US"}, {"source": "http://feeds.bbci.co.uk/news/rss.xml", "title": "Jamie Oliver: I'm not a fan of cookery competition shows", "description": "The TV chef says he had to be persuaded to launch his new cookery talent contest series on Channel 4.", "link": "https://www.bbc.co.uk/news/entertainment-arts-59773808?at_medium=RSS&at_campaign=KARANGA", "date_published": "2022-01-30 00:21:24+00:00", "persistent": false, "user": null, "language": "en-US"}, {"source": "http://feeds.bbci.co.uk/news/rss.xml", "title": "Your pictures on the theme of a fresh start", "description": "A selection of striking images from our readers around the world.", "link": "https://www.bbc.co.uk/news/in-pictures-60146664?at_medium=RSS&at_campaign=KARANGA", "date_published": "2022-01-30 00:20:18+00:00", "persistent": false, "user": null, "language": "en-US"}, {"source": "http://feeds.bbci.co.uk/news/rss.xml", "title": "Cost of living: Will parents spend less on kids' toys?", "description": "Families will cut spending on many things before toys but soaring bills may put this to the test.", "link": "https://www.bbc.co.uk/news/business-60155949?at_medium=RSS&at_campaign=KARANGA", "date_published": "2022-01-30 00:19:06+00:00", "persistent": false, "user": null, "language": "en-US"}, {"source": "http://feeds.bbci.co.uk/news/rss.xml", "title": "Using food waste to make clean drinking water", "description": "How old bones and vegetable peelings are being recycled to make a water filter", "link": "https://www.bbc.co.uk/news/stories-60168422?at_medium=RSS&at_campaign=KARANGA", "date_published": "2022-01-30 00:02:08+00:00", "persistent": false, "user": null, "language": "en-US"}, {"source": "http://feeds.bbci.co.uk/news/rss.xml", "title": "'As my world crashed down, she kept me going'", "description": "Florence, from Leicestershire, was diagnosed with rhabdomyosarcoma, a fast-growing cancer.", "link": "https://www.bbc.co.uk/news/uk-england-leicestershire-60075465?at_medium=RSS&at_campaign=KARANGA", "date_published": "2022-01-30 00:01:59+00:00", "persistent": false, "user": null, "language": "en-US"}, {"source": "http://feeds.bbci.co.uk/news/rss.xml", "title": "Beijing Olympics: Five things to know", "description": "Covid bubbles, artificial snow and human rights are making 2022's Winter Olympics hit the headlines.", "link": "https://www.bbc.co.uk/news/world-60173066?at_medium=RSS&at_campaign=KARANGA", "date_published": "2022-01-30 00:01:24+00:00", "persistent": false, "user": null, "language": "en-US"}, {"source": "http://feeds.bbci.co.uk/news/rss.xml", "title": "Joe Jenkins: YouTube star on piano-playing popularity", "description": "A 20-year-old piano player has an online following of nearly four million enjoying his musical stunts.", "link": "https://www.bbc.co.uk/news/uk-england-bristol-60163456?at_medium=RSS&at_campaign=KARANGA", "date_published": "2022-01-30 00:01:17+00:00", "persistent": false, "user": null, "language": "en-US"}]