[{"source": "https://www.youtube.com/feeds/videos.xml?channel_id=UCTTZqMWBvLsUYqYwKTdjvkw", "title": "Iluzja bezpiecze\u0144stwa telefon\u00f3w, czyli jak oszuka\u0107 nasz wzrok?", "description": "Cze\u015b\u0107!\n\nCzy wszystko co widz\u0105 Twoje oczy, jest prawd\u0105? A mo\u017ce\u2026 niekt\u00f3re rzeczy tylko si\u0119 wydaj\u0105?\nPorozmawiamy dzisiaj o tym, w jaki spos\u00f3b oszuka\u0107 nasz wzrok, a tym samym poczucie bezpiecze\u0144stwa.\n\nZapraszam!\n\nRozdzia\u0142y:\n00:00 Intro\n00:17 Kolorowa dioda\n01:25 B\u0142\u0105d znaleziony przez ZecOps\n03:08 A co z restartem urz\u0105dzenia?\n05:25 Wnioski\n06:08 Co Robi\u0107 i Jak \u017by\u0107?\n08:17 Podzi\u0119kowania\n\n\u0179r\u00f3d\u0142a:\n\ud83d\udc41\ufe0f\u200d\ud83d\udde8\ufe0f Strona www ZecOps, autor\u00f3w cytowanych film\u00f3w: https://bit.ly/3KVhZmX\n\u25b6\ufe0f Kana\u0142 youtube firmy ZecOps: https://bit.ly/3udmiEo\n\ud83d\udc26 Twitter firmy @ZecOps: https://bit.ly/3IThmsl\n\ud83d\udc26 Twitter badacza o skomplikowanym loginie @08Tc3wBB: https://bit.ly/3KUzjIC\n\ud83d\udd34 Spos\u00f3b na podgl\u0105danie bez uruchamiania kolorowych kropek: https://bit.ly/3s2e4Mt\n\ud83d\udcf1 Udawany restart iPhone - jak to dzia\u0142a: https://bit.ly/3g9eTO1\n\ud83c\udf4f Instrukcja iOS w wersji 14 opisuj\u0105ca dzia\u0142anie kropek: https://apple.co/3AIL7Jg\n\ud83e\udd16 Dokumentacja Androida od wersji 12 opisuj\u0105ca dzia\u0142anie kropek: https://bit.ly/33VsNRz\n\ud83c\udf4f Twardy reset dla r\u00f3\u017cnych iPhone: https://apple.co/347Ezbg\n\ud83d\udcf1 Jak wymusi\u0107 twardy restart w Samsungu: https://bit.ly/34nFXGN\n\ud83c\udfc1 Film o por\u00f3wnaniu czasu startu r\u00f3\u017cnych modeli iPhone:\nhttps://www.youtube.com/watch?v=gg5ZiB3RZW4\n\nJe\u017celi nie ufasz skracanym linkom (bardzo dobrze!) to dodaj na ich ko\u0144cu plusik \u2018+\u2019.\nW ten spos\u00f3b podejrzysz na stronie bit.ly dok\u0105d prowadz\u0105.\n\nRelevant xkcd: https://xkcd.com/1807/\n\nDzi\u0119kuj\u0119 za go\u015bcin\u0119 W\u0142asne B.!\nhttps://wlasneb.pl/\n\n\u00a9 Wszystkie znaki handlowe nale\u017c\u0105 do ich prawowitych w\u0142a\u015bcicieli.\n\nDzi\u0119kuj\u0119 za Wasz\u0105 uwag\u0119. \u2764\ufe0f\n\nZnajdziecie mnie r\u00f3wnie\u017c na;\nInstagramie @mateuszemsi https://www.instagram.com/mateuszemsi/\nTwitterze @MateuszChrobok https://twitter.com/MateuszChrobok\nLinkedInie @mateuszchrobok https://www.linkedin.com/in/mateuszchrobok/\nPodcasty na Anchor https://anchor.fm/mateusz-chrobok\nPodcasty na Spotify https://open.spotify.com/show/6y6oWs20HwRejktOWHTteR\nPodcast na  Apple Podcasts https://podcasts.apple.com/us/podcast/mateusz-chrobok-bezpiecze%C5%84stwo-startupy-i-sztuczna-inteligencja/id1617335932 \nPatronite @MateuszChrobok https://patronite.pl/MateuszChrobok", "link": "https://www.youtube.com/watch?v=8mftfnOXsSw", "date_published": "2022-01-30 00:00:00+00:00", "persistent": false, "user": null, "language": "en-US"}]