[{"source": "http://rss.cnn.com/rss/edition.rss", "title": "Snowfall records broken across US Northeast; region prepares for frigid wind chills", "description": "The worst of the nor'easter that dumped record snowfall in parts of the East Coast has passed, but \"dangerously cold\" wind chills were set to stick around in some areas Sunday morning, forecasters said.", "link": "https://www.cnn.com/2022/01/30/weather/noreaster-bomb-cyclone-storm-sunday/index.html", "date_published": "2022-01-30 23:58:52+00:00", "persistent": false, "user": null, "language": "en-US"}, {"source": "http://rss.cnn.com/rss/edition.rss", "title": "Spotify makes public platform rules that cover Covid-19 misinformation. Will it be enough?", "description": "Spotify responded to criticism it has received regarding Covid-19 content Sunday after a number of prominent artists said they will leave the platform if it continues to host comedian Joe Rogan, whose podcast has spread misleading and inaccurate claims about vaccines and the virus.", "link": "https://www.cnn.com/2022/01/30/business/spotify-rules-joe-rogan-reliable-sources/index.html", "date_published": "2022-01-30 23:52:29+00:00", "persistent": false, "user": null, "language": "en-US"}, {"source": "http://rss.cnn.com/rss/edition.rss", "title": "White House still eager for talks with North Korea, but sees missile tests as destabilizing", "description": "A string of provocations from North Korea -- including its most powerful ballistic missile test in years over the weekend -- could be designed to extract concessions from the United States ahead of potential negotiations, a senior US administration official suggested on Sunday.", "link": "https://www.cnn.com/2022/01/30/politics/white-house-north-korea-missile-tests/index.html", "date_published": "2022-01-30 23:32:53+00:00", "persistent": false, "user": null, "language": "en-US"}, {"source": "http://rss.cnn.com/rss/edition.rss", "title": "Russians back off after Irish fishermen vow to disrupt war games", "description": "The Russian military, which had announced naval drills off the coast of Ireland, agreed to move them further away after fishermen vowed to disrupt them. CNN's Donie O'Sullivan speaks with some of the fishermen involved in the process.", "link": "https://www.cnn.com/videos/world/2022/01/29/russia-naval-games-irish-fisherman-osullivan-nrwknd-vpx.cnn", "date_published": "2022-01-30 23:09:11+00:00", "persistent": false, "user": null, "language": "en-US"}, {"source": "http://rss.cnn.com/rss/edition.rss", "title": "Lindsey Graham calls Trump's January 6 remarks 'inappropriate'", "description": "Sen. Lindsey Graham (R-SC) criticized former President Donald Trump's remarks suggesting he could pardon participants of the January 6 Capitol riots if he wins the 2024 presidential election.", "link": "https://www.cnn.com/videos/politics/2022/01/30/senator-lindsey-graham-donald-trump-january-6th-nrwknd-vpx.cnn", "date_published": "2022-01-30 20:59:45+00:00", "persistent": false, "user": null, "language": "en-US"}, {"source": "http://rss.cnn.com/rss/edition.rss", "title": "Couple ties the knot during historic blizzard", "description": "A Rhode Island couple braved the cold to tie the knot during a nor'easter that dumped record snowfall on parts of the East Coast. CNN affiliate WJAR has the story.", "link": "https://www.cnn.com/videos/us/2022/01/30/blizzard-wedding-rhode-island-pkg-vpx.wjar", "date_published": "2022-01-30 20:32:43+00:00", "persistent": false, "user": null, "language": "en-US"}, {"source": "http://rss.cnn.com/rss/edition.rss", "title": "What Russian TV hosts think of Fox's Tucker Carlson", "description": "CNN's Nic Robertson looks at Fox host Tucker Carlson's popularity on Russian state run television.", "link": "https://www.cnn.com/videos/media/2022/01/30/tucker-carlson-russia-television-robertson-rs-vpx.cnn", "date_published": "2022-01-30 19:59:11+00:00", "persistent": false, "user": null, "language": "en-US"}, {"source": "http://rss.cnn.com/rss/edition.rss", "title": "Rafael Nadal wins record-breaking 21st Grand Slam title", "description": "Rafael Nadal clinched a record-breaking 21st grand slam title after beating Daniil Medvedev 2-6 6-7 6-4 6-4 7-5 in an Australian Open final for the ages.", "link": "https://www.cnn.com/2022/01/30/tennis/australian-open-mens-final-nadal-medvedev-spt-intl/index.html", "date_published": "2022-01-30 17:47:21+00:00", "persistent": false, "user": null, "language": "en-US"}, {"source": "http://rss.cnn.com/rss/edition.rss", "title": "DRC court sentences 49 to death over 2017 killing of UN experts", "description": "A military court has sentenced 49 people to death -- while one officer will receive 10 years in prison -- following an investigation into the 2017 murders of two UN experts in the Democratic Republic of Congo, according to Human Rights Watch.", "link": "https://www.cnn.com/2022/01/30/africa/drc-death-sentences-intl/index.html", "date_published": "2022-01-30 16:54:24+00:00", "persistent": false, "user": null, "language": "en-US"}, {"source": "http://rss.cnn.com/rss/edition.rss", "title": "NATO 'line of defense' keeps moving east, Russian FM says", "description": "Russian Foreign Minister Sergey Lavrov has questioned the framing of NATO as a \"defensive\" alliance, complaining that the bloc's \"line of defense\" continues to move east towards Russia, as fears mount that the Kremlin is planning an invasion of Ukraine.", "link": "https://www.cnn.com/2022/01/30/europe/ukraine-russia-news-saturday-lavrov-intl/index.html", "date_published": "2022-01-30 16:32:32+00:00", "persistent": false, "user": null, "language": "en-US"}, {"source": "http://rss.cnn.com/rss/edition.rss", "title": "Jacina Ardern in self-isolation as Covid cases rise in New Zealand", "description": "New Zealand's Prime Minister, Jacinda Ardern has entered self-isolation until Tuesday after being deemed a close contact of a positive Covid-19 case.", "link": "https://www.cnn.com/2022/01/30/asia/jacinda-ardern-covid-intl/index.html", "date_published": "2022-01-30 15:19:09+00:00", "persistent": false, "user": null, "language": "en-US"}, {"source": "http://rss.cnn.com/rss/edition.rss", "title": "Roughly 100 fentanyl bags found in bedroom of 13-year-old who died from presumed fentanyl exposure", "description": "Police recovered about 100 bags of fentanyl from the bedroom of a 13-year-old who died after a presumed fentanyl exposure at his school in Hartford, Connecticut.", "link": "https://www.cnn.com/2022/01/30/us/fentanyl-bedroom-13-year-old-boy-died-connecticut/index.html", "date_published": "2022-01-30 14:16:37+00:00", "persistent": false, "user": null, "language": "en-US"}, {"source": "http://rss.cnn.com/rss/edition.rss", "title": "Warren Buffett is having the last laugh", "description": "It's been a tough start to the year for investors in big tech companies. Cathie Wood's ARK Innovation fund, a big owner of Tesla, Zoom and Roku, has plunged nearly 30%. And speculative meme stocks like GameStop and AMC have been crushed.", "link": "https://www.cnn.com/2022/01/30/investing/stocks-week-ahead/index.html", "date_published": "2022-01-30 14:09:12+00:00", "persistent": false, "user": null, "language": "en-US"}, {"source": "http://rss.cnn.com/rss/edition.rss", "title": "Trump teases a presidential run and dangles pardons for January 6 rioters", "description": "", "link": "https://www.cnn.com/2022/01/30/politics/trump-rally-texas/index.html", "date_published": "2022-01-30 13:17:05+00:00", "persistent": false, "user": null, "language": "en-US"}, {"source": "http://rss.cnn.com/rss/edition.rss", "title": "Peyton Manning's 'Emily in Paris' review has 'SNL' cast member in stitches", "description": "Peyton Manning stopped by \"Saturday Night Live\" to talk about football, but ended up talking about his new favorite show.", "link": "https://www.cnn.com/videos/media/2022/01/30/snl-peyton-manning-colin-jost-tom-brady-emily-in-paris.cnn", "date_published": "2022-01-30 13:09:13+00:00", "persistent": false, "user": null, "language": "en-US"}, {"source": "http://rss.cnn.com/rss/edition.rss", "title": "Harry and Meghan express 'concerns' to Spotify over misinformation", "description": "Prince Harry and Meghan Markle have expressed their \"concerns\" to Spotify over Covid-19 misinformation on the platform, joining a growing group of personalities putting pressure on the streaming service amid a dispute about Joe Rogan's controversial podcast.", "link": "https://www.cnn.com/2022/01/30/entertainment/harry-meghan-spotify-misinformation-intl-gbr/index.html", "date_published": "2022-01-30 12:58:13+00:00", "persistent": false, "user": null, "language": "en-US"}, {"source": "http://rss.cnn.com/rss/edition.rss", "title": "'I'm not Black': See 'Daily Show' host's reaction to Joe Rogan's remark", "description": "The Daily Show host took on Joe Rogan after the podcaster said the term Black was \"weird\" on an episode of \"The Joe Rogan Experience.\"", "link": "https://www.cnn.com/videos/media/2022/01/29/trevor-noah-joe-rogan-blackness-orig-jc.cnn", "date_published": "2022-01-30 12:16:41+00:00", "persistent": false, "user": null, "language": "en-US"}, {"source": "http://rss.cnn.com/rss/edition.rss", "title": "Sergio Mattarella re-elected Italian president", "description": "Italy's current president Sergio Mattarella has been re-elected for a second mandate, speaker of the Chamber of Deputies,  Robert Fico, announced Saturday.", "link": "https://www.cnn.com/2022/01/29/europe/italy-president-sergio-mattarella-vote-politics-party-intl/index.html", "date_published": "2022-01-30 12:04:44+00:00", "persistent": false, "user": null, "language": "en-US"}, {"source": "http://rss.cnn.com/rss/edition.rss", "title": "Portugal heads to the polls for snap parliamentary elections", "description": "Portuguese citizens are heading to the polls this Sunday for a snap parliamentary election in which proposals to boost the country's sluggish economy have been the dominant theme throughout the campaign.", "link": "https://www.cnn.com/2022/01/30/europe/portugal-snap-election-intl/index.html", "date_published": "2022-01-30 11:38:25+00:00", "persistent": false, "user": null, "language": "en-US"}, {"source": "http://rss.cnn.com/rss/edition.rss", "title": "A redwood forest in California has been permanently returned to its Indigenous tribes", "description": "More than 500 acres of California redwood forestland has been officially returned to a group of Native American tribes whose ancestors were expelled from it generations ago.", "link": "https://www.cnn.com/2022/01/30/us/redwood-forest-california-native-tribes-tcih-leh-dun/index.html", "date_published": "2022-01-30 11:31:06+00:00", "persistent": false, "user": null, "language": "en-US"}, {"source": "http://rss.cnn.com/rss/edition.rss", "title": "Meet the superfans trying to save Tab soda", "description": "In October 2020, the moment Trish Priest had been dreading arrived: Tab, the decades-old diet drink, was being killed off by parent company Coca-Cola.", "link": "https://www.cnn.com/2022/01/30/business/save-tab-soda/index.html", "date_published": "2022-01-30 11:00:12+00:00", "persistent": false, "user": null, "language": "en-US"}, {"source": "http://rss.cnn.com/rss/edition.rss", "title": "How a tiny European country took on China over Taiwan", "description": "", "link": "https://www.cnn.com/collections/intl-lithuania-01302022/", "date_published": "2022-01-30 10:12:45+00:00", "persistent": false, "user": null, "language": "en-US"}, {"source": "http://rss.cnn.com/rss/edition.rss", "title": "Colleges and universities across the US are moving to ban caste discrimination", "description": "On paper, the change was subtle -- the word \"caste\" appearing in parentheses after the term \"race and ethnicity.\"", "link": "https://www.cnn.com/2022/01/30/us/csu-caste-protections-universities-cec/index.html", "date_published": "2022-01-30 09:36:57+00:00", "persistent": false, "user": null, "language": "en-US"}, {"source": "http://rss.cnn.com/rss/edition.rss", "title": "High number of firearm recoveries underscores worsening gun violence epidemic in US", "description": "Earlier this month, two NYPD officers were killed while responding to a domestic disturbance call. According to authorities, the suspect used a Glock 45 that was stolen in Baltimore in 2017, prompting city and state officials to call for stronger measures against gun violence and gun trafficking across state lines. The tragedy highlighted a growing concern about the seeming flood of firearms across America.", "link": "https://www.cnn.com/2022/01/30/us/firearm-recoveries-gun-violence/index.html", "date_published": "2022-01-30 08:03:12+00:00", "persistent": false, "user": null, "language": "en-US"}, {"source": "http://rss.cnn.com/rss/edition.rss", "title": "North Korea fires longest range missile since 2017", "description": "North Korea fired what is presumed to be a ballistic missile into the waters off the east coast of the Korean Peninsula on Sunday, South Korea's Joint Chiefs of Staff said.", "link": "https://www.cnn.com/2022/01/29/asia/north-korea-missile-intl-hnk/index.html", "date_published": "2022-01-30 03:06:26+00:00", "persistent": false, "user": null, "language": "en-US"}, {"source": "http://rss.cnn.com/rss/edition.rss", "title": "Investigators seek clues after Pittsburgh bridge collapse", "description": "National Transportation Safety Board investigators descended into a wooded ravine in Pittsburgh Saturday where a snow-covered bridge collapsed one day earlier.", "link": "https://www.cnn.com/2022/01/29/us/pittsburgh-bridge-collapse-investigation/index.html", "date_published": "2022-01-30 01:57:11+00:00", "persistent": false, "user": null, "language": "en-US"}, {"source": "http://rss.cnn.com/rss/edition.rss", "title": "She was attacked in the street for being Asian. Her community still lives in fear", "description": "One spring morning last year, Vilma Kari was strolling through midtown Manhattan on her way to church when she was suddenly attacked by a stranger.", "link": "https://www.cnn.com/2022/01/29/us/asian-american-attacks-aftermath-intl-hnk-dst/index.html", "date_published": "2022-01-30 00:01:05+00:00", "persistent": false, "user": null, "language": "en-US"}]