[{"source": "https://www.youtube.com/feeds/videos.xml?channel_id=UCLr4hMhk_2KE0GUBSBrspGA", "title": "Tech Week: Jak weekend jest d\u0142ugi to si\u0119 buty gubi", "description": "Dzi\u015b reklamy wy\u0142\u0105czone, bo reklama jest w \u015brodku. Platforma Cambly - z kodem \"dobry_wieczor\" dostajesz 10 minut lekcji za darmo i 50% zni\u017cki, gdy zdecydujesz si\u0119 na subskrypcj\u0119 roczn\u0105. Zni\u017cki z kodem s\u0105 aktywne do 15 maja 2022. Link do zapis\u00f3w: https://cambly.biz/dobry_wieczor\n\nPiosenka Fryderyka: https://youtu.be/-YCU7CkSbZA\n\nSpis tre\u015bci:\n00:00 Wst\u0119p\n00:37 Dobry wiecz\u00f3r\n00:41 Netflix og\u0142osi\u0142 straty\n03:06 Reklamy na Netflixie\n05:12 Reklama Cambly\n05:55 Obecna sytuacja w Szanghaju\n06:21 Pracownicy zamieszkaj\u0105 w fabryce Tesli w Chinach\n07:09 Apple p\u0142aci w Brazylii kar\u0119 za brak \u0142adowarki w pude\u0142ku\n07:50 Film por\u00f3wnanie (Oneplus, Samsung, iPhone) na kanale Centrum Test\u00f3w\n08:02 Okulary Canona\n09:00 Okulary z Kickstartera\n09:53 Ceny kart graficznych spad\u0142y\n10:05 G\u0142osniki Bose w zag\u0142\u00f3wkach samochodu\n11:00 Zno\u015bnego tygodnia!\n\n\u0179r\u00f3d\u0142a:\nPiosenka za, a nawet przeciw legalizacji: https://youtu.be/-wnvU4qAnM0\nNetflix traci: https://bit.ly/3k3D4zv\nKoniec dzielenia si\u0119 has\u0142em do Netflixa: https://cnb.cx/3OJURd8\nDJ Khaled na gitarze: https://bit.ly/3vFY30z\nReklamy na Netflixie: https://bit.ly/3KbZnxl\nLubimy p\u0142aci\u0107 za ogl\u0105danie reklam: https://bit.ly/3vcHn1Q\nJak dzia\u0142a HBO Max z reklamami: https://cnet.co/3kpJ2eh\nOgl\u0105danie TV w autonomicznych samochodach: https://bit.ly/3rPvvR3\nPracownicy zamieszkaj\u0105 w fabryce Tesli w Chinach: https://bit.ly/3vIymwr\nChi\u0144ski Elon Musk: https://bit.ly/37GOkPE\nW Brazylii Apple p\u0142aci za brak \u0142adowarki w pude\u0142ku: https://bit.ly/3v3Zffd\nMimo, \u017ce ju\u017c raz zap\u0142aci\u0142o: https://bit.ly/37u6u7f\nRecenzja smartfon\u00f3w na Centrum Test\u00f3w: https://youtu.be/PzqAY-y7pq4\nOkulary Canona do rozszerzonej rzeczywisto\u015bci: https://bit.ly/3LsvPxb\nOkulary z Kickstartera: https://bit.ly/3EPpCIX\nCeny kart graficznych spad\u0142y: https://bit.ly/3xPRQSr\nG\u0142o\u015bniki samochodowe w zag\u0142\u00f3wkach: https://bit.ly/3EWLgv7\n\nMoje sociale:\nhttps://www.instagram.com/kubaklawiter/\nhttps://twitter.com/KubaKlawiter", "link": "https://www.youtube.com/watch?v=VWALxcgu3Pk", "date_published": "2022-04-24 00:00:00+00:00", "persistent": false, "user": null, "language": "en-US"}]