[{"source": "https://www.youtube.com/feeds/videos.xml?channel_id=UCTTZqMWBvLsUYqYwKTdjvkw", "title": "unroll.me, czyli walka ze spamem vs. prywatno\u015b\u0107", "description": "\ud83d\udce7 Nikt nie lubi zapchanej spamem skrzynki mailowej.\nIstniej\u0105 serwisy, kt\u00f3re obiecuj\u0105, \u017ce rozwi\u0105\u017c\u0105 ten irytuj\u0105cy problem za nas.\nAle czy to w og\u00f3le dzia\u0142a? Co tak naprawd\u0119 sprzedaj\u0105 takie us\u0142ugi? I czy korzystaj\u0105c z nich nie wpadamy przypadkiem z deszczu pod rynn\u0119?\n\nZapraszam!\n\n\u0179r\u00f3d\u0142a:\n\ud83e\uddba Czy unroll.me jest bezpieczne?\nhttps://bit.ly/3Ov1Qq6\n\n\ud83d\udcc2 Jakie dane osobowe oraz w jaki spos\u00f3b przetwarza unroll.me?\nhttps://bit.ly/3vaageN\n\n\ud83d\udcd1 Artyku\u0142 The Verge na temat ugody unroll.me z FTC\nhttps://bit.ly/3EFiGy4\n\n\ud83d\udcf0 New York Times o wsp\u00f3\u0142pracy unroll.me z Uberem\nhttps://nyti.ms/38eSPRo\n\n\ud83d\udd2b Perri Chase, by\u0142a wsp\u00f3\u0142za\u0142o\u017cycielka unroll.me o hejcie na CEO\nhttps://bit.ly/3LeCOJL\n\n\ud83d\udcdd Decyzja FTC w kwestii naruszenia interes\u00f3w konsument\u00f3w przez unroll.me\nhttps://bit.ly/3xPIGoP\n\n\u2622\ufe0f Odsubskrybowanie newsletter\u00f3w mo\u017ce by\u0107 niebezpieczne\nhttps://bit.ly/3rPDZb3\n\n\ud83d\udcd6 Otwarto\u017ar\u00f3d\u0142owy dodatek unsubscribe-gmail\nhttps://bit.ly/3vJlpTb\n\n\ud83e\uddf9 Clean Email, gdyby\u015bcie chcieli sprawdzi\u0107 p\u0142atne rozwi\u0105zanie\nhttps://bit.ly/39fqdbd\n\nJe\u017celi nie ufasz skracanym linkom (bardzo dobrze!) to dodaj na ich ko\u0144cu plusik \u2018+\u2019.\nW ten spos\u00f3b podejrzysz na stronie bit.ly dok\u0105d prowadz\u0105.\n\nRelevant xkcd: https://xkcd.com/810/\n\n\u00a9 Wszystkie znaki handlowe nale\u017c\u0105 do ich prawowitych w\u0142a\u015bcicieli.\n\nDzi\u0119kuj\u0119 za Wasz\u0105 uwag\u0119. \u2764\ufe0f\n\nZnajdziecie mnie r\u00f3wnie\u017c na;\nInstagramie @mateuszemsi https://www.instagram.com/mateuszemsi/\nTwitterze @MateuszChrobok https://twitter.com/MateuszChrobok\nLinkedInie @mateuszchrobok https://www.linkedin.com/in/mateuszchrobok/\nPodcasty na Anchor https://anchor.fm/mateusz-chrobok\nPodcasty na Spotify https://open.spotify.com/show/6y6oWs20HwRejktOWHTteR\nPodcast na Apple Podcasts https://apple.co/3EIssPN\nPatronite @MateuszChrobok https://patronite.pl/MateuszChrobok\n\nRozdzia\u0142y:\n00:00 Intro\n00:38 unroll.me\n01:41 Nielsen\n03:00 Zagro\u017cenia\n06:01 FTC\n08:04 Alternatywy\n10:21 Co Robi\u0107 i Jak \u017by\u0107?\n\n#cyberbezpiecze\u0144stwo #unrollme", "link": "https://www.youtube.com/watch?v=fNMnMc2nUTo", "date_published": "2022-04-24 00:00:00+00:00", "persistent": false, "user": null, "language": "en-US"}]