[{"source": "https://www.youtube.com/feeds/videos.xml?channel_id=UCl2mFZoRqjw_ELax4Yisf6w", "title": "I WAS WRONG: Onewheel motor is NOT serialized - retraction & apology to my audience", "description": "https://www.youtube.com/watch?v=5J7JKgEJteI\n\nhttps://www.youtube.com/watch?v=oNl2q6YZXlA\nhttps://www.youtube.com/watch?v=xKEdi6vXMrU\nhttps://www.youtube.com/watch?v=YzDE7ipLcW0\nhttps://www.youtube.com/watch?v=04W_L1g6dec\nhttps://www.youtube.com/watch?v=6G3ddOMvBws\nhttps://www.youtube.com/watch?v=z4v8x5vs1Cs\nhttps://www.androidauthority.com/self-repair-right-to-repair-3153191/", "link": "https://www.youtube.com/watch?v=8i2naNIBy1g", "date_published": "2022-04-24 00:00:00+00:00", "persistent": false, "user": null, "language": "en-US"}]