[{"source": "https://www.youtube.com/feeds/videos.xml?channel_id=UC-2JUs_G21BrJ0efehwGkUw", "title": "Pretty Girl | David Ryan Harris (ft. Scary Pockets) - FUNK version", "description": "Come see David Ryan Harris LIVE with Scary Goldings on 6/3/22 at The Troubadour in Los Angeles! Tickets on sale NOW: https://wl.seetickets.us/event/David-RyanHarris/470179?afflky=TheTroubadour\n\nStore: https://www.scarypocketsfunk.com\nPatreon: http://modal.scarypocketsfunk.com/patreon\nListen on Spotify: http://modal.scarypocketsfunk.com/spotify\n\nTip Jar: http://modal.scarypocketsfunk.com/tips\nInstagram: http://modal.scarypocketsfunk.com/instagram\nFacebook: http://modal.scarypocketsfunk.com/facebook\nDiscord: http://modal.scarypocketsfunk.com/discord\nSubscribe: http://modal.scarypocketsfunk.com/subscribe\n\nA funk cover of David Ryan Harris' \"Pretty Girl\" by David Ryan Harris + Scary Pockets\n\nMUSICIAN CREDITS\nVocals: David Ryan Harris\nBass: Sean Hurley\nOrgan: Larry Goldings\nKeys: Charles Jones\nDrums: Lemar Carter\nGuitar: Ryan Lerman\nPercussion, Guitar, Keys, Additional Production: Jesse Singer\n\nAUDIO CREDITS\nRecording Engineer: Caleb Parker\nAssistant Engeineer: Peter Hanaman\nMixing/Mastering: Caleb Parker\n\nVIDEO CREDITS\nDP: Nate Cuboi\nVideo Assistant: Po Han Su\nEditor: Adam Kritzberg\n\nRecorded Live at The Village in Los Angeles, CA.\n\n#ScaryPockets #ScaryGoldings #Funk #DavidRyanHarris", "link": "https://www.youtube.com/watch?v=kjkToy25Bl4", "date_published": "2022-04-25 00:00:00+00:00", "persistent": false, "user": null, "language": "en-US"}]