[{"source": "https://www.youtube.com/feeds/videos.xml?channel_id=UCqg5FCR7NrpvlBWMXdt-5Vg", "title": "Modern Square Enix is Lacking an Identity | Slightly Something Else", "description": "Support the stream: https://streamlabs.com/theescapist1 This week on Slightly Something Else, Yahtzee and Marty discuss modern day Square Enix and its lack of identity as a publisher.\r\n\r\nJoin our YouTube Membership program for Early Access to videos, badges, emojis, bonus content and more. \u25ba\u25ba https://www.youtube.com/channel/UCqg5FCR7NrpvlBWMXdt-5Vg/join\r\n\r\nJoin our growing Discord community: https://discord.gg/A6T2gKrDwB\r\n\r\nSubscribe to Escapist Magazine! \u25ba\u25ba http://bit.ly/Sub2Escapist\r\n\r\nWant to see the next episode a week early? Check out http://www.escapistmagazine.com for the latest episodes of your favorite shows.\r\n\r\n---\r\n\r\n\r\n\r\n---\r\n\r\n\r\nZero Punctuation Merch Store \u25ba\u25bahttps://teespring.com/stores/the-escapist-store\r\nJoin us on Twitch \u25ba\u25ba https://www.twitch.tv/escapistmagazine \r\nLike us on Facebook \u25ba\u25ba http://www.facebook.com/EscapistMag\r\nFollow us on Twitter \u25ba\u25ba https://twitter.com/EscapistMag", "link": "https://www.youtube.com/watch?v=1VaijR45tlY", "date_published": "2022-04-25 00:00:00+00:00", "persistent": false, "user": null, "language": "en-US"}, {"source": "https://www.youtube.com/feeds/videos.xml?channel_id=UCqg5FCR7NrpvlBWMXdt-5Vg", "title": "The Visual Language of Better Call Saul", "description": "This week on In The Frame, with Better Call Saul returning for its final seasons Darren takes a look at how the show uses a lot of unique visual storytelling techniques.\n\nJoin YouTube Memberships and support our content for Early Access to new videos, exclusive Discord perks & more for just $2 per month \u25ba\u25ba https://www.youtube.com/channel/UCqg5FCR7NrpvlBWMXdt-5Vg/join\n\nJoin our growing Discord community: https://discord.gg/A6T2gKrDwB\n\nSubscribe to Escapist Magazine! \u25ba\u25ba http://bit.ly/Sub2Escapist\n\nWant to see the next episode a week early? Check out http://www.escapistmagazine.com for the latest episodes of your favorite shows.\n\n---\n\n\n\n---\n\nThe Escapist Merch Store \u25ba\u25bahttps://teespring.com/stores/the-escapist-store\nJoin us on Twitch \u25ba\u25ba https://www.twitch.tv/the_escapist_official\nLike us on Facebook \u25ba\u25ba http://www.facebook.com/EscapistMag\nFollow us on Twitter \u25ba\u25ba https://twitter.com/EscapistMag", "link": "https://www.youtube.com/watch?v=62LKlzMLGTQ", "date_published": "2022-04-25 00:00:00+00:00", "persistent": false, "user": null, "language": "en-US"}]