[{"source": "https://www.youtube.com/feeds/videos.xml?channel_id=UCO2x-p9gg9TLKneXlibGR7w", "title": "25 Mac Settings You Have to Change", "description": "It's time to fix macOS' wacky default settings. With over 20 years of Mac usage, I show you how \ud835\udd40 setup \ud835\udd5e\ud835\udd6a new Macs.\n\n**************************************\nTerminal commands (paste the entire string)\n**************************************\n\ud835\uddd9\ud835\uddee\ud835\ude00\ud835\ude01\ud835\uddf2\ud835\uddff \ud835\uddd7\ud835\uddfc\ud835\uddf0\ud835\uddf8 \ud835\udddb\ud835\uddf6\ud835\uddf1\ud835\uddf6\ud835\uddfb\ud835\uddf4: defaults write com.apple.dock autohide-delay -float 0; defaults write com.apple.dock autohide-time-modifier -int 0;killall Dock\n\ud835\uddd9\ud835\uddee\ud835\ude00\ud835\ude01\ud835\uddf2\ud835\uddff \ud835\uddd7\ud835\uddfc\ud835\uddf0\ud835\uddf8 \ud835\udddb\ud835\uddf6\ud835\uddf1\ud835\uddf6\ud835\uddfb\ud835\uddf4 \ud835\udde8\ud835\uddfb\ud835\uddf1\ud835\uddfc: defaults write com.apple.dock autohide-delay -float 0.5; defaults write com.apple.dock autohide-time-modifier -int 0.5 ;killall Dock\n\n\ud835\uddd4\ud835\uddf1\ud835\uddf1 \ud835\uddd7\ud835\uddfc\ud835\uddf0\ud835\uddf8 \ud835\udde6\ud835\uddfd\ud835\uddee\ud835\uddf0\ud835\uddf2\ud835\uddff (paste for each spacer): defaults write com.apple.dock persistent-apps -array-add '{tile-data={}; tile-type=\"spacer-tile\";}' && killall Dock\n\ud835\uddd4\ud835\uddf1\ud835\uddf1 \ud835\udddb\ud835\uddee\ud835\uddf9\ud835\uddf3-\ud835\udddb\ud835\uddf2\ud835\uddf6\ud835\uddf4\ud835\uddf5\ud835\ude01 \ud835\uddd7\ud835\uddfc\ud835\uddf0\ud835\uddf8 \ud835\udde6\ud835\uddfd\ud835\uddee\ud835\uddf0\ud835\uddf2\ud835\uddff (paste for each): defaults write com.apple.dock persistent-apps -array-add '{\"tile-type\"=\"small-spacer-tile\";}' && killall Dock\n\n\ud835\uddd7\ud835\uddf6\ud835\ude00\ud835\uddee\ud835\uddef\ud835\uddf9\ud835\uddf2 \ud835\uddd4\ud835\uddfb\ud835\uddfb\ud835\uddfc\ud835\ude06\ud835\uddf6\ud835\uddfb\ud835\uddf4 \ud835\uddd7\ud835\uddf6\ud835\ude00\ud835\uddf8 \ud835\uddea\ud835\uddee\ud835\uddff\ud835\uddfb\ud835\uddf6\ud835\uddfb\ud835\uddf4 (must restart Mac to take effect): sudo defaults write /Library/Preferences/SystemConfiguration/com.apple.DiskArbitration.diskarbitrationd.plist DADisableEjectNotification -bool YES && sudo pkill diskarbitrationd\n\ud835\udde5\ud835\uddf2-\ud835\uddd8\ud835\uddfb\ud835\uddee\ud835\uddef\ud835\uddf9\ud835\uddf2 \ud835\uddd4\ud835\uddfb\ud835\uddfb\ud835\uddfc\ud835\ude06\ud835\uddf6\ud835\uddfb\ud835\uddf4 \ud835\uddd7\ud835\uddf6\ud835\ude00\ud835\uddf8 \ud835\uddea\ud835\uddee\ud835\uddff\ud835\uddfb\ud835\uddf6\ud835\uddfb\ud835\uddf4: sudo defaults delete /Library/Preferences/SystemConfiguration/com.apple.DiskArbitration.diskarbitrationd.plist DADisableEjectNotification && sudo pkill diskarbitrationd\n\ud835\uddd4\ud835\uddf9\ud835\ude01\ud835\uddf2\ud835\uddff\ud835\uddfb\ud835\uddee\ud835\ude01\ud835\uddf2\ud835\uddf9\ud835\ude06, \ud835\uddf1\ud835\uddfc\ud835\ude04\ud835\uddfb\ud835\uddf9\ud835\uddfc\ud835\uddee\ud835\uddf1 \ud835\uddd8\ud835\uddf7\ud835\uddf2\ud835\uddf0\ud835\ude01\ud835\uddf6\ud835\uddf3\ud835\ude06: https://ejectify.app\n\n\ud835\uddd6\ud835\uddf5\ud835\uddee\ud835\uddfb\ud835\uddf4\ud835\uddf2 \ud835\udde6\ud835\uddf0\ud835\uddff\ud835\uddf2\ud835\uddf2\ud835\uddfb\ud835\ude00\ud835\uddf5\ud835\uddfc\ud835\ude01 \ud835\uddd7\ud835\uddf2\ud835\uddf3\ud835\uddee\ud835\ude02\ud835\uddf9\ud835\ude01 \ud835\ude01\ud835\uddfc \ud835\udddd\ud835\udde3\ud835\uddda (replace with png to undo): defaults write com.apple.screencapture type jpg\n\n\ud835\udde0\ud835\uddee\ud835\uddf8\ud835\uddf2 \ud835\udddb\ud835\uddf6\ud835\uddf1\ud835\uddf1\ud835\uddf2\ud835\uddfb \ud835\uddd4\ud835\uddfd\ud835\uddfd\ud835\ude00 \ud835\udde7\ud835\uddff\ud835\uddee\ud835\uddfb\ud835\ude00\ud835\uddfd\ud835\uddee\ud835\uddff\ud835\uddf2\ud835\uddfb\ud835\ude01: defaults write com.apple.Dock showhidden -bool TRUE && killall Dock\n\n**************************************\nFollow me on Twitter - http://twitter.com/snazzyq\nFollow me on Instagram - http://instagram.com/snazzyq\n**************************************\n\n00:00 - General Anger\n00:30 - Spelling Correction Hate\n01:25 - Fix Share Sheet\n2:00 - Make Siri Tolerable\n3:15 - Your Dock is An Abomination\n5:48 - Bonus: System Preferences in Dock\n6:10 - Spicy Corners\n07:18 - A-B-Cystem Preferences (I'm Sorry)\n8:08 - Oodles of Finder Tips (and a God-Tier AirDrop Tip)\n14:03 - TERMINAL TIME!\n14:42 - Dock Hide Delay and Transition Speed\n16:14 - Dock Spacers\n16:51 - Don't Let Your Mac Boss You Around!\n18:40 - Stop Substantial Screenshots\n19:52 - Hide Ur Pecker", "link": "https://www.youtube.com/watch?v=psPgSN1bPLY", "date_published": "2022-07-12 00:00:00+00:00", "persistent": false, "user": null, "language": "en-US"}]