[{"source": "http://feeds.bbci.co.uk/news/rss.xml", "title": "Joe Biden heads to Middle East amid faltering US sway", "description": "The US president's visit to the turbulent region may highlight the limits of American power.", "link": "https://www.bbc.co.uk/news/world-middle-east-62133978?at_medium=RSS&at_campaign=KARANGA", "date_published": "2022-07-12 23:58:15+00:00", "persistent": false, "user": null, "language": "en-US"}, {"source": "http://feeds.bbci.co.uk/news/rss.xml", "title": "'Flying my parrot is a reason to go out'", "description": "Chloe Brown has taught her harlequin macaw how to free fly in locations including the Peak District.", "link": "https://www.bbc.co.uk/news/uk-england-nottinghamshire-62063539?at_medium=RSS&at_campaign=KARANGA", "date_published": "2022-07-12 23:23:37+00:00", "persistent": false, "user": null, "language": "en-US"}, {"source": "http://feeds.bbci.co.uk/news/rss.xml", "title": "CEO Secrets: How one company attracts more men", "description": "Mary Ellen Iskenderian, president and CEO of non-profit organisation Women's World Banking, shares her business advice.", "link": "https://www.bbc.co.uk/news/business-62120936?at_medium=RSS&at_campaign=KARANGA", "date_published": "2022-07-12 23:15:11+00:00", "persistent": false, "user": null, "language": "en-US"}, {"source": "http://feeds.bbci.co.uk/news/rss.xml", "title": "Former airline worker: 'It would be like going back to an ex'", "description": "Three people who used to work in aviation up until the Covid pandemic discuss whether they would return to the industry.", "link": "https://www.bbc.co.uk/news/business-61830479?at_medium=RSS&at_campaign=KARANGA", "date_published": "2022-07-12 23:13:05+00:00", "persistent": false, "user": null, "language": "en-US"}, {"source": "http://feeds.bbci.co.uk/news/rss.xml", "title": "Ukraine's rock warrior Slava Vakarchuk: 'We need to be angry'", "description": "Slava Vakarchuk is the lead singer of Okean Elzy, Ukraine's most popular rock band.", "link": "https://www.bbc.co.uk/news/world-europe-62137767?at_medium=RSS&at_campaign=KARANGA", "date_published": "2022-07-12 23:05:27+00:00", "persistent": false, "user": null, "language": "en-US"}, {"source": "http://feeds.bbci.co.uk/news/rss.xml", "title": "Cost of living: The family who gave up a car to cycle every day", "description": "Lindsay, Simon and their two daughters say they've saved up to \u00a3400 a month by ditching their car.", "link": "https://www.bbc.co.uk/news/uk-wales-62136814?at_medium=RSS&at_campaign=KARANGA", "date_published": "2022-07-12 22:06:34+00:00", "persistent": false, "user": null, "language": "en-US"}, {"source": "http://feeds.bbci.co.uk/news/rss.xml", "title": "Euro 2022: Germany win Group B and move into quarter-finals with 2-0 win over Spain", "description": "Eight-time European champions Germany defeat Spain to secure top spot in Group B and avoid a Euro 2022 quarter-final tie with England.", "link": "https://www.bbc.co.uk/sport/football/62126847?at_medium=RSS&at_campaign=KARANGA", "date_published": "2022-07-12 21:27:57+00:00", "persistent": false, "user": null, "language": "en-US"}, {"source": "http://feeds.bbci.co.uk/news/rss.xml", "title": "Euro 2022: Pernille Harder scores as Denmark beat Finland to keep hopes of progress alive", "description": "Pernille Harder's second-half goal ensures Denmark keep their hopes of progressing from Group B alive as they beat a determined Finland at Euro 2022.", "link": "https://www.bbc.co.uk/sport/football/62125687?at_medium=RSS&at_campaign=KARANGA", "date_published": "2022-07-12 21:09:26+00:00", "persistent": false, "user": null, "language": "en-US"}, {"source": "http://feeds.bbci.co.uk/news/rss.xml", "title": "Euro 2022: Denmark's Lene Christensen pulls off match-winning save against Finland", "description": "Watch Denmark's Lene Christensen pull off a remarkable save to help secure a 1-0 win against Finland at Euro 2022.", "link": "https://www.bbc.co.uk/sport/av/football/62139740?at_medium=RSS&at_campaign=KARANGA", "date_published": "2022-07-12 18:55:06+00:00", "persistent": false, "user": null, "language": "en-US"}, {"source": "http://feeds.bbci.co.uk/news/rss.xml", "title": "Emmys 2022: Succession leads US TV award nominations", "description": "The show leads the race for the US TV awards, with nominations for both Brian Cox and Jeremy Strong.", "link": "https://www.bbc.co.uk/news/entertainment-arts-62140086?at_medium=RSS&at_campaign=KARANGA", "date_published": "2022-07-12 18:09:05+00:00", "persistent": false, "user": null, "language": "en-US"}, {"source": "http://feeds.bbci.co.uk/news/rss.xml", "title": "Telford child sex abuse went on for generations, inquiry finds", "description": "Agencies blamed children and not perpetrators for the abuse suffered in Telford, the report says.", "link": "https://www.bbc.co.uk/news/uk-england-shropshire-61983584?at_medium=RSS&at_campaign=KARANGA", "date_published": "2022-07-12 17:29:35+00:00", "persistent": false, "user": null, "language": "en-US"}, {"source": "http://feeds.bbci.co.uk/news/rss.xml", "title": "James Webb: Nasa space telescope delivers spectacular pictures", "description": "A \"stellar nursery\" and a \"cosmic dance\" are among James Webb's first batch of colour images.", "link": "https://www.bbc.co.uk/news/science-environment-62140044?at_medium=RSS&at_campaign=KARANGA", "date_published": "2022-07-12 15:31:40+00:00", "persistent": false, "user": null, "language": "en-US"}, {"source": "http://feeds.bbci.co.uk/news/rss.xml", "title": "Ukraine war: Iran plans to supply Russia with drones, US warns", "description": "A top US official says Iran is preparing to send weapons-capable drones to Russia for use in Ukraine.", "link": "https://www.bbc.co.uk/news/world-us-canada-62130725?at_medium=RSS&at_campaign=KARANGA", "date_published": "2022-07-12 07:58:54+00:00", "persistent": false, "user": null, "language": "en-US"}, {"source": "http://feeds.bbci.co.uk/news/rss.xml", "title": "Speed limit to be lowered to 20mph in Wales", "description": "It is claimed Wales could be world's first nation to adopt a 20mph default limit in built-up areas.", "link": "https://www.bbc.co.uk/news/uk-wales-62020427?at_medium=RSS&at_campaign=KARANGA", "date_published": "2022-07-12 07:48:00+00:00", "persistent": false, "user": null, "language": "en-US"}, {"source": "http://feeds.bbci.co.uk/news/rss.xml", "title": "Train drivers very close to going on strike, union warns", "description": "Aslef boss Mick Whelan says a walk-out could happen within weeks if pay talks with management fail.", "link": "https://www.bbc.co.uk/news/business-62132711?at_medium=RSS&at_campaign=KARANGA", "date_published": "2022-07-12 07:46:50+00:00", "persistent": false, "user": null, "language": "en-US"}, {"source": "http://feeds.bbci.co.uk/news/rss.xml", "title": "Sir Mo Farah reveals he was trafficked to the UK as a child", "description": "The Olympic star says the name Mohamed Farah was given to him by a stranger who flew him to the UK.", "link": "https://www.bbc.co.uk/news/uk-62123886?at_medium=RSS&at_campaign=KARANGA", "date_published": "2022-07-12 07:23:57+00:00", "persistent": false, "user": null, "language": "en-US"}, {"source": "http://feeds.bbci.co.uk/news/rss.xml", "title": "Euro 2022: Why England fans are right to get excited - but players must stay grounded after 8-0 win", "description": "England's stunning performance against Norway rightly made fans excited but the players must remain focused as they prepare for the quarter-finals of the Euros.", "link": "https://www.bbc.co.uk/sport/football/62129143?at_medium=RSS&at_campaign=KARANGA", "date_published": "2022-07-12 07:10:00+00:00", "persistent": false, "user": null, "language": "en-US"}, {"source": "http://feeds.bbci.co.uk/news/rss.xml", "title": "Shinzo Abe: Japanese mourners pay last respects to ex-PM at funeral", "description": "Thousands showed up to pay their last respects to Japan's longest-serving prime minister.", "link": "https://www.bbc.co.uk/news/world-asia-62130794?at_medium=RSS&at_campaign=KARANGA", "date_published": "2022-07-12 06:55:05+00:00", "persistent": false, "user": null, "language": "en-US"}, {"source": "http://feeds.bbci.co.uk/news/rss.xml", "title": "Manchester United and Frenkie de Jong: Senior club figures in Barcelona to break impasse", "description": "Senior Manchester United figures Richard Arnold and John Murtough are in Barcelona trying to break the impasse over the club's pursuit of Dutch midfielder Frenkie De Jong.", "link": "https://www.bbc.co.uk/sport/football/62131753?at_medium=RSS&at_campaign=KARANGA", "date_published": "2022-07-12 05:38:20+00:00", "persistent": false, "user": null, "language": "en-US"}, {"source": "http://feeds.bbci.co.uk/news/rss.xml", "title": "Gary Speed: Wales manager's mother talks about his death", "description": "The mum of the former Wales football boss opens up more than a decade after he took his own life.", "link": "https://www.bbc.co.uk/news/uk-wales-62053440?at_medium=RSS&at_campaign=KARANGA", "date_published": "2022-07-12 05:22:49+00:00", "persistent": false, "user": null, "language": "en-US"}, {"source": "http://feeds.bbci.co.uk/news/rss.xml", "title": "Champions League: Witnesses raise new questions about chaos of Paris final", "description": "A BBC probe into the issues at the Stade de France hears evidence that contradicts French authorities.", "link": "https://www.bbc.co.uk/news/world-europe-62120782?at_medium=RSS&at_campaign=KARANGA", "date_published": "2022-07-12 05:03:12+00:00", "persistent": false, "user": null, "language": "en-US"}, {"source": "http://feeds.bbci.co.uk/news/rss.xml", "title": "SAS killings: How a scandal was uncovered", "description": "Panorama brought a series of suspicious killings of civilians to light, after four years of detective work.", "link": "https://www.bbc.co.uk/news/uk-62083197?at_medium=RSS&at_campaign=KARANGA", "date_published": "2022-07-12 05:00:34+00:00", "persistent": false, "user": null, "language": "en-US"}, {"source": "http://feeds.bbci.co.uk/news/rss.xml", "title": "SAS reports reveal troubling pattern of suspicious deaths in Afghanistan", "description": "Internal emails seen by the BBC show top special forces officers were aware of concerns over killings.", "link": "https://www.bbc.co.uk/news/uk-62083196?at_medium=RSS&at_campaign=KARANGA", "date_published": "2022-07-12 05:00:17+00:00", "persistent": false, "user": null, "language": "en-US"}, {"source": "http://feeds.bbci.co.uk/news/rss.xml", "title": "The Papers: Sunak's tax pledge and Mo Farah revelations", "description": "Expected tax cut vows by Rishi Sunak and Mo Farah's revelation that he was smuggled to the UK feature on the front pages.", "link": "https://www.bbc.co.uk/news/blogs-the-papers-62130103?at_medium=RSS&at_campaign=KARANGA", "date_published": "2022-07-12 04:58:34+00:00", "persistent": false, "user": null, "language": "en-US"}, {"source": "http://feeds.bbci.co.uk/news/rss.xml", "title": "Roe v Wade: Abortion pills a new front in culture wars", "description": "Abortion pills - the most common way to end pregnancies in the US - are in activists' crosshairs.", "link": "https://www.bbc.co.uk/news/world-us-canada-61973510?at_medium=RSS&at_campaign=KARANGA", "date_published": "2022-07-12 01:56:57+00:00", "persistent": false, "user": null, "language": "en-US"}, {"source": "http://feeds.bbci.co.uk/news/rss.xml", "title": "Sri Lanka: Opposition leader ready to run for presidency", "description": "Sajith Premadasa tells the BBC he plans to run for the presidency, after urgent talks with allies.", "link": "https://www.bbc.co.uk/news/world-asia-62126321?at_medium=RSS&at_campaign=KARANGA", "date_published": "2022-07-12 01:01:49+00:00", "persistent": false, "user": null, "language": "en-US"}, {"source": "http://feeds.bbci.co.uk/news/rss.xml", "title": "Sex assault victims warn about home massage dangers", "description": "The BBC has spoken to women who say they were sexually assaulted during massage treatments.", "link": "https://www.bbc.co.uk/news/uk-62081247?at_medium=RSS&at_campaign=KARANGA", "date_published": "2022-07-12 00:34:28+00:00", "persistent": false, "user": null, "language": "en-US"}, {"source": "http://feeds.bbci.co.uk/news/rss.xml", "title": "Sally Phillips on daring to star in a sex comedy film", "description": "The actress on playing a woman who starts an all-male house cleaning business - with extras.", "link": "https://www.bbc.co.uk/news/entertainment-arts-62080757?at_medium=RSS&at_campaign=KARANGA", "date_published": "2022-07-12 00:28:22+00:00", "persistent": false, "user": null, "language": "en-US"}, {"source": "http://feeds.bbci.co.uk/news/rss.xml", "title": "The Big Plastic Count: Survey shows 'recycling doesn't work'", "description": "Organisers estimate the UK throws out nearly 100 billion pieces of plastic each year.", "link": "https://www.bbc.co.uk/news/science-environment-62126757?at_medium=RSS&at_campaign=KARANGA", "date_published": "2022-07-12 00:19:32+00:00", "persistent": false, "user": null, "language": "en-US"}]