[{"source": "https://www.youtube.com/feeds/videos.xml?channel_id=UCXuqSBlHAE6Xw-yeJA0Tunw", "title": "This Ugly PC will BLOW YOUR MIND - All Noctua Gaming PC", "description": "Thanks to Mine for sponsoring this video! Discover where your data is, and take it back at https://bit.ly/saymineLTT\n\nPDQ.com: Start your FREE trial now! At https://lmg.gg/PDQJuly\n\nAsus teamed up with Noctua to release the best and brownest 30 series cards \u2013 and to celebrate, we stuffed as many of their fans as possible in one PC build! \n\nDiscuss on the forum: https://linustechtips.com/topic/1443009-this-ugly-pc-will-blow-your-mind/\n\nBuy a Cooler Master H500 ARGB: https://geni.us/p2yEkS9\nBuy a Noctua NF-A20 PWM: https://geni.us/e0lB\nBuy a Noctua NH-D15 Chromax: https://geni.us/AlETc4\nBuy a Noctua NF-A12x25 PWM:https://geni.us/YxMDv5S\n\nPurchases made through some store links may provide some compensation to Linus Media Group.\n\n\u25ba GET MERCH: https://lttstore.com\n\u25ba SUPPORT US ON FLOATPLANE: https://www.floatplane.com/\n\u25ba AFFILIATES, SPONSORS & REFERRALS: https://lmg.gg/sponsors\n\u25ba PODCAST GEAR: https://lmg.gg/podcastgear\n\nFOLLOW US \n---------------------------------------------------  \nTwitter: https://twitter.com/linustech\nFacebook: http://www.facebook.com/LinusTech\nInstagram: https://www.instagram.com/linustech\nTikTok: https://www.tiktok.com/@linustech\nTwitch: https://www.twitch.tv/linustech\n\nMUSIC CREDIT\n---------------------------------------------------\nIntro: Laszlo - Supernova\nVideo Link: https://www.youtube.com/watch?v=PKfxmFU3lWY\niTunes Download Link: https://itunes.apple.com/us/album/supernova/id936805712\nArtist Link: https://soundcloud.com/laszlomusic\n\nOutro: Approaching Nirvana - Sugar High\nVideo Link: https://www.youtube.com/watch?v=ngsGBSCDwcI\nListen on Spotify: http://spoti.fi/UxWkUw\nArtist Link: http://www.youtube.com/approachingnirvana\n\nIntro animation by MBarek Abdelwassaa https://www.instagram.com/mbarek_abdel/\nMonitor And Keyboard by vadimmihalkevich / CC BY 4.0  https://geni.us/PgGWp\nMechanical RGB Keyboard by BigBrotherECE / CC BY 4.0 https://geni.us/mj6pHk4\nMouse Gamer free Model By Oscar Creativo / CC BY 4.0 https://geni.us/Ps3XfE\n\nCHAPTERS\n---------------------------------------------------\n0:00 Intro\n1:34 Case and fan install\n6:16 Motherboard and PSU \n9:20 CPU and RAM\n10:34 Linus Paint Tips\n11:02 Noctua story time\n12:04 PC comes together\n13:06 Big GPU!\n15:13 1st boot and peripherals\n16:34 Play some games\n17:58 Outro", "link": "https://www.youtube.com/watch?v=TFE9wfAfudE", "date_published": "2022-07-13 00:00:00+00:00", "persistent": false, "user": null, "language": "en-US"}, {"source": "https://www.youtube.com/feeds/videos.xml?channel_id=UCXuqSBlHAE6Xw-yeJA0Tunw", "title": "You Can Build a PC Again!", "description": "It's been two years since you could reasonably build a gaming computer, but it's finally time! \nOn this Prime Day, we build a computer!... we hope...\n\nTry FreshBooks free, for 30 days, no credit card required at https://www.freshbooks.com/linus\n\nSave 10% off your Ridge KeyCase and get Free Worldwide Shipping by using offer code LINUS at https://www.ridge.com/LINUS\n\nBuy a CPU on Amazon: https://geni.us/sSSS\nBuy a GPU on Amazon: https://geni.us/puu5j\nBuy a Motherboard on Amazon: https://geni.us/HBUTU\nBuy a PC Case on Amazon: https://geni.us/HzcJlQ\nBuy RAM on Amazon: https://geni.us/9cxcf\nBuy a PSU on Amazon: https://geni.us/HxpRHpD\nBuy an SSD on Amazon: https://geni.us/5UL37\n\nPurchases made through some store links may provide some compensation to Linus Media Group.\n\n\u25ba GET MERCH: https://lttstore.com\n\u25ba SUPPORT US ON FLOATPLANE: https://www.floatplane.com/\n\u25ba AFFILIATES, SPONSORS & REFERRALS: https://lmg.gg/sponsors\n\u25ba PODCAST GEAR: https://lmg.gg/podcastgear\n\n\nFOLLOW US \n---------------------------------------------------  \nTwitter: https://twitter.com/linustech\nFacebook: http://www.facebook.com/LinusTech\nInstagram: https://www.instagram.com/linustech\nTikTok: https://www.tiktok.com/@linustech\nTwitch: https://www.twitch.tv/linustech", "link": "https://www.youtube.com/watch?v=Sb-rh8kj1CE", "date_published": "2022-07-12 00:00:00+00:00", "persistent": false, "user": null, "language": "en-US"}]