[{"source": "https://www.theguardian.com/rss", "title": "\u2018Blows my mind\u2019: first full-colour image of ancient galaxies \u2013 video", "description": "<p>US president Joe Biden has revealed the first image from Nasa\u2019s new space telescope, the deepest view of the cosmos ever captured. The first image from the $10bn James Webb space telescope shows the farthest humanity has ever seen in both time and distance, closer to the dawn of the universe, one million miles into the cosmos. 'First of all, that blows my mind,' Biden said. The world\u2019s biggest and most powerful space telescope was launched into space last December from French Guiana in South America</p><ul><li><a href=\"https://www.theguardian.com/science/2022/jul/11/nasa-james-webb-telescope-ancient-galaxy-images\">First images from Nasa\u2019s James Webb space telescope reveal ancient galaxies</a></li></ul> <a href=\"https://www.theguardian.com/us-news/video/2022/jul/12/blows-my-mind-first-full-colour-image-of-ancient-galaxies-video\">Continue reading...</a>", "link": "https://www.theguardian.com/us-news/video/2022/jul/12/blows-my-mind-first-full-colour-image-of-ancient-galaxies-video", "date_published": "2022-07-12 04:18:54+00:00", "persistent": false, "user": null, "language": "en-UK"}]