[{"source": "https://www.youtube.com/feeds/videos.xml?channel_id=UCyl5V3-J_Bsy3x-EBCJwepg", "title": "Big Tech Is Censoring Comedy... Again!", "description": "The Babylon Bee has been banned from another social platform or two... and here's how you can help!\n\nBecome a premium subscriber:  https://babylonbee.com/plans\n\nThe Official The Babylon Bee Store:  https://shop.babylonbee.com/\n\nFollow The Babylon Bee:\nWebsite: https://babylonbee.com/\nTwitter: https://twitter.com/thebabylonbee\nFacebook: https://www.facebook.com/TheBabylonBee\nInstagram: http://instagram.com/thebabylonbee", "link": "https://www.youtube.com/watch?v=w_58nOIe8cQ", "date_published": "2022-07-13 00:00:00+00:00", "persistent": false, "user": null, "language": "en-US"}, {"source": "https://www.youtube.com/feeds/videos.xml?channel_id=UCyl5V3-J_Bsy3x-EBCJwepg", "title": "Most SHOCKING Revelations From The Hunter Biden Leak", "description": "Hunter Biden's iCloud account has been hacked, and The Babylon Bee is here with the most accurate and shocking - ALLEGED - revelations from the leak.\n\nFollow Chandler's Youtube: https://www.youtube.com/chandlerjuliet\n\nBecome a premium subscriber:  https://babylonbee.com/plans\n\nThe Official The Babylon Bee Store:  https://shop.babylonbee.com/\n\nFollow The Babylon Bee:\nWebsite: https://babylonbee.com/\nTwitter: https://twitter.com/thebabylonbee\nFacebook: https://www.facebook.com/TheBabylonBee\nInstagram: http://instagram.com/thebabylonbee", "link": "https://www.youtube.com/watch?v=CYrb3nXptPY", "date_published": "2022-07-12 00:00:00+00:00", "persistent": false, "user": null, "language": "en-US"}, {"source": "https://www.youtube.com/feeds/videos.xml?channel_id=UCyl5V3-J_Bsy3x-EBCJwepg", "title": "Prime Time With Walking Satire Machine Alex Stein", "description": "The Babylon Bee spends prime time with Alex Stein, notable Blaze TV contributor and host of The Conspiracy Castle podcast.  We learn behind the scenes info on his work posing as a far left madman at city council meetings and the importance of getting involved in local government. And did you know life isn't worth living without the love of a cat? You will!\n\nCheck out Alex Stein on YouTube: https://www.youtube.com/c/AlexStein99\n\nBecome a premium subscriber:  https://babylonbee.com/plans\n\nThe Official The Babylon Bee Store:  https://shop.babylonbee.com/\n\nFollow The Babylon Bee:\nWebsite: https://babylonbee.com/\nTwitter: https://twitter.com/thebabylonbee\nFacebook: https://www.facebook.com/TheBabylonBee\nInstagram: http://instagram.com/thebabylonbee", "link": "https://www.youtube.com/watch?v=Ah9JP_zU01Y", "date_published": "2022-07-12 00:00:00+00:00", "persistent": false, "user": null, "language": "en-US"}]