[{"source": "https://www.youtube.com/feeds/videos.xml?channel_id=UCW0gH2G-cMKAEjEkI4YhnPA", "title": "Embracer acquires LOTR IP, W\u0113t\u0101 Video Game, Magic Cards, Elrond & Maps | NERD MOOT", "description": "In this week's Nerd Moot, Yoystan and I will be chatting about LOTR rights being purchased, a new Middle-earth video game, and new maps and character pieces from Rings of Power!\r\n\r\nThis week's Tolkien news:\r\n- Embracer Group announced they've entered an agreement to acquire Middle-earth Enterprises, which holds the IP rights to both Lord of the Rings & the Hobbit: https://bit.ly/3QxAKzm\r\n\r\n- Private Division and W\u0113t\u0101 Workshop are partnering to create a new Middle-earth Video Game: https://bit.ly/3QUaxKS\r\n\r\n- Magic The Gathering Lord of the Rings: Tales of Middle-earth Game", "link": "https://www.youtube.com/watch?v=TntZNIpNHk8", "date_published": "2022-08-18 00:00:00+00:00", "persistent": false, "user": null, "language": "en-US"}]