[{"source": "https://www.youtube.com/feeds/videos.xml?channel_id=UCSbdMXOI_3HGiFviLZO6kNA", "title": "HELLO WIRELESS VALVE INDEX, Goodbye Wired VR Headsets", "description": "Hello and welcome to TUESDAY NEWSDAY! Your number one resource for the entire weeks worth of VR news! Today we have a very special TN, I give my first impressions of the new Valve Index wireless adapter from Nofio- it's still an engineering prototype but it shows some massive promise and I'm super excited about its future. \n\nWe're also looking at Quest 2 V43 update, Altair Breaker, a new headset from Lenovo, and so much more! Hope you enjoyed this week of VR news!\n\nAFFILIATE LINK FOR NOFIO WIRELESS ADAPTER:\nhttps://tinyurl.com/ThrillseekerNofio\n\nGIVEAWAY LINKS: \nGiveaway:\nhttps://bit.ly/3vyG90k\nDiscord:\nDiscord.gg/Thrill\n\nMy links:\nOutro music:\nhttps://www.youtube.com/watch?v=u6JwgNQDVfIZ\n\nMeme break source: https://youtu.be/WOZwbA1Kv5Y", "link": "https://www.youtube.com/watch?v=QMMDaA6s3To", "date_published": "2022-08-17 00:00:00+00:00", "persistent": false, "user": null, "language": "en-US"}]