[{"source": "https://www.youtube.com/feeds/videos.xml?channel_id=UCZYTClx2T1of7BRZ86-8fow", "title": "Why Isn\u2019t Flying More Fun (Or At Least Less Terrifying)?", "description": "If we could just spread our wings and hop into the clouds, flying would probably be a heck of a lot of fun. Instead, we have to wait for our boarding group to climb into a cramped metal tube and hope for no turbulence. But does flying on airplanes have to be this way? \n\nHosted by: Stefan Chin\n\nSciShow is on TikTok!  Check us out at https://www.tiktok.com/@scishow \n----------\nSupport SciShow by becoming a patron on Patreon: https://www.patreon.com/scishow\n----------\nHuge thanks go to the following Patreon supporters for helping us keep SciShow free for everyone forever:\n\nMatt Curls, Alisa Sherbow, Dr. Melvin Sanicas, Harrison Mills, Adam Brainard, Chris Peters, charles george, Piya Shedden, Alex Hackman, Christopher R, Boucher, Jeffrey Mckishen, Ash, Silas Emrys, Eric Jensen, Kevin Bealer, Jason A Saslow, Tom Mosner, Tom\u00e1s Lagos Gonz\u00e1lez, Jacob, Christoph Schwanke, Sam Lutfi, Bryan Cloer\n----------\nLooking for SciShow elsewhere on the internet?\nSciShow Tangents Podcast: https://scishow-tangents.simplecast.com/\nFacebook: http://www.facebook.com/scishow\nTwitter: http://www.twitter.com/scishow\nInstagram: http://instagram.com/thescishow\n#SciShow #science #education\n----------\nImage Sources:\nhttps://www.gettyimages.com/detail/video/family-boarding-the-plane-stock-footage/1398277067?adppopup=true\n\nOriginal Episodes:\nhttps://www.youtube.com/watch?v=oE4LFEjFAcw\nhttps://www.youtube.com/watch?v=4MZ-vD66DZQ\nhttps://www.youtube.com/watch?v=rWoNMPZXGV8\nhttps://www.youtube.com/watch?v=9zp3kU5dpWE\nhttps://www.youtube.com/watch?v=ZVLb0DRFKSY\nhttps://www.youtube.com/watch?v=OXrqTUVN7G8\nhttps://www.youtube.com/watch?v=S5tN9nVLgcM\nhttps://www.youtube.com/watch?v=PkWQsGrRDts", "link": "https://www.youtube.com/watch?v=ansGks2BqsQ", "date_published": "2022-08-18 00:00:00+00:00", "persistent": false, "user": null, "language": "en-US"}, {"source": "https://www.youtube.com/feeds/videos.xml?channel_id=UCZYTClx2T1of7BRZ86-8fow", "title": "Laser Archaeology: Revealing the Amazon's Urban Jungle", "description": "Try LMNT at https://DrinkLMNT.com/SciShow. Thanks to LMNT for sponsoring this video.\n\nHard-to-reach places, like the Amazon rainforest, can hide traces of past civilizations. But scientists are finding ways to explore these areas from above and discover the effects these ancient peoples had on their environment.\n\nHosted by: Hank Green\n\nSciShow is on TikTok!  Check us out at https://www.tiktok.com/@scishow \n----------\nSupport SciShow by becoming a patron on Patreon: https://www.patreon.com/scishow\n----------\nHuge thanks go to the following Patreon supporters for helping us keep SciShow free for everyone forever:\n\nMatt Curls, Alisa Sherbow, Dr. Melvin Sanicas, Harrison Mills, Adam Brainard, Chris Peters, charles george, Piya Shedden, Alex Hackman, Christopher R, Boucher, Jeffrey Mckishen, Ash, Silas Emrys, Eric Jensen, Kevin Bealer, Jason A Saslow, Tom Mosner, Tom\u00e1s Lagos Gonz\u00e1lez, Jacob, Christoph Schwanke, Sam Lutfi, Bryan Cloer\n----------\nLooking for SciShow elsewhere on the internet?\nSciShow Tangents Podcast: https://scishow-tangents.simplecast.com/\nFacebook: http://www.facebook.com/scishow\nTwitter: http://www.twitter.com/scishow\nInstagram: http://instagram.com/thescishow\n#SciShow #science #education\n----------\nSources:\nhttps://www.nature.com/articles/s41586-022-04780-4\nhttps://www.sciencenews.org/article/amazon-lasers-lidar-ancient-urban-system-casarabe-bolivia\nhttps://rainforests.mongabay.com/amazon/amazon-rainforest-facts.html\nhttps://www.worldwildlife.org/places/amazon\nhttps://www.theguardian.com/science/2022/jun/02/amazon-rainforest-archaeology-settlements-bolivia-casarabe\nhttps://www.smithsonianmag.com/science-nature/lost-cities-of-the-amazon-discovered-from-the-air-180980142/\nImages:\nhttps://commons.wikimedia.org/wiki/File:Panorama_pyramide_Ounas.jpeg\nhttps://www.gettyimages.com/detail/photo/aerial-view-of-rainforest-in-brazil-royalty-free-image/657653834?adppopup=true\nhttps://www.gettyimages.com/detail/video/aerial-top-view-of-amazon-rainforest-and-river-in-brazil-stock-footage/1160065647?adppopup=true\nhttps://commons.wikimedia.org/wiki/File:Spix_Reiseatlas_original_26.jpg\nhttps://www.gettyimages.com/detail/photo/south-america-seen-from-space-royalty-free-image/1279291644?adppopup=true\nhttps://www.gettyimages.com/detail/photo/realistic-3d-extruded-map-of-south-america-royalty-free-image/1057495158?adppopup=true\nhttps://commons.wikimedia.org/wiki/File:Man_made_island_in_llanos_de_moxos.jpg\nhttps://www.gettyimages.com/detail/video/amazon-river-aerial-stock-footage/1168759447?adppopup=true\nhttps://commons.wikimedia.org/wiki/File:50_Kilometers_of_Brazilian_Forest_Canopy.webm\nhttps://www.nature.com/articles/s41586-022-04780-4/figures/8\nhttps://www.nature.com/articles/s41586-022-04780-4/figures/8\nhttps://www.nature.com/articles/s41586-022-04780-4/figures/1\nhttps://www.nature.com/articles/s41586-022-04780-4/figures/3\nhttps://www.nature.com/articles/s41586-022-04780-4/figures/11\nhttps://www.nature.com/articles/s41586-022-04780-4/figures/12\nhttps://www.nature.com/articles/s41586-022-04780-4/figures/7\nhttps://www.nature.com/articles/s41586-022-04780-4/figures/6\nhttps://www.nature.com/articles/s41586-022-04780-4/figures/4\nhttps://www.gettyimages.com/detail/photo/aerial-view-of-rainforest-in-the-congo-basin-west-royalty-free-image/1314004701?adppopup=true", "link": "https://www.youtube.com/watch?v=wNSvDvNf1SA", "date_published": "2022-08-17 00:00:00+00:00", "persistent": false, "user": null, "language": "en-US"}]