[{"source": "https://www.youtube.com/feeds/videos.xml?channel_id=UCwSv086EAByBY-Z7y-QR_cQ", "title": "Nowe rozporz\u0105dzenie sanitarne. Ogromna w\u0142adza w r\u0119ce powiatowych inspektor\u00f3w sanitarnych", "description": "\ud83d\udcfa Zapraszam do ogl\u0105dania\n\n\u2b07\ufe0fRozwi\u0144 opis\u2b07\ufe0f\n------------------------------------------------------------\n\ud83d\udc40 Uszi po godzinach: https://goo.gl/cdCFKe\n\ud83d\udc40 Hello World_: http://bit.ly/31BEhnv\n------------------------------------------------------------\n\u2709\ufe0f Ludzie listy pisz\u0105 \n\ud83d\udd8a\ufe0f uszi@protonmail.com\n------------------------------------------------------------\n\ud83d\udc7a Niecenzuralne i agresywne komentarze zostan\u0105 usuni\u0119te.  Jak ju\u017c musisz zakl\u0105\u0107 dawaj znaki (&*%@%).\n------------------------------------------------------------\n\ud83d\udcb2 Donate/ Darowizna\nPLN / SMS / Blik: http://bit.ly/3bsXtJj\nBTC: 174EmE88YFtvs6fuM8ZL5yYbik8hcaY6ud\n-------------------------------------------------------------\n\u2705 \u0179r\u00f3d\u0142a:\n1. https://bit.ly/3CiAmR2\n2. https://bit.ly/3wdfuqi\n3. https://bit.ly/3QAjwkR\n4. https://bit.ly/3QTxSfT\n5. https://bit.ly/3QQ90Wk\n-------------------------------------------------------------\n\ud83d\udca1 Tagi: #covid19 #mz \n--------------------------------------------------------------", "link": "https://www.youtube.com/watch?v=gzutr9oWusg", "date_published": "2022-08-18 00:00:00+00:00", "persistent": false, "user": null, "language": "en-US"}, {"source": "https://www.youtube.com/feeds/videos.xml?channel_id=UCwSv086EAByBY-Z7y-QR_cQ", "title": "Prawa zale\u017cne od koloru w aplikacji COVID. System mo\u017ce trafi\u0107 do Polski!", "description": "\ud83d\udcfa Zapraszam do ogl\u0105dania\n\n\u2b07\ufe0fRozwi\u0144 opis\u2b07\ufe0f\n------------------------------------------------------------\n\ud83d\udc40 Uszi po godzinach: https://goo.gl/cdCFKe\n\ud83d\udc40 Hello World_: http://bit.ly/31BEhnv\n------------------------------------------------------------\n\u2709\ufe0f Ludzie listy pisz\u0105 \n\ud83d\udd8a\ufe0f uszi@protonmail.com\n------------------------------------------------------------\n\ud83d\udc7a Niecenzuralne i agresywne komentarze zostan\u0105 usuni\u0119te.  Jak ju\u017c musisz zakl\u0105\u0107 dawaj znaki (&*%@%).\n------------------------------------------------------------\n\ud83d\udcb2 Donate/ Darowizna\nPLN / SMS / Blik: http://bit.ly/3bsXtJj\nBTC: 174EmE88YFtvs6fuM8ZL5yYbik8hcaY6ud\n-------------------------------------------------------------\n\u2705 \u0179r\u00f3d\u0142a:\n1. https://bit.ly/3QyzI6e\n2. https://bit.ly/3QuDKfT\n3. https://nyti.ms/3A3Lbnd\n4. https://bit.ly/3JWFiNb\n5. https://bit.ly/3A28cH1\n-------------------------------------------------------------\n\ud83d\udca1 Tagi: #covid19 #Niemcy  \n--------------------------------------------------------------", "link": "https://www.youtube.com/watch?v=GsbR4g7A29g", "date_published": "2022-08-17 00:00:00+00:00", "persistent": false, "user": null, "language": "en-US"}]