[{"source": "https://www.youtube.com/feeds/videos.xml?channel_id=UCQSpnDG3YsFNf5-qHocF-WQ", "title": "How to Run Windows From a USB Drive (Win 10 or 11)", "description": "Yes, it's possible, here's how!\n\n\u21d2 Become a channel member for special emojis, early videos, and more! Check it out here: https://www.youtube.com/ThioJoe/join\n\nRufus: https://rufus.ie/\nWindows 11 ISO: https://www.microsoft.com/software-download/windows11\nWindows 10 ISO: https://www.microsoft.com/en-us/software-download/windows10\n\n\u25bc Time Stamps: \u25bc\n0:00 - Intro & Requirements\n0:44 - Downloading Rufus\n1:02 - Obtaining Windows 11 ISO\n1:43 - Obtaining Windows 10 ISO\n2:18 - Burning the Bootable USB\n4:50 - Booting Up the USB (Disabling Secure Boot)\n6:26 - Booting Into Windows\n7:30 - Limitations of Windows To Go\n\n\u25ac\u25ac\u25ac\u25ac\u25ac\u25ac\u25ac\u25ac\u25ac\u25ac\u25ac\u25ac\u25ac\u25ac\u25ac\u25ac\u25ac\u25ac\u25ac\u25ac\u25ac\u25ac\u25ac\u25ac\u25ac\u25ac\nMerch \u21e8 https://teespring.com/stores/thiojoe\n\u21e8 http://Instagram.com/ThioJoe\n\u21e8 http://Twitter.com/ThioJoe\n\u21e8 http://Facebook.com/ThioJoeTV\nMy Gear & Equipment \u21e8 https://kit.co/ThioJoe\n\u25ac\u25ac\u25ac\u25ac\u25ac\u25ac\u25ac\u25ac\u25ac\u25ac\u25ac\u25ac\u25ac\u25ac\u25ac\u25ac\u25ac\u25ac\u25ac\u25ac\u25ac\u25ac\u25ac\u25ac\u25ac\u25ac", "link": "https://www.youtube.com/watch?v=w34x1kBZN6c", "date_published": "2022-08-17 00:00:00+00:00", "persistent": false, "user": null, "language": "en-US"}]