[{"source": "http://rss.cnn.com/rss/edition.rss", "title": "A reformed revolutionary: Meet the former guerilla fighter vying for Colombia's presidency", "description": "Some politicians manage to win office on their first attempt, coming seemingly out of nowhere to mount a successful bid despite little experience in public service. Others spend their entire lives waiting for a chance.", "link": "https://www.cnn.com/2022/06/17/americas/gustavo-petro-profile-intl-latam/index.html", "date_published": "2022-06-17 23:08:16+00:00", "persistent": false, "user": null, "language": "en-US"}, {"source": "http://rss.cnn.com/rss/edition.rss", "title": "'A big victory': Military analyst on Russian tugboat destroyed in Black Sea", "description": "Retired Army Lt. Gen. Mark Hertling joins CNN's Ana Cabrera to discuss Ukraine's claim that they sank a Russian resupply tugboat in the Black Sea.", "link": "https://www.cnn.com/videos/world/2022/06/17/ukraine-military-sank-russian-supply-tugboat-newsroom-vpx.cnn", "date_published": "2022-06-17 20:50:56+00:00", "persistent": false, "user": null, "language": "en-US"}, {"source": "http://rss.cnn.com/rss/edition.rss", "title": "A crypto-heavy NBA season comes to an end", "description": "As the Golden State Warriors and its star point guard Steph Curry surged ahead of the Boston Celtics in Game 6 on Thursday to win their fourth NBA championship in eight seasons, it should also have been a win for the crypto industry.", "link": "https://www.cnn.com/2022/06/17/tech/crypto-nba-finals/index.html", "date_published": "2022-06-17 19:22:04+00:00", "persistent": false, "user": null, "language": "en-US"}, {"source": "http://rss.cnn.com/rss/edition.rss", "title": "Suspect in deadly Alabama shooting occasionally attended the church, police say. A person at the meeting held him down", "description": "A 71-year-old man arrested on suspicion of fatally shooting two parishioners and injuring another at an Alabama church small-group meeting Thursday was subdued and held down by an attendee of that meeting, police said Friday.", "link": "https://www.cnn.com/2022/06/17/us/alabama-church-shooting-friday/index.html", "date_published": "2022-06-17 19:10:18+00:00", "persistent": false, "user": null, "language": "en-US"}, {"source": "http://rss.cnn.com/rss/edition.rss", "title": "Heartwarming video shows penguins return home after being rehabbed in Argentina", "description": "These Magellanic penguins were facing malnutrition and dehydration before they were rescued and rehabilitated by the Mundo Marino Foundation.", "link": "https://www.cnn.com/videos/world/2022/06/17/penguin-resucue-argentina-sea-wildlife-orig-kj.cnn", "date_published": "2022-06-17 19:05:52+00:00", "persistent": false, "user": null, "language": "en-US"}, {"source": "http://rss.cnn.com/rss/edition.rss", "title": "Golfer hits spectacular shot from hospitality deck at the US Open", "description": "Golf fans that paid for the US Open hospitality tent package were promised the \"very best views\" of the action, but one lucky group got even more than they bargained for on Friday.", "link": "https://www.cnn.com/2022/06/17/golf/mj-daffue-us-open-golf-hospitality-spt-intl/index.html", "date_published": "2022-06-17 19:01:39+00:00", "persistent": false, "user": null, "language": "en-US"}, {"source": "http://rss.cnn.com/rss/edition.rss", "title": "World Refugee Day: a \"long vision\" needed to help displaced people", "description": "\"How long are we going to live in this fear?\"", "link": "https://www.cnn.com/2022/06/17/us/iyw-world-refugee-day/index.html", "date_published": "2022-06-17 18:57:30+00:00", "persistent": false, "user": null, "language": "en-US"}, {"source": "http://rss.cnn.com/rss/edition.rss", "title": "Black people are more likely to die from heat stress than White people in New York City, report says", "description": "There are hundreds of heat-related deaths in New York City each summer but the rate at which Black people die is twice as high compared to other racial and ethnic groups, the city's health department says.", "link": "https://www.cnn.com/2022/06/17/us/new-york-heat-related-deaths-report/index.html", "date_published": "2022-06-17 18:41:00+00:00", "persistent": false, "user": null, "language": "en-US"}, {"source": "http://rss.cnn.com/rss/edition.rss", "title": "SpaceX fires at least five for letter criticizing Elon Musk", "description": "Private rocket company SpaceX fired at least five employees after it found they had drafted and circulated a letter criticizing founder Elon Musk and urging executives to make the firm's culture more inclusive, two people familiar with the matter said.", "link": "https://www.cnn.com/2022/06/17/tech/spacex-letter-musk-firing/index.html", "date_published": "2022-06-17 18:39:58+00:00", "persistent": false, "user": null, "language": "en-US"}, {"source": "http://rss.cnn.com/rss/edition.rss", "title": "Putin declares end of 'the era of the unipolar world'", "description": "", "link": "https://www.cnn.com/2022/06/17/europe/russia-president-vladimir-putin-speech-spief-intl/index.html", "date_published": "2022-06-17 17:47:32+00:00", "persistent": false, "user": null, "language": "en-US"}, {"source": "http://rss.cnn.com/rss/edition.rss", "title": "US Capitol rioter who carried weapon loaded with hollow-point bullets pleads guilty", "description": "A January 6, 2021, rioter pleaded guilty Friday to carrying a loaded firearm on US Capitol grounds and assaulting police officers with one of their own batons during the insurrection.", "link": "https://www.cnn.com/2022/06/17/politics/mark-mazza-capitol-riot/index.html", "date_published": "2022-06-17 17:44:36+00:00", "persistent": false, "user": null, "language": "en-US"}, {"source": "http://rss.cnn.com/rss/edition.rss", "title": "Colombia's presidential election: A rattled country looks left, but will voters make historic pivot?", "description": "Colombians are heading back to the polls on Sunday to elect their next president in a runoff vote.", "link": "https://www.cnn.com/2022/05/27/americas/colombia-presidential-election-explainer-intl-cmd-latam/index.html", "date_published": "2022-06-17 17:37:15+00:00", "persistent": false, "user": null, "language": "en-US"}, {"source": "http://rss.cnn.com/rss/edition.rss", "title": "'Rumbling and shaking': Couple describes the hours before their home was swept away in the Yellowstone River", "description": "Earlier this week, TJ and Victoria Britton watched their home in Gardiner, Montana -- along with its 16 years of memories -- fall into the Yellowstone River after historic rainfall and flooding inundated waterways in the area.", "link": "https://www.cnn.com/2022/06/17/us/yellowstone-river-house-flooding/index.html", "date_published": "2022-06-17 17:26:33+00:00", "persistent": false, "user": null, "language": "en-US"}, {"source": "http://rss.cnn.com/rss/edition.rss", "title": "China launches its third and most advanced aircraft carrier", "description": "", "link": "https://www.cnn.com/2022/06/17/china/china-new-aircraft-carrier-fujian-launch-intl-hnk/index.html", "date_published": "2022-06-17 16:11:01+00:00", "persistent": false, "user": null, "language": "en-US"}, {"source": "http://rss.cnn.com/rss/edition.rss", "title": "Julian Assange's extradition to US approved by British Home Secretary", "description": "UK Home Secretary Priti Patel has signed an order to extradite WikiLeaks founder Julian Assange to the United States, where he faces espionage charges, the Home Office announced Friday.", "link": "https://www.cnn.com/2022/06/17/uk/uk-julian-assange-extradition-priti-patel-intl-gbr/index.html", "date_published": "2022-06-17 15:48:12+00:00", "persistent": false, "user": null, "language": "en-US"}, {"source": "http://rss.cnn.com/rss/edition.rss", "title": "Royal shipwreck revealed 340 years after its sinking", "description": "A warship carrying about 330 people -- including James Stuart, future King of England -- ran aground and sank on May 6, 1682. Now the shipwreck's location has finally been revealed off the coast of England 340 years later.", "link": "https://www.cnn.com/2022/06/17/world/gloucester-royal-shipwreck-discovery-scn/index.html", "date_published": "2022-06-17 15:35:26+00:00", "persistent": false, "user": null, "language": "en-US"}, {"source": "http://rss.cnn.com/rss/edition.rss", "title": "GOP candidate said Black Americans are 'held hungry and dumb' and 'conditioned' to vote for Democrats", "description": "New York Republican congressional candidate Carl Paladino told a radio host in late 2016 that Black Americans were kept \"dumb and hungry\" so they could be conditioned to only vote for the Democratic Party, saying, \"You can't teach them differently.\"", "link": "https://www.cnn.com/2022/06/17/politics/carl-paladino-black-americans-democrats/index.html", "date_published": "2022-06-17 15:29:36+00:00", "persistent": false, "user": null, "language": "en-US"}, {"source": "http://rss.cnn.com/rss/edition.rss", "title": "She's visited every country in the world. Here's what she learned", "description": "As her plane began its descent into the Seychelles on October 6, 2019, Ugandan-American travel influencer Jessica Nabongo peered out of the window, preparing herself for the momentous occasion about to take place.", "link": "https://www.cnn.com/travel/article/jessica-nabongo-traveling-every-country/index.html", "date_published": "2022-06-17 15:26:22+00:00", "persistent": false, "user": null, "language": "en-US"}, {"source": "http://rss.cnn.com/rss/edition.rss", "title": "Airline changes livery as passengers link it to Russian invasion symbol", "description": "As Russia's invasion of Ukraine approaches the four-month mark, one airline has announced plans to change its livery amid concern from passengers that its current look could suggest that it supports the invasion.", "link": "https://www.cnn.com/travel/article/zipair-livery-change-russia/index.html", "date_published": "2022-06-17 15:20:42+00:00", "persistent": false, "user": null, "language": "en-US"}, {"source": "http://rss.cnn.com/rss/edition.rss", "title": "Jill Biden says she has 'imagined' a shooting in her own classroom", "description": "First lady Dr. Jill Biden revealed on Friday she has often envisioned what it would be like if there was a shooting in one of the classrooms in which she teaches.", "link": "https://www.cnn.com/2022/06/17/politics/jill-biden-school-shooting/index.html", "date_published": "2022-06-17 15:08:47+00:00", "persistent": false, "user": null, "language": "en-US"}, {"source": "http://rss.cnn.com/rss/edition.rss", "title": "Deep within the US Treasury Building, a new era of economic warfare is underway -- waged by government lawyers, accountants, economists and finance whizzes", "description": "Three months into US-led sanctions designed to crush Russia's economy for its war in Ukraine, Russia has appeared surprisingly resilient.", "link": "https://www.cnn.com/2022/06/17/politics/nerd-warriors-treasury-department-sanctions-economic-war-russia/index.html", "date_published": "2022-06-17 15:05:36+00:00", "persistent": false, "user": null, "language": "en-US"}, {"source": "http://rss.cnn.com/rss/edition.rss", "title": "This former Trump aide is one of dozens warning he is \"unfit to be president\"", "description": "More than 30 former Trump officials and advisors are speaking out against his leadership and character, yet former President Donald Trump's supporters seem to ignore the warnings. CNN political commentator Alyssa Farah Griffin, who served as White House Communications Director, tells Reality Check's John Avlon what the dangers of a second Trump presidency could be.", "link": "https://www.cnn.com/videos/us/2022/06/16/donald-trump-second-presidency-avlon-reality-check-orig.cnn", "date_published": "2022-06-17 14:45:00+00:00", "persistent": false, "user": null, "language": "en-US"}, {"source": "http://rss.cnn.com/rss/edition.rss", "title": "How to make the most of your time with the boss", "description": "Getting face time with your boss is an important part of progressing in your career, so you need to make the most of one-on-one meetings -- particularly if you're working remotely.", "link": "https://www.cnn.com/2022/06/17/success/meeting-tips-boss/index.html", "date_published": "2022-06-17 14:22:21+00:00", "persistent": false, "user": null, "language": "en-US"}, {"source": "http://rss.cnn.com/rss/edition.rss", "title": "Tommy Lee bows out half way through first reunion tour show because of broken ribs", "description": "Tommy Lee says his doctor told him not to perform, but no way was he missing the beginning of the M\u00f6tley Cr\u00fce reunion tour.", "link": "https://www.cnn.com/2022/06/17/entertainment/tommy-lee-broken-ribs/index.html", "date_published": "2022-06-17 14:19:42+00:00", "persistent": false, "user": null, "language": "en-US"}, {"source": "http://rss.cnn.com/rss/edition.rss", "title": "Vince McMahon steps down as WWE CEO following hush money allegations", "description": "WWE boss Vince McMahon has agreed to step back from his responsibilities as chairman and CEO while the wrestling company's board investigates him for alleged misconduct.", "link": "https://www.cnn.com/2022/06/17/investing/wwe-vince-mcmahon-steps-down/index.html", "date_published": "2022-06-17 14:19:08+00:00", "persistent": false, "user": null, "language": "en-US"}, {"source": "http://rss.cnn.com/rss/edition.rss", "title": "Female amputee athlete runs 104 marathons in 104 days", "description": "\ufeffImagine running a marathon every day... for 104 days in a row. Earlier this year, amputee ultrarunner Jacky Hunt-Broersma did just that\ufeff. \ufeffHer impressive feat set an unofficial women's world record\ufeff.", "link": "https://www.cnn.com/videos/sports/2022/06/16/jacky-hunt-broersma-104-marathons-104-days-spt-intl-lon-orig.cnn", "date_published": "2022-06-17 14:00:45+00:00", "persistent": false, "user": null, "language": "en-US"}, {"source": "http://rss.cnn.com/rss/edition.rss", "title": "Amputee athlete runs 104 marathons in 104 days", "description": "For some runners, the prospect of running the 26.2 miles of a marathon is challenge enough. But to get up the following day and run another -- and repeat the routine for the next three-and-a-half months -- takes a particular blend of stamina, dedication and what some would call insanity.", "link": "https://www.cnn.com/2022/06/17/sport/jacky-hunt-broersma-104-marathons-spt-intl/index.html", "date_published": "2022-06-17 13:59:47+00:00", "persistent": false, "user": null, "language": "en-US"}, {"source": "http://rss.cnn.com/rss/edition.rss", "title": "'Good Luck to You, Leo Grande' gives Emma Thompson a grand showcase", "description": "Emma Thompson lays herself bare in the dramedy \"Good Luck to You, Leo Grande,\" but it's the emotional aspects that deserve the most attention, in this funny and sensitively told two-hander that, understandably, is making its debut on Hulu. Taking place almost entirely inside a hotel room, it's a movie bathed in poignance and sweetness as well as sex and longing.", "link": "https://www.cnn.com/2022/06/17/entertainment/good-luck-to-you-leo-grande-review/index.html", "date_published": "2022-06-17 13:33:39+00:00", "persistent": false, "user": null, "language": "en-US"}, {"source": "http://rss.cnn.com/rss/edition.rss", "title": "Jan. 6 committee wrestles with unsolvable question about Trump -- how to hold him to account", "description": "On June 16, 2015, Donald Trump descended that famous golden escalator, unleashed a cacophonous presidential campaign by breaking every single rule of politics and barnstormed, welcome or not, into the soul and psyche of every American.", "link": "https://www.cnn.com/2022/06/17/politics/donald-trump-accountability-jan-6-hearings-analysis/index.html", "date_published": "2022-06-17 13:25:18+00:00", "persistent": false, "user": null, "language": "en-US"}, {"source": "http://rss.cnn.com/rss/edition.rss", "title": "Drake drops new album, 'Honestly, Nevermind'", "description": "Drake surprised followers Thursday with news that new music was coming and so it did.", "link": "https://www.cnn.com/2022/06/17/entertainment/drake-new-album-honestly/index.html", "date_published": "2022-06-17 13:25:07+00:00", "persistent": false, "user": null, "language": "en-US"}, {"source": "http://rss.cnn.com/rss/edition.rss", "title": "Elon Musk pressured Twitter to give him access to a 'firehose' of data to evaluate bots. Now what?", "description": "Elon Musk spent weeks raising alarms that Twitter may have far more fake, spam and bot accounts than previously disclosed and threatening to abandon his $44 billion deal to buy the company if it didn't provide him with more information to evaluate the matter.", "link": "https://www.cnn.com/2022/06/17/tech/elon-musk-twitter-bots/index.html", "date_published": "2022-06-17 13:19:08+00:00", "persistent": false, "user": null, "language": "en-US"}, {"source": "http://rss.cnn.com/rss/edition.rss", "title": "Rafael Nadal says his 'intention is to play at Wimbledon' for first time in three years despite lingering foot injury", "description": "Rafael Nadal said on Friday that his \"intention is to play at Wimbledon\" for the first time in three years despite a lingering foot injury.", "link": "https://www.cnn.com/2022/06/17/tennis/rafael-nadal-intention-wimbledon-2022-spt-intl/index.html", "date_published": "2022-06-17 12:51:21+00:00", "persistent": false, "user": null, "language": "en-US"}, {"source": "http://rss.cnn.com/rss/edition.rss", "title": "'Are you gonna let me answer a question?': Fauci and Paul face off in tense exchange", "description": "During a Senate committee hearing on the ongoing federal response to the pandemic, Dr. Anthony Fauci faced questions from Sen. Rand Paul (R-KY) about Covid-19 boosters for children. Fauci testified remotely after testing positive for the virus.", "link": "https://www.cnn.com/videos/politics/2022/06/17/fauci-rand-paul-covid-boosters-children-mxp-sot-vpx.hln", "date_published": "2022-06-17 12:15:44+00:00", "persistent": false, "user": null, "language": "en-US"}, {"source": "http://rss.cnn.com/rss/edition.rss", "title": "Glass bar dangles over canyon in Georgia", "description": "A 240-meter-long (787 feet) glass bridge with a \"diamond-shaped\" bar suspended in the center was unveiled at Dashbashi Canyon, located around two hours drive from capital city Tbilisi, in Southern Georgia earlier this week.", "link": "https://www.cnn.com/travel/article/new-glass-bridge-with-diamond-shaped-bar-opens-in-georgia/index.html", "date_published": "2022-06-17 12:15:41+00:00", "persistent": false, "user": null, "language": "en-US"}, {"source": "http://rss.cnn.com/rss/edition.rss", "title": "A spate of layoffs is fueling recession anxiety", "description": "Two years ago, when the pandemic ushered in the sharpest economic downturn on record, it sparked a tidal wave of layoffs.", "link": "https://www.cnn.com/2022/06/17/investing/premarket-stocks-trading/index.html", "date_published": "2022-06-17 11:23:18+00:00", "persistent": false, "user": null, "language": "en-US"}, {"source": "http://rss.cnn.com/rss/edition.rss", "title": "Chipmakers brace for more trouble as Russia limits exports of rare gases", "description": "The semiconductor industry just can't catch a break.", "link": "https://www.cnn.com/2022/06/17/tech/russia-noble-gases-exports-semiconductors/index.html", "date_published": "2022-06-17 11:17:21+00:00", "persistent": false, "user": null, "language": "en-US"}, {"source": "http://rss.cnn.com/rss/edition.rss", "title": "Prince Charles, don't shake hands with the tyrant who kidnapped our father", "description": "Our father, Paul Rusesabagina, is a hero.", "link": "https://www.cnn.com/2022/06/17/opinions/hotel-rwanda-manager-daughters-prince-charles-kanimba/index.html", "date_published": "2022-06-17 11:17:13+00:00", "persistent": false, "user": null, "language": "en-US"}, {"source": "http://rss.cnn.com/rss/edition.rss", "title": "Ukrainian Defense Minister: Written orders recovered from dead Russian officer reveal Moscow's initial plan", "description": "In an exclusive interview, Ukraine's Defense Minister tells CNN's Matthew Chance about the state of his country and how US officials assured him military aid \"will never stop.\"", "link": "https://www.cnn.com/videos/world/2022/06/17/ukraine-defense-minister-us-military-aid-chance-dnt-ebof-vpx.cnn", "date_published": "2022-06-17 11:12:56+00:00", "persistent": false, "user": null, "language": "en-US"}, {"source": "http://rss.cnn.com/rss/edition.rss", "title": "Menopause is not a disease. Experts call for new narrative for this natural stage of a woman's life", "description": "Women are not a monolith, their experiences of menopause are not all negative, and this stage of life should not be medicalized, argue an international group of experts.", "link": "https://www.cnn.com/2022/06/17/health/menopause-medicalization-women-ageing-bmj-as-equals-intl-cmd/index.html", "date_published": "2022-06-17 10:26:18+00:00", "persistent": false, "user": null, "language": "en-US"}, {"source": "http://rss.cnn.com/rss/edition.rss", "title": "Israeli police conclude probe into conduct at Shireen Abu Akleh funeral, amid reports no officers will be punished", "description": "Israeli police say they have concluded the investigation into police actions during the funeral procession of slain Al Jazeera correspondent Shireen Abu Akleh in Jerusalem last month.", "link": "https://www.cnn.com/2022/06/17/middleeast/shireen-abu-akleh-funeral-israeli-police-investigation-intl/index.html", "date_published": "2022-06-17 10:21:39+00:00", "persistent": false, "user": null, "language": "en-US"}, {"source": "http://rss.cnn.com/rss/edition.rss", "title": "Latest Ginni Thomas controversy means the Supreme Court can't escape the 2020 election", "description": "Supreme Court justices were divided over 2020 election issues and ultimately declined to accept any of Donald Trump's baseless claims, but one justice stood out for emphasizing ballot fraud in sympathy with those who refused to accept the results: Clarence Thomas.", "link": "https://www.cnn.com/2022/06/17/politics/ginni-thomas-supreme-court/index.html", "date_published": "2022-06-17 09:06:28+00:00", "persistent": false, "user": null, "language": "en-US"}, {"source": "http://rss.cnn.com/rss/edition.rss", "title": "Stunning Anglo-Saxon burial site found along planned British railway route", "description": "Archaeologists say they have discovered one of the largest Anglo-Saxon burial grounds ever uncovered in Britain during excavations ahead of a high speed rail project.", "link": "https://www.cnn.com/videos/style/2022/06/16/anglo-saxon-burial-ground-buckinghamshire-cb-lon-orig.cnn", "date_published": "2022-06-17 07:38:38+00:00", "persistent": false, "user": null, "language": "en-US"}, {"source": "http://rss.cnn.com/rss/edition.rss", "title": "Golden State Warriors win NBA championship with Game 6 victory over Boston Celtics", "description": "Led by 34 points from Stephen Curry, the Golden State Warriors defeated the Boston Celtics 103-90 on Thursday night to claim their fourth NBA championship in the last eight seasons.", "link": "https://www.cnn.com/2022/06/16/sport/nba-finals-2022-warriors-celtics-game-6/index.html", "date_published": "2022-06-17 06:19:47+00:00", "persistent": false, "user": null, "language": "en-US"}, {"source": "http://rss.cnn.com/rss/edition.rss", "title": "How 'bland' tofu became one of the world's hottest foods", "description": "There's a curious scene taking place inside what appears to be a run-of-the-mill Hong Kong industrial building.", "link": "https://www.cnn.com/travel/article/tofu-history-hong-kong-mora/index.html", "date_published": "2022-06-17 04:08:11+00:00", "persistent": false, "user": null, "language": "en-US"}, {"source": "http://rss.cnn.com/rss/edition.rss", "title": "Native filmmaker Shaandiin Tome: 'We're more openly celebrating who we are'", "description": "Shaandiin Tome was on the road when she heard the news. The 29-year-old New Mexico-based Din\u00e9 filmmaker was on her way back from a whirlwind week at South by Southwest (SXSW) Film Festival in Austin where her documentary \"Long Line of Ladies,\" which she co-directed with Rayka Zehtabchi, had just screened. Her partner was watching a live-stream of the awards ceremony on Twitter when the film was announced as winner of 2022's Best Documentary Short.", "link": "https://www.cnn.com/style/article/shaandiin-tome-long-line-of-ladies/index.html", "date_published": "2022-06-17 04:06:17+00:00", "persistent": false, "user": null, "language": "en-US"}, {"source": "http://rss.cnn.com/rss/edition.rss", "title": "How Ginni Thomas emerged as a pivotal figure in the Jan. 6 hearings", "description": "Ginni Thomas, wife of Supreme Court Justice Clarence Thomas, has emerged as a pivotal figure in the House select committee's investigation into the January 6 Capitol insurrection.", "link": "https://www.cnn.com/videos/politics/2022/06/17/who-is-ginni-thomas-january-6-committee-kaye-pkg-ac360-vpx.cnn", "date_published": "2022-06-17 02:05:14+00:00", "persistent": false, "user": null, "language": "en-US"}]