[{"source": "https://www.youtube.com/feeds/videos.xml?channel_id=UCw--xPGVVxYzRsWyV1nFqgg", "title": "JON SNOW SHOW\ud83d\udc3a LotR ANIME CAST!\u2694\ufe0f One Punch Man MOVIE!\ud83d\udc4a-FANTASY NEWS", "description": "LET'S JUMP INTO THE FANTASY NEWS! \nNew Channel: https://www.youtube.com/channel/UC9tQc_K_LtoCiVGx7_R3FRA\nPatreon: https://www.patreon.com/DanielBGreene \nAll the Me Social Links: https://linktr.ee/DanielGreene\n\nMerch: https://www.designbyhumans.com/shop/FantasyNews/ \n\nLawful Times Series: \nBreach of Peace: https://amzn.to/3CnKsfX\nRebels Creed: https://amzn.to/3Gtqt2p\n\nEquipment: \nCamera: https://amzn.to/3siqgHv  \nLense: https://amzn.to/3ugGxhQ  \nLighting: https://amzn.to/3aI3brK  \nMicrophone: https://amzn.to/3pCGtWg  \nTripod: https://amzn.to/3kd9yq1  \n\nP.O. Box: PO Box 7874 Henrico, VA 23231\n\n00:00 Fundraiser update: https://www.reddit.com/r/ProgressionFantasy/comments/vam2mv/more_than_5000_were_raised_for_the_victims_of_the/ \n\n00:39 War of the Rohirrim: https://twitter.com/discussingfilm/status/1537058843758407682?s=21&t=12eEkrJ2nkMeP-bGECxOLQ \n\nVoice Cast: https://deadline.com/2022/06/lord-of-the-rings-the-war-of-the-rohirrim-brian-cox-miranda-otto-1235045883/amp/ \n\n01:59 The Jon Snow Show: https://variety.com/2022/tv/news/game-of-thrones-jon-snow-series-kit-harington-hbo-1235297033/ \n\n03:20 AI Drawn Comic: https://bleedingcool.com/comics/abolition-of-man-first-comic-book-entirely-drawn-by-a-i-algorithm/ \n\n04:34 Legendborn Adaptation: https://deadline.com/2022/02/felicia-d-henderson-to-adapt-tracy-deonns-ya-fantasy-novel-legendborn-1234925007/ \n\n05:14 Gormenghast Trilogy: https://www.youtube.com/watch?v=58Bux5zvzBU&ab_channel=TheFolioSociety \n\n05:55 WoTCon: WoTCon.com\n\n06:42 Scavengers Reign: https://twitter.com/AnimationOnMax/status/1537105012274483200\n\n08:00 One Punch Man Live Action: https://deadline.com/2022/06/one-punch-man-manga-movie-sony-justin-lin-scott-rosenberg-jeff-pinkner-script-1235044549/ \n\n08:48 Avatar Movies: https://variety.com/2022/film/news/avatar-last-airbender-films-paramount-nickelodeon-1235295075/ \n\n09:05 Mad God Released: https://collider.com/mad-god-phil-tippett-horror-stop-motion-shudder/ \n\n09:49 Stranger things Record: https://variety.com/2022/tv/news/stranger-things-4-volume-1-netflix-top-10-ratings-1235294023/ \n\n10:41  Squid Game S2: https://www.insider.com/everything-we-know-so-far-about-squid-game-season-2-2022-6", "link": "https://www.youtube.com/watch?v=KsUqXuTF67g", "date_published": "2022-06-17 00:00:00+00:00", "persistent": false, "user": null, "language": "en-US"}]