[{"source": "https://www.youtube.com/feeds/videos.xml?channel_id=UCSJPFQdZwrOutnmSFYtbstA", "title": "Star Wars - How To Alienate A Fanbase", "description": "The Star Wars Twitter account is a textbook example of how NOT to interact with your fanbase. \n\nWant to help support this channel? \nCheck out my books on Amazon: https://www.amazon.com/Will-Jordan/e/B00BCO7SA8/ref=dp_byline_cont_pop_ebooks_1\nSubscribe on Patreon: https://www.patreon.com/TheCriticalDrinker\nSubscribe on Subscribestar: https://www.subscribestar.com/the-critical-drinker", "link": "https://www.youtube.com/watch?v=R7KZnsvFD88", "date_published": "2022-06-18 00:00:00+00:00", "persistent": false, "user": null, "language": "en-US"}]