[{"source": "https://www.youtube.com/feeds/videos.xml?channel_id=UCW0gH2G-cMKAEjEkI4YhnPA", "title": "The History of Minas Morgul | Tolkien Explained", "description": "Once the bright and beautiful city of Gondor, Minas Ithil (The Tower of the Moon),  would fall twice to Sauron's forces.  The second time, it is made into Minas Morgul - the home of the Witch-King.\n\nHit subscribe - and the bell!\nNerd of the Rings on PATREON: https://www.patreon.com/NerdoftheRings\n\nTo purchase artist work, check out these amazing artists!\n\nAnna Podedworna - https://www.artstation.com/akreon\nJenny Dolfen - goldseven.wordpress.com/\nTurner Mohan - www.instagram.com/turner_mohan\nTed Nasmith - www.tednasmith.com/shop/\nAnke Eissmann - http://anke.edoras-art.de/anke_illustration.html\nAronja Art - https://www.instagram.com/aronjaart/\nIvan Cavini - https://www.instagram.com/ivan_cavini/\nSara Morello - https://www.artstation.com/saramorello\nMat\u011bj \u010cadil - https://www.etsy.com/people/matejcadil\nTulikoura - https://www.deviantart.com/tulikoura\nAegeri - https://www.deviantart.com/aegeri\nNoe Leyva - https://twitter.com/NoeLeyvArt\n\nTo purchase artist work, check out these amazing artists!\n\nMinas Ithil - Shadow of War\nMinas Ithil Attack - Shadow of War\nThe Dark Tower - John Howe\nNazgul - Rui Goncalves\nMinas Morgul - Shadow of War\nDownfall of Numenor - Dracarysdrekkar7\nUnder Construction - Bryan Bitter\nThe White Tree - Ted Nasmith\nStealing the Fruit of Nimloth - Anke Eissmann\nSauron - Felix Englund\nSauron at Barad-dur - Shadow of War\nOrcs - Angus McBride\nThe Last Alliance - Jenny Dolfen\nAegeri - Minas Tirith\nThe Meeting at Amon Sul - Anke Eissmann\nWeathertop - Dracarysdrekkar7\nA Palantir - Anke Eissmann\nGil-galad, Sauron, and Elendil - Tom Romain\nIsildur's Bane - Andrea Piparo\nMinas Ithil - Matej Cadil\nMinas Tirith - Nahar_doa\nWitch-king of Angmar - LOTRO\nWitch-King in Battle - LOTRO\nAnnuminas - Ted Nasmith\nNazgul Bowing Before Sauron - Kip Rasmussen\nMinas Ithil Destruction - Shadow of War\nOrc Army - Bryan Bitter\nStalker - Skullb*st*rd\nThe Dark Tower - John Howe\nMinas Morgul - Ralph Damiani\nMinas Tirith - Aronja Art\nMinas Morgul - Shadow of War\nWitch-king - Weirling\nAfter the Dream - Anke Eissmann\nBoromir of Gondor - Catherine Karina Chmiel\nSauron Helmet - WETA\nThrone of Gondor - Bryan Bitter\nBoromir - Kuliszu\nStrider - CK Goksoy\nMinas Morgul - John Howe\nThe Uruk-hai - John Howe\nGorbag and Shagrat - Alan Lee\nDefending Osgiliath - Anke Eissmann\nBoromir Defending Osgiliath - Catherine Karina Chmiel\nThe Morgul Blade - Matej Cadil\nFaramir's Burden - Elrodimus Flash\nEndless Stair - John Howe\nRiders at the Ford - Ted Nasmith\nYou Fool, No Man Can Kill Me - Bembiann\nWitch-King - John Howe\nWeak - Aegeri\nMinas Morgul - John Howe\nBattle of Pelennor Fields - Magdalena Katanska\nEowyn and Faramir - Ted Nasmith\nEowyn and Faramir - Jenny Dolfen\nThe Tower of the Moon - Ted Nasmith\n\n#tolkien #lordoftherings #minasmorgul", "link": "https://www.youtube.com/watch?v=sP1zQWvRVk8", "date_published": "2022-06-18 00:00:00+00:00", "persistent": false, "user": null, "language": "en-US"}]