[{"source": "https://www.youtube.com/feeds/videos.xml?channel_id=UCzQUP1qoWDoEbmsQxvdjxgQ", "title": "Joe on the Video of Mike Tyson Being Harassed on a Plane", "description": "Taken from JRE #1808 w/Dan Soder:\nhttps://open.spotify.com/episode/1LpqRZgJzula5p71rIhRyo?si=48969dd62f554e27", "link": "https://www.youtube.com/watch?v=Wjx7LaqEHJo", "date_published": "2022-04-23 00:00:00+00:00", "persistent": false, "user": null, "language": "en-US"}, {"source": "https://www.youtube.com/feeds/videos.xml?channel_id=UCzQUP1qoWDoEbmsQxvdjxgQ", "title": "Why Are Airlines Restraining People with Duct Tape?", "description": "Taken from JRE #1808 w/Dan Soder:\nhttps://open.spotify.com/episode/1LpqRZgJzula5p71rIhRyo?si=f766943a0e6e48ae", "link": "https://www.youtube.com/watch?v=pLoiUm8JTkI", "date_published": "2022-04-23 00:00:00+00:00", "persistent": false, "user": null, "language": "en-US"}, {"source": "https://www.youtube.com/feeds/videos.xml?channel_id=UCzQUP1qoWDoEbmsQxvdjxgQ", "title": "Douglas Murray Clarifies the Idea of Being \"Lucky\"", "description": "Taken from JRE #1807 w/Douglas Murray:\nhttps://open.spotify.com/episode/38irHbd6pdQkZWazZ029hq?si=516c83dbbadf4292", "link": "https://www.youtube.com/watch?v=kmS8oJ6aHjE", "date_published": "2022-04-22 00:00:00+00:00", "persistent": false, "user": null, "language": "en-US"}, {"source": "https://www.youtube.com/feeds/videos.xml?channel_id=UCzQUP1qoWDoEbmsQxvdjxgQ", "title": "Douglas Murray on People's Need for Religion", "description": "Taken from JRE #1807 w/Douglas Murray:\nhttps://open.spotify.com/episode/38irHbd6pdQkZWazZ029hq?si=516c83dbbadf4292", "link": "https://www.youtube.com/watch?v=QCJUEqppqNk", "date_published": "2022-04-22 00:00:00+00:00", "persistent": false, "user": null, "language": "en-US"}]