[{"source": "https://www.youtube.com/feeds/videos.xml?channel_id=UCw--xPGVVxYzRsWyV1nFqgg", "title": "$1,500 LotR Edition\ud83d\udcb0 New Dresden Novella\ud83d\udcd8 Minecraft Movie\u26cf\ufe0f-FANTASY NEWS", "description": "Let's talk about the flood of Lord of the Rings News! \nCheckout Campfire Today:  https://www.campfirewriting.com/write/for-novelists?utm_source=youtube&utm_medium=video&utm_campaign=DG_Q1_22 \n\nNew Channel: https://www.youtube.com/channel/UC9tQc_K_LtoCiVGx7_R3FRA\nPatreon: https://www.patreon.com/DanielBGreene \nAll the Me Social Links: https://linktr.ee/DanielGreene\n\nMerch: https://www.designbyhumans.com/shop/FantasyNews/ \n\nLawful Times Series: \nBreach of Peace: https://amzn.to/3CnKsfX\nRebels Creed: https://amzn.to/3Gtqt2p\n\nEquipment: \nCamera: https://amzn.to/3siqgHv  \nLense: https://amzn.to/3ugGxhQ  \nLighting: https://amzn.to/3aI3brK  \nMicrophone: https://amzn.to/3pCGtWg  \nTripod: https://amzn.to/3kd9yq1  \n\nP.O. Box: PO Box 7874 Henrico, VA 23231\n\nNews:\n\n00:00 Intro \n\n00:26 Most Expensive LotR Edition: https://www.foliosociety.com/usa/rings \n\n01:20 Lotr Images: https://twitter.com/lotronprime/status/1516457357466775557?s=21&t=VvPZJpZQ977L1gKjH3zJkw \n\n01:57 New LotR Covers: https://www.reddit.com/r/lotr/comments/u76msm/new_lotr_covers_to_be_released_this_year/?utm_medium=android_app&utm_source=share \n\n03:07 LotR Playing Cards: https://www.kickstarter.com/projects/kingswildproject/the-lord-of-the-rings-playing-cards-vol-1 \n\n04:45 Martin\u2019s Troll: https://georgerrmartin.com/notablog/2022/04/20/the-winds-of-june/ \n\n06:00 New Dresden Novella: https://www.audible.com/pd/The-Law-Audiobook/B09Y286JK6 \n\n06:31 Netflix falling down: https://www.hollywoodreporter.com/business/digital/netflix-q1-2022-earnings-1235132028/ \n\n09:30 Love Death Season 3: https://www.polygon.com/23031898/love-death-robots-trailer-release-date-season-3-netflix \n\n10:01 Andy Serkis Directing Animal Farm: https://deadline.com/2022/04/andy-serkis-to-direct-animated-adaptation-of-george-orwells-animal-farm-1235005933/ \n\n10:25 Spiderverse release dates: https://tinyurl.com/mrx9fuuv \nhttps://twitter.com/DiscussingFilm/status/1516949854148255744?t=gqmRkhEtkqZr1csAPrXFMg&s=09\n\n10:49 Water Dancer Adaptation: https://mobile.twitter.com/DiscussingFilm/status/1516127828366049286?ref_src=twsrc%5Egoogle%7Ctwcamp%5Eserp%7Ctwgr%5Etweet \n\n11:51 Minecraft Movie: https://twitter.com/DiscussingFilm/status/1516120055251148802", "link": "https://www.youtube.com/watch?v=miYDH_erMIE", "date_published": "2022-04-22 00:00:00+00:00", "persistent": false, "user": null, "language": "en-US"}]