[{"source": "https://www.youtube.com/feeds/videos.xml?channel_id=UCwUizOU8pPWXdXNniXypQEQ", "title": "The Safe Space Hotline!", "description": "Grab your Remedy Sleep Mask at https://blublox.com/jp\nUse Code \"JP\" for 15% Off!\n\nCheck Out My Merch Here - https://awakenwithjp.com\n\nSee my LIVE Comedy Shows - https://awakenwithjp.com/pages/events\n\nTake a stand against censorship. Join my Awakened Warriors Email List - https://awakenwithjp.com/joinme\n\nIntroducing the government funded Safe Space Hotline! \n\nListen and Subscribe to my Podcast here: \nhttps://apple.co/3fFTbPC\nAlso available everywhere else you get podcasts. Just search and subscribe to \"Awaken With JP Sears Show\"\n\nConnect with me at: \nhttp://www.facebook.com/AwakenWithJP\nhttp://www.Instagram.com/AwakenWithJP\nhttp://www.twitter.com/AwakenWithJP\nhttps://mewe.com/p/awakenwithjp\nhttps://parler.com/profile/AwakenWithJP\nhttp://www.AwakenWithJP.com", "link": "https://www.youtube.com/watch?v=WPbOoEh10V0", "date_published": "2022-04-23 00:00:00+00:00", "persistent": false, "user": null, "language": "en-US"}]