[{"source": "http://feeds.bbci.co.uk/news/rss.xml", "title": "French election: Misinformation targets candidates and voting system", "description": "Misinformation has been targeting not just the candidates, but also the voting process itself.", "link": "https://www.bbc.co.uk/news/61179620?at_medium=RSS&at_campaign=KARANGA", "date_published": "2022-04-22 23:54:25+00:00", "persistent": false, "user": null, "language": "en-US"}, {"source": "http://feeds.bbci.co.uk/news/rss.xml", "title": "Women asked if bladder drug should be available to buy", "description": "The medication could help millions of UK women with overactive bladders, say experts.", "link": "https://www.bbc.co.uk/news/health-61189908?at_medium=RSS&at_campaign=KARANGA", "date_published": "2022-04-22 23:51:33+00:00", "persistent": false, "user": null, "language": "en-US"}, {"source": "http://feeds.bbci.co.uk/news/rss.xml", "title": "Post Office scandal victims still waiting for compensation", "description": "A year since the first subpostmasters overturned wrongful convictions, most still await a financial settlement", "link": "https://www.bbc.co.uk/news/business-61187241?at_medium=RSS&at_campaign=KARANGA", "date_published": "2022-04-22 23:47:24+00:00", "persistent": false, "user": null, "language": "en-US"}, {"source": "http://feeds.bbci.co.uk/news/rss.xml", "title": "Venice Biennale: Ukrainian art exhibition opens in shadow of war", "description": "Ukraine showcases its culture at the prestigious arts festival, while protesting against the Russian invasion.", "link": "https://www.bbc.co.uk/news/entertainment-arts-61186014?at_medium=RSS&at_campaign=KARANGA", "date_published": "2022-04-22 23:29:50+00:00", "persistent": false, "user": null, "language": "en-US"}, {"source": "http://feeds.bbci.co.uk/news/rss.xml", "title": "Earl and Countess of Wessex: Why Grenada wanted to talk to royals about slavery", "description": "As the Wessexes cancel their trip, there are demands for an apology from the royals for past abuses.", "link": "https://www.bbc.co.uk/news/uk-61195471?at_medium=RSS&at_campaign=KARANGA", "date_published": "2022-04-22 23:27:23+00:00", "persistent": false, "user": null, "language": "en-US"}, {"source": "http://feeds.bbci.co.uk/news/rss.xml", "title": "Week in pictures: 16 - 22 April 2022", "description": "A selection of striking images from all over the globe, taken in the past seven days.", "link": "https://www.bbc.co.uk/news/in-pictures-61190019?at_medium=RSS&at_campaign=KARANGA", "date_published": "2022-04-22 23:22:59+00:00", "persistent": false, "user": null, "language": "en-US"}, {"source": "http://feeds.bbci.co.uk/news/rss.xml", "title": "'Doing Parkrun at 95 is something different'", "description": "Harold Messam attends the weekly 5k event, which he completes in under an hour.", "link": "https://www.bbc.co.uk/news/uk-england-derbyshire-61155985?at_medium=RSS&at_campaign=KARANGA", "date_published": "2022-04-22 23:11:00+00:00", "persistent": false, "user": null, "language": "en-US"}, {"source": "http://feeds.bbci.co.uk/news/rss.xml", "title": "French election: Macron and Le Pen trade taunts as campaigning ends", "description": "Emmanuel Macron and Marine Le Pen make bitter attacks on each other ahead of Sunday's election.", "link": "https://www.bbc.co.uk/news/world-europe-61194641?at_medium=RSS&at_campaign=KARANGA", "date_published": "2022-04-22 22:35:00+00:00", "persistent": false, "user": null, "language": "en-US"}, {"source": "http://feeds.bbci.co.uk/news/rss.xml", "title": "Tyson Fury v Dillian Whyte: Fighters set for all-British heavyweight world-title showdown", "description": "In a true tussle of the boxer versus the brawler, BBC Sport previews the blockbuster bout by speaking to both fighters, former heavyweight champions David Haye and Joseph Parker and boxing trainer Dave Coldwell.", "link": "https://www.bbc.co.uk/sport/boxing/61155800?at_medium=RSS&at_campaign=KARANGA", "date_published": "2022-04-22 21:30:21+00:00", "persistent": false, "user": null, "language": "en-US"}, {"source": "http://feeds.bbci.co.uk/news/rss.xml", "title": "Ukraine round-up: Russia admits Moskva ship losses for first time", "description": "Officials mention number of dead and missing for the first time, and apparent plans for southern Ukraine are revealed.", "link": "https://www.bbc.co.uk/news/world-europe-61193787?at_medium=RSS&at_campaign=KARANGA", "date_published": "2022-04-22 20:31:12+00:00", "persistent": false, "user": null, "language": "en-US"}, {"source": "http://feeds.bbci.co.uk/news/rss.xml", "title": "Jerusalem holy site clashes fuel fears of return to war", "description": "Tensions are high following several days of violence in and around the al-Aqsa Mosque compound.", "link": "https://www.bbc.co.uk/news/world-middle-east-61154373?at_medium=RSS&at_campaign=KARANGA", "date_published": "2022-04-22 19:30:53+00:00", "persistent": false, "user": null, "language": "en-US"}, {"source": "http://feeds.bbci.co.uk/news/rss.xml", "title": "Madeleine McCann: Parents welcome declaration of formal suspect", "description": "Madeleine has been missing for nearly 15 years - she disappeared, aged three, in Portugal.", "link": "https://www.bbc.co.uk/news/uk-61196071?at_medium=RSS&at_campaign=KARANGA", "date_published": "2022-04-22 18:43:48+00:00", "persistent": false, "user": null, "language": "en-US"}, {"source": "http://feeds.bbci.co.uk/news/rss.xml", "title": "World Snooker Championship: Pigeon disrupts play at the Crucible", "description": "Watch the moment a pigeon makes it way into the Crucible at the World Snooker Championship.", "link": "https://www.bbc.co.uk/sport/av/snooker/61195993?at_medium=RSS&at_campaign=KARANGA", "date_published": "2022-04-22 16:59:18+00:00", "persistent": false, "user": null, "language": "en-US"}, {"source": "http://feeds.bbci.co.uk/news/rss.xml", "title": "Supermarkets set limits on sale of cooking oil", "description": "Tesco joins Waitrose and Morrisons in limiting purchases as supplies are hit by the conflict in Ukraine.", "link": "https://www.bbc.co.uk/news/business-61193141?at_medium=RSS&at_campaign=KARANGA", "date_published": "2022-04-22 16:36:25+00:00", "persistent": false, "user": null, "language": "en-US"}, {"source": "http://feeds.bbci.co.uk/news/rss.xml", "title": "Ukraine war: Inside Kyiv's trench defences", "description": "Kyiv's defence force remains on high alert, dug into trenches in case of the return of Russian troops.", "link": "https://www.bbc.co.uk/news/world-europe-61191111?at_medium=RSS&at_campaign=KARANGA", "date_published": "2022-04-22 16:00:02+00:00", "persistent": false, "user": null, "language": "en-US"}, {"source": "http://feeds.bbci.co.uk/news/rss.xml", "title": "Hakeem Hussain: Mum guilty of manslaughter over fatal asthma attack", "description": "Seven-year-old Hakeem Hussain was found dead in a garden after his mum flouted medical advice.", "link": "https://www.bbc.co.uk/news/uk-england-birmingham-61165786?at_medium=RSS&at_campaign=KARANGA", "date_published": "2022-04-22 12:20:18+00:00", "persistent": false, "user": null, "language": "en-US"}, {"source": "http://feeds.bbci.co.uk/news/rss.xml", "title": "Ukraine: UK embassy in Kyiv to reopen next week, says PM", "description": "Boris Johnson announces the embassy in Ukraine is set to open its doors again after Russia's invasion.", "link": "https://www.bbc.co.uk/news/uk-61190310?at_medium=RSS&at_campaign=KARANGA", "date_published": "2022-04-22 12:06:05+00:00", "persistent": false, "user": null, "language": "en-US"}, {"source": "http://feeds.bbci.co.uk/news/rss.xml", "title": "Johnson vows to deepen trade ties with India after talks with PM Modi", "description": "The PM wants a deal \"done\" by October - but warned there will be \"tough asks\" from both sides.", "link": "https://www.bbc.co.uk/news/uk-politics-61183833?at_medium=RSS&at_campaign=KARANGA", "date_published": "2022-04-22 11:54:46+00:00", "persistent": false, "user": null, "language": "en-US"}, {"source": "http://feeds.bbci.co.uk/news/rss.xml", "title": "Turbulent week puts PM's leadership back in frame", "description": "Unexpected developments made the past few days more difficult than expected for Boris Johnson.", "link": "https://www.bbc.co.uk/news/uk-politics-61189777?at_medium=RSS&at_campaign=KARANGA", "date_published": "2022-04-22 11:48:22+00:00", "persistent": false, "user": null, "language": "en-US"}, {"source": "http://feeds.bbci.co.uk/news/rss.xml", "title": "Boris Johnson faces criticism over leadership amid partygate row", "description": "Boris Johnson deflects questions over his leadership but a senior Tory MP says a no confidence vote is very likely.", "link": "https://www.bbc.co.uk/news/uk-politics-61187790?at_medium=RSS&at_campaign=KARANGA", "date_published": "2022-04-22 11:37:06+00:00", "persistent": false, "user": null, "language": "en-US"}, {"source": "http://feeds.bbci.co.uk/news/rss.xml", "title": "Whisky and visas could be part of a UK-India trade deal", "description": "Boris Johnson is hoping to strike a free trade deal with India within months.", "link": "https://www.bbc.co.uk/news/business-61180390?at_medium=RSS&at_campaign=KARANGA", "date_published": "2022-04-22 11:30:14+00:00", "persistent": false, "user": null, "language": "en-US"}, {"source": "http://feeds.bbci.co.uk/news/rss.xml", "title": "Stowaway cat rescued on North Sea platform", "description": "After a helicopter ride, the one-eyed wanderer is reclaimed by his owner, five years after he went missing.", "link": "https://www.bbc.co.uk/news/uk-scotland-north-east-orkney-shetland-61187052?at_medium=RSS&at_campaign=KARANGA", "date_published": "2022-04-22 11:26:57+00:00", "persistent": false, "user": null, "language": "en-US"}, {"source": "http://feeds.bbci.co.uk/news/rss.xml", "title": "Covid: Why are so many people catching it again?", "description": "As Covid continues to spread rapidly, are many people catching Omicron for a second time?", "link": "https://www.bbc.co.uk/news/health-60913637?at_medium=RSS&at_campaign=KARANGA", "date_published": "2022-04-22 11:25:23+00:00", "persistent": false, "user": null, "language": "en-US"}, {"source": "http://feeds.bbci.co.uk/news/rss.xml", "title": "Imran Khan: Inside the huge rally in Lahore for Pakistan's ousted PM", "description": "The former prime minister's narrative of a US-led conspiracy to oust him is resonating with his supporters.", "link": "https://www.bbc.co.uk/news/world-asia-61189745?at_medium=RSS&at_campaign=KARANGA", "date_published": "2022-04-22 11:12:07+00:00", "persistent": false, "user": null, "language": "en-US"}, {"source": "http://feeds.bbci.co.uk/news/rss.xml", "title": "Madeleine McCann: Portuguese authorities declare formal suspect", "description": "Madeleine McCann has been missing for nearly 15 years after she disappeared, aged three, in Portugal.", "link": "https://www.bbc.co.uk/news/uk-61183857?at_medium=RSS&at_campaign=KARANGA", "date_published": "2022-04-22 10:43:49+00:00", "persistent": false, "user": null, "language": "en-US"}, {"source": "http://feeds.bbci.co.uk/news/rss.xml", "title": "Erling Braut Haaland close to Man City move - Guillem Balague", "description": "Borussia Dortmund striker Erling Braut Haaland is \"very close\" to reaching an agreement to join Manchester City, says Guillem Balague.", "link": "https://www.bbc.co.uk/sport/football/61186121?at_medium=RSS&at_campaign=KARANGA", "date_published": "2022-04-22 10:22:39+00:00", "persistent": false, "user": null, "language": "en-US"}, {"source": "http://feeds.bbci.co.uk/news/rss.xml", "title": "How has Moscow changed with war in Ukraine?", "description": "The BBC's Steve Rosenberg takes in the sites of Moscow apparently distorted by the war against Ukraine.", "link": "https://www.bbc.co.uk/news/world-europe-61188783?at_medium=RSS&at_campaign=KARANGA", "date_published": "2022-04-22 10:08:04+00:00", "persistent": false, "user": null, "language": "en-US"}, {"source": "http://feeds.bbci.co.uk/news/rss.xml", "title": "Laura Kenny: Cyclist has had miscarriage and ectopic pregnancy in past five months", "description": "Five-time Olympic cycling champion Laura Kenny says she has had a miscarriage and an ectopic pregnancy in the past five months.", "link": "https://www.bbc.co.uk/sport/cycling/61187498?at_medium=RSS&at_campaign=KARANGA", "date_published": "2022-04-22 10:03:42+00:00", "persistent": false, "user": null, "language": "en-US"}, {"source": "http://feeds.bbci.co.uk/news/rss.xml", "title": "Retail sales fall as rising cost of living bites", "description": "Consumer spending was hit last month as household finances came under increasing pressure.", "link": "https://www.bbc.co.uk/news/business-61157856?at_medium=RSS&at_campaign=KARANGA", "date_published": "2022-04-22 09:42:50+00:00", "persistent": false, "user": null, "language": "en-US"}, {"source": "http://feeds.bbci.co.uk/news/rss.xml", "title": "Emmanuel Macron: From political outsider to president", "description": "Emmanuel Macron was dismissed as an outsider five years ago. Now, he faces a new challenge: his own record.", "link": "https://www.bbc.co.uk/news/world-europe-61153875?at_medium=RSS&at_campaign=KARANGA", "date_published": "2022-04-22 09:33:09+00:00", "persistent": false, "user": null, "language": "en-US"}, {"source": "http://feeds.bbci.co.uk/news/rss.xml", "title": "French election: Far-right Le Pen's long quest for power in France", "description": "Marine Le Pen has taken France's National Rally to within touching distance of the presidency.", "link": "https://www.bbc.co.uk/news/world-europe-61147709?at_medium=RSS&at_campaign=KARANGA", "date_published": "2022-04-22 09:25:35+00:00", "persistent": false, "user": null, "language": "en-US"}, {"source": "http://feeds.bbci.co.uk/news/rss.xml", "title": "Joaquin: Real Betis' 'Spanish institution' could bow out on a high", "description": "Real Betis legend Joaquin will lead his side out in the Copa del Rey final against Valencia on Saturday evening in what could be his final game.", "link": "https://www.bbc.co.uk/sport/football/61167083?at_medium=RSS&at_campaign=KARANGA", "date_published": "2022-04-22 08:47:20+00:00", "persistent": false, "user": null, "language": "en-US"}, {"source": "http://feeds.bbci.co.uk/news/rss.xml", "title": "Harry Billinge: The veteran who raised \u00a350,000 for a D-Day memorial", "description": "The funeral of Harry Billinge, who raised \u00a350,000 for a D-Day memorial in Arromanches, takes place next week.", "link": "https://www.bbc.co.uk/news/uk-61187340?at_medium=RSS&at_campaign=KARANGA", "date_published": "2022-04-22 07:59:52+00:00", "persistent": false, "user": null, "language": "en-US"}, {"source": "http://feeds.bbci.co.uk/news/rss.xml", "title": "Christian Eriksen: Brentford midfielder's best Premier League moments", "description": "Watch some of Brentford midfielder Christian Eriksen's best Premier League moments as he prepares to face his former club Tottenham Hotspur.", "link": "https://www.bbc.co.uk/sport/av/football/61170973?at_medium=RSS&at_campaign=KARANGA", "date_published": "2022-04-22 07:40:26+00:00", "persistent": false, "user": null, "language": "en-US"}, {"source": "http://feeds.bbci.co.uk/news/rss.xml", "title": "Tom Grennan recovering after NYC attack", "description": "The singer was left with a torn ear drum after being attacked outside a bar in New York this week.", "link": "https://www.bbc.co.uk/news/entertainment-arts-61186012?at_medium=RSS&at_campaign=KARANGA", "date_published": "2022-04-22 06:18:40+00:00", "persistent": false, "user": null, "language": "en-US"}, {"source": "http://feeds.bbci.co.uk/news/rss.xml", "title": "Periods: TikTok gives better education than schools, say teens", "description": "Young women say they learn more about periods outside school as a report reveals shortcomings.", "link": "https://www.bbc.co.uk/news/uk-wales-61155377?at_medium=RSS&at_campaign=KARANGA", "date_published": "2022-04-22 05:07:36+00:00", "persistent": false, "user": null, "language": "en-US"}, {"source": "http://feeds.bbci.co.uk/news/rss.xml", "title": "Large hadron collider: A revamp that could revolutionise physics", "description": "The BBC gets an exclusive look at the upgraded machine helping to overhaul our understanding of the Universe.", "link": "https://www.bbc.co.uk/news/science-environment-61149387?at_medium=RSS&at_campaign=KARANGA", "date_published": "2022-04-22 04:30:05+00:00", "persistent": false, "user": null, "language": "en-US"}, {"source": "http://feeds.bbci.co.uk/news/rss.xml", "title": "Johnny Depp and Amber Heard face off in court", "description": "Depp says she stubbed a cigarette on his face. The court sees a Depp text saying: \"Lets burn Amber!!!\"", "link": "https://www.bbc.co.uk/news/world-us-canada-61156743?at_medium=RSS&at_campaign=KARANGA", "date_published": "2022-04-22 01:48:45+00:00", "persistent": false, "user": null, "language": "en-US"}, {"source": "http://feeds.bbci.co.uk/news/rss.xml", "title": "Mariupol: Driving into the 'apocalypse' to save mum and dad", "description": "How a young Ukrainian woman travelled into the besieged city of Mariupol to save her parents.", "link": "https://www.bbc.co.uk/news/world-europe-61178199?at_medium=RSS&at_campaign=KARANGA", "date_published": "2022-04-22 01:29:42+00:00", "persistent": false, "user": null, "language": "en-US"}, {"source": "http://feeds.bbci.co.uk/news/rss.xml", "title": "Africa's week in pictures: 15-21 April 2022", "description": "A selection of the best photos from across Africa and beyond this week.", "link": "https://www.bbc.co.uk/news/world-africa-61173922?at_medium=RSS&at_campaign=KARANGA", "date_published": "2022-04-22 01:11:29+00:00", "persistent": false, "user": null, "language": "en-US"}, {"source": "http://feeds.bbci.co.uk/news/rss.xml", "title": "Heartstopper: Teen LGBTQ+ Netflix drama pushing the envelope", "description": "Stars of Alice Oseman's TV adaptation discuss TikTok, bullying, inclusivity and mental health.", "link": "https://www.bbc.co.uk/news/entertainment-arts-61067343?at_medium=RSS&at_campaign=KARANGA", "date_published": "2022-04-22 00:42:27+00:00", "persistent": false, "user": null, "language": "en-US"}, {"source": "http://feeds.bbci.co.uk/news/rss.xml", "title": "Is the energy price cap wrong?", "description": "Some of the main data used to work out average use is based on use before we worked from home.", "link": "https://www.bbc.co.uk/news/newsbeat-61078975?at_medium=RSS&at_campaign=KARANGA", "date_published": "2022-04-22 00:36:58+00:00", "persistent": false, "user": null, "language": "en-US"}, {"source": "http://feeds.bbci.co.uk/news/rss.xml", "title": "Mid-day meal plan struggles to feed India's hungry students", "description": "The world's most ambitious free school food programme resumes post pandemic, but problems remain.", "link": "https://www.bbc.co.uk/news/world-asia-india-61162642?at_medium=RSS&at_campaign=KARANGA", "date_published": "2022-04-22 00:11:43+00:00", "persistent": false, "user": null, "language": "en-US"}]