[{"source": "https://www.internetsociety.org", "title": "The EU's Proposed Cyber Resilience Act Will Damage the Open Source Ecosystem - Internet Society", "description": "The EU's Proposed Cyber Resilience Act Will Damage the Open Source Ecosystem - Internet Society", "link": "https://www.internetsociety.org/blog/2022/10/the-eus-proposed-cyber-resilience-act-will-damage-the-open-source-ecosystem/", "date_published": "2022-10-24 19:03:22+00:00", "persistent": true, "user": "rumpel", "language": "en-US", "tags": ["government control", "big brother", "open source", "cyber resilience act"]}]