[{"source": "https://tvn24.pl/wiadomosci-z-kraju,3.xml", "title": "Bankomaty na celowniku gang\u00f3w. \"Mog\u0105 spowodowa\u0107 nawet zawalenie si\u0119 budynk\u00f3w\"", "description": "<img alt=\"Bankomaty na celowniku gang\u00f3w. \" src=\"https://tvn24.pl/najnowsze/cdn-zdjecie-wi56lp-bankomat-bank-platnosci-4659429/alternates/LANDSCAPE_1280\" />\n    W ca\u0142ej Europie drastycznie ro\u015bnie liczba spektakularnych atak\u00f3w na bankomaty - oceni\u0142a rzeczniczka Europolu Claire Georges cytowana przez tygodnik \"Spiegel\". Doda\u0142a, \u017ce maszyny s\u0105 wysadzane w powietrze przez wyspecjalizowane gangi. \"Sprawcy s\u0105 pozbawieni skrupu\u0142\u00f3w, nie interesuje ich bezpiecze\u0144stwo ludzi, troszcz\u0105 si\u0119 tylko o pieni\u0105dze\" ", "link": "https://tvn24.pl/swiat/przestepcy-i-gangi-wysadzaja-bankomaty-z-pieniedzmi-uzywaja-materialow-wybuchowych-europol-ostrzega-6176503?source=rss", "date_published": "2022-10-24 06:04:02+00:00", "persistent": false, "user": "rumpel", "language": "pl-PL"}]