[{"source": "http://louderwithcrowder.com/feed/", "title": "Touching photo of coal miner taking son to basketball game goes viral, and now the coach is getting involved", "description": "<img src=\"https://www.louderwithcrowder.com/media-library/image.png?id=31997214&amp;width=1200&amp;height=800&amp;coordinates=24%2C0%2C0%2C0\" /><br /><br /><p>Here's a touching palate cleanser to end the day. The Kentucky Wildcats hosted their annual \"blue-white scrimmage\" when a father and son caught the eye of Coach John Calipari. The father, a coal miner, sat there with his face still covered in coal dust while his son looked excited to be at the game and with his dad.</p><p>Coach Calipari snapped a photo and tweeted <em>\"My family\u2019s American dream started in a Clarksburg, WV coal mine, so this picture hits home. From what I\u2019ve been told, after his shift, he raced to be with his son & watch our team.\"</em></p><div class=\"rm-embed embed-media\"><blockquote class=\"twitter-tweet\">My family\u2019s American dream started in a Clarksburg, WV coal mine, so this picture hits home.<br /><br />From what I\u2019ve been told, after his shift, he raced to be with his son & watch our team. Don\u2019t know who this is, but I have tickets for him & his family at Rupp to be treated as VIPs!! <a href=\"https://t.co/a5BJXUnK2v\">pic.twitter.com/a5BJXUnK2v</a><br />\u2014 John Calipari (@UKCoachCalipari) <a href=\"https://twitter.com/UKCoachCalipari/status/1584557978631294978?ref_src=twsrc%5Etfw\">October 24, 2022</a></blockquote> </div><p>I'll admit to knowing nothing about West Virginia, other than it is <a href=\"https://www.louderwithcrowder.com/electric-vehicle-road-trip-coal\" target=\"_blank\">funny to see an electric vehicle break down outside of a coal mine</a>, and that <a href=\"https://www.louderwithcrowder.com/bill-gates-joe-manchin\" target=\"_blank\">Joe Manchin is a f*cking sell-out</a>. Aaron Ryon from Whiskey Riff (<a href=\"https://www.whiskeyriff.com/2022/10/24/university-of-kentucky-coach-john-calipari-offers-free-basketball-tickets-to-coal-miner-who-brought-son-to-scrimmage/\" target=\"_blank\">where I'm biting this off of</a>) is from the Mountain State and says <em>\"seeing dads, grandpas or uncles coming home from work in the evening covered in coal was just a way of life.\"</em></p><p>The sight of the dad, probably exhausted and fresh off of his shift, sitting there with his son moved Coach Calipari to want to get them VIP tickets to a future game. Some days Twitter doesn't suck. A user responded with a comment the man's wife Mollie McGuire posted on Facebook. She was at the game with them.</p><div class=\"rm-embed embed-media\"><blockquote class=\"twitter-tweet\"> <a href=\"https://t.co/URASO5SbF0\">pic.twitter.com/URASO5SbF0</a><br />\u2014 EthanLamarUSA (@TheEthanLamar) <a href=\"https://twitter.com/TheEthanLamar/status/1584572131240968192?ref_src=twsrc%5Etfw\">October 24, 2022</a></blockquote> </div><blockquote>My amazing husband started his day at 4:45 am that morning and worked all day. Then drove straight to the arena to meet us and enjoy the game with our son! We are truly blessed with such an amazing man, and beyond thankful! We love our coal miner.</blockquote><p class=\"shortcode-media shortcode-media-rebelmouse-image\">\n<img alt=\"\" class=\"rm-shortcode\" id=\"37d70\" src=\"https://www.louderwithcrowder.com/media-library/image.gif?id=31997277&amp;width=980\" />\n</p><p>Coach Calipari is going to make sure Michael, Mollie, and their son get the full VIP treatment at a future game soon. One single  touching moment captured on the bird app shows us the importance of family, of fathers and sons, and that in the words of one of the greatest poets of this generation Adam Lazzara, \"These are the days. Always remember.\"</p><p>I hope it motivates more of us to log off of that same bird app once and a while and take our own sons (and daughters) to a game.</p><p><p>\n<em><strong>Editor\u2019s Note</strong>\n</em>\n</p>\n<p>\n<em><strong><a href=\"https://lwcnewswire.substack.com/\" target=\"_blank\">LwC is on Substack now</a></strong>! Each day we overwhelm your brains with the content you've come to love from the Louder with Crowder Dot Com website.. but algorithms hide our ranting and raving as best they can. The best way to stick it to Big Tech? </em><strong><a href=\"https://lwcnewswire.substack.com/\" target=\"_blank\"><em>Subscribe to For the Content!</em></a></strong>\n</p></p><p class=\"shortcode-media shortcode-media-youtube\">\n<span class=\"rm-shortcode\" style=\"display: block; padding-top: 56.25%;\"></span>\n<small class=\"image-media media-caption\">BALLSY: UFC Fighter PROMOTES CHRISTIANITY in Islamic Abu Dhabi! #UFC280 | Louder With Crowder</small>\n<small class=\"image-media media-photo-credit\">\n<a href=\"https://youtu.be/QDw3aUw3Wb8\" target=\"_blank\">youtu.be</a>\n</small>\n</p>", "link": "https://www.louderwithcrowder.com/coal-miner-basketball-game-son", "date_published": "2022-10-24 22:28:19+00:00", "persistent": false, "user": null, "language": "en-US"}, {"source": "http://louderwithcrowder.com/feed/", "title": "Watch: POTUS takes steaming dump on small business owners, claims student loan bailout will 'grow the economy'", "description": "<img src=\"https://www.louderwithcrowder.com/media-library/image.png?id=31996910&amp;width=1245&amp;height=700&amp;coordinates=0%2C0%2C0%2C118\" /><br /><br /><p>It's bad enough someone who gets paid an insane amount of money felt comparing Joe Biden's student loan bailout to small business owners who accepted a PPP loan was effective messaging. That somehow shaming people who accepted PPP in order to not lay off employees after the government shut their businesses down would dismiss criticism of the <a href=\"https://www.louderwithcrowder.com/student-loan-forgiveness-wednesday\" target=\"_blank\">upper-middle-class elites who took out unaffordable loans</a>. Now, they have Biden taking a steaming dump on them and saying they are \"less than.\"</p><p>15 days until election day. Fifteen days.</p><div class=\"rm-embed embed-media\"><blockquote class=\"twitter-tweet\">\"Guess who's going to grow the economy more: An educated public or those guys?\" Joe Biden says about people whose student loans are being forgiven vs business owners whose workers would've been laid off during the pandemic if it weren't for PPP loans. <a href=\"https://t.co/RZupb2OIFN\">pic.twitter.com/RZupb2OIFN</a><br />\u2014 Greg Price (@greg_price11) <a href=\"https://twitter.com/greg_price11/status/1584607540675219457?ref_src=twsrc%5Etfw\">October 24, 2022</a></blockquote> </div><blockquote>Guess who's going to grow the economy more: An educated public or those guys?</blockquote><p>\"Those guys.\" \"Those guys\" are going to grow the economy more. The people who build and grow small businesses and put people to work. Not people who made the UNEDUCATED decision to take out loans for a master's degree, only to take jobs in areas where they had no chance (or desire) to pay those loans back.</p><p>People who support student loans bailouts are people who demand the government bailout THEIR bad decisions. People who accepted PPP needed the loan to keep their employees able to provide for their families due to the GOVERNMENT'S bad decisions. Small business owners didn't choose to shut down, then choose to have to struggle and jump through hoops while the government randomly decided who could and couldn't reopen. People demanding the government pay off their student loans CHOSE to take out the loan so they could get a degree in something useless.</p><p>Joe Biden <a href=\"https://www.louderwithcrowder.com/student-loan-biden-vote\" target=\"_blank\">working around congress</a> and signing an executive order to pay off student loans was already <a href=\"https://www.louderwithcrowder.com/mike-rowe-biden-rowe-cooke\" target=\"_blank\">a slap in the face to working people</a>. Now, here is their president telling them to \"suck it\" in one of the most elitist statements an American elected official has ever made.</p><p><p>\n<em><strong>Editor\u2019s Note</strong>\n</em>\n</p>\n<p>\n<em><strong><a href=\"https://lwcnewswire.substack.com/\" target=\"_blank\">LwC is on Substack now</a></strong>! Each day we overwhelm your brains with the content you've come to love from the Louder with Crowder Dot Com website.. but algorithms hide our ranting and raving as best they can. The best way to stick it to Big Tech? </em><strong><a href=\"https://lwcnewswire.substack.com/\" target=\"_blank\"><em>Subscribe to For the Content!</em></a></strong>\n</p></p><p class=\"shortcode-media shortcode-media-youtube\">\n<span class=\"rm-shortcode\" style=\"display: block; padding-top: 56.25%;\"></span>\n<small class=\"image-media media-caption\">BALLSY: UFC Fighter PROMOTES CHRISTIANITY in Islamic Abu Dhabi! #UFC280 | Louder With Crowder</small>\n<small class=\"image-media media-photo-credit\">\n<a href=\"https://youtu.be/QDw3aUw3Wb8\" target=\"_blank\">youtu.be</a>\n</small>\n</p>", "link": "https://www.louderwithcrowder.com/joe-biden-ppp-loan", "date_published": "2022-10-24 20:43:56+00:00", "persistent": false, "user": null, "language": "en-US"}, {"source": "http://louderwithcrowder.com/feed/", "title": "Crowder reacts to the call to 'normalize the BULGE' for trans women", "description": "<img src=\"https://www.louderwithcrowder.com/media-library/image.jpg?id=31996809&amp;width=1200&amp;height=600&amp;coordinates=0%2C0%2C0%2C80\" /><br /><br /><ul><li>Dylan Mulvaney was invited to the White House and discussed gender-affirming care with President Joe Biden.</li><li>Biden says that no state should have the right to ban gender-affirming care.</li><li>Dylan Mulvaney opened a tampon for the first time and learned what the different sizes are for.</li><li>Crowder reacts.</li></ul><h3></h3><br /><span class=\"rm-shortcode\" style=\"display: block; padding-top: 56.25%;\"></span><p>Steven Crowder discussed his take on gender-affirming care on Monday's episode of \"<a href=\"https://get.blazetv.com/lwc/\" rel=\"noopener noreferrer\" target=\"_blank\">Louder with Crowder</a>.\" He addressed a recent conversation that President Joe Biden had with Dylan Mulvaney at the White House on the matter of gender-affirming care.</p><p><span></span>Download the podcast <a href=\"https://podcasts.apple.com/us/podcast/louder-with-crowder/id929121341\" target=\"_blank\">here</a>.</p><h3></h3><br /><p>Dylan Mulvaney had been identifying as a trans female for 74 days before receiving odd looks from other patrons while out on a shopping trip.  Fellow shoppers appeared to notice the bulge in Dylan's tight leather shorts, prompting Dylan to address what other trans females likely experience and and propose a solution to the problem: normalizing the bulge.  Dylan said that rather than wearing loose-fitting clothing or \"tucking,\" the best thing to do is try and normalize it. </p><h3><strong>Want more from Steven Crowder?</strong></h3><p>To enjoy more of Steven\u2019s uncensored late-night comedy that\u2019s actually funny, <a href=\"https://get.blazetv.com/lwc/?utm_source=theblaze&amp;utm_medium=referral&amp;utm_campaign=article_shortcode&amp;utm_term=crowder&amp;utm_content=crowder-subscribe-to-BlazeTV-link-090419-theblaze\" target=\"_blank\">join Mug Club</a> \u2014 the only place for all of Crowder uncensored and on demand.</p>", "link": "https://www.louderwithcrowder.com/crowder-reacts-to-the-call-to-normalize-the-bulge-for-trans-women", "date_published": "2022-10-24 20:25:50+00:00", "persistent": false, "user": null, "language": "en-US"}, {"source": "http://louderwithcrowder.com/feed/", "title": "Alec Baldwin marks one year anniversary of his killing a woman with unbelievable, tone-deaf Instagram post", "description": "<img src=\"https://www.louderwithcrowder.com/media-library/image.png?id=31995869&amp;width=1200&amp;height=800&amp;coordinates=23%2C0%2C5%2C0\" /><br /><br /><p>Three days ago marked the one-year anniversary of when Alec Baldwin shot and killed a woman. Accidentally, of course. He was rehearsing a scene for the movie <em>Rust</em> with cinematographer Halyna Hutchins. The gun Baldwin had in his hand went off. It had a live round in it for a still unknown reason. Hutchins was killed. </p><p>And I know what you all are thinking. \"Brodigan, famous Trump impersonator Alec Baldwin has handled the situation so well. I'm sure he had a tasteful Instagram post up to acknowledge the anniversary of such a tragic event in the lives of the Hutchins Family.\" Nope.</p><div class=\"rm-embed embed-media\"><blockquote class=\"instagram-media\"><div style=\"padding: 16px;\"> <a href=\"https://www.instagram.com/p/Cj_BZrduE01/?utm_source=ig_embed&amp;utm_campaign=loading\" style=\"line-height: 0; padding: 0 0; text-align: center; text-decoration: none; width: 100%;\" target=\"_blank\"> <div style=\"display: flex;\"> <div style=\"background-color: #F4F4F4; border-radius: 50%; height: 40px; margin-right: 14px; width: 40px;\"></div> <div style=\"display: flex;\"> <div style=\"background-color: #F4F4F4; border-radius: 4px; height: 14px; margin-bottom: 6px; width: 100px;\"></div> <div style=\"background-color: #F4F4F4; border-radius: 4px; height: 14px; width: 60px;\"></div></div></div><div style=\"padding: 19% 0;\"></div> <div style=\"display: block; height: 50px; margin: 0 auto 12px; width: 50px;\"></div><div style=\"padding-top: 8px;\"> <div style=\"color: #3897f0; font-family: Arial,sans-serif; font-size: 14px; font-style: normal; font-weight: 550; line-height: 18px;\">View this post on Instagram</div></div><div style=\"padding: 12.5% 0;\"></div> <div style=\"display: flex; margin-bottom: 14px;\"><div> <div></div> <div></div> <div></div></div><div style=\"margin-left: 8px;\"> <div style=\"background-color: #F4F4F4; border-radius: 50%; height: 20px; width: 20px;\"></div> <div></div></div><div style=\"margin-left: auto;\"> <div></div> <div></div> <div></div></div></div> <div style=\"display: flex; margin-bottom: 24px;\"> <div style=\"background-color: #F4F4F4; border-radius: 4px; height: 14px; margin-bottom: 6px; width: 224px;\"></div> <div style=\"background-color: #F4F4F4; border-radius: 4px; height: 14px; width: 144px;\"></div></div></a><a href=\"https://www.instagram.com/p/Cj_BZrduE01/?utm_source=ig_embed&amp;utm_campaign=loading\" style=\"color: #c9c8cd; font-family: Arial,sans-serif; font-size: 14px; font-style: normal; font-weight: normal; line-height: 17px; text-decoration: none;\" target=\"_blank\">A post shared by Alec Baldwin (@alecbaldwininsta)</a><br /></div></blockquote> </div><p>\"One year ago today....\" That's all he had to say. It would have been better to have not said anything at all. But Alec Baldwin does not know how to do that. </p><p>Baldwin's followers (who aren't his celebrity friends blowing smoke up his ass) were also not impressed:</p><blockquote>\"Why would you even post this? Seems exploitive given you\u2019re getting all the attention from your fans instead of everyone focusing on her and her poor family.\"<br />\"It\u2019s your own fault homie.\"<br />\"Yep. One year ago today! You took her life and forever changed her families lives.\"<br />\"1 year ago and you killed this poor woman! For sympathy you have the balls to post this? Go back to making babies.\"<br />\"You murdered someone a year ago. Thanks for the reminder.\"<br /></blockquote><p class=\"shortcode-media shortcode-media-rebelmouse-image\">\n<img alt=\"\" class=\"rm-shortcode\" id=\"7c554\" src=\"https://www.louderwithcrowder.com/media-library/image.gif?id=31995973&amp;width=980\" />\n</p>\n<p>At this point, how can you even be surprised? Baldwin killed a woman (accidentally) <a href=\"https://www.louderwithcrowder.com/alec-baldwin-attorney-claim\" target=\"_blank\">after refusing to take a gun safety course</a>. He <a href=\"https://www.louderwithcrowder.com/alec-baldwin-abc-interview\" target=\"_blank\">cried about it while claiming he has no guilt for killing her</a>. Then, he <a href=\"https://www.louderwithcrowder.com/alec-baldwin-blames\" target=\"_blank\">blamed HER for it</a>. All while offending the Hutchins family every step of the way. Widower Matt Hutchins <a href=\"https://www.louderwithcrowder.com/alec-baldwin-rust-widower\" target=\"_blank\">told the <em>Today Show</em></a>:</p><blockquote>I was just so angry to see him talk about her death so publicly in such a detailed way and then to not accept any responsibility after having just described killing her. Almost sounds like he was the victim, hearing him blame Halyna in the interview and shift responsibility to others, and seeing him cry about it. I just feel like, 'Are we really supposed to feel bad about you, Mr. Baldwin?</blockquote><p>Judging by Baldwin's Instagram post marking the occasion, yes. Yes, you are supposed to feel bad for him. He's having a tough go of it. Accidentally shooting and killing a woman shouldn't happen to anyone. Least of all, Alec Baldwin.</p><p><p>\n<em><strong>Editor\u2019s Note</strong>\n</em>\n</p>\n<p>\n<em><strong><a href=\"https://lwcnewswire.substack.com/\" target=\"_blank\">LwC is on Substack now</a></strong>! Each day we overwhelm your brains with the content you've come to love from the Louder with Crowder Dot Com website.. but algorithms hide our ranting and raving as best they can. The best way to stick it to Big Tech? </em><strong><a href=\"https://lwcnewswire.substack.com/\" target=\"_blank\"><em>Subscribe to For the Content!</em></a></strong>\n</p></p><p class=\"shortcode-media shortcode-media-youtube\">\n<span class=\"rm-shortcode\" style=\"display: block; padding-top: 56.25%;\"></span>\n<small class=\"image-media media-caption\">YUCK: Biden & Trans TikToker CELEBRATE Genital Genocide! | Louder With Crowder</small>\n<small class=\"image-media media-photo-credit\">\n<a href=\"https://youtu.be/a4mDtR7Ad20\" target=\"_blank\">youtu.be</a>\n</small>\n</p>", "link": "https://www.louderwithcrowder.com/alec-baldwin-instagram", "date_published": "2022-10-24 18:16:20+00:00", "persistent": false, "user": null, "language": "en-US"}, {"source": "http://louderwithcrowder.com/feed/", "title": "Watch: Dinkus tries burning down restaurant for getting his Indian food order wrong, sets himself on fire instead", "description": "<img src=\"https://www.louderwithcrowder.com/media-library/image.png?id=31994745&amp;width=1245&amp;height=700&amp;coordinates=0%2C59%2C0%2C59\" /><br /><br /><p>I'm a simple man. I enjoy cold beer, country music, and watching would-be firebombers f*ck up and accidentally <a href=\"https://www.louderwithcrowder.com/protestor-fire-protest\" target=\"_blank\">set themselves on fire</a>. Or if not themselves, <a href=\"https://www.louderwithcrowder.com/portland-antifa-molotov-cocktail\" target=\"_blank\">their friends</a>. It's a niche genre and this video is an all-time entry. A guy was angry that a restaurant got his chicken biryani order wrong. The only proportional response for such a slight is to burn this mofo to the ground!</p><p>Four words: \"I was very drunk.\"</p><div class=\"rm-embed embed-media\"><blockquote class=\"twitter-tweet\">Today, Acting Fire Commissioner Laura Kavanagh announced the arrest of Choephel Norbu. <a href=\"https://twitter.com/hashtag/FDNY?src=hash&amp;ref_src=twsrc%5Etfw\">#FDNY</a> Fire Marshals along with <a href=\"https://twitter.com/NYPDnews?ref_src=twsrc%5Etfw\">@NYPDnews</a> Arson and Explosion Detectives arrested Norbu, 49, for intentionally setting a fire. Read more: <a href=\"https://t.co/151Huk3jDY\">https://t.co/151Huk3jDY</a> <a href=\"https://t.co/3Hjhiwbw5J\">pic.twitter.com/3Hjhiwbw5J</a><br />\u2014 FDNY (@FDNY) <a href=\"https://twitter.com/FDNY/status/1582108323390050304?ref_src=twsrc%5Etfw\">October 17, 2022</a></blockquote> </div><p>Per the New York Post, the flamer's name in question is Choephel Norbu. This is his story:</p><blockquote>I was very drunk. I bought chicken biryani. They didn\u2019t give me chicken biryani. I was mad, and I threw it out.</blockquote><p>He returned to the restaurant at 6 AM the following morning. Unclear is if he sobered up at all. Crystal clear is that Norbu did not think his arson through. </p><blockquote>I bought a gas can, and I threw it at the store to try to burn it out. I lit it up, and boom, it got on me.</blockquote><p class=\"shortcode-media shortcode-media-rebelmouse-image\">\n<img alt=\"\" class=\"rm-shortcode\" id=\"42016\" src=\"https://www.louderwithcrowder.com/media-library/image.gif?id=31994773&amp;width=980\" />\n</p><p>The fire shattered the windows, wrecked the restuarant's air-conditioning unit, and caused more than $1,500 in damages. Norbu was arrested on October 14 for felony arson and criminal mischief. </p><p>And if you haven't guessed it yet, since this is New York City, Norbu is already back out on the streets. As it would appear, unlike every other time we have presented to you a story from the crime-ridden NYC, this was the firestarter's first criminal offense.</p><p><p>\n<em><strong>Editor\u2019s Note</strong>\n</em>\n</p>\n<p>\n<em><strong><a href=\"https://lwcnewswire.substack.com/\" target=\"_blank\">LwC is on Substack now</a></strong>! Each day we overwhelm your brains with the content you've come to love from the Louder with Crowder Dot Com website.. but algorithms hide our ranting and raving as best they can. The best way to stick it to Big Tech? </em><strong><a href=\"https://lwcnewswire.substack.com/\" target=\"_blank\"><em>Subscribe to For the Content!</em></a></strong>\n</p></p><p class=\"shortcode-media shortcode-media-youtube\">\n<span class=\"rm-shortcode\" style=\"display: block; padding-top: 56.25%;\"></span>\n<small class=\"image-media media-caption\">Crowder Reacts: Creed III Trailer Review | Louder With Crowder</small>\n<small class=\"image-media media-photo-credit\">\n<a href=\"https://youtu.be/5sZK6w13uPQ\" target=\"_blank\">youtu.be</a>\n</small>\n</p>", "link": "https://www.louderwithcrowder.com/fire-restaurant-indian-food", "date_published": "2022-10-24 14:29:30+00:00", "persistent": false, "user": null, "language": "en-US"}, {"source": "http://louderwithcrowder.com/feed/", "title": "Trans TikToker Meets with Biden, Promotes Genital Mutilation (Show Notes)", "description": "<img src=\"https://www.louderwithcrowder.com/media-library/image.jpg?id=31994503&amp;width=1245&amp;height=700&amp;coordinates=0%2C0%2C0%2C118\" /><br /><br /><p>\n\tJoe Biden sat down with trans influencer Dylan Mulvaney and her \"Barbie pouch\" to discuss the state of America. Three words: More genital mutilation. Biden also freaked out on one reporter and fell asleep on another, things that are totally normal for the president to do. Also, there sure is a lot of race fakery going on!\n</p><p class=\"shortcode-media shortcode-media-youtube\">\n<span class=\"rm-shortcode\" style=\"display: block; padding-top: 56.25%;\"></span>\n<small class=\"image-media media-caption\">\ud83d\udd34 LIVE Daily Show!!! | Louder with Crowder</small>\n<small class=\"image-media media-photo-credit\">\n<a href=\"https://www.youtube.com/watch?v=RE-cSjmgIBA\" target=\"_blank\">www.youtube.com</a>\n</small>\n</p><p>\n<strong>BIDEN\u2019S VERY BAD NO GOOD WEEKEND</strong>\n</p><ul>\n<li><a href=\"https://www.youtube.com/watch?v=Cl6jjWunDek\" rel=\"noopener noreferrer\" target=\"_blank\">Exclusive: Pres. Biden Leaves The Door Open To Second Term</a></li>\n<li><a href=\"https://twitter.com/realDailyWire/status/1582098054911782912?s=20&amp;t=3lZAe2uH_fKzI-unuy_t0g\" rel=\"noopener noreferrer\" target=\"_blank\">Is Biden ok?</a><span></span></li>\n<li><a href=\"https://www.louderwithcrowder.com/joe-biden-msnbc-sleep\" target=\"_self\" title=\"view post: Did Joe Biden doze off in the middle of a MSNBC interview? Watch and judge for yourself.\">Did Joe Biden doze off in the middle of a MSNBC interview? Watch and judge for yourself.</a></li>\n<li><a href=\"https://www.louderwithcrowder.com/joe-biden-restrictions\" target=\"_self\" title=\"view post: Watch: Joe Biden snaps on reporter and says there SHOULD be abortion restrictions, but then he gets confused\">Watch: Joe Biden snaps on reporter and says there SHOULD be abortion restrictions, but then he gets confused</a><a href=\"https://twitter.com/realDailyWire/status/1583121461027295234?s=20&amp;t=sMYFjfgB_VfNkGC04NE5OA\" rel=\"noopener noreferrer\" target=\"_blank\"></a></li>\n<li><a href=\"https://www.youtube.com/watch?v=u1UC89H4Swc\" rel=\"noopener noreferrer\" target=\"_blank\">President Joe Biden: The 2022 60 Minutes Interview</a><span></span></li>\n</ul><p>\n<strong>BENEIL DARIUSH SPEECH</strong>\n</p><ul>\n<li><a href=\"https://twitter.com/prznsoccer/status/1584154202498293760?s=20&amp;t=W1wliCBOygb4xecMU88mUw\" target=\"_blank\">Iranian-American UFC fighter dedicates his win to his compatriots.</a></li>\n<li><a href=\"https://worldpopulationreview.com/countries/united-arab-emirates-population\" target=\"_blank\">United Arab Emirates Population 202</a></li>\n<li><a href=\"https://worldpopulationreview.com/countries/united-arab-emirates-population\" rel=\"noopener noreferrer\" target=\"_blank\"></a><a href=\"https://worldpopulationreview.com/countries/iran-population\" rel=\"noopener noreferrer\" target=\"_blank\">Iran Population 2022</a></li>\n<li><a href=\"https://www.nytimes.com/2022/09/24/world/middleeast/iran-protests.html\" rel=\"noopener noreferrer\" target=\"_blank\">Iran Protests Surge to Dozens of Cities</a></li>\n<li><a href=\"https://www.nytimes.com/2022/09/24/world/middleeast/iran-protests.html\" rel=\"noopener noreferrer\" target=\"_blank\"></a><a href=\"https://www.bbc.com/news/world-middle-east-62954648\" rel=\"noopener noreferrer\" target=\"_blank\">Mahsa Amini: Iran police say woman's death was 'unfortunate'</a></li>\n</ul><p><strong>\n\tBIDEN MEETS TRANS TIKTOKER</strong>\n</p><ul><li><a href=\"https://journals.plos.org/plosone/article?id=10.1371/journal.pone.0016885\" rel=\"noopener noreferrer\" target=\"_blank\">Long-Term Follow-Up of Transsexual Persons Undergoing Sex Reassignment Surgery: Cohort Study in Sweden</a></li><li><a href=\"https://www.ncbi.nlm.nih.gov/pmc/articles/PMC2907875/\" rel=\"noopener noreferrer\" target=\"_blank\">Estrogen and Xenoestrogens in Breast Cancer</a></li><li><a href=\"https://www.ncbi.nlm.nih.gov/pmc/articles/PMC2907875/\" rel=\"noopener noreferrer\" target=\"_blank\"></a><a href=\"https://www.scientificamerican.com/article/bpa-exposure-linked-to-prostate-cancer/\" rel=\"noopener noreferrer\" target=\"_blank\">BPA Exposure Linked to Prostate Cancer</a></li><li><a href=\"https://www.scientificamerican.com/article/bpa-exposure-linked-to-prostate-cancer/\" rel=\"noopener noreferrer\" target=\"_blank\"></a><a href=\"https://www.ncbi.nlm.nih.gov/pubmed/15665279\" rel=\"noopener noreferrer\" target=\"_blank\">Xenoestrogen action in prostate cancer: pleiotropic effects dependent on androgen receptor status</a></li><li><a href=\"https://ascopubs.org/doi/10.1200/JCO.2014.59.1602\" rel=\"noopener noreferrer\" target=\"_blank\">Prediagnostic Sex Steroid Hormones in Relation to Male Breast Cancer Risk</a></li></ul><p><p>\n<em><strong>Editor\u2019s Note</strong>\n</em>\n</p>\n<p>\n<em><strong><a href=\"https://lwcnewswire.substack.com/\" target=\"_blank\">LwC is on Substack now</a></strong>! Each day we overwhelm your brains with the content you've come to love from the Louder with Crowder Dot Com website.. but algorithms hide our ranting and raving as best they can. The best way to stick it to Big Tech? </em><strong><a href=\"https://lwcnewswire.substack.com/\" target=\"_blank\"><em>Subscribe to For the Content!</em></a></strong>\n</p>\n</p>", "link": "https://www.louderwithcrowder.com/show-notes-biden-dylan", "date_published": "2022-10-24 13:50:32+00:00", "persistent": false, "user": null, "language": "en-US"}, {"source": "http://louderwithcrowder.com/feed/", "title": "Watch: Kamala claims she never supported Minnesota Freedom Fund, gets fact-checked by her tweet supporting it", "description": "<img src=\"https://www.louderwithcrowder.com/media-library/image.png?id=31994381&amp;width=1200&amp;height=800&amp;coordinates=0%2C0%2C24%2C0\" /><br /><br /><p>At the height of the mostly peaceful violent riots during the summer of 2020, the a-list way to signal your virtue was to donate to the Minnesota Freedom Fund. <a href=\"https://www.louderwithcrowder.com/justin-timberlake-ted-cruz\" target=\"_blank\">All the influencers were doing it</a>. If you didn't donate to MFF, you were literal hate incarnate. It should comes as no surprise that Kamala Harris took the opportunity to pander by tweeting her support of MFF.</p><p>A lot has changed since then. The Democrat-led \"Defund the Police\" movement has caused a massive increase in crime <a href=\"https://www.louderwithcrowder.com/karine-jean-pierre-psaki-crime\" target=\"_blank\">that voters blame Democrats for</a>. The MFF was exposed <a href=\"https://www.louderwithcrowder.com/was-the-minnesota-freedom-fund-just-exposed-for-being-a-fraud\" target=\"_blank\">as less than truthful</a>. And Kamala Harris claims it is misinformation to say she supported it.</p><div class=\"rm-embed embed-media\"><blockquote class=\"twitter-tweet\">Kamala Harris says it's \"misinformation\" that she promoted the Minnesota Freedom Fund, a far-left organization that has bailed violent criminals \u2014 including accused murderers and rapists \u2014 out of jail.<br /><br />She's lying. <a href=\"https://t.co/KIBR8v4twJ\">pic.twitter.com/KIBR8v4twJ</a><br />\u2014 RNC Research (@RNCResearch) <a href=\"https://twitter.com/RNCResearch/status/1583943442689757184?ref_src=twsrc%5Etfw\">October 22, 2022</a></blockquote> </div><p>The tweet is still up, lady.</p><div class=\"rm-embed embed-media\"><blockquote class=\"twitter-tweet\">If you\u2019re able to, chip in now to the <a href=\"https://twitter.com/MNFreedomFund?ref_src=twsrc%5Etfw\">@MNFreedomFund</a> to help post bail for those protesting on the ground in Minnesota. <a href=\"https://t.co/t8LXowKIbw\">https://t.co/t8LXowKIbw</a><br />\u2014 Kamala Harris (@KamalaHarris) <a href=\"https://twitter.com/KamalaHarris/status/1267555018128965643?ref_src=twsrc%5Etfw\">June 1, 2020</a></blockquote> </div><p>And for when the tweet stops being up as more people point out that the tweet is still up.</p><p class=\"shortcode-media shortcode-media-rebelmouse-image\">\n<img alt=\"\" class=\"rm-shortcode\" id=\"d1338\" src=\"https://www.louderwithcrowder.com/media-library/image.jpg?id=31994398&amp;width=980\" />\n</p><p>Kamala signaled her virtue in June 2020. In September 2020, it was reported the fund she signaled her virtue towards and encourage her supporters to donate to was using those donations to bail out not \"peaceful\" \"protesters,\" <a href=\"https://www.washingtonexaminer.com/news/kamala-harris-pushed-bail-fund-that-helped-murder-and-rape-suspects-get-out-of-jail-while-awaiting-trial\" target=\"_blank\">but alleged murderers and rapists</a>.</p><blockquote>I often don\u2019t even look at a charge when I bail someone out,\u201d MFF\u2019s Greg Lewin said when asked about bailing out these suspects. \u201cI will see it after I pay the bill because it is not the point. The point is the system we are fighting.</blockquote><p>Now, Kamala calls it misinformation to say she did something we all saw her do. <a href=\"https://www.louderwithcrowder.com/mike-rowe-brandon\" target=\"_blank\">If there is a better example to sum up the Biden-Harris administration</a>, I can't think of one.</p><p><p>\n<em><strong>Editor\u2019s Note</strong>\n</em>\n</p>\n<p>\n<em><strong><a href=\"https://lwcnewswire.substack.com/\" target=\"_blank\">LwC is on Substack now</a></strong>! Each day we overwhelm your brains with the content you've come to love from the Louder with Crowder Dot Com website.. but algorithms hide our ranting and raving as best they can. The best way to stick it to Big Tech? </em><strong><a href=\"https://lwcnewswire.substack.com/\" target=\"_blank\"><em>Subscribe to For the Content!</em></a></strong>\n</p></p><p class=\"shortcode-media shortcode-media-youtube\">\n<span class=\"rm-shortcode\" style=\"display: block; padding-top: 56.25%;\"></span>\n<small class=\"image-media media-caption\">Kamala Harris Says YOU'RE More Dangerous Than 9/11 Hijackers?! | Louder With Crowder</small>\n<small class=\"image-media media-photo-credit\">\n<a href=\"https://youtu.be/y_Y44v96uZw\" target=\"_blank\">youtu.be</a>\n</small>\n</p>", "link": "https://www.louderwithcrowder.com/kamala-harris-tweet", "date_published": "2022-10-24 13:18:49+00:00", "persistent": false, "user": null, "language": "en-US"}, {"source": "http://louderwithcrowder.com/feed/", "title": "Watch: CBS Reporter STUNNED Democrat agrees with Republican on crime, 'woke culture' in schools", "description": "<img src=\"https://www.louderwithcrowder.com/media-library/image.png?id=31994272&amp;width=1245&amp;height=700&amp;coordinates=0%2C265%2C0%2C0\" /><br /><br /><p>A Republican, a Democrat, and an Independent walk into a bar. The bartender, who moonlights as CBS Reporter, says \"Wait...you all agree with the Republican?\" That was the case on CBS Face the Nation yesterday. A small focus group where there was a representative for each voting bloc. </p><p>The Republican said all the things we agree with here on the Louder with Crowder Dot Com website. Then came time to ask the Democrat.</p><div class=\"rm-embed embed-media\"><blockquote class=\"twitter-tweet\">This CBS focus group - featuring a Republican, a Democrat, & an independent - didn't go quite as planned. John lists \"woke culture\" as a concern and the rest agree with him.<br /><br />Margaret Brennan: \"I'm hearing all of you echo a lot of the same concerns and agreeing with each other.\" <a href=\"https://t.co/I7mMQaehmT\">pic.twitter.com/I7mMQaehmT</a><br />\u2014 Scott Morefield (@SKMorefield) <a href=\"https://twitter.com/SKMorefield/status/1584205358410919936?ref_src=twsrc%5Etfw\">October 23, 2022</a></blockquote> </div><p>Regarding woke culture in schools:</p><blockquote>I say sex education, I feel like some things are brought to the children\u2019s attention, they wouldn\u2019t even think about. ... when they go to school, they\u2019re just as much influenced by their teachers and their surroundings. And we should have more input, the parents, of what we want them to learn.</blockquote><p>The Democrat didn't name any specific examples. If I were to guess, teaching middle school kids about <a href=\"https://www.louderwithcrowder.com/school-board-chicago-summer-reading\" target=\"_blank\">tasting themselves</a> and <a href=\"https://www.louderwithcrowder.com/school-board-recommended-book\" target=\"_blank\">giving handys</a> would be near the top of the list.</p><p>The reporter then turned to crime. An issue that, if you were to watch corporate media, you might be led to believe crime isn't so bad, and that concern about crime is steeped in racism. The Democrat disagreed, who said her top issue <em>was</em> crime.</p><blockquote>Robberies and murders and stabbing. It's like, every time you turn on the news somebody killed their baby. ... It's out of control and nobody is stopping them.</blockquote><p>And don't get the Democrat started on the border crisis.</p><blockquote>We have more problems here in our country. I feel there's so much focus on helping immigrants and there's not enough focus on the people here who might need assistance. </blockquote><p>One of two things are happening here. Either producers found the most based Democrat in America and someone is fired. Or, she is a perfect example of how out of touch the radical progressive extremists who control Joe Biden (and work in the media) are with normal Americans. Those normal Americans will be voting in two weeks.</p><p><p>\n<em><strong>Editor\u2019s Note</strong>\n</em>\n</p>\n<p>\n<em><strong><a href=\"https://lwcnewswire.substack.com/\" target=\"_blank\">LwC is on Substack now</a></strong>! Each day we overwhelm your brains with the content you've come to love from the Louder with Crowder Dot Com website.. but algorithms hide our ranting and raving as best they can. The best way to stick it to Big Tech? </em><strong><a href=\"https://lwcnewswire.substack.com/\" target=\"_blank\"><em>Subscribe to For the Content!</em></a></strong>\n</p></p><p class=\"shortcode-media shortcode-media-youtube\">\n<span class=\"rm-shortcode\" style=\"display: block; padding-top: 56.25%;\"></span>\n<small class=\"image-media media-caption\">FACT CHECK! Biden is CRIPPLING American Energy | Louder With Crowder</small>\n<small class=\"image-media media-photo-credit\">\n<a href=\"https://youtu.be/ARWFvUn1qMY\" target=\"_blank\">youtu.be</a>\n</small>\n</p>", "link": "https://www.louderwithcrowder.com/cbs-reporter-focus-group", "date_published": "2022-10-24 12:43:17+00:00", "persistent": false, "user": null, "language": "en-US"}, {"source": "http://louderwithcrowder.com/feed/", "title": "Lying or Senility? Biden claims he passed his student loan scam with 'a vote or two' (there was never a vote)", "description": "<img src=\"https://www.louderwithcrowder.com/media-library/image.png?id=31994071&amp;width=1245&amp;height=700&amp;coordinates=0%2C0%2C0%2C118\" /><br /><br /><p>On August 24th, Joe Biden bypassed Congress and signed an executive order bailing out some of his supporters of their student loan debt. The <a href=\"https://www.louderwithcrowder.com/ron-desantis-biden-loan-bailout\" target=\"_blank\">decision was criticized</a> for the way it was <a href=\"https://www.louderwithcrowder.com/mike-rowe-biden-rowe-cooke\" target=\"_blank\">a big 'screw 'em' to the middle class</a> who didn't take out unaffordable loans. The criticism was so bad,  <a href=\"https://www.louderwithcrowder.com/student-loan-house-gop\" target=\"_blank\">Big Tech was needed to content moderate the criticism</a>. Two months later, Joe Biden forgot he signed an executive order and, according to his brain, believes he passed legislation by a vote or two. Either that, or he's lying.</p><div class=\"rm-embed embed-media\"><blockquote class=\"twitter-tweet\">BIDEN on his student loan debt bailout: \"It's passed. I got it passed by a vote or two.\"<br /><br />What is he talking about? Congress never voted on it. <a href=\"https://t.co/62Ov7znOfZ\">pic.twitter.com/62Ov7znOfZ</a><br />\u2014 RNC Research (@RNCResearch) <a href=\"https://twitter.com/RNCResearch/status/1584325204485894144?ref_src=twsrc%5Etfw\">October 23, 2022</a></blockquote> </div><p><em>\"But Brodigan, the @RNCResearch Twitter account hates Joe Biden and takes him out of context. Joe Biden's supporters in the media tell me so.\"</em></p><p>M'kay.</p><div class=\"rm-embed embed-media\"><blockquote class=\"twitter-tweet\">Here is the full clip for all you clowns who say it\u2019s out of context. Biden first falsely claims he \u201csigned a law\u201d to cancel student loan debt, then says he \u201cgot it passed by a vote or two.\u201d <br /><br />??????? <a href=\"https://t.co/JKdKde24db\">pic.twitter.com/JKdKde24db</a><br />\u2014 Jake Schneider (@jacobkschneider) <a href=\"https://twitter.com/jacobkschneider/status/1584346085765525504?ref_src=twsrc%5Etfw\">October 24, 2022</a></blockquote> </div><p>The student loan bailout was unpopular with the American voters who are poised to yeet Joe Biden's party out of power in record numbers. <a href=\"https://www.breitbart.com/politics/2022/09/12/voters-less-likely-vote-candidate-supports-student-loan-debt-cancellation/\" target=\"_blank\">According to a recent poll</a>, 55.6 percent indicated they are less likely to support a candidate who supports Biden\u2019s plan. and out of those who say so, 49 percent said they are \u201cmuch less likely.\u201d</p><p>The question is if this is another case of Joe Biden lying or another case of Biden being a senile old coot. I should put \"lying\" in finger quotes because as the <a href=\"https://www.nytimes.com/2022/10/10/us/politics/biden-exaggeration-falsehood.html\" target=\"_blank\">New York Times reports</a>, Joe Biden doesn't lie. Only the GOP does that. Joe Biden storytells, and sometimes those stories \"spin yarns that often unravel.\" </p><p>Biden could be spinning a tale about how he is ackshually very popular with the American people, and how after a successful vote in the senate to bail out the upper middle class from their student loans, everyone chanted \"Joe! Joe! Joe!\" Then he signed the bill into law. Even though, there was no bill for him to sign into law.</p><p>The other option is another senior moment where Joe Biden, in his brain, isn't lying as much as he legit thinks this all happened. Critics have said <a href=\"https://www.louderwithcrowder.com/hunter-biden-book-dementia\" target=\"_blank\">Biden suffers from dementia</a>. Critics have also said the elderly Biden <a href=\"https://www.louderwithcrowder.com/joe-biden-msnbc-sleep\" target=\"_blank\">can't stay awake during interviews</a>. Combine the two, and we're lucky the president even knew where he was. Also, lucky he didn't try to <a href=\"https://www.louderwithcrowder.com/dylan-mulvaney-ulta-biden\" target=\"_blank\">smell Dylan Mulvaney's hair</a>.</p><p>Congress never voted on Joe Biden's student loan bail-out scheme. What Joe Biden said is untrue. It's just an open question if he's lucid enough to know what he said was untrue.</p><p><p>\n<em><strong>Editor\u2019s Note</strong>\n</em>\n</p>\n<p>\n<em><strong><a href=\"https://lwcnewswire.substack.com/\" target=\"_blank\">LwC is on Substack now</a></strong>! Each day we overwhelm your brains with the content you've come to love from the Louder with Crowder Dot Com website.. but algorithms hide our ranting and raving as best they can. The best way to stick it to Big Tech? </em><strong><a href=\"https://lwcnewswire.substack.com/\" target=\"_blank\"><em>Subscribe to For the Content!</em></a></strong>\n</p></p><p class=\"shortcode-media shortcode-media-youtube\">\n<span class=\"rm-shortcode\" style=\"display: block; padding-top: 56.25%;\"></span>\n<small class=\"image-media media-caption\">I SCHOOL a \u201cJournalist\u201d on Freedom of Speech and BIG TECH | Louder With Crowder</small>\n<small class=\"image-media media-photo-credit\">\n<a href=\"https://youtu.be/oeYgAyCKwi8\" target=\"_blank\">youtu.be</a>\n</small>\n</p>", "link": "https://www.louderwithcrowder.com/student-loan-biden-vote", "date_published": "2022-10-24 11:54:55+00:00", "persistent": false, "user": null, "language": "en-US"}]