[{"source": "https://www.youtube.com/feeds/videos.xml?channel_id=UCyl5V3-J_Bsy3x-EBCJwepg", "title": "Kevin Sorbo Presents The Babylon Bee's 10 Best Christians in Hollywood", "description": "Being a Christian in Hollywood can be difficult - but these hardcore believers make it look easy! Today The Babylon Bee recognizes the top 10 Christians in Hollywood - and it's all presented by Kevin Sorbo.\n\nSubscribe to our new podcast channel: https://www.youtube.com/thebabylonbeepodcast\n\nBecome a premium subscriber:  https://babylonbee.com/plans\n\nThe Official The Babylon Bee Store:  https://shop.babylonbee.com/\n\nFollow The Babylon Bee:\nWebsite: https://babylonbee.com/\nTwitter: https://twitter.com/thebabylonbee\nFacebook: https://www.facebook.com/TheBabylonBee\nInstagram: http://instagram.com/thebabylonbee", "link": "https://www.youtube.com/watch?v=7PraaZlUlo4", "date_published": "2022-10-25 00:00:00+00:00", "persistent": false, "user": null, "language": "en-US"}]