[{"source": "https://www.youtube.com/feeds/videos.xml?channel_id=UCzQUP1qoWDoEbmsQxvdjxgQ", "title": "Joe Asks Maynard James Keenan About His Vineyard", "description": "Taken from JRE #1887 w/Maynard James Keenan:\nhttps://open.spotify.com/episode/62ZE9Pb59rQuyIHXpUrldr?si=292c03bc973343d8", "link": "https://www.youtube.com/watch?v=VHs_JyPhmtE", "date_published": "2022-10-25 00:00:00+00:00", "persistent": false, "user": null, "language": "en-US"}, {"source": "https://www.youtube.com/feeds/videos.xml?channel_id=UCzQUP1qoWDoEbmsQxvdjxgQ", "title": "Joe's Thoughts on UFC 280", "description": "Taken from JRE #1887 w/Maynard James Keenan:\nhttps://open.spotify.com/episode/62ZE9Pb59rQuyIHXpUrldr?si=292c03bc973343d8", "link": "https://www.youtube.com/watch?v=V1inYnciMrk", "date_published": "2022-10-25 00:00:00+00:00", "persistent": false, "user": null, "language": "en-US"}]