[{"source": "http://rss.cnn.com/rss/cnn_world.rss", "title": "Kraft Heinz CEO: Inflation and supply shortages are here to stay for a while", "description": "Kraft Heinz CEO Miguel Patricio says higher inflation and supply issues are coursing through the food industry, forcing companies to adopt new strategies for everything from production to promotion to packaging.", "link": "https://www.cnn.com/2022/10/24/economy/kraft-heinz-ceo-inflation-supply-shortage/index.html", "date_published": "2022-10-24 20:58:55+00:00", "persistent": false, "user": null, "language": "en-US"}, {"source": "http://rss.cnn.com/rss/cnn_world.rss", "title": "London-based TV channel sparks Iranian leaders' ire amid protests", "description": "A top Iranian military official issued a warning to Saudi Arabia last week as his government continued to face off against protesters at home. \"You are involved in this matter and know that you are vulnerable, it is better to be careful,\" he said at the sidelines of a military drill.", "link": "https://www.cnn.com/2022/10/24/middleeast/saudi-iran-media-protests-mime-intl/index.html", "date_published": "2022-10-24 19:43:15+00:00", "persistent": false, "user": null, "language": "en-US"}, {"source": "http://rss.cnn.com/rss/cnn_world.rss", "title": "Arshad Sharif, prominent journalist who fled Pakistan, killed in shooting in Kenya", "description": "Arshad Sharif, a prominent Pakistani journalist who fled the country after he was charged with sedition, has died in Kenya after he was shot by police responding to reports of a stolen vehicle, authorities said.", "link": "https://www.cnn.com/2022/10/24/media/pakistan-arshad-sharif-journalist-killed-kenya-lgs-intl/index.html", "date_published": "2022-10-24 15:15:31+00:00", "persistent": false, "user": null, "language": "en-US"}, {"source": "http://rss.cnn.com/rss/cnn_world.rss", "title": "New UK prime minister faces huge economic challenges as well as messy politics", "description": "Britain's third prime minister in seven weeks will face the huge challenge of projecting stability after a period of historic political and financial market chaos. But their other task \u2014 shepherding the country through a recession \u2014 is poised to be just as daunting.", "link": "https://www.cnn.com/2022/10/24/economy/uk-economy-prime-minister/index.html", "date_published": "2022-10-24 12:06:32+00:00", "persistent": false, "user": null, "language": "en-US"}, {"source": "http://rss.cnn.com/rss/cnn_world.rss", "title": "The economy may be in better shape than you think \u2014 for now", "description": "The housing market is rapidly losing steam. Interest rates continue to rise. The stock market remains volatile. And inflation continues to be a major problem for people trying to pay their bills.", "link": "https://www.cnn.com/2022/10/23/investing/stocks-week-ahead/index.html", "date_published": "2022-10-24 11:40:37+00:00", "persistent": false, "user": null, "language": "en-US"}]