[{"source": "http://www.pcgamer.com/rss", "title": "10 Final Fantasy 14 tips to conquer tank anxiety", "description": "Here's how I learned to stop worrying and love tanking in FF14.", "link": "https://www.pcgamer.com/final-fantasy-14-tanking-guide-tips", "date_published": "2022-10-24 23:46:46+00:00", "persistent": false, "user": null, "language": "en-US"}, {"source": "http://www.pcgamer.com/rss", "title": "V Rising, the other vampire survival hit of 2022, is going free to play for Halloween", "description": "There's also free Halloween-themed DLC and a big new patch out today.", "link": "https://www.pcgamer.com/v-rising-the-other-vampire-survival-hit-of-2022-is-going-free-to-play-for-halloween", "date_published": "2022-10-24 23:43:23+00:00", "persistent": false, "user": null, "language": "en-US"}, {"source": "http://www.pcgamer.com/rss", "title": "Everything videogames have taught you about medieval pigs was a lie", "description": "This little piggy is lacking in historical accuracy!", "link": "https://www.pcgamer.com/everything-videogames-have-taught-you-about-medieval-pigs-was-a-lie", "date_published": "2022-10-24 23:20:55+00:00", "persistent": false, "user": null, "language": "en-US"}, {"source": "http://www.pcgamer.com/rss", "title": "'Sexual assault' custom game mode reveals a glaring Overwatch moderation problem", "description": "Blizzard has removed the listing for an offensive mode, but it's still available to play through a unique code.", "link": "https://www.pcgamer.com/sexual-assault-custom-game-mode-reveals-a-glaring-overwatch-moderation-problem", "date_published": "2022-10-24 22:25:33+00:00", "persistent": false, "user": null, "language": "en-US"}, {"source": "http://www.pcgamer.com/rss", "title": "This gaming chair will literally keep you on the edge of your seat", "description": "The Playseat Active Gaming Seat is designed for 'attack mode' gamers.", "link": "https://www.pcgamer.com/this-gaming-chair-will-literally-keep-you-on-the-edge-of-your-seat", "date_published": "2022-10-24 21:58:43+00:00", "persistent": false, "user": null, "language": "en-US"}, {"source": "http://www.pcgamer.com/rss", "title": "From his hospital bed, this young Valorant player demolished the opposing team", "description": "Nishil Shah was hospitalized with a medical emergency, but that didn't keep him out of the match.", "link": "https://www.pcgamer.com/from-his-hospital-bed-this-young-valorant-player-demolished-the-opposing-team", "date_published": "2022-10-24 21:00:52+00:00", "persistent": false, "user": null, "language": "en-US"}, {"source": "http://www.pcgamer.com/rss", "title": "The best Sims 4 custom content for gorgeous Sims and homes", "description": "We've collected some of the best Sims 4 CC you can install to turn your Sims into style icons and homes into catalog shots.", "link": "https://www.pcgamer.com/sims-4-cc-maxis-match-custom-content", "date_published": "2022-10-24 20:36:41+00:00", "persistent": false, "user": null, "language": "en-US"}, {"source": "http://www.pcgamer.com/rss", "title": "World's foremost PC gamer is back as Superman", "description": "Henry Cavill confirms he's putting the cape on once again.", "link": "https://www.pcgamer.com/worlds-foremost-pc-gamer-is-back-as-superman", "date_published": "2022-10-24 20:34:48+00:00", "persistent": false, "user": null, "language": "en-US"}, {"source": "http://www.pcgamer.com/rss", "title": "The best Fallout game was almost just an expansion pack", "description": "Obsidian's RPG masterpiece, Fallout: New Vegas, wasn't originally going to be a standalone game.", "link": "https://www.pcgamer.com/the-best-fallout-game-was-almost-just-an-expansion-pack", "date_published": "2022-10-24 19:54:16+00:00", "persistent": false, "user": null, "language": "en-US"}, {"source": "http://www.pcgamer.com/rss", "title": "It looks like Discord voice chat is coming to PS5, too", "description": "PC gaming's biggest chat client may be building another bridge to landlocked consoles.", "link": "https://www.pcgamer.com/it-looks-like-discord-voice-chat-is-coming-to-ps5-too", "date_published": "2022-10-24 19:46:03+00:00", "persistent": false, "user": null, "language": "en-US"}, {"source": "http://www.pcgamer.com/rss", "title": "'Activision's effect on Blizzard was like a frog in a boiling pot of water' says former Blizzard director", "description": "And why you shouldn't blame the French for Blizzard North's closure.", "link": "https://www.pcgamer.com/activisions-effect-on-blizzard-was-like-a-frog-in-a-boiling-pot-of-water-says-former-blizzard-director", "date_published": "2022-10-24 19:40:30+00:00", "persistent": false, "user": null, "language": "en-US"}, {"source": "http://www.pcgamer.com/rss", "title": "Terraria becomes the first indie hit to break 1M positive user reviews on Steam", "description": "It's also the only one of the five most-reviewed games on Steam to have an \"overwhelmingly popular\" user rating.", "link": "https://www.pcgamer.com/terraria-becomes-the-first-indie-hit-to-break-1m-positive-user-reviews-on-steam", "date_published": "2022-10-24 19:23:27+00:00", "persistent": false, "user": null, "language": "en-US"}, {"source": "http://www.pcgamer.com/rss", "title": "Horror developers: please let P.T. have its eternal rest", "description": "Perpetually tired.", "link": "https://www.pcgamer.com/horror-developers-please-let-pt-have-its-eternal-rest", "date_published": "2022-10-24 18:25:29+00:00", "persistent": false, "user": null, "language": "en-US"}, {"source": "http://www.pcgamer.com/rss", "title": "2022 games: all the new and upcoming games this year", "description": "The calendar of new games coming to PC in 2022, broken down month-by-month.", "link": "https://www.pcgamer.com/new-games-2022", "date_published": "2022-10-24 18:05:09+00:00", "persistent": false, "user": null, "language": "en-US"}, {"source": "http://www.pcgamer.com/rss", "title": "Victoria 3 review", "description": "Time for some revolutions.", "link": "https://www.pcgamer.com/victoria-3-review", "date_published": "2022-10-24 16:00:14+00:00", "persistent": false, "user": null, "language": "en-US"}, {"source": "http://www.pcgamer.com/rss", "title": "Don't bend 600W RTX 4090 power cable to reduce risk of overheating says CableMod", "description": "Fresh concerns for the 12VHPWR connector have arisen following one user's unfortunate run-in with a faulty unit.", "link": "https://www.pcgamer.com/dont-bend-600w-rtx-4090-power-cable-to-reduce-risk-of-overheating-says-cablemod", "date_published": "2022-10-24 15:44:22+00:00", "persistent": false, "user": null, "language": "en-US"}, {"source": "http://www.pcgamer.com/rss", "title": "Fallout 4 is getting a free 4K update next year", "description": "The update will also include bug fixes and performance mode features for high frame rates.", "link": "https://www.pcgamer.com/fallout-4-is-getting-a-free-4k-update-next-year", "date_published": "2022-10-24 15:41:09+00:00", "persistent": false, "user": null, "language": "en-US"}, {"source": "http://www.pcgamer.com/rss", "title": "Diablo 3 took so long to get rid of its auction house because 'it was on the box'", "description": "Lawyer up.", "link": "https://www.pcgamer.com/diablo-3-took-so-long-to-get-rid-of-its-auction-house-because-it-was-on-the-box", "date_published": "2022-10-24 15:19:52+00:00", "persistent": false, "user": null, "language": "en-US"}, {"source": "http://www.pcgamer.com/rss", "title": "Where to find haunted furniture in Fortnite", "description": "And how to destroy it for the Fortnitemares quest.", "link": "https://www.pcgamer.com/fortnite-haunted-furniture-destroy", "date_published": "2022-10-24 15:10:12+00:00", "persistent": false, "user": null, "language": "en-US"}, {"source": "http://www.pcgamer.com/rss", "title": "It just got much easier to find the best mods in Teardown", "description": "The 1.2 update adds recommendations from the devs themselves.", "link": "https://www.pcgamer.com/it-just-got-much-easier-to-find-the-best-mods-in-teardown", "date_published": "2022-10-24 15:08:31+00:00", "persistent": false, "user": null, "language": "en-US"}, {"source": "http://www.pcgamer.com/rss", "title": "Former Bayonetta VA walks back claims she was only offered $4,000 for new game", "description": "Hellena Taylor is now saying at least part of a Bloomberg report is true.", "link": "https://www.pcgamer.com/former-bayonetta-va-walks-back-claims-she-was-only-offered-dollar4000-for-new-game", "date_published": "2022-10-24 15:08:30+00:00", "persistent": false, "user": null, "language": "en-US"}, {"source": "http://www.pcgamer.com/rss", "title": "Things to do before World of Warcraft: Dragonflight launches", "description": "Tie up all those loose ends before leaving the Shadowlands behind.", "link": "https://www.pcgamer.com/world-of-warcraft-what-to-do-before-wow-dragonflight", "date_published": "2022-10-24 14:50:38+00:00", "persistent": false, "user": null, "language": "en-US"}, {"source": "http://www.pcgamer.com/rss", "title": "These scripts use AI to turn Minecraft worlds into adorable picturesque scenes", "description": "This is what happens when you combine Minecraft with Stable Diffusion AI image generator.", "link": "https://www.pcgamer.com/minecraft-ai-stable-diffusion-image-generation", "date_published": "2022-10-24 14:20:28+00:00", "persistent": false, "user": null, "language": "en-US"}, {"source": "http://www.pcgamer.com/rss", "title": "A single chip has managed to transfer the entire internet's traffic in a single second", "description": "Researchers prove there's a lot more room to grow for the internet with silicon photonics.", "link": "https://www.pcgamer.com/a-single-chip-has-managed-to-transfer-the-entire-internets-traffic-in-a-single-second", "date_published": "2022-10-24 12:38:51+00:00", "persistent": true, "user": null, "language": "en-US", "tags": ["hardware"]}, {"source": "http://www.pcgamer.com/rss", "title": "This TikTok account is testing weird thermal paste patterns so you don't have to", "description": "Is the best thermal paste pattern a blob? A line? Or perhaps the Half-Life logo?", "link": "https://www.pcgamer.com/this-tiktok-account-is-testing-weird-thermal-paste-patterns-so-you-dont-have-to", "date_published": "2022-10-24 12:19:17+00:00", "persistent": false, "user": "rumpel", "language": "en-US"}, {"source": "http://www.pcgamer.com/rss", "title": "Disco Elysium writer is suing developer ZA/UM", "description": "Robert Kurvitz filed a suit on behalf of his own company Telomer O\u00dc.", "link": "https://www.pcgamer.com/disco-elysium-writer-is-suing-developer-zaum", "date_published": "2022-10-24 12:02:30+00:00", "persistent": false, "user": null, "language": "en-US"}, {"source": "http://www.pcgamer.com/rss", "title": "The vibes are immaculate in Victoria 3's 'LoFi VicHop tracks to chill or industrialise to' video", "description": "You can almost taste the smog.", "link": "https://www.pcgamer.com/the-vibes-are-immaculate-in-victoria-3s-lofi-vichop-tracks-to-chill-or-industrialise-to-video", "date_published": "2022-10-24 11:27:26+00:00", "persistent": false, "user": null, "language": "en-US"}, {"source": "http://www.pcgamer.com/rss", "title": "Today's Wordle 492 answer and hint: Monday, October 24", "description": "Wordle today: The solution and a hint for Monday's puzzle.", "link": "https://www.pcgamer.com/todays-wordle-492-answer-hint", "date_published": "2022-10-24 07:01:28+00:00", "persistent": false, "user": null, "language": "en-US"}, {"source": "http://www.pcgamer.com/rss", "title": "Secret messages found in Silent Hill Townfall's promotional material", "description": "Enjoy the Silents.", "link": "https://www.pcgamer.com/secret-messages-found-in-silent-hill-townfalls-promotional-material", "date_published": "2022-10-24 04:13:23+00:00", "persistent": false, "user": null, "language": "en-US"}, {"source": "http://www.pcgamer.com/rss", "title": "Having trouble finding an RTX 4090? It may be about to get harder", "description": "Nvidia can make a lot more money pumping out enterprise GPUs.", "link": "https://www.pcgamer.com/having-trouble-finding-an-rtx-4090-it-may-be-about-to-get-harder", "date_published": "2022-10-24 02:02:15+00:00", "persistent": false, "user": null, "language": "en-US"}, {"source": "http://www.pcgamer.com/rss", "title": "Five new Steam games you probably missed (October 24, 2022)", "description": "Sorting through every new game on Steam so you don't have to.", "link": "https://www.pcgamer.com/five-new-steam-games-you-probably-missed-october-24-2022", "date_published": "2022-10-24 00:07:12+00:00", "persistent": false, "user": null, "language": "en-US"}]