[{"source": "https://feeds.washingtonpost.com/rss/business/technology", "title": "The designers of the new \u2018Apex Legends\u2019 map want to help you die less", "description": "\"Apex Legends: Eclipse\u201d will launch Nov. 1 with Broken Moon, which has a new zip rail system and larger points of interest to reduce dogpiling during drops.", "link": "https://www.washingtonpost.com/video-games/2022/10/24/apex-legends-broken-moon-pois/?utm_source=rss&utm_medium=referral&utm_campaign=wp_business-technology", "date_published": "2022-10-24 15:05:06+00:00", "persistent": false, "user": null, "language": "en-US"}, {"source": "https://feeds.washingtonpost.com/rss/business/technology", "title": "FTC brings action against CEO of alcohol delivery company over data breach", "description": "The FTC's rare decision to put Drizly CEO under order signals a new approach to privacy enforcement under Chair Lina Khan.", "link": "https://www.washingtonpost.com/technology/2022/10/24/ftc-drizly-privacy-violations/?utm_source=rss&utm_medium=referral&utm_campaign=wp_business-technology", "date_published": "2022-10-24 14:19:51+00:00", "persistent": false, "user": null, "language": "en-US"}, {"source": "https://feeds.washingtonpost.com/rss/business/technology", "title": "Two alleged Chinese intelligence officers accused of trying to buy info about federal prosecution", "description": "Complaint accuses two alleged Chinese spies of money laundering and attempting to obstruct an investigation into a China-based telecommunications company.", "link": "https://www.washingtonpost.com/national-security/2022/10/24/justice-china-telecom-giant-spy-investigation/?utm_source=rss&utm_medium=referral&utm_campaign=wp_business-technology", "date_published": "2022-10-24 13:24:54+00:00", "persistent": false, "user": null, "language": "en-US"}, {"source": "https://feeds.washingtonpost.com/rss/business/technology", "title": "NASA proved it can deflect an asteroid. But spotting them is tricky.", "description": "The space agency is working to develop an telescope that would track many more potentially hazardous asteroids, but the project has faced funding cuts.", "link": "https://www.washingtonpost.com/technology/2022/10/24/nasa-asteroid-telescope/?utm_source=rss&utm_medium=referral&utm_campaign=wp_business-technology", "date_published": "2022-10-24 06:00:05+00:00", "persistent": false, "user": null, "language": "en-US"}, {"source": "https://feeds.washingtonpost.com/rss/business/technology", "title": "She clicked sign-in with Google. Strangers got access to all her files.", "description": "Should you log in with Facebook or Google on other sites or apps? Short answer: No.", "link": "https://www.washingtonpost.com/technology/2022/10/21/sign-in-google-facebook/?utm_source=rss&utm_medium=referral&utm_campaign=wp_business-technology", "date_published": "2022-10-24 05:00:48+00:00", "persistent": false, "user": null, "language": "en-US"}]