[{"source": "http://rss.cnn.com/rss/edition.rss", "title": "Here's why Russia accusing Ukraine of planning a 'dirty bomb' could be a warning", "description": "Former NATO Commander Wesley Clark explains to CNN's Wolf Blitzer why doesn't believe Russia's claim that Ukraine is planning to use a \"dirty bomb,\" and why he believes the accusation could be a warning.", "link": "https://www.cnn.com/videos/world/2022/10/24/russia-dirty-bomb-accusation-ukraine-clark-dougherty-sot-tsr-vpx.cnn", "date_published": "2022-10-24 22:49:10+00:00", "persistent": false, "user": null, "language": "en-US"}, {"source": "http://rss.cnn.com/rss/edition.rss", "title": "Ted Cruz's fight for the man he once called 'sniveling coward' (2021)", "description": "CNN's Tom Foreman looks back at how Ted Cruz has evolved from hating Donald Trump to becoming one of his more fervent advocates. (2021)", "link": "https://www.cnn.com/videos/politics/2021/01/05/ted-cruz-trump-relationship-foreman-pkg-ebof-vpx.cnn", "date_published": "2022-10-24 21:53:43+00:00", "persistent": false, "user": null, "language": "en-US"}, {"source": "http://rss.cnn.com/rss/edition.rss", "title": "Watch: Ted Cruz 'The View' interview interrupted by protesters", "description": "During an interview on \"The View,\" Republican Senator Ted Cruz was repeatedly interrupted by hecklers in the show audience.", "link": "https://www.cnn.com/videos/business/2022/10/24/ted-cruz-the-view-protester-cprog-orig-fj.cnn-business", "date_published": "2022-10-24 19:28:23+00:00", "persistent": false, "user": null, "language": "en-US"}, {"source": "http://rss.cnn.com/rss/edition.rss", "title": "Over 40 journalists have been arrested in Iran since protests began, group says", "description": "Over 40 journalists have been confirmed detained by Iran since anti-government protests broke out last month over the death of Mahsa Amini while in the custody of Iran's morality police, according to the Committee to Protect Journalists. CNN's Nada Bashir has more on why journalists are being arrested.", "link": "https://www.cnn.com/videos/world/2022/10/24/iran-protest-journalist-arrest-bashir-pkg-ctw-vpx.cnn", "date_published": "2022-10-24 18:52:28+00:00", "persistent": false, "user": null, "language": "en-US"}, {"source": "http://rss.cnn.com/rss/edition.rss", "title": "EU formally adopts law requiring Apple to support USB-C chargers", "description": "A landmark law requiring Apple and other electronics makers to adopt USB-C as a universal charging standard in the European Union has cleared its final procedural hurdle, after EU member states voted to approve the legislation on Monday.", "link": "https://www.cnn.com/2022/10/24/tech/eu-law-charging-standard/index.html", "date_published": "2022-10-24 18:36:26+00:00", "persistent": false, "user": "rumpel", "language": "en-US"}, {"source": "http://rss.cnn.com/rss/edition.rss", "title": "Vogue's Edward Enninful addresses speculation about his next job", "description": "British Vogue's editor-in-chief Edward Enninful has addressed speculation that he's next in line to take the editorial seat at Vogue magazine currently occupied by Anna Wintour.", "link": "https://www.cnn.com/style/article/edward-enninful-vogue-amanpour-a-visble-man-oct/index.html", "date_published": "2022-10-24 18:17:39+00:00", "persistent": false, "user": null, "language": "en-US"}, {"source": "http://rss.cnn.com/rss/edition.rss", "title": "Kim Kardashian condemns hate speech in midst of Kanye West controversy", "description": "Days after a fellow celebrity called her out for remaining publicly silent in the face of antisemitic comments made by her former husband Kanye West, Kim Kardashian has released a statement condemning hate speech.", "link": "https://www.cnn.com/2022/10/24/entertainment/kim-kardashian-hate-speech/index.html", "date_published": "2022-10-24 18:03:57+00:00", "persistent": false, "user": null, "language": "en-US"}, {"source": "http://rss.cnn.com/rss/edition.rss", "title": "Olivia Wilde gets support after claim she abandoned rescue dog", "description": "Olivia Wilde is a lot of things, including a director, an actor, a mom, and, supposedly, an excellent maker of salad dressing.", "link": "https://www.cnn.com/2022/10/24/entertainment/olivia-wilde-rescue-dog/index.html", "date_published": "2022-10-24 17:55:03+00:00", "persistent": false, "user": null, "language": "en-US"}, {"source": "http://rss.cnn.com/rss/edition.rss", "title": "8-year-old sets out to become youngest to climb towering El Capitan", "description": "If your parents name you \"Adventure,\" they probably hoped you'd do some adventurous things.", "link": "https://www.cnn.com/2022/10/24/us/kid-climbing-el-capitan/index.html", "date_published": "2022-10-24 17:46:09+00:00", "persistent": false, "user": null, "language": "en-US"}, {"source": "http://rss.cnn.com/rss/edition.rss", "title": "Covid-19 vaccine study links side effects with greater antibody response", "description": "People who reported experiencing side effects to the Pfizer/BioNTech and Moderna Covid-19 vaccines such as fever, chills or muscle pain tended to have a greater antibody response following vaccination, according to new research.", "link": "https://www.cnn.com/2022/10/24/health/covid-antibody-response-vaccines/index.html", "date_published": "2022-10-24 17:28:21+00:00", "persistent": false, "user": null, "language": "en-US"}, {"source": "http://rss.cnn.com/rss/edition.rss", "title": "Who is Britain's next prime minister?", "description": "CNN's Bianca Nobilo looks at the life and political career of incoming British Prime Minister Rishi Sunak and the path that led him to 10 Downing Street.", "link": "https://www.cnn.com/videos/world/2022/10/24/rishi-sunak-british-prime-minister-profile-pkg-ctw-vpx.cnn", "date_published": "2022-10-24 17:18:43+00:00", "persistent": false, "user": null, "language": "en-US"}, {"source": "http://rss.cnn.com/rss/edition.rss", "title": "Can Rishi Sunak end the chaos and restore Britain's credibility?", "description": "The rise of Rishi Sunak to the top job in British politics is remarkable. Just seven weeks ago he was comprehensively beaten by Liz Truss in the Conservative party's leadership contest. Today, after emerging victorious in a leadership contest that was fast-tracked out of the wreckage of her short premiership, he is only an audience with King Charles III away from Downing Street.", "link": "https://www.cnn.com/2022/10/24/uk/rishi-sunak-job-ahead-intl-gbr-cmd/index.html", "date_published": "2022-10-24 17:12:56+00:00", "persistent": false, "user": null, "language": "en-US"}, {"source": "http://rss.cnn.com/rss/edition.rss", "title": "Two alleged Chinese spies charged with trying to obstruct US Huawei investigation", "description": "The US Justice Department unsealed charges Monday against two alleged Chinese spies who are accused of interfering with a federal prosecution against a global telecommunications company based in China.", "link": "https://www.cnn.com/2022/10/24/politics/chinese-spies-huawei/index.html", "date_published": "2022-10-24 17:11:43+00:00", "persistent": false, "user": null, "language": "en-US"}, {"source": "http://rss.cnn.com/rss/edition.rss", "title": "Clarence Thomas freezes order for Lindsey Graham to testify before Georgia grand jury investigating 2020 election", "description": "Justice Clarence Thomas on Monday agreed to temporarily freeze a lower court order requiring the testimony of Republican Sen. Lindsey Graham in front of an Atlanta-area special grand jury that is investigating efforts to overturn the 2020 presidential election in the state.", "link": "https://www.cnn.com/2022/10/24/politics/supreme-court-lindsey-graham-clarence-thomas/index.html", "date_published": "2022-10-24 16:45:45+00:00", "persistent": false, "user": null, "language": "en-US"}, {"source": "http://rss.cnn.com/rss/edition.rss", "title": "Marjane Satrapi grew up during Iran's Islamic revolution. Today her memoir is 'more accurate than ever'", "description": "Iranian-French artist Marjane Satrapi was 10 when wearing the veil became compulsory at the  non-religious, French-speaking school she attended in Tehran. Previously, boys and girls were taught together, but she was soon also separated from her male friends in the name of a cultural revolution instigated by revolutionary leader Ayatollah Ruhollah Khomeini.", "link": "https://www.cnn.com/style/article/marjane-satrapi-iranian-protests-auction/index.html", "date_published": "2022-10-24 16:40:27+00:00", "persistent": false, "user": null, "language": "en-US"}, {"source": "http://rss.cnn.com/rss/edition.rss", "title": "Elon Musk must close Twitter deal by end of this week or face trial", "description": "The clock is ticking for Elon Musk to complete his deal to buy Twitter.", "link": "https://www.cnn.com/2022/10/24/tech/elon-musk-twitter-acquisition-countdown/index.html", "date_published": "2022-10-24 16:15:27+00:00", "persistent": false, "user": null, "language": "en-US"}, {"source": "http://rss.cnn.com/rss/edition.rss", "title": "Fossil fuel protesters cover King Charles III waxwork with chocolate cake at Madame Tussauds", "description": "Four people have been arrested for criminal damage, after a waxwork of King Charles III was vandalized at Madame Tussauds in London on Monday.", "link": "https://www.cnn.com/style/article/just-stop-oil-king-charles-iii-waxwork-intl-scli-gbr/index.html", "date_published": "2022-10-24 16:02:08+00:00", "persistent": false, "user": null, "language": "en-US"}, {"source": "http://rss.cnn.com/rss/edition.rss", "title": "We tried to get rid of mosquitoes once. It didn't work out so well.", "description": "There's nothing worse than mosquitoes, right? Those little biters have ruined many a party, baseball game or virtually any other outdoor activity -- especially in the spring and summer.", "link": "https://www.cnn.com/2022/10/24/us/mosquitoes-pest-control-malaria-downside-up-scn/index.html", "date_published": "2022-10-24 16:00:28+00:00", "persistent": false, "user": null, "language": "en-US"}, {"source": "http://rss.cnn.com/rss/edition.rss", "title": "Mariah Carey is doing limited engagement holiday shows", "description": "All we want for Christmas is you, Mariah Carey.", "link": "https://www.cnn.com/2022/10/24/entertainment/mariah-carey-holiday-shows/index.html", "date_published": "2022-10-24 15:54:21+00:00", "persistent": false, "user": null, "language": "en-US"}, {"source": "http://rss.cnn.com/rss/edition.rss", "title": "Liz Cheney's doomsday prediction on a third Trump presidential bid", "description": "Rep. Liz Cheney thinks that if the GOP nominates Donald Trump for president again in 2024, it will be the end of the Republican Party. Or at least the end of the Republican Party as we currently think of it.", "link": "https://www.cnn.com/2022/10/24/politics/liz-cheney-donald-trump-doomsday-2024/index.html", "date_published": "2022-10-24 15:40:40+00:00", "persistent": false, "user": null, "language": "en-US"}, {"source": "http://rss.cnn.com/rss/edition.rss", "title": "2 students injured in school shooting in St. Louis", "description": "Two students were injured in a school shooting at Central Visual and Performing Arts High School in St. Louis Monday morning, according to a tweet from the district.", "link": "https://www.cnn.com/2022/10/24/us/st-louis-school-shooting/index.html", "date_published": "2022-10-24 15:25:47+00:00", "persistent": false, "user": null, "language": "en-US"}, {"source": "http://rss.cnn.com/rss/edition.rss", "title": "1 in 10 Americans over 65 have dementia, study finds", "description": "One in 10 Americans over 65 had dementia, while 22% experienced mild cognitive impairment, the earliest stage of the slow slide into senility, according to a new study conducted between 2016 and 2017.", "link": "https://www.cnn.com/2022/10/24/health/dementia-cognitive-decline-wellness/index.html", "date_published": "2022-10-24 15:13:24+00:00", "persistent": false, "user": null, "language": "en-US"}, {"source": "http://rss.cnn.com/rss/edition.rss", "title": "Tucci cooks for the 'Searching for Italy' crew", "description": "Stanley Tucci reflects on the past two seasons of \"Stanley Tucci: Searching for Italy\" and his favorite moments in Italy. The season finale airs Sunday at 9 p.m. ET.", "link": "https://www.cnn.com/videos/travel/2022/10/21/liguria-stanley-tucci-searching-for-italy-crew-origseriesfilms.cnn", "date_published": "2022-10-24 15:02:23+00:00", "persistent": false, "user": null, "language": "en-US"}, {"source": "http://rss.cnn.com/rss/edition.rss", "title": "Here's how you know Donald Trump is afraid of Ron DeSantis", "description": "The 2022 campaign isn't even over yet, but Donald Trump is already starting a 2024 fight with Florida Gov. Ron DeSantis.", "link": "https://www.cnn.com/2022/10/24/politics/donald-trump-ron-desantis-joe-odea-2024/index.html", "date_published": "2022-10-24 14:44:33+00:00", "persistent": false, "user": null, "language": "en-US"}, {"source": "http://rss.cnn.com/rss/edition.rss", "title": "Rishi Sunak: The super-rich former banker who will be the first person of color to lead Britain", "description": "", "link": "https://www.cnn.com/collections/intl-new-uk-pm-241022/", "date_published": "2022-10-24 14:22:04+00:00", "persistent": false, "user": null, "language": "en-US"}, {"source": "http://rss.cnn.com/rss/edition.rss", "title": "Opinion: Britain has a new prime minister, that no one in Britain voted for", "description": "Britain's Conservative Party, which has weathered the resignation of two prime ministers since December 2019, cannot remain in government for another two years without calling a general election.", "link": "https://www.cnn.com/2022/10/24/opinions/britain-uk-politics-prime-minister-elect-conservatives-beers/index.html", "date_published": "2022-10-24 14:14:12+00:00", "persistent": false, "user": null, "language": "en-US"}, {"source": "http://rss.cnn.com/rss/edition.rss", "title": "Oath Keepers leader Stewart Rhodes tests positive for Covid-19, delaying trial at least a day", "description": "The seditious conspiracy trial against members of the right-wing militia group Oath Keepers has been delayed after the group's leader, Stewart Rhodes, has tested positive for Covid.", "link": "https://www.cnn.com/2022/10/24/politics/stewart-rhodes-oath-keepers-covid/index.html", "date_published": "2022-10-24 14:05:31+00:00", "persistent": false, "user": null, "language": "en-US"}, {"source": "http://rss.cnn.com/rss/edition.rss", "title": "Rishi Sunak will be the first person of color to lead the UK", "description": "", "link": "https://www.cnn.com/uk/live-news/uk-prime-minister-announcement-monday-gbr-intl#h_f25d75a5e0a71145c1e9a065bc016a95", "date_published": "2022-10-24 13:54:44.228763+00:00", "persistent": false, "user": null, "language": "en-US"}, {"source": "http://rss.cnn.com/rss/edition.rss", "title": "Rishi Sunak: Who is Britain's new PM?", "description": "Just seven short weeks ago, it looked as if it might be all over for Rishi Sunak.", "link": "https://www.cnn.com/2022/10/24/uk/profile-rishi-sunak-uk-politics-intl-gbr/index.html", "date_published": "2022-10-24 13:51:54+00:00", "persistent": false, "user": null, "language": "en-US"}, {"source": "http://rss.cnn.com/rss/edition.rss", "title": "Cameron Crowe on adapting his iconic film to Broadway", "description": "CNN's John Berman speaks to director and screenwriter Cameron Crowe about the adaptation and debut of his film \"Almost Famous\" to Broadway.", "link": "https://www.cnn.com/videos/entertainment/2022/10/24/almost-famous-broadway-debut-cameron-crowe-newday-vpx.cnn", "date_published": "2022-10-24 13:47:13+00:00", "persistent": false, "user": null, "language": "en-US"}, {"source": "http://rss.cnn.com/rss/edition.rss", "title": "See the moment Tory Party announced Sunak to be next British PM", "description": "Rishi Sunak is set to become Britain's next Prime Minister after winning the race to become leader of the Conservative Party following the resignation of Liz Truss.", "link": "https://www.cnn.com/videos/world/2022/10/24/rishi-sunak-new-british-pm-uk-foster-firstmove-intl-ldn-vpx.cnn", "date_published": "2022-10-24 13:46:52+00:00", "persistent": false, "user": null, "language": "en-US"}, {"source": "http://rss.cnn.com/rss/edition.rss", "title": "'Paris is booming': New art fair attracts multi-million-dollar sales", "description": "While it is an indisputable cultural capital, Paris has long been overlooked as a place to buy and sell contemporary art. With neighbors Britain and Switzerland home to Europe's largest art market and the world's largest art fair, respectively, France has often struggled to secure its status as a hub among collectors.", "link": "https://www.cnn.com/style/article/art-basel-paris-highlights-sales/index.html", "date_published": "2022-10-24 13:39:47+00:00", "persistent": false, "user": null, "language": "en-US"}, {"source": "http://rss.cnn.com/rss/edition.rss", "title": "Rishi Sunak will be Britain's next leader after seeing off rivals in race to replace Truss", "description": "Former finance minister Rishi Sunak will be the United Kingdom's next prime minister after his lone remaining rival dropped out of the fast-tracked race to become Conservative party leader on Monday.", "link": "https://www.cnn.com/2022/10/24/uk/rishi-sunak-uk-prime-minister-intl-gbr/index.html", "date_published": "2022-10-24 13:19:21+00:00", "persistent": false, "user": null, "language": "en-US"}, {"source": "http://rss.cnn.com/rss/edition.rss", "title": "The 2022 American Music Awards has found a host", "description": "The 2022 American Music Awards' (AMAs) has found a host.", "link": "https://www.cnn.com/2022/10/24/entertainment/american-music-awards-amas-host/index.html", "date_published": "2022-10-24 13:18:59+00:00", "persistent": false, "user": null, "language": "en-US"}, {"source": "http://rss.cnn.com/rss/edition.rss", "title": "Travis Scott disputes suggestions he cheated on Kylie Jenner", "description": "Travis Scott has slammed speculation that he cheated on the mother of his children, Kylie Jenner.", "link": "https://www.cnn.com/2022/10/24/entertainment/travis-scott-kylie-jenner/index.html", "date_published": "2022-10-24 13:18:16+00:00", "persistent": false, "user": null, "language": "en-US"}, {"source": "http://rss.cnn.com/rss/edition.rss", "title": "'This place is really bearing the brunt': Ward reports from site of strike in Ukraine", "description": "CNN Chief International Correspondent Clarissa Ward reports on the aftermath of an overnight strike in Mykolaiv, Ukraine.", "link": "https://www.cnn.com/videos/world/2022/10/24/mykolaiv-ukraine-overnight-strike-aftermath-russia-ward-newday-vpx.cnn", "date_published": "2022-10-24 13:00:38+00:00", "persistent": false, "user": null, "language": "en-US"}, {"source": "http://rss.cnn.com/rss/edition.rss", "title": "Hear why Smerconish thinks Biden's answer to reelection is 'arresting' and 'painful'", "description": "CNN anchor Michael Smerconish reacts to President Joe Biden's interview with MSNBC's Jonathan Capehart, where Biden stated his intention to run for reelection.", "link": "https://www.cnn.com/videos/politics/2022/10/24/biden-reelection-msnbc-interview-smerconish-reaction-prediction-newday-vpx.cnn", "date_published": "2022-10-24 12:46:46+00:00", "persistent": false, "user": null, "language": "en-US"}, {"source": "http://rss.cnn.com/rss/edition.rss", "title": "Father of infant hospitalized with RSV warns parents to be alert as respiratory illness spreads quickly", "description": "Last week, Stephen Balka found himself living a parent's nightmare. His 2-month-old son Adrian was struggling to breathe, sometimes going as long as seven seconds between gasping breaths, the father said.", "link": "https://www.cnn.com/2022/10/24/us/rsv-father-parents-texas-childrens-hospital/index.html", "date_published": "2022-10-24 12:23:01+00:00", "persistent": false, "user": null, "language": "en-US"}, {"source": "http://rss.cnn.com/rss/edition.rss", "title": "Rory McIlroy fulfills promised return to world No.1 position after CJ Cup title defense", "description": "When Rory McIlroy won the 2021 CJ Cup, he insisted he was still capable of being the world's best golfer.", "link": "https://www.cnn.com/2022/10/24/golf/rory-mcilroy-cj-cup-world-number-one-spt-intl/index.html", "date_published": "2022-10-24 12:16:35+00:00", "persistent": false, "user": null, "language": "en-US"}, {"source": "http://rss.cnn.com/rss/edition.rss", "title": "'Most aggressive subpoena I've ever seen': Honig on Jan 6 committee's latest move", "description": "The House select committee investigating the January 6, 2021, attack on the US Capitol announced that the panel has officially subpoenaed former President Donald Trump. CNN's Elie Honig explains what's next.", "link": "https://www.cnn.com/videos/politics/2022/10/24/trump-january-6-committee-subpoena-elie-honig-newday-vpx.cnn", "date_published": "2022-10-24 12:08:32+00:00", "persistent": false, "user": null, "language": "en-US"}, {"source": "http://rss.cnn.com/rss/edition.rss", "title": "Tesla's stock sinks after cutting prices on cars in China", "description": "Tesla has cut starting prices for its Model 3 and Model Y cars by as much as 9% in China, reversing a trend of increases across the industry amid signs of softening demand in the world's largest auto market.", "link": "https://www.cnn.com/2022/10/24/investing/tesla-china-price-cuts/index.html", "date_published": "2022-10-24 11:33:34+00:00", "persistent": false, "user": null, "language": "en-US"}, {"source": "http://rss.cnn.com/rss/edition.rss", "title": "Tom Brady's presumed final season continues to turn sour after humiliating 21-3 loss to Carolina Panthers", "description": "It wasn't meant to go like this.", "link": "https://www.cnn.com/2022/10/24/sport/tom-brady-buccaneers-panthers-final-season-spt-intl/index.html", "date_published": "2022-10-24 11:32:52+00:00", "persistent": false, "user": null, "language": "en-US"}, {"source": "http://rss.cnn.com/rss/edition.rss", "title": "LeBron James' missed buzzer-beater costs Lakers in loss to Trail Blazers as 'Dame Dolla' shines", "description": "LeBron James missed a buzzer-beater to tie the game as the Los Angeles Lakers lost 106-104 to the Portland Trail Blazers, taking the LA team's season record to 0-3.", "link": "https://www.cnn.com/2022/10/24/sport/lebron-james-lillard-lakers-trail-blazers-spt-intl/index.html", "date_published": "2022-10-24 11:27:58+00:00", "persistent": false, "user": null, "language": "en-US"}, {"source": "http://rss.cnn.com/rss/edition.rss", "title": "Why investors aren't going green", "description": "ESG investing \u2014  evaluating companies using environmental, social and governance factors \u2014 was one of the most-cited phrases in earnings calls during the first half of the year. But a looming recession, tanking stock markets and the race to US midterm elections have put those sustainability efforts on the chopping block.", "link": "https://www.cnn.com/2022/10/24/investing/premarket-stocks-trading/index.html", "date_published": "2022-10-24 11:18:46+00:00", "persistent": false, "user": null, "language": "en-US"}, {"source": "http://rss.cnn.com/rss/edition.rss", "title": "Britain braces for (yet) another Prime Minister", "description": "\u2022 Rishi Sunak leads the race after Boris Johnson drops out", "link": "https://edition.cnn.com/uk/live-news/uk-prime-minister-announcement-monday-gbr-intl/index.html", "date_published": "2022-10-24 11:04:59.314336+00:00", "persistent": false, "user": null, "language": "en-US"}, {"source": "http://rss.cnn.com/rss/edition.rss", "title": "Republicans have momentum with 15 days to go", "description": "Drop an object from the air with nothing beneath it, and it will fall to the ground. Yes, sometimes a wind gust can keep it in the air for a little bit, but eventually gravity does its work.", "link": "https://www.cnn.com/2022/10/24/politics/republican-momentum-15-days-to-go-analysis/index.html", "date_published": "2022-10-24 11:00:17+00:00", "persistent": false, "user": null, "language": "en-US"}, {"source": "http://rss.cnn.com/rss/edition.rss", "title": "Everglades Jetport: The 'world's greatest airport' that never was", "description": "It was supposed to be the world's largest airport, a glamorous intercontinental hub for supersonic airliners with six runways and high-speed rail links to surrounding cities. But today, it's little more than an airstrip in the middle of nowhere.", "link": "https://www.cnn.com/travel/article/everglades-jetport-florida-cmd/index.html", "date_published": "2022-10-24 10:50:30+00:00", "persistent": false, "user": null, "language": "en-US"}, {"source": "http://rss.cnn.com/rss/edition.rss", "title": "Elon Musk says SpaceX won't turn off Starlink satellite regardless of Defense Department funding", "description": "Elon Musk said Sunday that SpaceX's satellite internet service Starlink, which provides crucial telecommunication services in Ukraine, would not be shut off regardless of whether the company receives funding from the US Defense Department.", "link": "https://www.cnn.com/2022/10/24/politics/elon-musk-spacex-starlink-us-funding/index.html", "date_published": "2022-10-24 10:19:15+00:00", "persistent": false, "user": null, "language": "en-US"}, {"source": "http://rss.cnn.com/rss/edition.rss", "title": "Simona Halep's former coach says 'no chance' the two-time grand slam champion knowingly took banned substance", "description": "Simona Halep's former coach has jumped to her defense after the former world No. 1 tested positive for a banned substance at the US Open earlier this year.", "link": "https://www.cnn.com/2022/10/24/tennis/simona-halep-former-coach-doping-suspension-spt-intl/index.html", "date_published": "2022-10-24 10:15:03+00:00", "persistent": false, "user": null, "language": "en-US"}, {"source": "http://rss.cnn.com/rss/edition.rss", "title": "Harvey Weinstein goes on trial in Los Angeles on charges of rape and sexual assault", "description": "Two years after his conviction on rape and sexual assault charges, disgraced movie producer Harvey Weinstein is again set to go on trial on similar charges in Los Angeles.", "link": "https://www.cnn.com/2022/10/24/entertainment/harvey-weinstein-trial-los-angeles/index.html", "date_published": "2022-10-24 09:59:36+00:00", "persistent": false, "user": null, "language": "en-US"}, {"source": "http://rss.cnn.com/rss/edition.rss", "title": "The woman who travels the world with only a tiny bag", "description": "It's been a year of airport chaos and problems with baggage handling have left many travelers struggling to reunite with their luggage.", "link": "https://www.cnn.com/travel/article/packing-expert-travel-world-handbag/index.html", "date_published": "2022-10-24 09:51:01+00:00", "persistent": false, "user": null, "language": "en-US"}, {"source": "http://rss.cnn.com/rss/edition.rss", "title": "Antoine Griezmann scores 'Olimpico' goal as Atl\u00e9tico Madrid beats Real Betis 2-1", "description": "Antoine Griezmann scored twice, including directly from a corner, as Atl\u00e9tico Madrid defeated Real Betis 2-1 on Sunday to move up to third in Spain's La Liga.", "link": "https://www.cnn.com/2022/10/24/football/antoine-griezmann-atletico-madrid-olimpico-goal-spt-intl/index.html", "date_published": "2022-10-24 09:49:03+00:00", "persistent": false, "user": null, "language": "en-US"}, {"source": "http://rss.cnn.com/rss/edition.rss", "title": "UK Defense Ministry say Ukraine 'increasingly successful' in defeating Iranian-made drones", "description": "", "link": "https://www.cnn.com/europe/live-news/russia-ukraine-war-news-10-24-22#h_6eaa625c608ece2af53b696de93e2660", "date_published": "2022-10-24 09:31:24.725370+00:00", "persistent": false, "user": null, "language": "en-US"}, {"source": "http://rss.cnn.com/rss/edition.rss", "title": "Britain braces for (yet) another Prime Minister", "description": "", "link": "http://edition.cnn.com/webview/uk/live-news/uk-prime-minister-announcement-monday-gbr-intl/index.html", "date_published": "2022-10-24 09:31:24.396942+00:00", "persistent": false, "user": null, "language": "en-US"}, {"source": "http://rss.cnn.com/rss/edition.rss", "title": "'Doctor Who' fans delighted as the Doctor regenerates as ... David Tennant", "description": "\"Doctor Who\" fans were drenched in nostalgia after David Tennant reprised his role as the Time Lord in the dramatic conclusion to the show's BBC centenary special.", "link": "https://www.cnn.com/2022/10/24/entertainment/david-tennant-doctor-who-intl-scli-gbr/index.html", "date_published": "2022-10-24 09:30:10+00:00", "persistent": false, "user": null, "language": "en-US"}, {"source": "http://rss.cnn.com/rss/edition.rss", "title": "Trump Org. criminal tax fraud trial kicks off Monday", "description": "Jury selection begins Monday in the Trump Organization's criminal tax fraud and grand larceny trial in New York, a symbolic moment following years of investigations that places former President Donald Trump's business before a jury.", "link": "https://www.cnn.com/2022/10/24/politics/trump-organization-criminal-trial/index.html", "date_published": "2022-10-24 09:00:23+00:00", "persistent": false, "user": null, "language": "en-US"}, {"source": "http://rss.cnn.com/rss/edition.rss", "title": "UN torture prevention body suspends Australia tour due to lack of cooperation", "description": "The United Nations Subcommittee on the Prevention of Torture (SPT) suspended its tour of Australian prisons on Sunday, citing a lack of cooperation from officials who denied them access to some detention facilities.", "link": "https://www.cnn.com/2022/10/24/australia/australia-un-torture-prisons-intl-hnk/index.html", "date_published": "2022-10-24 08:57:40+00:00", "persistent": false, "user": null, "language": "en-US"}, {"source": "http://rss.cnn.com/rss/edition.rss", "title": "Max Verstappen equals single-season win record at US Grand Prix on emotional weekend for Red Bull", "description": "Max Verstappen fought back after pit-stop drama to win the US Grand Prix on Sunday, handing Red Bull the constructors' championship on an emotional weekend for the team.", "link": "https://www.cnn.com/2022/10/24/motorsport/max-verstappen-win-record-red-bull-us-grand-prix-spt-intl/index.html", "date_published": "2022-10-24 08:56:12+00:00", "persistent": false, "user": null, "language": "en-US"}, {"source": "http://rss.cnn.com/rss/edition.rss", "title": "How to stop trying to fix yourself, this expert says", "description": "Straight away, Nora McInerny noticed core differences in how people responded to the coronavirus pandemic.", "link": "https://www.cnn.com/2022/10/24/health/bad-vibes-nora-mcinerny-wellness/index.html", "date_published": "2022-10-24 08:53:19+00:00", "persistent": false, "user": null, "language": "en-US"}, {"source": "http://rss.cnn.com/rss/edition.rss", "title": "Will Cristiano Ronaldo ever play for Manchester United again?", "description": "When Cristiano Ronaldo returned to Manchester United last summer, he was accompanied by so much fanfare that his iconic No.7 jersey became the fastest selling jersey of all time, outstripping those sold by the Tampa Bay Buccaneers when Tom Brady joined or the LA Lakers when they signed LeBron James.", "link": "https://www.cnn.com/2022/10/24/football/cristiano-ronaldo-manchester-united-legacy-spt-intl/index.html", "date_published": "2022-10-24 08:43:14+00:00", "persistent": false, "user": null, "language": "en-US"}, {"source": "http://rss.cnn.com/rss/edition.rss", "title": "From Brexit to now: A timeline of chaos in British politics", "description": "There seems to be no end in sight of the political turmoil that Britain has endured since the country voted to leave the European Union back in 2016. CNN's Anna Stewart reports.", "link": "https://www.cnn.com/videos/world/2022/10/24/brexit-politics-timeline-anna-stewart-pkg-ovn-intl-contd-ldn-vpx.cnn", "date_published": "2022-10-24 08:36:55+00:00", "persistent": false, "user": null, "language": "en-US"}, {"source": "http://rss.cnn.com/rss/edition.rss", "title": "Western officials dismiss Moscow's claims that Ukraine plans to use dirty bomb", "description": "", "link": "http://edition.cnn.com/webview/europe/live-news/russia-ukraine-war-news-10-24-22/index.html", "date_published": "2022-10-24 08:03:38.921364+00:00", "persistent": false, "user": null, "language": "en-US"}, {"source": "http://rss.cnn.com/rss/edition.rss", "title": "Rats with backpacks could help rescue earthquake survivors", "description": "Buildings don't collapse very often -- but when they do, it's catastrophic for those trapped inside. Natural disasters like earthquakes and hurricanes can level entire towns, and for the search and rescue teams trying to find survivors, it's a painstaking task.", "link": "https://www.cnn.com/2022/10/24/world/search-and-rescue-rats-apopo-hnk-spc-intl/index.html", "date_published": "2022-10-24 07:56:29+00:00", "persistent": false, "user": null, "language": "en-US"}, {"source": "http://rss.cnn.com/rss/edition.rss", "title": "Analysis: China's Xi is more powerful than ever. What does it mean for the world?", "description": "It was a crowning moment for Xi Jinping when he stepped onto a red-carpet stage on Sunday to begin his norm-shattering third term as China's supreme leader.", "link": "https://www.cnn.com/2022/10/24/china/china-party-congress-consequences-world-intl-hnk/index.html", "date_published": "2022-10-24 07:41:18+00:00", "persistent": false, "user": null, "language": "en-US"}, {"source": "http://rss.cnn.com/rss/edition.rss", "title": "Man who allegedly shot and killed two Dallas hospital employees was in the building to watch his child's birth, authorities say", "description": "The man who allegedly shot and killed two employees in the maternity ward of a Dallas hospital was in the building to attend the birth of his child, Texas authorities said.", "link": "https://www.cnn.com/2022/10/24/us/dallas-hospital-shooting-suspect-monday/index.html", "date_published": "2022-10-24 07:34:30+00:00", "persistent": false, "user": null, "language": "en-US"}, {"source": "http://rss.cnn.com/rss/edition.rss", "title": "Opinion: Part of me wished Iran's godforsaken prison would burn to the ground", "description": "\"Evin's on fire! It's going up in flames, and they're shooting at the prisoners inside!\" This was one of the flurry of messages I received late October 15 from Iranian activists and fellow survivors of the country's most notorious prison.", "link": "https://www.cnn.com/2022/10/24/opinions/iran-evin-prison-fire-inmate-kylie-moore-gilbert/index.html", "date_published": "2022-10-24 07:23:42+00:00", "persistent": false, "user": null, "language": "en-US"}, {"source": "http://rss.cnn.com/rss/edition.rss", "title": "US official says Russia's purported fears of Ukraine using a dirty bomb are 'transparently false'", "description": "", "link": "https://edition.cnn.com/webview/europe/live-news/russia-ukraine-war-news-10-24-22#h_17c574ceaca97e41638ca1393430c382", "date_published": "2022-10-24 07:02:54.631620+00:00", "persistent": false, "user": null, "language": "en-US"}, {"source": "http://rss.cnn.com/rss/edition.rss", "title": "Western officials dismiss Moscow's claims that Ukraine plans to use dirty bomb", "description": "\u2022 Kherson resident describes a ghost town of exhausted people", "link": "https://www.cnn.com/europe/live-news/russia-ukraine-war-news-10-24-22/index.html", "date_published": "2022-10-24 05:47:29+00:00", "persistent": false, "user": null, "language": "en-US"}, {"source": "http://rss.cnn.com/rss/edition.rss", "title": "Rishi Sunak is clear front-runner for UK prime minister after Boris Johnson drops out", "description": "", "link": "https://www.cnn.com/collections/intl-1024-uk/", "date_published": "2022-10-24 04:18:07+00:00", "persistent": false, "user": null, "language": "en-US"}, {"source": "http://rss.cnn.com/rss/edition.rss", "title": "Rishi Sunak is clear front-runner for UK prime minister after Boris Johnson drops out", "description": "\u2022 Opinion: An astonishing fall from grace\n\u2022 How much money Truss could receive as ex-prime minister, despite record-short term", "link": "https://www.cnn.com/2022/10/24/uk/uk-new-prime-minister-political-crisis-intl-gbr/index.html", "date_published": "2022-10-24 04:10:12+00:00", "persistent": false, "user": null, "language": "en-US"}, {"source": "http://rss.cnn.com/rss/edition.rss", "title": "America's next Trump 'circus'", "description": "Former President Donald Trump and his movement are posing new challenges to accountability, free elections and the rule of law, ushering in a fresh period of political turmoil.", "link": "https://www.cnn.com/2022/10/24/politics/donald-trump-circus-analysis/index.html", "date_published": "2022-10-24 04:02:26+00:00", "persistent": false, "user": null, "language": "en-US"}, {"source": "http://rss.cnn.com/rss/edition.rss", "title": "China releases stronger-than-expected GDP data after Xi secures historic third term", "description": "China released stronger-than-expected GDP and other economic data on Monday, just a day after Xi Jinping clinched a historic third term in power following the conclusion of a major political gathering.", "link": "https://www.cnn.com/2022/10/23/economy/china-gdp-released-xi-third-term-stock-market-intl-hnk/index.html", "date_published": "2022-10-24 03:14:10+00:00", "persistent": false, "user": null, "language": "en-US"}, {"source": "http://rss.cnn.com/rss/edition.rss", "title": "US official says Russia's purported fears of Ukraine using a dirty bomb are 'transparently false'", "description": "Russia's defense minister accused Ukrainians of planning to use a so-called dirty bomb -- a claim that was strongly refuted by US officials on Sunday as a Russian false flag operation.", "link": "https://www.cnn.com/2022/10/23/politics/dirty-bomb-ukraine-russia-fears-us-refute/index.html", "date_published": "2022-10-24 02:23:49+00:00", "persistent": false, "user": null, "language": "en-US"}, {"source": "http://rss.cnn.com/rss/edition.rss", "title": "Your dog can earn $10,000 a year as a pup influencer", "description": "If you're one of those people who created a social media page for your dog, then keep reading ...", "link": "https://www.cnn.com/2022/10/23/business/yappy-dog-contest-trnd/index.html", "date_published": "2022-10-24 01:33:47+00:00", "persistent": false, "user": null, "language": "en-US"}, {"source": "http://rss.cnn.com/rss/edition.rss", "title": "Matthew Perry recounts how Jennifer Aniston confronted him about his substance abuse", "description": "Matthew Perry is continuing to share candid moments from his long journey to sobriety and the struggles he endured during his run on NBC's \"Friends\" while yoyo-ing between addictions to Vicodin and alcohol.", "link": "https://www.cnn.com/2022/10/23/entertainment/matthew-perry-jennifer-aniston-alcohol/index.html", "date_published": "2022-10-24 01:22:10+00:00", "persistent": false, "user": null, "language": "en-US"}, {"source": "http://rss.cnn.com/rss/edition.rss", "title": "Iran says it will sue US, alleging 'direct involvement' in protests", "description": "", "link": "https://www.cnn.com/collections/intl-2410-iran/", "date_published": "2022-10-24 01:06:56+00:00", "persistent": false, "user": null, "language": "en-US"}, {"source": "http://rss.cnn.com/rss/edition.rss", "title": "Billionaire dumps Australia netball team in dispute over father's racist comments", "description": "When Australia's richest woman Gina Rinehart threw a financial lifeline to Netball Australia, she triggered a debate about sponsorships and the role of social and political issues in the sporting sphere. Then she walked away.", "link": "https://www.cnn.com/2022/10/23/sport/australia-netball-rinehart-diamonds-sponsorship-spt-intl-hnk/index.html", "date_published": "2022-10-24 00:58:49+00:00", "persistent": false, "user": null, "language": "en-US"}]