[{"source": "https://www.youtube.com/feeds/videos.xml?channel_id=UC7v3-2K1N84V67IF-WTRG-Q", "title": "House of the Dragon: Season 1 FINALE - Review", "description": "Video Sponsored by Ridge Wallet. Check them out here: https://ridge.com/jahns. Use Code \u201cJAHNS\u201d for 10% off your order\n\nHOUSE OF THE DRAGON Season1 has ended! Solid season of television, and ends with much to look forward to. Here are my thoughts!\n\n#HouseOfTheDragon #HouseOfTheDragonFinale", "link": "https://www.youtube.com/watch?v=YuK1lW09HIc", "date_published": "2022-10-25 00:00:00+00:00", "persistent": false, "user": null, "language": "en-US"}]