[{"source": "https://www.youtube.com/feeds/videos.xml?channel_id=UCNvzD7Z-g64bPXxGzaQaa4g", "title": "Modern Warfare 2 - Before You Buy", "description": "Call of Duty Modern Warfare 2 (PC, PS5, PS4, Xbox Series X/S/One) continues the adventure of characters revamped in 2019. How is the campaign? Let's talk.\nSubscribe for more: http://youtube.com/gameranxtv \u25bc\u25bc\n\nBuy MW2: https://amzn.to/3WdofMC\n\n\nWatch more 'Before You Buy': https://bit.ly/2kfdxI6", "link": "https://www.youtube.com/watch?v=6WrNERKerbc", "date_published": "2022-10-25 00:00:00+00:00", "persistent": false, "user": null, "language": "en-US"}, {"source": "https://www.youtube.com/feeds/videos.xml?channel_id=UCNvzD7Z-g64bPXxGzaQaa4g", "title": "Top 10 NEW Games of November 2022", "description": "Looking for something new to play on PC, PS5, PS4, Xbox Series X/S/One and Switch this November? We've got you covered with these new game releases and their release dates.\nSubscribe for more: https://www.youtube.com/gameranxTV?sub_confirmation=1\n\n0:00 Intro\n0:16 The Dark Pictures Anthology: The Devil in Me \n1:45 Warhammer 40,000: Darktide \n2:51 Vail VR \n4:37 Goat Simulator 3 \n5:31 Sonic Frontiers\n7:11 Spider-Man: Miles Morales PC \n8:02 Pok\u00e9mon Scarlet and Violet \n9:20 Evil West\n10:13 Gungrave G.O.R.E.\n11:20 God of War Ragnar\u00f6k\n\n\n#10 The Dark Pictures Anthology: The Devil in Me \n\nPlatform : PC PS4 PS5 XSX|S Xbox One\n\nRelease Date : November 18, 2022\n\n\n\n#9 Warhammer 40,000: Darktide \n\nPlatform : PC\n\nRelease Date : November 30, 2022\n\n\n\n#8 Vail VR \n\nPlatform : PC \n\nRelease Date : November 17, 2022\n\n\n\n#7 Goat Simulator 3 \n\nPlatform : PC PS5 XSX|S\n\nRelease Date : November 17, 2022\n\n\n\n#6 Sonic Frontiers\n\nPlatform : Switch PC PS4 PS5 XSX|S Xbox One\n\nRelease Date : November 8, 2022\n\n\n\n#5 Spider-Man: Miles Morales PC \n\nPlatform : PC \n\nRelease Date : November 18, 2022\n\n\n\n#4 Pok\u00e9mon Scarlet and Violet \n\nPlatform : Switch\n\nRelease Date : November 18, 2022\n\n\n\n#3 Evil West  \n\nPlatform : PC PS4 PS5 XSX|S Xbox One \n\nRelease Date : November 22, 2022\n\n \n\n#2 Gungrave G.O.R.E. \n\nPlatform : PC PS4 PS5 XSX|S Xbox One \n\nRelease Date : November 22, 2022\n\n\n\n#1 God of War Ragnar\u00f6k\n\nPlatform : PS5 PS4\n\nRelease Date : November 9, 2022 \n\n\n\nBonus:- \n\nCall of Duty: Warzone 2.0 \n\nPlatform : PC PS4 PS5 Xbox One XSX|S \n\nRelease Date : November 16, 2022", "link": "https://www.youtube.com/watch?v=qW_t4PWW2xQ", "date_published": "2022-10-24 00:00:00+00:00", "persistent": false, "user": null, "language": "en-US"}]