[{"source": "https://www.youtube.com/feeds/videos.xml?channel_id=UCLr4hMhk_2KE0GUBSBrspGA", "title": "DJI Action 3 Premierowo - Nowa, sportowa i trzyma poziom ;)", "description": "DJI Action 3 - https://bit.ly/3eTiSB6 \nCeny (ceneo) - https://bit.ly/3zyR3oY \n\nMoje sociale:\nhttps://www.instagram.com/kubaklawiter/\nhttps://twitter.com/KubaKlawiter\n\nW odcinku:\n00:00 Kamerki sportowe na rynku: GoPro, insta360, DJI\n00:32 Pierwsza kamera sportowa od DJI \u2013 Osmo Action\n00:48 Action 2 od DJI\n01:28 Osmo Action 3\n01:45 Sposoby mocowania kamery\n02:08 Przedni ekran\n02:22 Mikrofony\n02:48 Mo\u017cliwo\u015b\u0107 pod\u0142\u0105czenia mikrofonu zewn\u0119trznego\n03:10 Przegrzewanie si\u0119\n03:24 Mo\u017cliwo\u015bci video kamery i stabilizacja\n03:54 Case z bateriami \u2013 powerbank\n04:26 Informacja dla nurk\u00f3w\n04:34 Webcam\n04:46 Podsumowanie i materia\u0142 z kamery\n05:15 Po\u017cegnanie", "link": "https://www.youtube.com/watch?v=4HnTrZChBV8", "date_published": "2022-09-14 00:00:00+00:00", "persistent": false, "user": null, "language": "en-US"}, {"source": "https://www.youtube.com/feeds/videos.xml?channel_id=UCLr4hMhk_2KE0GUBSBrspGA", "title": "GoPro Hero 11 Black Premierowo - Te\u017c nowa, te\u017c sportowa i te\u017c trzyma poziom ;)", "description": "Dzi\u0119ki GoHERO.pl za wypo\u017cyczenie kamery do test\u00f3w!\nGoPro Hero 11 Black - https://bit.ly/3QEjuaJ\n\nMoje sociale:\nhttps://www.instagram.com/kubaklawiter/\nhttps://twitter.com/KubaKlawiter\n\nFilm z DJI Action 3, kt\u00f3ry r\u00f3wnie\u017c mia\u0142 dzi\u015b swoj\u0105 premier\u0119 znajdziecie tutaj: https://youtu.be/4HnTrZChBV8\n\nW odcinku:\n00:00 Tryb Easy w GoPro Hero 11\n00:48 Bateria i akcesoria od GoPro 10\n01:21 Matryca 8:7\n02:05 Rozdzielczo\u015b\u0107: DJI Action 3 vs GoPro Hero 11 Black\n03:17 Stabilizacja: DJI vs GoPro\n04:18 Nurkowanie z GoPro i z DJI Action\n04:28 Webcam i GPS w GoPro\n04:56 Mo\u017cliwo\u015bci foto\n05:03 Nowa funkcja: automatyczne montowanie materia\u0142\u00f3w video\n06:06 Materia\u0142 wideo z GoPro Hero 11\n06:35 Podsumowanie\n06:54 Do zobaczenia", "link": "https://www.youtube.com/watch?v=29YfovgoMZ0", "date_published": "2022-09-14 00:00:00+00:00", "persistent": false, "user": null, "language": "en-US"}]