[{"source": "https://www.youtube.com/feeds/videos.xml?channel_id=UCF9IOB2TExg3QIBupFtBDxg", "title": "Africa, low vaccination, covid over.", "description": "Despite very low vaccination rates, Uganda is now essentially over the pandemic. Do watch this video, we in the West can learn a lot.\n\nCheck out Wewafwa's channel for more great content from Uganda, https://www.youtube.com/c/WefwafwaAndrew\n\nSubscribing to this channel will help our community health work.\n\nVisit to Grandma Alice, light and validation of spending, https://www.youtube.com/watch?v=8Y5l8djeCFk&t=72s", "link": "https://www.youtube.com/watch?v=aYyoiFEUq-Y", "date_published": "2022-09-14 00:00:00+00:00", "persistent": false, "user": null, "language": "en-US"}, {"source": "https://www.youtube.com/feeds/videos.xml?channel_id=UCF9IOB2TExg3QIBupFtBDxg", "title": "Village health and disease", "description": "Direct link to original video, https://www.youtube.com/watch?v=ddRPIY4u50U\nFor more reports from Uganda, https://www.youtube.com/c/WefwafwaAndrew", "link": "https://www.youtube.com/watch?v=3hdF0tmcVyE", "date_published": "2022-09-14 00:00:00+00:00", "persistent": false, "user": null, "language": "en-US"}, {"source": "https://www.youtube.com/feeds/videos.xml?channel_id=UCF9IOB2TExg3QIBupFtBDxg", "title": "44% of hospitalisations boosted", "description": "CDC Says 44% of People Hospitalized With COVID Had Third Dose or Booster\n\nhttps://www.medscape.com/viewarticle/980351?src=mkm_ret_220912_mscpmrk_trdalrtuk03_int&uac=127834AR&impID=4631827&faf=1\n\nAlmost half the people who were hospitalized with COVID-19 last spring had been fully vaccinated and received a third dose or booster shot\n\nhttps://www.cdc.gov/mmwr/volumes/71/wr/mm7134a3.htm?s_cid=mm7134a3_x\n\nLaboratory-Confirmed COVID-19\u2013Associated Hospitalizations Among Adults During SARS-CoV-2 Omicron BA.2 Variant Predominance \n\nData from the COVID-19\u2013Associated Hospitalization Surveillance Network\n\nMarch 20\u2013May 31, 2022\n\nAmong hospitalized nonpregnant patients\n\n39.1% had received a primary vaccination series and 1 booster (3 jabs)\n\n5.0% had received a primary series and \u22652 boosters (4 jabs)\n\n39.1 + 5 = 44.1%\n\n(Medscape is correct, well under by 0.1%)\n\nTherefore, CDC advises\n\nAll adults should stay up to date\u2020 with COVID-19 vaccination, \n\nmultiple nonpharmaceutical and medical prevention measures should be used to protect those at high risk for severe COVID-19 illness, \n\nirrespective of vaccination status\n\nWhy?\n\nUnvaccinated adults were 3.4 times more likely to be hospitalized with COVID than those who were vaccinated\n\nAlso in this CDC report\n\nHospitalization rates among adults aged \u226565 years,\n\nincreased threefold\n\nHospitalization rates in adults aged 18\u201349 and 50\u201364 years,\n\nboth increased 1.7-fold during omicron surge\n\nhttps://support.google.com/youtube/answer/11161123\n\nVaccine safety: content alleging that vaccines cause chronic side effects, outside of rare side effects that are recognised by health authorities\n\nEfficacy of vaccines: content claiming that vaccines do not reduce transmission or contraction of disease \n\nhttps://support.google.com/youtube/answer/9891785\n\nClaims that there is a guaranteed prevention method for COVID-19\n\nClaims that any medication or vaccination is a guaranteed prevention method for COVID-19\n\nClaims about COVID-19 vaccinations that contradict expert consensus from local health authorities or the WHO\n\nClaims that an approved COVID-19 vaccine will cause death, infertility, miscarriage, autism or contraction of other infectious diseases\n\nClaims that COVID-19 vaccines do not reduce risk of serious illness or death\n\nNew Zealand drops mask and vaccine mandates in sweeping Covid changes\n\nhttps://www.theguardian.com/world/2022/sep/12/new-zealand-drops-mask-and-vaccine-mandates-in-sweeping-covid-changes\n\nDeaths, 1,950 (about 50 at the end of 2021)\n\nHospitalisations, (NZ key metric) down sharply in recent weeks\n\nJacinda Ardern\n\nToday marks a milestone in our response. \n\nFinally, rather than feeling that Covid dictates what happens to us, \n\nour lives, and our futures, \n\nwe take back control\n\nMask-wearing, only compulsory in healthcare settings\n\n(largely ignored anyway)\n\nEnd of vaccine mandates, for workers and inbound travellers\n\nTests on arrival in NZ, encouraged\n\nCovid-positives, still required to isolate (no longer household contacts)\n\nThis will be the first summer in three years where there won\u2019t be the question of what we will and what won\u2019t be cancelled because of Covid cases", "link": "https://www.youtube.com/watch?v=szUC8GpGJ4A", "date_published": "2022-09-13 00:00:00+00:00", "persistent": false, "user": null, "language": "en-US"}]