[{"source": "https://www.digitaltrends.com/news/rss", "title": "Intel Raptor Lake sets a sizzling new record for clock speeds", "description": "Intel has revealed new information about the upcoming Raptor Lake CPUs. Expect the clock speeds to hit previously unseen heights.", "link": "https://www.digitaltrends.com/computing/intel-raptor-lake-hits-8-ghz/", "date_published": "2022-09-13 06:59:42.346666+00:00", "persistent": false, "user": null, "language": "en-US"}, {"source": "https://www.digitaltrends.com/news/rss", "title": "We may have just seen the Meta Quest Pro, and it looks super sleek", "description": "A prototype of the secret Meta headset was left behind in a hotel room and discovered by Facebook Gaming personality Ramiro Cardenas, aka Zectariuz Gaming.", "link": "https://www.digitaltrends.com/computing/weve-seen-the-meta-quest-pro-looks-sleek/", "date_published": "2022-09-13 06:59:42.336909+00:00", "persistent": false, "user": null, "language": "en-US"}]