[{"source": "https://tvn24.pl/wiadomosci-ze-swiata,2.xml", "title": "Mo\u017cliwe alerty IMGW. Synoptycy mog\u0105 ostrzega\u0107 przed ulewnym deszczem", "description": "<img alt=\"Mo\u017cliwe alerty IMGW. Synoptycy mog\u0105 ostrzega\u0107 przed ulewnym deszczem\" src=\"https://tvn24.pl/tvnmeteo/najnowsze/cdn-zdjecie8ea1d2eaf6dfc710b6ba4cc0b1245a93-miejscami-moze-spasc-ulewny-deszcz-5140555/alternates/LANDSCAPE_1280\" />\n    IMGW wyda\u0142 prognoz\u0119 zagro\u017ce\u0144 pogodowych. Wed\u0142ug komunikat\u00f3w, synoptycy zamierzaj\u0105 w \u015brod\u0119 ostrzega\u0107 przed ulewnymi opadami deszczu. Sprawd\u017a, gdzie aura mo\u017ce da\u0107 si\u0119 nam we znaki.", "link": "https://tvn24.pl/tvnmeteo/pogoda/mozliwe-alerty-imgw-przed-ulewnym-deszczem-prognoza-zagrozen-na-srode-6110485?source=rss", "date_published": "2022-09-13 13:58:30+00:00", "persistent": false, "user": null, "language": "pl-PL"}, {"source": "https://tvn24.pl/wiadomosci-ze-swiata,2.xml", "title": "Przekroczony bud\u017cet na dodatki w\u0119glowe, kiedy wyp\u0142ata \u015bwiadcze\u0144. Ministerstwo odpowiada", "description": "<img alt=\"Przekroczony bud\u017cet na dodatki w\u0119glowe, kiedy wyp\u0142ata \u015bwiadcze\u0144. Ministerstwo odpowiada\" src=\"https://tvn24.pl/najnowsze/cdn-zdjecie-uvkxqv-pieniadze-zlotowki-pln-shutterstock1246227253-5760573/alternates/LANDSCAPE_1280\" />\n    Wed\u0142ug danych zebranych przez TVN24 Biznes z 14 wojew\u00f3dztw kwota wynikaj\u0105ca z wniosk\u00f3w o dodatek w\u0119glowy si\u0119gn\u0119\u0142a 15,7 miliarda z\u0142otych. Tymczasem na wyp\u0142at\u0119 \u015bwiadczenia rz\u0105d przeznaczy\u0142 11,5 miliarda z\u0142otych. Aleksander Brz\u00f3zka, rzecznik Ministerstwa \u015arodowiska", "link": "https://tvn24.pl/biznes/z-kraju/dodatek-weglowy-przekroczony-budzet-zmiana-przepisow-rzecznik-ministerstwa-klimatu-komentuje-6110408?source=rss", "date_published": "2022-09-13 13:57:56+00:00", "persistent": false, "user": null, "language": "pl-PL"}]