[{"source": "https://www.youtube.com/feeds/videos.xml?channel_id=UCXuqSBlHAE6Xw-yeJA0Tunw", "title": "This Is So Embarrassing! - Building a PC with My Sister", "description": "Check out Corsair's new K70 Pro Mini Wireless Keyboard at https://lmg.gg/K70ProMiniLTT\n\nSave 10% and Free Worldwide Shipping at Ridge Wallet by using offer code LINUS at https://www.ridge.com/LINUS\n\nLinus' sister is playing The Sims 4 on an old Macbook. He'd like to change that and see if she can be converted to the glorious ways of the mighty PC, but it comes at the cost of some embarrassing childhood stories.\n\nDiscuss on the forum: https://linustechtips.com/topic/1455257-this-is-so-embarrassing/\n\nBuy an RTX 3060 Ti: https://geni.us/AnUl0L\n\nBuy an MSI Pro Z690 A WiFi: https://geni.us/Cqmdts\n\nBuy a Core i5 12400: https://geni.us/7Mn6\n\nBuy a Crucial P5+ 1TB: https://geni.us/VuMHnuG\n\nBuy a G.Skill Ripjaws V 2x8GB 3600MHz CL18: https://geni.us/200UOC\n\nBuy a Noctua NH U12S: https://geni.us/tWdjLS\n\nBuy Fractal Pop Air: https://geni.us/cH9T9\n\nBuy a RM750X Gold: https://geni.us/Y9HOh\n\nPurchases made through some store links may provide some compensation to Linus Media Group.\n\n\u25ba GET MERCH: https://lttstore.com\n\u25ba SUPPORT US ON FLOATPLANE: https://www.floatplane.com/ltt\n\u25ba AFFILIATES, SPONSORS & REFERRALS: https://lmg.gg/sponsors\n\u25ba PODCAST GEAR: https://lmg.gg/podcastgear\n\n\nFOLLOW US \n---------------------------------------------------  \nTwitter: https://twitter.com/linustech\nFacebook: http://www.facebook.com/LinusTech\nInstagram: https://www.instagram.com/linustech\nTikTok: https://www.tiktok.com/@linustech\nTwitch: https://www.twitch.tv/linustech\n\nMUSIC CREDIT\n---------------------------------------------------\nIntro: Laszlo - Supernova\nVideo Link: https://www.youtube.com/watch?v=PKfxmFU3lWY\niTunes Download Link: https://itunes.apple.com/us/album/supernova/id936805712\nArtist Link: https://soundcloud.com/laszlomusic\n\nOutro: Approaching Nirvana - Sugar High\nVideo Link: https://www.youtube.com/watch?v=ngsGBSCDwcI\nListen on Spotify: http://spoti.fi/UxWkUw\nArtist Link: http://www.youtube.com/approachingnirvana\n\nIntro animation by MBarek Abdelwassaa https://www.instagram.com/mbarek_abdel/\nMonitor And Keyboard by vadimmihalkevich / CC BY 4.0  https://geni.us/PgGWp\nMechanical RGB Keyboard by BigBrotherECE / CC BY 4.0 https://geni.us/mj6pHk4\nMouse Gamer free Model By Oscar Creativo / CC BY 4.0 https://geni.us/Ps3XfE\n\nCHAPTERS\n---------------------------------------------------\n0:00 Intro\n1:02 The Deal\n2:05 Stories\n4:30 Motherboard\n5:25 CPU\n7:22 More Stories\n10:05 Linus the Troublemaker\n12:34 GPU\n14:00 Boot\n14:55 Conclusion\n17:33 Outro", "link": "https://www.youtube.com/watch?v=AOdp09SYhCc", "date_published": "2022-09-14 00:00:00+00:00", "persistent": false, "user": null, "language": "en-US"}, {"source": "https://www.youtube.com/feeds/videos.xml?channel_id=UCXuqSBlHAE6Xw-yeJA0Tunw", "title": "This $69 Gaming PC is INCREDIBLE", "description": "A portion of this video was sponsored by IBM. Want to learn more? Check out IBM\u2019s YouTube channel or New Creators homepage: https://ibm.co/3QtW6wD\n\nOur last $69 gaming PC from 2018 was a pretty good machine for the budget. Will we be able to beat it in 2022? Watch to find out!\n\nDiscuss on the forum: https://linustechtips.com/topic/1455063-this-69-gaming-pc-is-incredible/\n\nBuy an AData SU635: https://geni.us/JQ5f\nBuy an AData SU760: https://geni.us/wvJHE\n\nPurchases made through some store links may provide some compensation to Linus Media Group.\n\n\u25ba GET MERCH: https://lttstore.com\n\u25ba SUPPORT US ON FLOATPLANE: https://www.floatplane.com/ltt\n\u25ba AFFILIATES, SPONSORS & REFERRALS: https://lmg.gg/sponsors\n\u25ba PODCAST GEAR: https://lmg.gg/podcastgear\n\n\nFOLLOW US \n---------------------------------------------------  \nTwitter: https://twitter.com/linustech\nFacebook: http://www.facebook.com/LinusTech\nInstagram: https://www.instagram.com/linustech\nTikTok: https://www.tiktok.com/@linustech\nTwitch: https://www.twitch.tv/linustech\n\nMUSIC CREDIT\n---------------------------------------------------\nIntro: Laszlo - Supernova\nVideo Link: https://www.youtube.com/watch?v=PKfxmFU3lWY\niTunes Download Link: https://itunes.apple.com/us/album/supernova/id936805712\nArtist Link: https://soundcloud.com/laszlomusic\n\nOutro: Approaching Nirvana - Sugar High\nVideo Link: https://www.youtube.com/watch?v=ngsGBSCDwcI\nListen on Spotify: http://spoti.fi/UxWkUw\nArtist Link: http://www.youtube.com/approachingnirvana\n\nIntro animation by MBarek Abdelwassaa https://www.instagram.com/mbarek_abdel/\nMonitor And Keyboard by vadimmihalkevich / CC BY 4.0  https://geni.us/PgGWp\nMechanical RGB Keyboard by BigBrotherECE / CC BY 4.0 https://geni.us/mj6pHk4\nMouse Gamer free Model By Oscar Creativo / CC BY 4.0 https://geni.us/Ps3XfE\n\nCHAPTERS\n---------------------------------------------------\n0:00 Intro\n1:48 A new challenger - HP Z420\n2:20 Looking inside the Z420\n5:40 Availability and more options\n7:55 A GPU and storage for $25?\n9:40 GPU secured!\n10:35 Storage for $2.07?\n12:05 Step 1 Sell old GPU. Step 2 cha-ching!\n12:54 Booting up the $69 PC\n13:36 Benchmarking games\n16:19 Conclusion\n16:53 Outro", "link": "https://www.youtube.com/watch?v=xTAzwKiQ7Ns", "date_published": "2022-09-13 00:00:00+00:00", "persistent": false, "user": null, "language": "en-US"}]