[{"source": "https://www.youtube.com/feeds/videos.xml?channel_id=UCqg5FCR7NrpvlBWMXdt-5Vg", "title": "Feels Like E3 in September \u2014 Tears of the Kingdom, Ragnarok, and Yakuza 8 | Breakout", "description": "This week on Breakout we're discussing how all of a sudden it feels like we just got E3 in September.\r\n\r\nFeaturing Nick Calandra, Marty Sliva, and KC Nwosu, the freeform podcast dives into a bit of our daily lives, the latest games, movies, tv shows and books, the occasional craft beer review and random topics we find interesting.\r\n\r\nJoin YouTube Memberships and support our content for Early Access to new videos, exclusive Discord perks & more for just $2 per month \u25ba\u25ba https://www.youtube.com/channel/UCqg5FCR7NrpvlBWMXdt-5Vg/join\r\n\r\nJoin our growing Discord community: https://discord.gg/A6T2gKrDwB\r\n\r\nSubscribe to Escapist Magazine! \u25ba\u25ba http://bit.ly/Sub2Escapist\r\n\r\nWant to see the next episode a week early? Check out http://www.escapistmagazine.com for the latest episodes of your favorite shows.\r\n\r\n---\r\n\r\n\r\n\r\n---\r\n\r\nThe Escapist Merch Store \u25ba\u25bahttps://teespring.com/stores/the-escapist-store\r\nJoin us on Twitch \u25ba\u25ba https://www.twitch.tv/the_escapist_official\r\nLike us on Facebook \u25ba\u25ba http://www.facebook.com/EscapistMag\r\nFollow us on Twitter \u25ba\u25ba https://twitter.com/EscapistMag", "link": "https://www.youtube.com/watch?v=5mFLRVwy8WI", "date_published": "2022-09-14 00:00:00+00:00", "persistent": false, "user": null, "language": "en-US"}, {"source": "https://www.youtube.com/feeds/videos.xml?channel_id=UCqg5FCR7NrpvlBWMXdt-5Vg", "title": "The Mortuary Assistant (Zero Punctuation)", "description": "Support us on Patreon to get Early Access to new videos, exclusive Discord perks & more for just $2 per month \u25ba\u25ba https://www.patreon.com/the_escapist\n\nThis week on Zero Punctuation, Yahtzee reviews The Mortuary Assistant. \n\nJoin our growing Discord community: https://discord.gg/A6T2gKrDwB\n\nSubscribe to Escapist Magazine! \u25ba\u25ba http://bit.ly/Sub2Escapist\n\nWant to see the next episode a week early? Check out http://www.escapistmagazine.com for the latest episodes of your favorite shows.\n\n---\n\n\n\n---\n\nThe Escapist Merch Store \u25ba\u25bahttps://teespring.com/stores/the-escapist-store\nJoin us on Twitch \u25ba\u25ba https://www.twitch.tv/the_escapist_official\nLike us on Facebook \u25ba\u25ba http://www.facebook.com/EscapistMag\nFollow us on Twitter \u25ba\u25ba https://twitter.com/EscapistMag", "link": "https://www.youtube.com/watch?v=fBc0TSmF85g", "date_published": "2022-09-14 00:00:00+00:00", "persistent": false, "user": null, "language": "en-US"}, {"source": "https://www.youtube.com/feeds/videos.xml?channel_id=UCqg5FCR7NrpvlBWMXdt-5Vg", "title": "Yahtzee and Marty Play Soul Hackers 2 | Post-ZP Stream", "description": "Join our YouTube Membership program for Early Access to videos, badges, emojis, bonus content and more. \u25ba\u25ba https://www.youtube.com/channel/UCqg5FCR7NrpvlBWMXdt-5Vg/join\r\n\r\nYahtzee plays two hours of Soul Hackers 2 for today's Post-ZP Stream.\r\n\r\nSubscribe to Escapist Magazine! \u25ba\u25ba http://bit.ly/Sub2Escapist\u200b\r\n\r\nWant to see the next episode a week early? Check out http://www.escapistmagazine.com\u200b for the latest episodes of your favorite shows.\r\n\r\n---\r\n\r\n\r\n\r\n---\r\n\r\n\r\nThe Escapist Merch Store \u25ba\u25bahttps://teespring.com/stores/the-esca...\u200b\r\nJoin us on Twitch \u25ba\u25ba https://www.twitch.tv/the_escapist_official\r\nLike us on Facebook \u25ba\u25ba http://www.facebook.com/EscapistMag\u200b\r\nFollow us on Twitter \u25ba\u25ba https://twitter.com/EscapistMag\r\n\r\n#ZeroPunctuation", "link": "https://www.youtube.com/watch?v=At_7rgpyBcI", "date_published": "2022-09-14 00:00:00+00:00", "persistent": false, "user": null, "language": "en-US"}, {"source": "https://www.youtube.com/feeds/videos.xml?channel_id=UCqg5FCR7NrpvlBWMXdt-5Vg", "title": "You Suck at Parking | Review in 3 Minutes", "description": "Elise Avery reviews You Suck at Parking, developed by Happy Volcano. \n\nYou Suck at Parking on Steam: https://store.steampowered.com/app/837880/You_Suck_at_Parking/\n\nSupport us on Patreon to get Early Access to new videos, exclusive Discord perks & more for just $2 per month \u25ba\u25ba https://www.patreon.com/the_escapist\n\nJoin our growing Discord community: https://discord.gg/A6T2gKrDwB\n\nSubscribe to Escapist Magazine! \u25ba\u25ba http://bit.ly/Sub2Escapist\n\nWant to see the next episode a week early? Check out http://www.escapistmagazine.com for the latest episodes of your favorite shows.\n\n---\n\n\n\n---\n\nThe Escapist Merch Store \u25ba\u25bahttps://teespring.com/stores/the-escapist-store\nJoin us on Twitch \u25ba\u25ba https://www.twitch.tv/the_escapist_official\nLike us on Facebook \u25ba\u25ba http://www.facebook.com/EscapistMag\nFollow us on Twitter \u25ba\u25ba https://twitter.com/EscapistMag", "link": "https://www.youtube.com/watch?v=Qn8G4IAuhh4", "date_published": "2022-09-14 00:00:00+00:00", "persistent": false, "user": null, "language": "en-US"}, {"source": "https://www.youtube.com/feeds/videos.xml?channel_id=UCqg5FCR7NrpvlBWMXdt-5Vg", "title": "Metal: Hellsinger | Review in 3 Minutes", "description": "Jesse Galena reviews Metal: Hellsinger, developed by The Outsiders.\n\nMetal: Hellsinger on Steam: https://store.steampowered.com/app/1061910/Metal_Hellsinger/\n\nSupport us on Patreon to get Early Access to new videos, exclusive Discord perks & more for just $2 per month \u25ba\u25ba https://www.patreon.com/the_escapist\n\nJoin our growing Discord community: https://discord.gg/A6T2gKrDwB\n\nSubscribe to Escapist Magazine! \u25ba\u25ba http://bit.ly/Sub2Escapist\n\nWant to see the next episode a week early? Check out http://www.escapistmagazine.com for the latest episodes of your favorite shows.\n\n---\n\n\n\n---\n\nThe Escapist Merch Store \u25ba\u25bahttps://teespring.com/stores/the-escapist-store\nJoin us on Twitch \u25ba\u25ba https://www.twitch.tv/the_escapist_official\nLike us on Facebook \u25ba\u25ba http://www.facebook.com/EscapistMag\nFollow us on Twitter \u25ba\u25ba https://twitter.com/EscapistMag", "link": "https://www.youtube.com/watch?v=ZKiemJvskjc", "date_published": "2022-09-13 00:00:00+00:00", "persistent": false, "user": null, "language": "en-US"}, {"source": "https://www.youtube.com/feeds/videos.xml?channel_id=UCqg5FCR7NrpvlBWMXdt-5Vg", "title": "Nioh - Deep in the Shadows | The Editor's Hour", "description": "For The Editor's Hour today, Nick's starting his playthrough of NIOH..\r\n\r\nJoin our YouTube Membership program for Early Access to videos, badges, emojis, bonus content and more. \u25ba\u25ba https://www.youtube.com/channel/UCqg5FCR7NrpvlBWMXdt-5Vg/join\r\n\r\nSubscribe to Escapist Magazine! \u25ba\u25ba http://bit.ly/Sub2Escapist\r\n\r\nWant to see the next episode a week early? Check out http://www.escapistmagazine.com for the latest episodes of your favorite shows.\r\n\r\n---\r\n\r\n\r\n\r\n---\r\n\r\n\r\nZero Punctuation Merch Store \u25ba\u25bahttps://teespring.com/stores/the-escapist-store\r\nJoin us on Twitch \u25ba\u25ba https://www.twitch.tv/escapistmagazine \r\nLike us on Facebook \u25ba\u25ba http://www.facebook.com/EscapistMag\r\nFollow us on Twitter \u25ba\u25ba https://twitter.com/EscapistMag", "link": "https://www.youtube.com/watch?v=BHYzQn1csDA", "date_published": "2022-09-13 00:00:00+00:00", "persistent": false, "user": null, "language": "en-US"}, {"source": "https://www.youtube.com/feeds/videos.xml?channel_id=UCqg5FCR7NrpvlBWMXdt-5Vg", "title": "The Rings of Power Finds its Footing | The Recap", "description": "This week on The Recap, we discuss the third episode of Rings of Power, House of the Dragon and Nick gushes about Warrior. \r\n\r\nJoin YouTube Memberships and support our content for Early Access to new videos, exclusive Discord perks & more for just $2 per month \u25ba\u25ba https://www.youtube.com/channel/UCqg5FCR7NrpvlBWMXdt-5Vg/join\r\n\r\nJoin our growing Discord community: https://discord.gg/A6T2gKrDwB\r\n\r\nSubscribe to Escapist Magazine! \u25ba\u25ba http://bit.ly/Sub2Escapist\r\n\r\nWant to see the next episode a week early? Check out http://www.escapistmagazine.com for the latest episodes of your favorite shows.\r\n\r\n---\r\n\r\n\r\n\r\n---\r\n\r\nThe Escapist Merch Store \u25ba\u25bahttps://teespring.com/stores/the-escapist-store\r\nJoin us on Twitch \u25ba\u25ba https://www.twitch.tv/the_escapist_official\r\nLike us on Facebook \u25ba\u25ba http://www.facebook.com/EscapistMag\r\nFollow us on Twitter \u25ba\u25ba https://twitter.com/EscapistMag", "link": "https://www.youtube.com/watch?v=uLuSZBDMwEI", "date_published": "2022-09-13 00:00:00+00:00", "persistent": false, "user": null, "language": "en-US"}]