[{"source": "https://hnrss.org/frontpage", "title": "Is Peer Review a Good Idea? (2020)", "description": "<p>Article URL: <a href=\"https://www.journals.uchicago.edu/doi/10.1093/bjps/axz029\">https://www.journals.uchicago.edu/doi/10.1093/bjps/axz029</a></p>\n<p>Comments URL: <a href=\"https://news.ycombinator.com/item?id=32831386\">https://news.ycombinator.com/item?id=32831386</a></p>\n<p>Points: 4</p>\n<p># Comments: 0</p>", "link": "https://www.journals.uchicago.edu/doi/10.1093/bjps/axz029", "date_published": "2022-09-13 23:20:38+00:00", "persistent": false, "user": null, "language": "en-US"}, {"source": "https://hnrss.org/frontpage", "title": "\u201cSecrets\u201d about the consumer audio business you may find interesting", "description": "<p>Article URL: <a href=\"https://www.audiosciencereview.com/forum/index.php?threads%2Fsecrets-about-the-consumer-audio-business-you-may-find-interesting.37344%2F\">https://www.audiosciencereview.com/forum/index.php?threads%2Fsecrets-about-the-consumer-audio-business-you-may-find-interesting.37344%2F</a></p>\n<p>Comments URL: <a href=\"https://news.ycombinator.com/item?id=32830916\">https://news.ycombinator.com/item?id=32830916</a></p>\n<p>Points: 47</p>\n<p># Comments: 11</p>", "link": "https://www.audiosciencereview.com/forum/index.php?threads%2Fsecrets-about-the-consumer-audio-business-you-may-find-interesting.37344%2F", "date_published": "2022-09-13 22:21:22+00:00", "persistent": false, "user": null, "language": "en-US"}, {"source": "https://hnrss.org/frontpage", "title": "Show HN: BoldContacts Mobile App for Alzheimer's, Parkinson's, ALS, MS, MD", "description": "<p>Article URL: <a href=\"https://github.com/SixArm/BoldContacts\">https://github.com/SixArm/BoldContacts</a></p>\n<p>Comments URL: <a href=\"https://news.ycombinator.com/item?id=32830294\">https://news.ycombinator.com/item?id=32830294</a></p>\n<p>Points: 3</p>\n<p># Comments: 1</p>", "link": "https://github.com/SixArm/BoldContacts", "date_published": "2022-09-13 21:18:10+00:00", "persistent": false, "user": null, "language": "en-US"}, {"source": "https://hnrss.org/frontpage", "title": "Contentedge (YC W17) is hiring to build AI content writing software for SEO", "description": "<p>Article URL: <a href=\"https://www.contentedge.com/?pg=jobs\">https://www.contentedge.com/?pg=jobs</a></p>\n<p>Comments URL: <a href=\"https://news.ycombinator.com/item?id=32830123\">https://news.ycombinator.com/item?id=32830123</a></p>\n<p>Points: 1</p>\n<p># Comments: 0</p>", "link": "https://www.contentedge.com/?pg=jobs", "date_published": "2022-09-13 21:00:39+00:00", "persistent": false, "user": null, "language": "en-US"}, {"source": "https://hnrss.org/frontpage", "title": "Diablo 2, Diablo 4, and Single Player: An open letter to Blizzard", "description": "<p>Article URL: <a href=\"https://www.purediablo.com/diablo-2-diablo-4-and-single-player/\">https://www.purediablo.com/diablo-2-diablo-4-and-single-player/</a></p>\n<p>Comments URL: <a href=\"https://news.ycombinator.com/item?id=32830102\">https://news.ycombinator.com/item?id=32830102</a></p>\n<p>Points: 11</p>\n<p># Comments: 9</p>", "link": "https://www.purediablo.com/diablo-2-diablo-4-and-single-player/", "date_published": "2022-09-13 20:58:13+00:00", "persistent": false, "user": null, "language": "en-US"}, {"source": "https://hnrss.org/frontpage", "title": "US Treasury FAQ on Cyber-Related Sanctions", "description": "<p>Article URL: <a href=\"https://home.treasury.gov/policy-issues/financial-sanctions/faqs/1076\">https://home.treasury.gov/policy-issues/financial-sanctions/faqs/1076</a></p>\n<p>Comments URL: <a href=\"https://news.ycombinator.com/item?id=32830085\">https://news.ycombinator.com/item?id=32830085</a></p>\n<p>Points: 12</p>\n<p># Comments: 2</p>", "link": "https://home.treasury.gov/policy-issues/financial-sanctions/faqs/1076", "date_published": "2022-09-13 20:57:09+00:00", "persistent": false, "user": null, "language": "en-US"}, {"source": "https://hnrss.org/frontpage", "title": "Rust stabilizes generic associated types", "description": "<p>Article URL: <a href=\"https://github.com/rust-lang/rust/pull/96709\">https://github.com/rust-lang/rust/pull/96709</a></p>\n<p>Comments URL: <a href=\"https://news.ycombinator.com/item?id=32829806\">https://news.ycombinator.com/item?id=32829806</a></p>\n<p>Points: 26</p>\n<p># Comments: 0</p>", "link": "https://github.com/rust-lang/rust/pull/96709", "date_published": "2022-09-13 20:30:16+00:00", "persistent": false, "user": null, "language": "en-US"}, {"source": "https://hnrss.org/frontpage", "title": "The Next Incarnation of EDA", "description": "<p>Article URL: <a href=\"https://semiengineering.com/the-next-incarnation-of-eda/\">https://semiengineering.com/the-next-incarnation-of-eda/</a></p>\n<p>Comments URL: <a href=\"https://news.ycombinator.com/item?id=32829553\">https://news.ycombinator.com/item?id=32829553</a></p>\n<p>Points: 8</p>\n<p># Comments: 0</p>", "link": "https://semiengineering.com/the-next-incarnation-of-eda/", "date_published": "2022-09-13 20:05:32+00:00", "persistent": false, "user": null, "language": "en-US"}, {"source": "https://hnrss.org/frontpage", "title": "Twitter trackers jeopardize military aircraft", "description": "<p>Article URL: <a href=\"https://www.usni.org/magazines/proceedings/2022/september/twitter-trackers-jeopardize-military-aircraft-0\">https://www.usni.org/magazines/proceedings/2022/september/twitter-trackers-jeopardize-military-aircraft-0</a></p>\n<p>Comments URL: <a href=\"https://news.ycombinator.com/item?id=32828902\">https://news.ycombinator.com/item?id=32828902</a></p>\n<p>Points: 10</p>\n<p># Comments: 13</p>", "link": "https://www.usni.org/magazines/proceedings/2022/september/twitter-trackers-jeopardize-military-aircraft-0", "date_published": "2022-09-13 19:10:26+00:00", "persistent": false, "user": null, "language": "en-US"}, {"source": "https://hnrss.org/frontpage", "title": "Show HN: Query SQLite files stored in S3", "description": "<p>Article URL: <a href=\"https://github.com/litements/s3sqlite\">https://github.com/litements/s3sqlite</a></p>\n<p>Comments URL: <a href=\"https://news.ycombinator.com/item?id=32828799\">https://news.ycombinator.com/item?id=32828799</a></p>\n<p>Points: 6</p>\n<p># Comments: 0</p>", "link": "https://github.com/litements/s3sqlite", "date_published": "2022-09-13 19:03:08+00:00", "persistent": false, "user": null, "language": "en-US"}, {"source": "https://hnrss.org/frontpage", "title": "Increase: Banking API", "description": "<p>Article URL: <a href=\"https://increase.com/\">https://increase.com/</a></p>\n<p>Comments URL: <a href=\"https://news.ycombinator.com/item?id=32828669\">https://news.ycombinator.com/item?id=32828669</a></p>\n<p>Points: 34</p>\n<p># Comments: 10</p>", "link": "https://increase.com/", "date_published": "2022-09-13 18:53:26+00:00", "persistent": false, "user": null, "language": "en-US"}, {"source": "https://hnrss.org/frontpage", "title": "When to use Bazel?", "description": "<p>Article URL: <a href=\"https://earthly.dev/blog/bazel-build/\">https://earthly.dev/blog/bazel-build/</a></p>\n<p>Comments URL: <a href=\"https://news.ycombinator.com/item?id=32828584\">https://news.ycombinator.com/item?id=32828584</a></p>\n<p>Points: 15</p>\n<p># Comments: 1</p>", "link": "https://earthly.dev/blog/bazel-build/", "date_published": "2022-09-13 18:46:21+00:00", "persistent": false, "user": null, "language": "en-US"}, {"source": "https://hnrss.org/frontpage", "title": "Byte Magazine: Declarative Languages (1985)", "description": "<p>Article URL: <a href=\"https://archive.org/details/byte-magazine-1985-08\">https://archive.org/details/byte-magazine-1985-08</a></p>\n<p>Comments URL: <a href=\"https://news.ycombinator.com/item?id=32828569\">https://news.ycombinator.com/item?id=32828569</a></p>\n<p>Points: 31</p>\n<p># Comments: 1</p>", "link": "https://archive.org/details/byte-magazine-1985-08", "date_published": "2022-09-13 18:45:13+00:00", "persistent": false, "user": null, "language": "en-US"}, {"source": "https://hnrss.org/frontpage", "title": "Mini Metroidvania in 13KB of JavaScript", "description": "<p>Article URL: <a href=\"https://arineonshark.itch.io/infernal-throne\">https://arineonshark.itch.io/infernal-throne</a></p>\n<p>Comments URL: <a href=\"https://news.ycombinator.com/item?id=32828309\">https://news.ycombinator.com/item?id=32828309</a></p>\n<p>Points: 8</p>\n<p># Comments: 2</p>", "link": "https://arineonshark.itch.io/infernal-throne", "date_published": "2022-09-13 18:25:05+00:00", "persistent": false, "user": null, "language": "en-US"}, {"source": "https://hnrss.org/frontpage", "title": "W4 Games raises $8.5M to support Godot Engine growth", "description": "<p>Article URL: <a href=\"https://w4games.com/2022/09/13/w4-games-raises-8-5-million-to-support-godot-engine-growth/\">https://w4games.com/2022/09/13/w4-games-raises-8-5-million-to-support-godot-engine-growth/</a></p>\n<p>Comments URL: <a href=\"https://news.ycombinator.com/item?id=32827762\">https://news.ycombinator.com/item?id=32827762</a></p>\n<p>Points: 119</p>\n<p># Comments: 17</p>", "link": "https://w4games.com/2022/09/13/w4-games-raises-8-5-million-to-support-godot-engine-growth/", "date_published": "2022-09-13 17:46:29+00:00", "persistent": false, "user": null, "language": "en-US"}, {"source": "https://hnrss.org/frontpage", "title": "G\u00f6del, Escher, Bach: an in-depth explainer", "description": "<p>Article URL: <a href=\"https://www.alignmentforum.org/posts/wwNnzaPnB5a48K86N/book-review-goedel-escher-bach-an-in-depth-explainer\">https://www.alignmentforum.org/posts/wwNnzaPnB5a48K86N/book-review-goedel-escher-bach-an-in-depth-explainer</a></p>\n<p>Comments URL: <a href=\"https://news.ycombinator.com/item?id=32827209\">https://news.ycombinator.com/item?id=32827209</a></p>\n<p>Points: 46</p>\n<p># Comments: 20</p>", "link": "https://www.alignmentforum.org/posts/wwNnzaPnB5a48K86N/book-review-goedel-escher-bach-an-in-depth-explainer", "date_published": "2022-09-13 17:12:43+00:00", "persistent": false, "user": null, "language": "en-US"}, {"source": "https://hnrss.org/frontpage", "title": "Patreon Lays off 17% of Staff", "description": "<p>Article URL: <a href=\"https://www.instagram.com/p/CidAMM7pQ7u/\">https://www.instagram.com/p/CidAMM7pQ7u/</a></p>\n<p>Comments URL: <a href=\"https://news.ycombinator.com/item?id=32826610\">https://news.ycombinator.com/item?id=32826610</a></p>\n<p>Points: 65</p>\n<p># Comments: 47</p>", "link": "https://www.instagram.com/p/CidAMM7pQ7u/", "date_published": "2022-09-13 16:36:27+00:00", "persistent": false, "user": null, "language": "en-US"}, {"source": "https://hnrss.org/frontpage", "title": "Patreon Lays off 17% of Staff", "description": "<p>Article URL: <a href=\"https://blog.patreon.com/a-note-from-jack\">https://blog.patreon.com/a-note-from-jack</a></p>\n<p>Comments URL: <a href=\"https://news.ycombinator.com/item?id=32826610\">https://news.ycombinator.com/item?id=32826610</a></p>\n<p>Points: 271</p>\n<p># Comments: 253</p>", "link": "https://blog.patreon.com/a-note-from-jack", "date_published": "2022-09-13 16:36:27+00:00", "persistent": false, "user": null, "language": "en-US"}, {"source": "https://hnrss.org/frontpage", "title": "FB feed is 98% suggested pages and barely any friend's posts", "description": "<p>Article URL: <a href=\"https://old.reddit.com/r/facebook/comments/tvqddc/fb_feed_is_98_suggested_pages_and_barely_any/\">https://old.reddit.com/r/facebook/comments/tvqddc/fb_feed_is_98_suggested_pages_and_barely_any/</a></p>\n<p>Comments URL: <a href=\"https://news.ycombinator.com/item?id=32826437\">https://news.ycombinator.com/item?id=32826437</a></p>\n<p>Points: 216</p>\n<p># Comments: 99</p>", "link": "https://old.reddit.com/r/facebook/comments/tvqddc/fb_feed_is_98_suggested_pages_and_barely_any/", "date_published": "2022-09-13 16:25:25+00:00", "persistent": true, "user": null, "language": "en-US", "tags": ["facebook", "dead internet"]}, {"source": "https://hnrss.org/frontpage", "title": "Scaling Git\u2019s garbage collection", "description": "<p>Article URL: <a href=\"https://github.blog/2022-09-13-scaling-gits-garbage-collection/\">https://github.blog/2022-09-13-scaling-gits-garbage-collection/</a></p>\n<p>Comments URL: <a href=\"https://news.ycombinator.com/item?id=32826072\">https://news.ycombinator.com/item?id=32826072</a></p>\n<p>Points: 23</p>\n<p># Comments: 3</p>", "link": "https://github.blog/2022-09-13-scaling-gits-garbage-collection/", "date_published": "2022-09-13 16:02:11+00:00", "persistent": false, "user": null, "language": "en-US"}, {"source": "https://hnrss.org/frontpage", "title": "X-Plane 12 Early Access", "description": "<p>Article URL: <a href=\"https://www.x-plane.com/desktop/buy-it/\">https://www.x-plane.com/desktop/buy-it/</a></p>\n<p>Comments URL: <a href=\"https://news.ycombinator.com/item?id=32825732\">https://news.ycombinator.com/item?id=32825732</a></p>\n<p>Points: 30</p>\n<p># Comments: 15</p>", "link": "https://www.x-plane.com/desktop/buy-it/", "date_published": "2022-09-13 15:39:24+00:00", "persistent": false, "user": null, "language": "en-US"}, {"source": "https://hnrss.org/frontpage", "title": "Factorio is coming to Nintendo Switch", "description": "<p>Article URL: <a href=\"https://www.factorio.com/blog/post/factorio-on-nintendo-switch\">https://www.factorio.com/blog/post/factorio-on-nintendo-switch</a></p>\n<p>Comments URL: <a href=\"https://news.ycombinator.com/item?id=32825543\">https://news.ycombinator.com/item?id=32825543</a></p>\n<p>Points: 179</p>\n<p># Comments: 58</p>", "link": "https://www.factorio.com/blog/post/factorio-on-nintendo-switch", "date_published": "2022-09-13 15:26:36+00:00", "persistent": false, "user": null, "language": "en-US"}, {"source": "https://hnrss.org/frontpage", "title": "Woman sues after DNA from rape kit used to arrest her", "description": "<p>Article URL: <a href=\"https://nypost.com/2022/09/13/woman-sues-after-dna-from-rape-kit-used-to-arrest-her/\">https://nypost.com/2022/09/13/woman-sues-after-dna-from-rape-kit-used-to-arrest-her/</a></p>\n<p>Comments URL: <a href=\"https://news.ycombinator.com/item?id=32825247\">https://news.ycombinator.com/item?id=32825247</a></p>\n<p>Points: 50</p>\n<p># Comments: 18</p>", "link": "https://nypost.com/2022/09/13/woman-sues-after-dna-from-rape-kit-used-to-arrest-her/", "date_published": "2022-09-13 15:05:45+00:00", "persistent": false, "user": null, "language": "en-US"}, {"source": "https://hnrss.org/frontpage", "title": "Poll: Should you work for yourself or take a full-time job?", "description": "<p>I know it will depend on the person, I'm just curious as to which work arrangement that you all find to be more rewarding in terms of work-life-balance, pay, job satisfaction, etc. By \"Work for yourself\" I mean freelancing, independent contracting, building a profitable application, etc.</p>\n<hr />\n<p>Comments URL: <a href=\"https://news.ycombinator.com/item?id=32825178\">https://news.ycombinator.com/item?id=32825178</a></p>\n<p>Points: 13</p>\n<p># Comments: 23</p>", "link": "https://news.ycombinator.com/item?id=32825178", "date_published": "2022-09-13 15:01:10+00:00", "persistent": false, "user": null, "language": "en-US"}, {"source": "https://hnrss.org/frontpage", "title": "Grafana Labs launches free incident management tool in Grafana Cloud", "description": "<p>Article URL: <a href=\"https://grafana.com/blog/2022/09/13/grafana-incident-for-incident-management-is-now-generally-available-in-grafana-cloud/\">https://grafana.com/blog/2022/09/13/grafana-incident-for-incident-management-is-now-generally-available-in-grafana-cloud/</a></p>\n<p>Comments URL: <a href=\"https://news.ycombinator.com/item?id=32825070\">https://news.ycombinator.com/item?id=32825070</a></p>\n<p>Points: 32</p>\n<p># Comments: 5</p>", "link": "https://grafana.com/blog/2022/09/13/grafana-incident-for-incident-management-is-now-generally-available-in-grafana-cloud/", "date_published": "2022-09-13 14:54:59+00:00", "persistent": false, "user": null, "language": "en-US"}, {"source": "https://hnrss.org/frontpage", "title": "Senior Engineers Are Living in the Future", "description": "<p>Article URL: <a href=\"https://www.zerobanana.com/essays/living-in-the-future/\">https://www.zerobanana.com/essays/living-in-the-future/</a></p>\n<p>Comments URL: <a href=\"https://news.ycombinator.com/item?id=32824872\">https://news.ycombinator.com/item?id=32824872</a></p>\n<p>Points: 56</p>\n<p># Comments: 32</p>", "link": "https://www.zerobanana.com/essays/living-in-the-future/", "date_published": "2022-09-13 14:40:27+00:00", "persistent": false, "user": null, "language": "en-US"}, {"source": "https://hnrss.org/frontpage", "title": "What Is Kubernetes HPA and How Can It Help You Save on the Cloud?", "description": "<p>Article URL: <a href=\"https://cast.ai/blog/what-is-kubernetes-hpa-and-how-can-it-help-you-save-on-the-cloud/\">https://cast.ai/blog/what-is-kubernetes-hpa-and-how-can-it-help-you-save-on-the-cloud/</a></p>\n<p>Comments URL: <a href=\"https://news.ycombinator.com/item?id=32824698\">https://news.ycombinator.com/item?id=32824698</a></p>\n<p>Points: 5</p>\n<p># Comments: 0</p>", "link": "https://cast.ai/blog/what-is-kubernetes-hpa-and-how-can-it-help-you-save-on-the-cloud/", "date_published": "2022-09-13 14:27:23+00:00", "persistent": false, "user": null, "language": "en-US"}, {"source": "https://hnrss.org/frontpage", "title": "Mudge Twitter Whistleblower Testimony", "description": "<p>Article URL: <a href=\"https://www.judiciary.senate.gov/meetings/data-security-at-risk-testimony-from-a-twitter-whistleblower\">https://www.judiciary.senate.gov/meetings/data-security-at-risk-testimony-from-a-twitter-whistleblower</a></p>\n<p>Comments URL: <a href=\"https://news.ycombinator.com/item?id=32824504\">https://news.ycombinator.com/item?id=32824504</a></p>\n<p>Points: 14</p>\n<p># Comments: 5</p>", "link": "https://www.judiciary.senate.gov/meetings/data-security-at-risk-testimony-from-a-twitter-whistleblower", "date_published": "2022-09-13 14:11:18+00:00", "persistent": false, "user": null, "language": "en-US"}, {"source": "https://hnrss.org/frontpage", "title": "The SSD Edition: 2022 Drive Stats Mid-Year Review", "description": "<p>Article URL: <a href=\"https://www.backblaze.com/blog/ssd-drive-stats-mid-2022-review/\">https://www.backblaze.com/blog/ssd-drive-stats-mid-2022-review/</a></p>\n<p>Comments URL: <a href=\"https://news.ycombinator.com/item?id=32824451\">https://news.ycombinator.com/item?id=32824451</a></p>\n<p>Points: 12</p>\n<p># Comments: 0</p>", "link": "https://www.backblaze.com/blog/ssd-drive-stats-mid-2022-review/", "date_published": "2022-09-13 14:06:04+00:00", "persistent": false, "user": null, "language": "en-US"}, {"source": "https://hnrss.org/frontpage", "title": "Software fees to make up 10% of John Deere's revenues by 2030", "description": "<p>Article URL: <a href=\"https://www.theregister.com/2022/09/12/deere_software_revenues/\">https://www.theregister.com/2022/09/12/deere_software_revenues/</a></p>\n<p>Comments URL: <a href=\"https://news.ycombinator.com/item?id=32824384\">https://news.ycombinator.com/item?id=32824384</a></p>\n<p>Points: 48</p>\n<p># Comments: 18</p>", "link": "https://www.theregister.com/2022/09/12/deere_software_revenues/", "date_published": "2022-09-13 14:00:31+00:00", "persistent": false, "user": null, "language": "en-US"}, {"source": "https://hnrss.org/frontpage", "title": "AiSupervision (YC W22) is hiring a back-end software engineer (Remote)", "description": "<p>Article URL: <a href=\"https://www.aisupervision.com/careers/back-end-software-engineer\">https://www.aisupervision.com/careers/back-end-software-engineer</a></p>\n<p>Comments URL: <a href=\"https://news.ycombinator.com/item?id=32824130\">https://news.ycombinator.com/item?id=32824130</a></p>\n<p>Points: 1</p>\n<p># Comments: 0</p>", "link": "https://www.aisupervision.com/careers/back-end-software-engineer", "date_published": "2022-09-13 13:39:03+00:00", "persistent": false, "user": null, "language": "en-US"}, {"source": "https://hnrss.org/frontpage", "title": "mRNA-LNP inhibits adaptive immune response, alters immune fitness inheritably", "description": "<p>Article URL: <a href=\"https://pubmed.ncbi.nlm.nih.gov/36054264/\">https://pubmed.ncbi.nlm.nih.gov/36054264/</a></p>\n<p>Comments URL: <a href=\"https://news.ycombinator.com/item?id=32824054\">https://news.ycombinator.com/item?id=32824054</a></p>\n<p>Points: 149</p>\n<p># Comments: 121</p>", "link": "https://pubmed.ncbi.nlm.nih.gov/36054264/", "date_published": "2022-09-13 13:33:44+00:00", "persistent": false, "user": null, "language": "en-US"}, {"source": "https://hnrss.org/frontpage", "title": "The Last Person Standing in the Floppy Disk Business", "description": "<p>Article URL: <a href=\"https://eyeondesign.aiga.org/we-spoke-with-the-last-person-standing-in-the-floppy-disk-business/\">https://eyeondesign.aiga.org/we-spoke-with-the-last-person-standing-in-the-floppy-disk-business/</a></p>\n<p>Comments URL: <a href=\"https://news.ycombinator.com/item?id=32824038\">https://news.ycombinator.com/item?id=32824038</a></p>\n<p>Points: 74</p>\n<p># Comments: 18</p>", "link": "https://eyeondesign.aiga.org/we-spoke-with-the-last-person-standing-in-the-floppy-disk-business/", "date_published": "2022-09-13 13:32:36+00:00", "persistent": false, "user": null, "language": "en-US"}, {"source": "https://hnrss.org/frontpage", "title": "Show HN: pg_netstat, a Postgres extension to monitor database network traffic", "description": "<p>pg_netstat is a Postgres extension to monitor database network traffic. It uses libpcap to capture packets and aggregates at user-specified interval.</p>\n<hr />\n<p>Comments URL: <a href=\"https://news.ycombinator.com/item?id=32823589\">https://news.ycombinator.com/item?id=32823589</a></p>\n<p>Points: 26</p>\n<p># Comments: 3</p>", "link": "https://github.com/supabase/pg_netstat", "date_published": "2022-09-13 12:51:18+00:00", "persistent": false, "user": null, "language": "en-US"}, {"source": "https://hnrss.org/frontpage", "title": "The search for dirt on Mudge", "description": "<p>Article URL: <a href=\"https://www.newyorker.com/news/news-desk/the-search-for-dirt-on-the-twitter-whistle-blower\">https://www.newyorker.com/news/news-desk/the-search-for-dirt-on-the-twitter-whistle-blower</a></p>\n<p>Comments URL: <a href=\"https://news.ycombinator.com/item?id=32823548\">https://news.ycombinator.com/item?id=32823548</a></p>\n<p>Points: 29</p>\n<p># Comments: 6</p>", "link": "https://www.newyorker.com/news/news-desk/the-search-for-dirt-on-the-twitter-whistle-blower", "date_published": "2022-09-13 12:46:14+00:00", "persistent": false, "user": null, "language": "en-US"}, {"source": "https://hnrss.org/frontpage", "title": "Some New HTTP Verbs", "description": "<p>Article URL: <a href=\"https://shkspr.mobi/blog/2022/09/some-new-http-verbs/\">https://shkspr.mobi/blog/2022/09/some-new-http-verbs/</a></p>\n<p>Comments URL: <a href=\"https://news.ycombinator.com/item?id=32823201\">https://news.ycombinator.com/item?id=32823201</a></p>\n<p>Points: 35</p>\n<p># Comments: 35</p>", "link": "https://shkspr.mobi/blog/2022/09/some-new-http-verbs/", "date_published": "2022-09-13 12:03:04+00:00", "persistent": false, "user": null, "language": "en-US"}, {"source": "https://hnrss.org/frontpage", "title": "Unfortunately for the Star, that person was their fashion editor", "description": "<p>Article URL: <a href=\"https://twitter.com/pdmcleod/status/1569388980315033601\">https://twitter.com/pdmcleod/status/1569388980315033601</a></p>\n<p>Comments URL: <a href=\"https://news.ycombinator.com/item?id=32823193\">https://news.ycombinator.com/item?id=32823193</a></p>\n<p>Points: 37</p>\n<p># Comments: 7</p>", "link": "https://twitter.com/pdmcleod/status/1569388980315033601", "date_published": "2022-09-13 12:02:19+00:00", "persistent": false, "user": null, "language": "en-US"}, {"source": "https://hnrss.org/frontpage", "title": "Cake: C23 Front End and Transpiler C23 \u2013 C99", "description": "<p>Article URL: <a href=\"https://github.com/thradams/cake\">https://github.com/thradams/cake</a></p>\n<p>Comments URL: <a href=\"https://news.ycombinator.com/item?id=32823118\">https://news.ycombinator.com/item?id=32823118</a></p>\n<p>Points: 13</p>\n<p># Comments: 3</p>", "link": "https://github.com/thradams/cake", "date_published": "2022-09-13 11:54:10+00:00", "persistent": false, "user": null, "language": "en-US"}, {"source": "https://hnrss.org/frontpage", "title": "European natural gas imports and storage reserves", "description": "<p>Article URL: <a href=\"https://www.bruegel.org/dataset/european-natural-gas-imports\">https://www.bruegel.org/dataset/european-natural-gas-imports</a></p>\n<p>Comments URL: <a href=\"https://news.ycombinator.com/item?id=32822944\">https://news.ycombinator.com/item?id=32822944</a></p>\n<p>Points: 17</p>\n<p># Comments: 3</p>", "link": "https://www.bruegel.org/dataset/european-natural-gas-imports", "date_published": "2022-09-13 11:31:13+00:00", "persistent": false, "user": null, "language": "en-US"}, {"source": "https://hnrss.org/frontpage", "title": "Weightless: Parabolic Flight on an A310", "description": "<p>Article URL: <a href=\"https://www.flightradar24.com/blog/parabolic-flight/\">https://www.flightradar24.com/blog/parabolic-flight/</a></p>\n<p>Comments URL: <a href=\"https://news.ycombinator.com/item?id=32822910\">https://news.ycombinator.com/item?id=32822910</a></p>\n<p>Points: 6</p>\n<p># Comments: 1</p>", "link": "https://www.flightradar24.com/blog/parabolic-flight/", "date_published": "2022-09-13 11:26:36+00:00", "persistent": false, "user": null, "language": "en-US"}, {"source": "https://hnrss.org/frontpage", "title": "Scala Isn't Fun Anymore", "description": "<p>Article URL: <a href=\"https://alexn.org/blog/2022/09/09/scala-isnt-fun-anymore/\">https://alexn.org/blog/2022/09/09/scala-isnt-fun-anymore/</a></p>\n<p>Comments URL: <a href=\"https://news.ycombinator.com/item?id=32822609\">https://news.ycombinator.com/item?id=32822609</a></p>\n<p>Points: 32</p>\n<p># Comments: 21</p>", "link": "https://alexn.org/blog/2022/09/09/scala-isnt-fun-anymore/", "date_published": "2022-09-13 10:44:47+00:00", "persistent": false, "user": null, "language": "en-US"}, {"source": "https://hnrss.org/frontpage", "title": "Show HN: Tombl \u2013 Easily query .toml files from bash", "description": "<p>Article URL: <a href=\"https://github.com/snyball/tombl\">https://github.com/snyball/tombl</a></p>\n<p>Comments URL: <a href=\"https://news.ycombinator.com/item?id=32822326\">https://news.ycombinator.com/item?id=32822326</a></p>\n<p>Points: 7</p>\n<p># Comments: 1</p>", "link": "https://github.com/snyball/tombl", "date_published": "2022-09-13 09:58:30+00:00", "persistent": false, "user": null, "language": "en-US"}, {"source": "https://hnrss.org/frontpage", "title": "Don't compare yourself to other entrepreneurs", "description": "<p>Article URL: <a href=\"https://www.petecodes.io/dont-compare-yourself-to-others/\">https://www.petecodes.io/dont-compare-yourself-to-others/</a></p>\n<p>Comments URL: <a href=\"https://news.ycombinator.com/item?id=32822313\">https://news.ycombinator.com/item?id=32822313</a></p>\n<p>Points: 18</p>\n<p># Comments: 2</p>", "link": "https://www.petecodes.io/dont-compare-yourself-to-others/", "date_published": "2022-09-13 09:56:49+00:00", "persistent": false, "user": null, "language": "en-US"}, {"source": "https://hnrss.org/frontpage", "title": "Open Props: Tailwind Alternative from Chrome Dev Team", "description": "<p>Article URL: <a href=\"https://open-props.style/\">https://open-props.style/</a></p>\n<p>Comments URL: <a href=\"https://news.ycombinator.com/item?id=32822257\">https://news.ycombinator.com/item?id=32822257</a></p>\n<p>Points: 7</p>\n<p># Comments: 1</p>", "link": "https://open-props.style/", "date_published": "2022-09-13 09:44:59+00:00", "persistent": false, "user": null, "language": "en-US"}, {"source": "https://hnrss.org/frontpage", "title": "A pair of Linux kernel modules using Rust", "description": "<p>Article URL: <a href=\"https://lwn.net/SubscriberLink/907685/0290fbfe1ba855ea/\">https://lwn.net/SubscriberLink/907685/0290fbfe1ba855ea/</a></p>\n<p>Comments URL: <a href=\"https://news.ycombinator.com/item?id=32822082\">https://news.ycombinator.com/item?id=32822082</a></p>\n<p>Points: 25</p>\n<p># Comments: 6</p>", "link": "https://lwn.net/SubscriberLink/907685/0290fbfe1ba855ea/", "date_published": "2022-09-13 09:12:21+00:00", "persistent": false, "user": null, "language": "en-US"}, {"source": "https://hnrss.org/frontpage", "title": "Modula-2 Compilers on CP/M", "description": "<p>Article URL: <a href=\"https://techtinkering.com/articles/modula-2-compilers-on-cpm/\">https://techtinkering.com/articles/modula-2-compilers-on-cpm/</a></p>\n<p>Comments URL: <a href=\"https://news.ycombinator.com/item?id=32821990\">https://news.ycombinator.com/item?id=32821990</a></p>\n<p>Points: 3</p>\n<p># Comments: 0</p>", "link": "https://techtinkering.com/articles/modula-2-compilers-on-cpm/", "date_published": "2022-09-13 08:51:34+00:00", "persistent": false, "user": null, "language": "en-US"}, {"source": "https://hnrss.org/frontpage", "title": "Why peer to peer digital payment system UPI should remain free in India", "description": "<p>Article URL: <a href=\"https://www.capitalmind.in/2022/09/why-upi-should-be-free/\">https://www.capitalmind.in/2022/09/why-upi-should-be-free/</a></p>\n<p>Comments URL: <a href=\"https://news.ycombinator.com/item?id=32821955\">https://news.ycombinator.com/item?id=32821955</a></p>\n<p>Points: 12</p>\n<p># Comments: 1</p>", "link": "https://www.capitalmind.in/2022/09/why-upi-should-be-free/", "date_published": "2022-09-13 08:43:29+00:00", "persistent": false, "user": null, "language": "en-US"}, {"source": "https://hnrss.org/frontpage", "title": "Entity Resolution: Reflections on the most common data science challenge", "description": "<p>Article URL: <a href=\"https://tilores.io/content/Entity-Resolution-Reflections-on-the-most-common-data-science-challenge\">https://tilores.io/content/Entity-Resolution-Reflections-on-the-most-common-data-science-challenge</a></p>\n<p>Comments URL: <a href=\"https://news.ycombinator.com/item?id=32821888\">https://news.ycombinator.com/item?id=32821888</a></p>\n<p>Points: 7</p>\n<p># Comments: 0</p>", "link": "https://tilores.io/content/Entity-Resolution-Reflections-on-the-most-common-data-science-challenge", "date_published": "2022-09-13 08:30:28+00:00", "persistent": false, "user": null, "language": "en-US"}, {"source": "https://hnrss.org/frontpage", "title": "Europe gas storage reserves \u2013 by country, updated daily", "description": "<p>Article URL: <a href=\"https://viborc.com/europe-gas-storage-reserves-capacities-by-country-daily/\">https://viborc.com/europe-gas-storage-reserves-capacities-by-country-daily/</a></p>\n<p>Comments URL: <a href=\"https://news.ycombinator.com/item?id=32821844\">https://news.ycombinator.com/item?id=32821844</a></p>\n<p>Points: 28</p>\n<p># Comments: 27</p>", "link": "https://viborc.com/europe-gas-storage-reserves-capacities-by-country-daily/", "date_published": "2022-09-13 08:21:24+00:00", "persistent": false, "user": null, "language": "en-US"}, {"source": "https://hnrss.org/frontpage", "title": "Jean-Luc Godard has died", "description": "<p>Article URL: <a href=\"https://www.lemonde.fr/en/obituaries/article/2022/09/13/jean-luc-godard-legendary-french-film-director-dies-aged-91_5996746_15.html\">https://www.lemonde.fr/en/obituaries/article/2022/09/13/jean-luc-godard-legendary-french-film-director-dies-aged-91_5996746_15.html</a></p>\n<p>Comments URL: <a href=\"https://news.ycombinator.com/item?id=32821761\">https://news.ycombinator.com/item?id=32821761</a></p>\n<p>Points: 57</p>\n<p># Comments: 10</p>", "link": "https://www.lemonde.fr/en/obituaries/article/2022/09/13/jean-luc-godard-legendary-french-film-director-dies-aged-91_5996746_15.html", "date_published": "2022-09-13 08:09:55+00:00", "persistent": false, "user": null, "language": "en-US"}, {"source": "https://hnrss.org/frontpage", "title": "HAProxy: How to temporary disable a back end server using the command line", "description": "<p>Article URL: <a href=\"https://www.claudiokuenzler.com/blog/1240/haproxy-how-to-disable-enable-backend-server-command-line-cli-socket\">https://www.claudiokuenzler.com/blog/1240/haproxy-how-to-disable-enable-backend-server-command-line-cli-socket</a></p>\n<p>Comments URL: <a href=\"https://news.ycombinator.com/item?id=32821724\">https://news.ycombinator.com/item?id=32821724</a></p>\n<p>Points: 16</p>\n<p># Comments: 12</p>", "link": "https://www.claudiokuenzler.com/blog/1240/haproxy-how-to-disable-enable-backend-server-command-line-cli-socket", "date_published": "2022-09-13 08:03:19+00:00", "persistent": false, "user": null, "language": "en-US"}, {"source": "https://hnrss.org/frontpage", "title": "macOS leaves users vulnerable, and unaware of their vulnerability", "description": "<p>Article URL: <a href=\"https://eclecticlight.co/2022/09/13/how-macos-leaves-users-vulnerable-and-unaware-of-their-vulnerability/\">https://eclecticlight.co/2022/09/13/how-macos-leaves-users-vulnerable-and-unaware-of-their-vulnerability/</a></p>\n<p>Comments URL: <a href=\"https://news.ycombinator.com/item?id=32821699\">https://news.ycombinator.com/item?id=32821699</a></p>\n<p>Points: 4</p>\n<p># Comments: 0</p>", "link": "https://eclecticlight.co/2022/09/13/how-macos-leaves-users-vulnerable-and-unaware-of-their-vulnerability/", "date_published": "2022-09-13 07:57:52+00:00", "persistent": false, "user": null, "language": "en-US"}, {"source": "https://hnrss.org/frontpage", "title": "Details on new free tier limits on gitlab.com", "description": "<p>Article URL: <a href=\"https://about.gitlab.com/pricing/faq-efficient-free-tier/\">https://about.gitlab.com/pricing/faq-efficient-free-tier/</a></p>\n<p>Comments URL: <a href=\"https://news.ycombinator.com/item?id=32821682\">https://news.ycombinator.com/item?id=32821682</a></p>\n<p>Points: 3</p>\n<p># Comments: 0</p>", "link": "https://about.gitlab.com/pricing/faq-efficient-free-tier/", "date_published": "2022-09-13 07:55:56+00:00", "persistent": false, "user": null, "language": "en-US"}, {"source": "https://hnrss.org/frontpage", "title": "Climate change: Six tipping points \u2018likely\u2019 to be crossed", "description": "<p>Article URL: <a href=\"https://www.bbc.co.uk/news/science-environment-62838627\">https://www.bbc.co.uk/news/science-environment-62838627</a></p>\n<p>Comments URL: <a href=\"https://news.ycombinator.com/item?id=32821528\">https://news.ycombinator.com/item?id=32821528</a></p>\n<p>Points: 9</p>\n<p># Comments: 1</p>", "link": "https://www.bbc.co.uk/news/science-environment-62838627", "date_published": "2022-09-13 07:23:04+00:00", "persistent": false, "user": null, "language": "en-US"}, {"source": "https://hnrss.org/frontpage", "title": "The World\u2019s First Hydrogen Trains Started Passenger Service in Germany", "description": "<p>Article URL: <a href=\"https://singularityhub.com/2022/09/12/the-worlds-first-hydrogen-trains-started-passenger-service-in-germany/\">https://singularityhub.com/2022/09/12/the-worlds-first-hydrogen-trains-started-passenger-service-in-germany/</a></p>\n<p>Comments URL: <a href=\"https://news.ycombinator.com/item?id=32821258\">https://news.ycombinator.com/item?id=32821258</a></p>\n<p>Points: 10</p>\n<p># Comments: 6</p>", "link": "https://singularityhub.com/2022/09/12/the-worlds-first-hydrogen-trains-started-passenger-service-in-germany/", "date_published": "2022-09-13 06:36:10+00:00", "persistent": false, "user": null, "language": "en-US"}, {"source": "https://hnrss.org/frontpage", "title": "Boosters for Young Adults: Risk-Benefit Assessment and Arguments Against Mandate", "description": "<p>Article URL: <a href=\"https://papers.ssrn.com/sol3/papers.cfm?abstract_id=4206070\">https://papers.ssrn.com/sol3/papers.cfm?abstract_id=4206070</a></p>\n<p>Comments URL: <a href=\"https://news.ycombinator.com/item?id=32820934\">https://news.ycombinator.com/item?id=32820934</a></p>\n<p>Points: 5</p>\n<p># Comments: 1</p>", "link": "https://papers.ssrn.com/sol3/papers.cfm?abstract_id=4206070", "date_published": "2022-09-13 05:25:48+00:00", "persistent": false, "user": null, "language": "en-US"}, {"source": "https://hnrss.org/frontpage", "title": "Is bin-opening in cockatoos leading to an innovation arms race with humans?", "description": "<p>Article URL: <a href=\"https://www.cell.com/current-biology/fulltext/S0960-9822(22)01285-4\">https://www.cell.com/current-biology/fulltext/S0960-9822(22)01285-4</a></p>\n<p>Comments URL: <a href=\"https://news.ycombinator.com/item?id=32820894\">https://news.ycombinator.com/item?id=32820894</a></p>\n<p>Points: 22</p>\n<p># Comments: 4</p>", "link": "https://www.cell.com/current-biology/fulltext/S0960-9822(22)01285-4", "date_published": "2022-09-13 05:15:17+00:00", "persistent": false, "user": null, "language": "en-US"}, {"source": "https://hnrss.org/frontpage", "title": "Show HN: BrainFlow the library to work with biosensors and neurointerfaces", "description": "<p>Article URL: <a href=\"https://brainflow.org/\">https://brainflow.org/</a></p>\n<p>Comments URL: <a href=\"https://news.ycombinator.com/item?id=32820822\">https://news.ycombinator.com/item?id=32820822</a></p>\n<p>Points: 8</p>\n<p># Comments: 0</p>", "link": "https://brainflow.org/", "date_published": "2022-09-13 05:01:51+00:00", "persistent": false, "user": null, "language": "en-US"}, {"source": "https://hnrss.org/frontpage", "title": "The mysterious balancing stones on frozen lakes", "description": "<p>Article URL: <a href=\"https://physicstoday.scitation.org/doi/10.1063/PT.3.5088\">https://physicstoday.scitation.org/doi/10.1063/PT.3.5088</a></p>\n<p>Comments URL: <a href=\"https://news.ycombinator.com/item?id=32820299\">https://news.ycombinator.com/item?id=32820299</a></p>\n<p>Points: 4</p>\n<p># Comments: 0</p>", "link": "https://physicstoday.scitation.org/doi/10.1063/PT.3.5088", "date_published": "2022-09-13 03:15:54+00:00", "persistent": false, "user": null, "language": "en-US"}, {"source": "https://hnrss.org/frontpage", "title": "The strange behavior of sound through solids", "description": "<p>Article URL: <a href=\"https://www.ias.edu/news/2022/sound-through-solids\">https://www.ias.edu/news/2022/sound-through-solids</a></p>\n<p>Comments URL: <a href=\"https://news.ycombinator.com/item?id=32819733\">https://news.ycombinator.com/item?id=32819733</a></p>\n<p>Points: 4</p>\n<p># Comments: 0</p>", "link": "https://www.ias.edu/news/2022/sound-through-solids", "date_published": "2022-09-13 01:32:26+00:00", "persistent": false, "user": null, "language": "en-US"}, {"source": "https://hnrss.org/frontpage", "title": "A personal list of Rust grievances", "description": "<p>Article URL: <a href=\"https://gist.github.com/brendanzab/d41c3ae485d66c07178749eaeeb9e5f7\">https://gist.github.com/brendanzab/d41c3ae485d66c07178749eaeeb9e5f7</a></p>\n<p>Comments URL: <a href=\"https://news.ycombinator.com/item?id=32819444\">https://news.ycombinator.com/item?id=32819444</a></p>\n<p>Points: 11</p>\n<p># Comments: 1</p>", "link": "https://gist.github.com/brendanzab/d41c3ae485d66c07178749eaeeb9e5f7", "date_published": "2022-09-13 00:55:50+00:00", "persistent": false, "user": null, "language": "en-US"}, {"source": "https://hnrss.org/frontpage", "title": "Planning Go 1.20 Cryptography Work", "description": "<p>Article URL: <a href=\"https://words.filippo.io/dispatches/go1-20/\">https://words.filippo.io/dispatches/go1-20/</a></p>\n<p>Comments URL: <a href=\"https://news.ycombinator.com/item?id=32819096\">https://news.ycombinator.com/item?id=32819096</a></p>\n<p>Points: 5</p>\n<p># Comments: 0</p>", "link": "https://words.filippo.io/dispatches/go1-20/", "date_published": "2022-09-13 00:10:06+00:00", "persistent": false, "user": null, "language": "en-US"}]