[{"source": "https://www.politico.com", "title": "How Bill Gates and partners used their clout to control the global Covid response \u2014 with little oversight", "description": "How Bill Gates and partners used their clout to control the global Covid response \u2014 with little oversight", "link": "https://www.politico.com/news/2022/09/14/global-covid-pandemic-response-bill-gates-partners-00053969", "date_published": "2022-09-14 20:25:38+00:00", "persistent": true, "user": null, "language": "en", "tags": ["manufacturing consent", "bill gates", "elites", "covid", "billionaires"]}]