[{"source": "https://www.youtube.com/feeds/videos.xml?channel_id=UCXuqSBlHAE6Xw-yeJA0Tunw", "title": "The Prepper PC", "description": "Thanks to Jackery for sponsoring today's video! Check out Jackery's Solar Generator 2000 Pro and get 10% off with code LinusTechTips at https://lmg.gg/SG2000PROLTT\n\nThese days, you can game almost anywhere on the planet, anytime. But what if that planet was in the middle of an apocalypse? After you\u2019ve stashed years of food, water, and toilet paper away, how will you pass the time? With this PC, you can be prepared to game until the whole mess to sort itself out. \n\nDiscuss on the forum: https://linustechtips.com/topic/1455447-the-prepper-pc-sponsored/\n\nBuy a Jackery Solar Generator 2000 Pro: https://geni.us/034L\n\nBuy a Jackery Explorer 2000 Pro: https://lmg.gg/1dyF4\n\nBuy a Seasonic Fanless TX: https://geni.us/S0Wt76G\n\nBuy an Intel Core i3 (12th Gen) i3-12100: https://geni.us/hLZvxa\n\nBuy an RTX 3050: https://geni.us/6A6hl\n\nBuy an RX 6500XT: https://geni.us/fUF1p\n\nPurchases made through some store links may provide some compensation to Linus Media Group.\n\n\u25ba GET MERCH: https://lttstore.com\n\u25ba SUPPORT US ON FLOATPLANE: https://www.floatplane.com/ltt\n\u25ba AFFILIATES, SPONSORS & REFERRALS: https://lmg.gg/sponsors\n\u25ba PODCAST GEAR: https://lmg.gg/podcastgear\n\n\nFOLLOW US \n---------------------------------------------------  \nTwitter: https://twitter.com/linustech\nFacebook: http://www.facebook.com/LinusTech\nInstagram: https://www.instagram.com/linustech\nTikTok: https://www.tiktok.com/@linustech\nTwitch: https://www.twitch.tv/linustech\n\nMUSIC CREDIT\n---------------------------------------------------\nIntro: Laszlo - Supernova\nVideo Link: https://www.youtube.com/watch?v=PKfxmFU3lWY\niTunes Download Link: https://itunes.apple.com/us/album/supernova/id936805712\nArtist Link: https://soundcloud.com/laszlomusic\n\nOutro: Approaching Nirvana - Sugar High\nVideo Link: https://www.youtube.com/watch?v=ngsGBSCDwcI\nListen on Spotify: http://spoti.fi/UxWkUw\nArtist Link: http://www.youtube.com/approachingnirvana\n\nIntro animation by MBarek Abdelwassaa https://www.instagram.com/mbarek_abdel/\nMonitor And Keyboard by vadimmihalkevich / CC BY 4.0  https://geni.us/PgGWp\nMechanical RGB Keyboard by BigBrotherECE / CC BY 4.0 https://geni.us/mj6pHk4\nMouse Gamer free Model By Oscar Creativo / CC BY 4.0 https://geni.us/Ps3XfE\n\nCHAPTERS\n---------------------------------------------------\n0:00 Intro\n0:42 The PC Built for Super Efficiency\n2:41 Our BURIAL ENCLOSURE?!\n3:31 Our Power Solution (Thanks Jackery!)\n4:47 Diggin' Holes\n5:30 Colonoscopy?\n7:04 Diggin' like a man\n8:29 The world's worst woodsman\n9:03 Backyard cable management\n10:02 Time to bury this boy\n10:46 Solar Power Generation\n11:37 Issues\n12:08 First Play Test\n13:20 Conclusion", "link": "https://www.youtube.com/watch?v=nFDBxBUfE74", "date_published": "2022-09-15 00:00:00+00:00", "persistent": false, "user": null, "language": "en-US"}, {"source": "https://www.youtube.com/feeds/videos.xml?channel_id=UCXuqSBlHAE6Xw-yeJA0Tunw", "title": "This Is So Embarrassing! - Building a PC with My Sister", "description": "Check out Corsair's new K70 Pro Mini Wireless Keyboard at https://lmg.gg/K70ProMiniLTT\n\nSave 10% and Free Worldwide Shipping at Ridge Wallet by using offer code LINUS at https://www.ridge.com/LINUS\n\nLinus' sister is playing The Sims 4 on an old Macbook. He'd like to change that and see if she can be converted to the glorious ways of the mighty PC, but it comes at the cost of some embarrassing childhood stories.\n\nDiscuss on the forum: https://linustechtips.com/topic/1455257-this-is-so-embarrassing/\n\nBuy an RTX 3060 Ti: https://geni.us/AnUl0L\n\nBuy an MSI Pro Z690 A WiFi: https://geni.us/Cqmdts\n\nBuy a Core i5 12400: https://geni.us/7Mn6\n\nBuy a Crucial P5+ 1TB: https://geni.us/VuMHnuG\n\nBuy a G.Skill Ripjaws V 2x8GB 3600MHz CL18: https://geni.us/200UOC\n\nBuy a Noctua NH U12S: https://geni.us/tWdjLS\n\nBuy Fractal Pop Air: https://geni.us/cH9T9\n\nBuy a RM750X Gold: https://geni.us/Y9HOh\n\nPurchases made through some store links may provide some compensation to Linus Media Group.\n\n\u25ba GET MERCH: https://lttstore.com\n\u25ba SUPPORT US ON FLOATPLANE: https://www.floatplane.com/ltt\n\u25ba AFFILIATES, SPONSORS & REFERRALS: https://lmg.gg/sponsors\n\u25ba PODCAST GEAR: https://lmg.gg/podcastgear\n\n\nFOLLOW US \n---------------------------------------------------  \nTwitter: https://twitter.com/linustech\nFacebook: http://www.facebook.com/LinusTech\nInstagram: https://www.instagram.com/linustech\nTikTok: https://www.tiktok.com/@linustech\nTwitch: https://www.twitch.tv/linustech\n\nMUSIC CREDIT\n---------------------------------------------------\nIntro: Laszlo - Supernova\nVideo Link: https://www.youtube.com/watch?v=PKfxmFU3lWY\niTunes Download Link: https://itunes.apple.com/us/album/supernova/id936805712\nArtist Link: https://soundcloud.com/laszlomusic\n\nOutro: Approaching Nirvana - Sugar High\nVideo Link: https://www.youtube.com/watch?v=ngsGBSCDwcI\nListen on Spotify: http://spoti.fi/UxWkUw\nArtist Link: http://www.youtube.com/approachingnirvana\n\nIntro animation by MBarek Abdelwassaa https://www.instagram.com/mbarek_abdel/\nMonitor And Keyboard by vadimmihalkevich / CC BY 4.0  https://geni.us/PgGWp\nMechanical RGB Keyboard by BigBrotherECE / CC BY 4.0 https://geni.us/mj6pHk4\nMouse Gamer free Model By Oscar Creativo / CC BY 4.0 https://geni.us/Ps3XfE\n\nCHAPTERS\n---------------------------------------------------\n0:00 Intro\n1:02 The Deal\n2:05 Stories\n4:30 Motherboard\n5:25 CPU\n7:22 More Stories\n10:05 Linus the Troublemaker\n12:34 GPU\n14:00 Boot\n14:55 Conclusion\n17:33 Outro", "link": "https://www.youtube.com/watch?v=AOdp09SYhCc", "date_published": "2022-09-14 00:00:00+00:00", "persistent": false, "user": null, "language": "en-US"}]