[{"source": "http://feeds.arstechnica.com/arstechnica/index/", "title": "In mice, the new BA.5 booster works about the same as BA.1 shot FDA passed up", "description": "Sans human data, mouse study offers first direct comparison of the two omicron boosters.", "link": "https://arstechnica.com/?p=1881544", "date_published": "2022-09-14 23:23:50+00:00", "persistent": false, "user": null, "language": "en-US"}, {"source": "http://feeds.arstechnica.com/arstechnica/index/", "title": "Our biggest remaining PlayStation VR2 questions have been answered", "description": "Plus, a wrap-up of Sony's TGS 2022 biggies: <em>God of War: Ragnarok</em>, <em>Tekken 8</em>.", "link": "https://arstechnica.com/?p=1881340", "date_published": "2022-09-14 22:48:58+00:00", "persistent": false, "user": null, "language": "en-US"}, {"source": "http://feeds.arstechnica.com/arstechnica/index/", "title": "Iranians hacked US companies, sent ransom demands to printers, indictment says", "description": "Alleged victims include domestic violence shelter that paid hackers $13,000.", "link": "https://arstechnica.com/?p=1881431", "date_published": "2022-09-14 21:42:38+00:00", "persistent": false, "user": null, "language": "en-US"}, {"source": "http://feeds.arstechnica.com/arstechnica/index/", "title": "Regulators put the brakes on Microsoft\u2019s Activision acquisition", "description": "Microsoft faces prolonged competition investigation into $75 billion acquisition.", "link": "https://arstechnica.com/?p=1881530", "date_published": "2022-09-14 21:39:57+00:00", "persistent": false, "user": null, "language": "en-US"}, {"source": "http://feeds.arstechnica.com/arstechnica/index/", "title": "China\u2019s most advanced AI image generator already blocks political content", "description": "Baidu's ERNIE-ViLG text-to-image model prevents users from creating political images.", "link": "https://arstechnica.com/?p=1881321", "date_published": "2022-09-14 21:31:08+00:00", "persistent": false, "user": null, "language": "en-US"}, {"source": "http://feeds.arstechnica.com/arstechnica/index/", "title": "California says Amazon ruined online shopping, sues it for driving up prices", "description": "Lawsuit mirrors DC's case dismissed in April. Now, DOJ backs DC's appeal.", "link": "https://arstechnica.com/?p=1881446", "date_published": "2022-09-14 21:07:03+00:00", "persistent": false, "user": null, "language": "en-US"}, {"source": "http://feeds.arstechnica.com/arstechnica/index/", "title": "Ford gives dealers 2 months to accept new rules or stop selling EVs", "description": "From 2024, Ford EVs will only be sold at Model e-certified dealerships.", "link": "https://arstechnica.com/?p=1881373", "date_published": "2022-09-14 19:38:02+00:00", "persistent": false, "user": null, "language": "en-US"}, {"source": "http://feeds.arstechnica.com/arstechnica/index/", "title": "San Francisco sued by woman who says her rape-kit DNA was used to arrest her", "description": "Jane Doe \"was re-victimized by this unconstitutional practice,\" lawsuit says.", "link": "https://arstechnica.com/?p=1881324", "date_published": "2022-09-14 18:05:03+00:00", "persistent": false, "user": null, "language": "en-US"}, {"source": "http://feeds.arstechnica.com/arstechnica/index/", "title": "HP to pay EU printer customers $1.35 million for disabling third-party ink", "description": "New printers still block non-HP ink, but HP is compensating for lack of advance notice.", "link": "https://arstechnica.com/?p=1881175", "date_published": "2022-09-14 17:34:35+00:00", "persistent": false, "user": null, "language": "en-US"}, {"source": "http://feeds.arstechnica.com/arstechnica/index/", "title": "AT&T won\u2019t upgrade \u201colder\u201d phones for new 5G bands", "description": "Only the very latest Apple and Samsung devices can ride the 3.45 GHz wave.", "link": "https://arstechnica.com/?p=1881162", "date_published": "2022-09-14 17:25:58+00:00", "persistent": false, "user": null, "language": "en-US"}, {"source": "http://feeds.arstechnica.com/arstechnica/index/", "title": "Today\u2019s best deals: Anker noise-canceling headphones, USB-C chargers, and more", "description": "Dealmaster also has LG OLED TVs, MacBooks, and gaming accessories.", "link": "https://arstechnica.com/?p=1881118", "date_published": "2022-09-14 17:09:08+00:00", "persistent": false, "user": null, "language": "en-US"}, {"source": "http://feeds.arstechnica.com/arstechnica/index/", "title": "Big Tech must prove content moderation works or pay $15K daily fines in Calif.", "description": "New law responds to concerns over Big Tech's alleged role in US Capitol riot.", "link": "https://arstechnica.com/?p=1881219", "date_published": "2022-09-14 16:54:22+00:00", "persistent": true, "user": null, "language": "en-US", "tags": ["censorship", "moderation", "big tech"]}, {"source": "http://feeds.arstechnica.com/arstechnica/index/", "title": "EA\u2019s new anti-cheat tools dip into the dreaded \u201ckernel mode\u201d", "description": "Publisher promises robust privacy and system security efforts to protect users.", "link": "https://arstechnica.com/?p=1881224", "date_published": "2022-09-14 16:39:18+00:00", "persistent": false, "user": null, "language": "en-US"}, {"source": "http://feeds.arstechnica.com/arstechnica/index/", "title": "Five years of data show that SSDs are more reliable than HDDs over the long haul", "description": "Backblaze tracks reliability for thousands of HDDs and SSDs in its data centers.", "link": "https://arstechnica.com/?p=1881156", "date_published": "2022-09-14 16:06:41+00:00", "persistent": false, "user": null, "language": "en-US"}, {"source": "http://feeds.arstechnica.com/arstechnica/index/", "title": "Human trafficking\u2019s newest abuse: Forcing victims into cyberscamming", "description": "Thousands of people from across Asia have been coerced into defrauding people everywhere.", "link": "https://arstechnica.com/?p=1881183", "date_published": "2022-09-14 16:05:21+00:00", "persistent": false, "user": null, "language": "en-US"}, {"source": "http://feeds.arstechnica.com/arstechnica/index/", "title": "EU upholds Google\u2019s 4.1B euro fine for bundling search with Android", "description": "Google will have to pay the EU's biggest fine ever.", "link": "https://arstechnica.com/?p=1881150", "date_published": "2022-09-14 15:10:13+00:00", "persistent": false, "user": null, "language": "en-US"}, {"source": "http://feeds.arstechnica.com/arstechnica/index/", "title": "Sampling BMW\u2019s greatest hits shows what\u2019s missing from its modern cars", "description": "Driving M cars from 2001, 2013, and 2022 shows some lessons for the future.", "link": "https://arstechnica.com/?p=1880534", "date_published": "2022-09-14 11:45:27+00:00", "persistent": false, "user": null, "language": "en-US"}]