[{"source": "http://feeds.bbci.co.uk/news/technology/rss.xml", "title": "Ethereum Merge: A cryptocurrency 'going green'", "description": "The second biggest cryptocurrency is to switch to a new operating model that it says uses 99.9% less energy.", "link": "https://www.bbc.co.uk/news/world-62899880?at_medium=RSS&at_campaign=KARANGA", "date_published": "2022-09-14 13:08:09+00:00", "persistent": false, "user": null, "language": "en-US"}, {"source": "http://feeds.bbci.co.uk/news/technology/rss.xml", "title": "Google loses appeal over record EU anti-trust Android fine", "description": "An EU court has largely upheld a \u00a33.5bn fine against Google over its Android platform.", "link": "https://www.bbc.co.uk/news/technology-62888137?at_medium=RSS&at_campaign=KARANGA", "date_published": "2022-09-14 10:49:31+00:00", "persistent": true, "user": null, "language": "en-US"}]