[{"source": "https://www.techradar.com/rss", "title": "Over 280,000 WordPress sites may have been hijacked by zero-day hiding in popular plugin", "description": "Over 280,000 WordPress sites may have been taken over thanks to zero-day in popular plugin.", "link": "https://www.techradar.com/news/over-280000-wordpress-sites-may-have-been-hijacked-by-zero-day-hiding-in-popular-plugin/", "date_published": "2022-09-14 20:09:22+00:00", "persistent": false, "user": null, "language": "en-US"}, {"source": "https://www.techradar.com/rss", "title": "Leak suggests Intel's new Xeon CPUs suffer from more than just delays", "description": "Leaked data suggests Intel\u2019s new Xeon chips fail to match the level of performance available elsewhere.", "link": "https://www.techradar.com/news/leak-suggests-intels-new-xeon-cpus-suffer-from-more-than-just-delays/", "date_published": "2022-09-14 19:18:26+00:00", "persistent": false, "user": null, "language": "en-US"}, {"source": "https://www.techradar.com/rss", "title": "Nvidia RTX 4060: everything we know about Nvidia's next-gen 'budget' graphics card", "description": "The Nvidia RTX 4060 may be released as soon as 2023, but what do we know about it so far?", "link": "https://www.techradar.com/news/nvidia-rtx-4060/", "date_published": "2022-09-14 18:38:36+00:00", "persistent": false, "user": null, "language": "en-US"}, {"source": "https://www.techradar.com/rss", "title": "Nvidia RTX 4060: everything we know about Nvidia's next-gen 'budget' graphics card", "description": "The Nvidia RTX 4060 may be released as soon as 2023, but what do we know about it so far?", "link": "https://www.techradar.com/news/nvidia-rtx-4060", "date_published": "2022-09-14 18:38:36+00:00", "persistent": false, "user": null, "language": "en-US"}, {"source": "https://www.techradar.com/rss", "title": "The Linux Foundation wants to tackle digital wallets next", "description": "Linux\u2019s newly-announced OpenWallet Foundation hopes to provide interoperable OSS for the digital wallet.", "link": "https://www.techradar.com/news/the-linux-foundation-wants-to-tackle-digital-wallets-next/", "date_published": "2022-09-14 18:22:17+00:00", "persistent": false, "user": null, "language": "en-US"}, {"source": "https://www.techradar.com/rss", "title": "Microsoft 365 apps will now update themselves as if by magic", "description": "Microsoft 365 updates will now install even when your device is powered down.", "link": "https://www.techradar.com/news/microsoft-365-apps-will-now-update-themselves-as-if-by-magic/", "date_published": "2022-09-14 17:32:47+00:00", "persistent": false, "user": null, "language": "en-US"}, {"source": "https://www.techradar.com/rss", "title": "Google Photos update is set to transform your Memories", "description": "Rolling out to users today, some of the changes include a collage editing tool and improved cinematic photos.", "link": "https://www.techradar.com/news/google-photos-update-is-set-to-transform-your-memories/", "date_published": "2022-09-14 16:31:24+00:00", "persistent": false, "user": null, "language": "en-US"}, {"source": "https://www.techradar.com/rss", "title": "PS5 console exclusive Deathloop has appeared on the Xbox Series X", "description": "Arkane's FPS Deathloop looks set to jump over to Xbox consoles soon.", "link": "https://www.techradar.com/news/ps5-console-exclusive-deathloop-has-appeared-on-the-xbox-series-x/", "date_published": "2022-09-14 16:00:00+00:00", "persistent": false, "user": null, "language": "en-US"}, {"source": "https://www.techradar.com/rss", "title": "Nvidia RTX 4070 may not show up this year \u2013 but the replacement GPU could surprise you", "description": "Rumor has it that the RTX 4070 isn\u2019t on the horizon \u2013 but a pair of RTX 4080 GPUs are instead.", "link": "https://www.techradar.com/news/nvidia-rtx-4070-may-not-show-up-this-year-but-the-replacement-gpu-could-surprise-you/", "date_published": "2022-09-14 15:44:43+00:00", "persistent": false, "user": null, "language": "en-US"}, {"source": "https://www.techradar.com/rss", "title": "You could soon control your VPN through Microsoft Edge", "description": "Microsoft Edge Secure Network VPN controls appear for some users.", "link": "https://www.techradar.com/news/you-could-soon-control-your-vpn-through-microsoft-edge/", "date_published": "2022-09-14 15:02:04+00:00", "persistent": false, "user": null, "language": "en-US"}, {"source": "https://www.techradar.com/rss", "title": "Nokia\u2019s new phone is like a 3310 with earbuds built into the back \u2013 and I love it", "description": "Nokia's 5710 XpressAudio phone has FM radio and built-in Bluetooth earbuds for an oddly futuristic-but-retro experience.", "link": "https://www.techradar.com/news/nokias-new-phone-is-like-a-3310-with-earbuds-built-into-the-back-and-i-love-it/", "date_published": "2022-09-14 14:53:02+00:00", "persistent": false, "user": null, "language": "en-US"}, {"source": "https://www.techradar.com/rss", "title": "McAfee is combining all your most-needed security products into one package", "description": "McAfee+ wants to make cybersecurity simple, whether you're alone or with your family.", "link": "https://www.techradar.com/news/mcafee-is-combining-all-your-most-needed-security-products-into-one-package/", "date_published": "2022-09-14 14:32:53+00:00", "persistent": false, "user": null, "language": "en-US"}, {"source": "https://www.techradar.com/rss", "title": "Linux users can now secure their data with this leading VPN", "description": "Already available for most operating systems around, Atlas VPN is now offering online privacy protection also to Linux users.", "link": "https://www.techradar.com/news/leading-vpn-is-now-supporting-linux/", "date_published": "2022-09-14 14:06:38+00:00", "persistent": false, "user": null, "language": "en-US"}, {"source": "https://www.techradar.com/rss", "title": "Microsoft has launched a new CDN for businesses", "description": "Improved network reliability and ease of adoption are two of Microsoft\u2019s promises for its new eCDN.", "link": "https://www.techradar.com/news/microsoft-has-launched-a-new-cdn-for-businesses/", "date_published": "2022-09-14 14:00:37+00:00", "persistent": false, "user": null, "language": "en-US"}, {"source": "https://www.techradar.com/rss", "title": "Stranger Things and Squid Game set to lead thrilling reveals at Netflix Tudum 2022", "description": "The official trailer for Tudum 2022, Netflix's annual global fan event, has revealed what we can expect from this year's entry.", "link": "https://www.techradar.com/news/stranger-things-and-squid-game-set-to-lead-thrilling-netflix-tudum-announcements/", "date_published": "2022-09-14 14:00:00+00:00", "persistent": false, "user": null, "language": "en-US"}, {"source": "https://www.techradar.com/rss", "title": "DuckDuckGo, Proton, Mozilla throw weight behind bill targeting Big Tech \u2018surveillance\u2019", "description": "A dozen companies leading on the issue of data privacy take their fight to Congress.", "link": "https://www.techradar.com/news/duckduckgo-proton-mozilla-throw-weight-behind-bill-targeting-big-tech-surveillance/", "date_published": "2022-09-14 13:38:37+00:00", "persistent": true, "user": null, "language": "en-US", "tags": ["surveillance", "duckduckgo", "mozilla", "big tech"]}, {"source": "https://www.techradar.com/rss", "title": "You can soon fill your iOS 16 lock screen with Google Maps and Gmail widgets", "description": "Google Maps and Gmail will soon get lock screen widgets on your iPhone running iOS 16.", "link": "https://www.techradar.com/news/you-can-soon-fill-your-ios-16-lock-screen-with-google-maps-and-gmail-widgets/", "date_published": "2022-09-14 13:03:14+00:00", "persistent": false, "user": null, "language": "en-US"}, {"source": "https://www.techradar.com/rss", "title": "Microsoft just fixed a whole load of serious security flaws, so patch now", "description": "Microsoft warns several of the fixed flaws are zero-days, one of which is being actively exploited.", "link": "https://www.techradar.com/news/microsoft-just-fixed-a-whole-load-of-security-flaws-so-patch-now/", "date_published": "2022-09-14 13:01:15+00:00", "persistent": false, "user": null, "language": "en-US"}, {"source": "https://www.techradar.com/rss", "title": "iOS 16 makes it easier to customize your AirPods, but there's more to do", "description": "The iOS 16 update for iPhone finally puts key AirPods settings just a tap away\u2026 but there's more customization access that we want.", "link": "https://www.techradar.com/news/ios-16-makes-it-easier-to-customize-your-airpods-but-theres-more-to-do/", "date_published": "2022-09-14 11:59:11+00:00", "persistent": false, "user": null, "language": "en-US"}, {"source": "https://www.techradar.com/rss", "title": "Phishing attackers are now using multiple email accounts to start group conversations with you", "description": "Hackers are dragging victims into fake email conversations to lure them into downloading malware.", "link": "https://www.techradar.com/news/phishing-attackers-are-now-using-multiple-email-accounts-to-start-group-conversations-with-you/", "date_published": "2022-09-14 11:51:42+00:00", "persistent": false, "user": null, "language": "en-US"}, {"source": "https://www.techradar.com/rss", "title": "Nvidia RTX 4090 GPU appears in another photo, suggesting launch is imminent", "description": "More pics have been spilled of the flagship graphics card, and this time it\u2019s a Gigabyte model.", "link": "https://www.techradar.com/news/nvidia-rtx-4090-gpu-appears-in-another-photo-suggesting-launch-is-imminent/", "date_published": "2022-09-14 11:41:38+00:00", "persistent": false, "user": null, "language": "en-US"}, {"source": "https://www.techradar.com/rss", "title": "This security firm claims to have the right tool for your privacy, and it's not a VPN", "description": "Here, we explore INVISV's Multi-Party Relay, and whether it can offer a genuine privacy alternative to traditional VPNs.", "link": "https://www.techradar.com/news/this-security-firm-claims-to-have-the-right-tool-for-your-privacy-and-its-not-a-vpn/", "date_published": "2022-09-14 11:31:44+00:00", "persistent": false, "user": null, "language": "en-US"}, {"source": "https://www.techradar.com/rss", "title": "Leaked Nvidia RTX 4090 price practically confirms our worst fears", "description": "A Vietnamese retailer has put Nvidia\u2019s new flagship GPU up for pre-order with an eye-watering price tag.", "link": "https://www.techradar.com/news/leaked-nvidia-rtx-4090-price-practically-confirms-our-worst-fears/", "date_published": "2022-09-14 11:08:04+00:00", "persistent": false, "user": null, "language": "en-US"}, {"source": "https://www.techradar.com/rss", "title": "GoldenEye on Xbox Game Pass won\u2019t include online multiplayer", "description": "The Xbox Game Pass version of GoldenEye won\u2019t be the full game.", "link": "https://www.techradar.com/news/goldeneye-on-xbox-game-pass-wont-include-multiplayer/", "date_published": "2022-09-14 11:00:07+00:00", "persistent": false, "user": null, "language": "en-US"}, {"source": "https://www.techradar.com/rss", "title": "NordPass will now sound the alarm if you're caught up in a data breach", "description": "Password manager scans the internet for new data breaches and alerts users.", "link": "https://www.techradar.com/news/nordpass-will-now-sound-the-alarm-if-youre-caught-up-in-a-data-breach/", "date_published": "2022-09-14 10:49:06+00:00", "persistent": false, "user": null, "language": "en-US"}, {"source": "https://www.techradar.com/rss", "title": "GoPro Hero 11 Black launch live: it's new action camera day for GoPro and DJI", "description": "The GoPro Hero 11 Black and DJI Osmo Action 3 are both expected to launch today. But which one should you buy?", "link": "https://www.techradar.com/news/live/gopro-hero-11-black-launch-live-its-new-action-camera-day-for-gopro-and-dji/", "date_published": "2022-09-14 10:31:25+00:00", "persistent": false, "user": null, "language": "en-US"}, {"source": "https://www.techradar.com/rss", "title": "The iPhone 14 Pro's best feature can be turned into a game", "description": "Developers are already looking into how games could work with the Dynamic Island feature on iPhone 14 Pro and Pro Max.", "link": "https://www.techradar.com/news/the-iphone-14-pros-best-feature-can-be-turned-into-a-game/", "date_published": "2022-09-14 10:20:21+00:00", "persistent": false, "user": null, "language": "en-US"}, {"source": "https://www.techradar.com/rss", "title": "Not even Cobra Kai can cancel out Netflix's current dry spell", "description": "Netflix's September 2022 performance hasn't inspired confidence for a quick turnaround in the streamer's fortunes.", "link": "https://www.techradar.com/news/not-even-cobra-kai-can-cancel-out-netflixs-current-dry-spell/", "date_published": "2022-09-14 10:13:29+00:00", "persistent": false, "user": null, "language": "en-US"}, {"source": "https://www.techradar.com/rss", "title": "Google Pixel 7 Pro colors confirmed in weird potato chip tweet", "description": "Google has tweeted an image showing four Pixel 7 variants along with potato chip flavors that correspond.", "link": "https://www.techradar.com/news/google-pixel-7-pro-colors-confirmed-in-weird-potato-chip-tweet/", "date_published": "2022-09-14 09:31:48+00:00", "persistent": false, "user": null, "language": "en-US"}, {"source": "https://www.techradar.com/rss", "title": "Now is a great time to buy a second-hand or older Amazon Kindle", "description": "Amazon's Kindle ereaders are getting pricier, but there are ways to avoid the high costs of newer models.", "link": "https://www.techradar.com/news/now-is-a-great-time-to-buy-a-second-hand-or-older-amazon-kindle/", "date_published": "2022-09-14 04:00:49+00:00", "persistent": false, "user": null, "language": "en-US"}, {"source": "https://www.techradar.com/rss", "title": "A hit Xbox Game Pass adventure game is coming to Nintendo Switch and PS5", "description": "Tunic is hopping over to Nintendo and PlayStation consoles later this year.", "link": "https://www.techradar.com/news/a-hit-xbox-game-pass-adventure-game-is-coming-to-nintendo-switch-and-ps5/", "date_published": "2022-09-14 04:00:48+00:00", "persistent": false, "user": null, "language": "en-US"}]