[{"source": "https://hnrss.org/frontpage", "title": "Google employees alarmed that the company suddenly expects them to do work", "description": "<p>Article URL: <a href=\"https://futurism.com/the-byte/google-employees-work-mandate\">https://futurism.com/the-byte/google-employees-work-mandate</a></p>\n<p>Comments URL: <a href=\"https://news.ycombinator.com/item?id=32844740\">https://news.ycombinator.com/item?id=32844740</a></p>\n<p>Points: 49</p>\n<p># Comments: 39</p>", "link": "https://futurism.com/the-byte/google-employees-work-mandate", "date_published": "2022-09-14 23:12:57+00:00", "persistent": false, "user": "rumpel", "language": "en-US"}, {"source": "https://hnrss.org/frontpage", "title": "Dick the Birthday Boy: The Legacy Continues [video]", "description": "<p>Article URL: <a href=\"https://www.youtube.com/watch?v=hwu1427MUIE\">https://www.youtube.com/watch?v=hwu1427MUIE</a></p>\n<p>Comments URL: <a href=\"https://news.ycombinator.com/item?id=32844663\">https://news.ycombinator.com/item?id=32844663</a></p>\n<p>Points: 8</p>\n<p># Comments: 0</p>", "link": "https://www.youtube.com/watch?v=hwu1427MUIE", "date_published": "2022-09-14 23:04:21+00:00", "persistent": false, "user": null, "language": "en-US"}, {"source": "https://hnrss.org/frontpage", "title": "Suspected counterfeit components found in ejection seat after fatal F-16 crash", "description": "<p>Article URL: <a href=\"https://www.airforcetimes.com/news/your-air-force/2022/09/13/an-f-16-pilot-died-when-his-ejection-seat-failed-was-it-counterfeit/\">https://www.airforcetimes.com/news/your-air-force/2022/09/13/an-f-16-pilot-died-when-his-ejection-seat-failed-was-it-counterfeit/</a></p>\n<p>Comments URL: <a href=\"https://news.ycombinator.com/item?id=32844485\">https://news.ycombinator.com/item?id=32844485</a></p>\n<p>Points: 70</p>\n<p># Comments: 14</p>", "link": "https://www.airforcetimes.com/news/your-air-force/2022/09/13/an-f-16-pilot-died-when-his-ejection-seat-failed-was-it-counterfeit/", "date_published": "2022-09-14 22:45:18+00:00", "persistent": false, "user": null, "language": "en-US"}, {"source": "https://hnrss.org/frontpage", "title": "Head-On Crash: 2009 Chevrolet Malibu vs. 1959 Bel Air", "description": "<p>Article URL: <a href=\"https://www.thecarconnection.com/news/1035359_head-on-crash-2009-chevrolet-malibu-vs-59-bel-air\">https://www.thecarconnection.com/news/1035359_head-on-crash-2009-chevrolet-malibu-vs-59-bel-air</a></p>\n<p>Comments URL: <a href=\"https://news.ycombinator.com/item?id=32844368\">https://news.ycombinator.com/item?id=32844368</a></p>\n<p>Points: 13</p>\n<p># Comments: 5</p>", "link": "https://www.thecarconnection.com/news/1035359_head-on-crash-2009-chevrolet-malibu-vs-59-bel-air", "date_published": "2022-09-14 22:35:10+00:00", "persistent": false, "user": null, "language": "en-US"}, {"source": "https://hnrss.org/frontpage", "title": "Ethereum Classic hashrate doubled this month ahead of ETH merge", "description": "<p>Article URL: <a href=\"https://2miners.com/etc-network-hashrate\">https://2miners.com/etc-network-hashrate</a></p>\n<p>Comments URL: <a href=\"https://news.ycombinator.com/item?id=32844350\">https://news.ycombinator.com/item?id=32844350</a></p>\n<p>Points: 3</p>\n<p># Comments: 0</p>", "link": "https://2miners.com/etc-network-hashrate", "date_published": "2022-09-14 22:34:00+00:00", "persistent": false, "user": null, "language": "en-US"}, {"source": "https://hnrss.org/frontpage", "title": "GraphBLAS", "description": "<p>Article URL: <a href=\"https://people.engr.tamu.edu/davis/GraphBLAS.html\">https://people.engr.tamu.edu/davis/GraphBLAS.html</a></p>\n<p>Comments URL: <a href=\"https://news.ycombinator.com/item?id=32844130\">https://news.ycombinator.com/item?id=32844130</a></p>\n<p>Points: 12</p>\n<p># Comments: 0</p>", "link": "https://people.engr.tamu.edu/davis/GraphBLAS.html", "date_published": "2022-09-14 22:13:12+00:00", "persistent": false, "user": null, "language": "en-US"}, {"source": "https://hnrss.org/frontpage", "title": "Crazy Thin \u2018Deep Insert\u2019 ATM Skimmers", "description": "<p>Article URL: <a href=\"https://krebsonsecurity.com/2022/09/say-hello-to-crazy-thin-deep-insert-atm-skimmers/\">https://krebsonsecurity.com/2022/09/say-hello-to-crazy-thin-deep-insert-atm-skimmers/</a></p>\n<p>Comments URL: <a href=\"https://news.ycombinator.com/item?id=32843961\">https://news.ycombinator.com/item?id=32843961</a></p>\n<p>Points: 70</p>\n<p># Comments: 33</p>", "link": "https://krebsonsecurity.com/2022/09/say-hello-to-crazy-thin-deep-insert-atm-skimmers/", "date_published": "2022-09-14 21:56:00+00:00", "persistent": false, "user": null, "language": "en-US"}, {"source": "https://hnrss.org/frontpage", "title": "iPhone 14 Pro Camera Review: Scotland", "description": "<p>Article URL: <a href=\"https://www.austinmann.com/trek/iphone-14-pro-camera-review-scotland\">https://www.austinmann.com/trek/iphone-14-pro-camera-review-scotland</a></p>\n<p>Comments URL: <a href=\"https://news.ycombinator.com/item?id=32843892\">https://news.ycombinator.com/item?id=32843892</a></p>\n<p>Points: 28</p>\n<p># Comments: 10</p>", "link": "https://www.austinmann.com/trek/iphone-14-pro-camera-review-scotland", "date_published": "2022-09-14 21:50:25+00:00", "persistent": false, "user": null, "language": "en-US"}, {"source": "https://hnrss.org/frontpage", "title": "Dolphin Progress July and August 2022", "description": "<p>Article URL: <a href=\"https://dolphin-emu.org/blog/2022/09/13/dolphin-progress-report-july-and-august-2022/\">https://dolphin-emu.org/blog/2022/09/13/dolphin-progress-report-july-and-august-2022/</a></p>\n<p>Comments URL: <a href=\"https://news.ycombinator.com/item?id=32843841\">https://news.ycombinator.com/item?id=32843841</a></p>\n<p>Points: 21</p>\n<p># Comments: 0</p>", "link": "https://dolphin-emu.org/blog/2022/09/13/dolphin-progress-report-july-and-august-2022/", "date_published": "2022-09-14 21:46:40+00:00", "persistent": false, "user": null, "language": "en-US"}, {"source": "https://hnrss.org/frontpage", "title": "Search 5.8B images used to train popular AI art models", "description": "<p>Article URL: <a href=\"https://haveibeentrained.com/\">https://haveibeentrained.com/</a></p>\n<p>Comments URL: <a href=\"https://news.ycombinator.com/item?id=32843477\">https://news.ycombinator.com/item?id=32843477</a></p>\n<p>Points: 28</p>\n<p># Comments: 21</p>", "link": "https://haveibeentrained.com/", "date_published": "2022-09-14 21:17:50+00:00", "persistent": false, "user": null, "language": "en-US"}, {"source": "https://hnrss.org/frontpage", "title": "Denmark no longer offering Covid vaccinations to healthy adults under 50", "description": "<p>Article URL: <a href=\"https://www.sst.dk/en/english/corona-eng/vaccination-against-covid-19\">https://www.sst.dk/en/english/corona-eng/vaccination-against-covid-19</a></p>\n<p>Comments URL: <a href=\"https://news.ycombinator.com/item?id=32843348\">https://news.ycombinator.com/item?id=32843348</a></p>\n<p>Points: 115</p>\n<p># Comments: 143</p>", "link": "https://www.sst.dk/en/english/corona-eng/vaccination-against-covid-19", "date_published": "2022-09-14 21:05:31+00:00", "persistent": false, "user": null, "language": "en-US"}, {"source": "https://hnrss.org/frontpage", "title": "Mandelbrot Generation in Rust", "description": "<p>Article URL: <a href=\"https://blocr.github.io/posts/fractal_generation.html\">https://blocr.github.io/posts/fractal_generation.html</a></p>\n<p>Comments URL: <a href=\"https://news.ycombinator.com/item?id=32843145\">https://news.ycombinator.com/item?id=32843145</a></p>\n<p>Points: 7</p>\n<p># Comments: 1</p>", "link": "https://blocr.github.io/posts/fractal_generation.html", "date_published": "2022-09-14 20:48:39+00:00", "persistent": false, "user": null, "language": "en-US"}, {"source": "https://hnrss.org/frontpage", "title": "Act-1: Transformer for Actions", "description": "<p>Article URL: <a href=\"https://www.adept.ai/act\">https://www.adept.ai/act</a></p>\n<p>Comments URL: <a href=\"https://news.ycombinator.com/item?id=32842860\">https://news.ycombinator.com/item?id=32842860</a></p>\n<p>Points: 41</p>\n<p># Comments: 12</p>", "link": "https://www.adept.ai/act", "date_published": "2022-09-14 20:24:53+00:00", "persistent": false, "user": null, "language": "en-US"}, {"source": "https://hnrss.org/frontpage", "title": "Rocks, Air, and Memory (2006)", "description": "<p>Article URL: <a href=\"https://uh.edu/engines/epi2204.htm\">https://uh.edu/engines/epi2204.htm</a></p>\n<p>Comments URL: <a href=\"https://news.ycombinator.com/item?id=32842814\">https://news.ycombinator.com/item?id=32842814</a></p>\n<p>Points: 5</p>\n<p># Comments: 1</p>", "link": "https://uh.edu/engines/epi2204.htm", "date_published": "2022-09-14 20:21:32+00:00", "persistent": false, "user": null, "language": "en-US"}, {"source": "https://hnrss.org/frontpage", "title": "About Lockdown Mode", "description": "<p>Article URL: <a href=\"https://support.apple.com/en-us/HT212650\">https://support.apple.com/en-us/HT212650</a></p>\n<p>Comments URL: <a href=\"https://news.ycombinator.com/item?id=32842749\">https://news.ycombinator.com/item?id=32842749</a></p>\n<p>Points: 49</p>\n<p># Comments: 4</p>", "link": "https://support.apple.com/en-us/HT212650", "date_published": "2022-09-14 20:15:13+00:00", "persistent": false, "user": null, "language": "en-US"}, {"source": "https://hnrss.org/frontpage", "title": "Escaping strings faster with AVX-512", "description": "<p>Article URL: <a href=\"https://lemire.me/blog/2022/09/14/escaping-strings-faster-with-avx-512/\">https://lemire.me/blog/2022/09/14/escaping-strings-faster-with-avx-512/</a></p>\n<p>Comments URL: <a href=\"https://news.ycombinator.com/item?id=32842651\">https://news.ycombinator.com/item?id=32842651</a></p>\n<p>Points: 13</p>\n<p># Comments: 0</p>", "link": "https://lemire.me/blog/2022/09/14/escaping-strings-faster-with-avx-512/", "date_published": "2022-09-14 20:06:58+00:00", "persistent": false, "user": null, "language": "en-US"}, {"source": "https://hnrss.org/frontpage", "title": "Unicode 15 Released", "description": "<p>Article URL: <a href=\"https://lwn.net/Articles/908032/\">https://lwn.net/Articles/908032/</a></p>\n<p>Comments URL: <a href=\"https://news.ycombinator.com/item?id=32842207\">https://news.ycombinator.com/item?id=32842207</a></p>\n<p>Points: 17</p>\n<p># Comments: 4</p>", "link": "https://lwn.net/Articles/908032/", "date_published": "2022-09-14 19:35:13+00:00", "persistent": false, "user": null, "language": "en-US"}, {"source": "https://hnrss.org/frontpage", "title": "Just What Is It That Makes Today\u2019s Homes So Different, So Appealing?", "description": "<p>Article URL: <a href=\"https://smarthistory.org/richard-hamilton-just-what-is-it/\">https://smarthistory.org/richard-hamilton-just-what-is-it/</a></p>\n<p>Comments URL: <a href=\"https://news.ycombinator.com/item?id=32842192\">https://news.ycombinator.com/item?id=32842192</a></p>\n<p>Points: 7</p>\n<p># Comments: 3</p>", "link": "https://smarthistory.org/richard-hamilton-just-what-is-it/", "date_published": "2022-09-14 19:34:03+00:00", "persistent": false, "user": null, "language": "en-US"}, {"source": "https://hnrss.org/frontpage", "title": "FLAC 1.4.0 released \u2013 added support for 32-bit audio", "description": "<p>Article URL: <a href=\"https://xiph.org/flac/2022/09/09/flac-1-4-0-released.html\">https://xiph.org/flac/2022/09/09/flac-1-4-0-released.html</a></p>\n<p>Comments URL: <a href=\"https://news.ycombinator.com/item?id=32841737\">https://news.ycombinator.com/item?id=32841737</a></p>\n<p>Points: 16</p>\n<p># Comments: 8</p>", "link": "https://xiph.org/flac/2022/09/09/flac-1-4-0-released.html", "date_published": "2022-09-14 19:02:48+00:00", "persistent": false, "user": null, "language": "en-US"}, {"source": "https://hnrss.org/frontpage", "title": "Worldwide Rail Network Map", "description": "<p>Article URL: <a href=\"https://www.openrailwaymap.org/?style=standard&amp;lat=51.58248&amp;lon=15.6501&amp;zoom=3\">https://www.openrailwaymap.org/?style=standard&amp;lat=51.58248&amp;lon=15.6501&amp;zoom=3</a></p>\n<p>Comments URL: <a href=\"https://news.ycombinator.com/item?id=32841069\">https://news.ycombinator.com/item?id=32841069</a></p>\n<p>Points: 6</p>\n<p># Comments: 1</p>", "link": "https://www.openrailwaymap.org/?style=standard&lat=51.58248&lon=15.6501&zoom=3", "date_published": "2022-09-14 18:17:55+00:00", "persistent": false, "user": null, "language": "en-US"}, {"source": "https://hnrss.org/frontpage", "title": "Cachegrand \u2013 a modern OSS Key-Value store built for today's hardware", "description": "<p>Article URL: <a href=\"https://github.com/danielealbano/cachegrand\">https://github.com/danielealbano/cachegrand</a></p>\n<p>Comments URL: <a href=\"https://news.ycombinator.com/item?id=32840783\">https://news.ycombinator.com/item?id=32840783</a></p>\n<p>Points: 24</p>\n<p># Comments: 2</p>", "link": "https://github.com/danielealbano/cachegrand", "date_published": "2022-09-14 17:57:18+00:00", "persistent": false, "user": null, "language": "en-US"}, {"source": "https://hnrss.org/frontpage", "title": "San Francisco Makes It Insanely Hard to Build Housing", "description": "<p>Article URL: <a href=\"https://sfstandard.com/housing-development/how-san-francisco-makes-it-insanely-hard-to-build-housing/\">https://sfstandard.com/housing-development/how-san-francisco-makes-it-insanely-hard-to-build-housing/</a></p>\n<p>Comments URL: <a href=\"https://news.ycombinator.com/item?id=32840583\">https://news.ycombinator.com/item?id=32840583</a></p>\n<p>Points: 15</p>\n<p># Comments: 1</p>", "link": "https://sfstandard.com/housing-development/how-san-francisco-makes-it-insanely-hard-to-build-housing/", "date_published": "2022-09-14 17:41:02+00:00", "persistent": false, "user": null, "language": "en-US"}, {"source": "https://hnrss.org/frontpage", "title": "A closer look at child marriage in California (2021)", "description": "<p>Article URL: <a href=\"https://www.uscannenbergmedia.com/2021/11/12/a-closer-look-at-child-marriage-in-california/\">https://www.uscannenbergmedia.com/2021/11/12/a-closer-look-at-child-marriage-in-california/</a></p>\n<p>Comments URL: <a href=\"https://news.ycombinator.com/item?id=32840408\">https://news.ycombinator.com/item?id=32840408</a></p>\n<p>Points: 36</p>\n<p># Comments: 13</p>", "link": "https://www.uscannenbergmedia.com/2021/11/12/a-closer-look-at-child-marriage-in-california/", "date_published": "2022-09-14 17:29:22+00:00", "persistent": false, "user": null, "language": "en-US"}, {"source": "https://hnrss.org/frontpage", "title": "Why is every podcast sponsored by a VPN company?", "description": "<p>Article URL: <a href=\"https://girdley.substack.com/p/why-is-every-podcast-sponsored-by\">https://girdley.substack.com/p/why-is-every-podcast-sponsored-by</a></p>\n<p>Comments URL: <a href=\"https://news.ycombinator.com/item?id=32840369\">https://news.ycombinator.com/item?id=32840369</a></p>\n<p>Points: 28</p>\n<p># Comments: 8</p>", "link": "https://girdley.substack.com/p/why-is-every-podcast-sponsored-by", "date_published": "2022-09-14 17:27:10+00:00", "persistent": false, "user": null, "language": "en-US"}, {"source": "https://hnrss.org/frontpage", "title": "Once again so many people are led to think Wikipedia is broke and must be saved", "description": "<p>Article URL: <a href=\"https://twitter.com/Wikiland/status/1570072717931552770\">https://twitter.com/Wikiland/status/1570072717931552770</a></p>\n<p>Comments URL: <a href=\"https://news.ycombinator.com/item?id=32840097\">https://news.ycombinator.com/item?id=32840097</a></p>\n<p>Points: 75</p>\n<p># Comments: 24</p>", "link": "https://twitter.com/Wikiland/status/1570072717931552770", "date_published": "2022-09-14 17:08:53+00:00", "persistent": false, "user": null, "language": "en-US"}, {"source": "https://hnrss.org/frontpage", "title": "The spam on Twitter is appalling", "description": "<p>Article URL: <a href=\"https://twitter.com/paulg/status/1570094327338274823\">https://twitter.com/paulg/status/1570094327338274823</a></p>\n<p>Comments URL: <a href=\"https://news.ycombinator.com/item?id=32840060\">https://news.ycombinator.com/item?id=32840060</a></p>\n<p>Points: 34</p>\n<p># Comments: 18</p>", "link": "https://twitter.com/paulg/status/1570094327338274823", "date_published": "2022-09-14 17:05:57+00:00", "persistent": false, "user": null, "language": "en-US"}, {"source": "https://hnrss.org/frontpage", "title": "Patterns (YC S21) Is hiring devs to help us build the Figma for data", "description": "<p>Article URL: <a href=\"https://patterns.app/\">https://patterns.app/</a></p>\n<p>Comments URL: <a href=\"https://news.ycombinator.com/item?id=32839972\">https://news.ycombinator.com/item?id=32839972</a></p>\n<p>Points: 1</p>\n<p># Comments: 0</p>", "link": "https://patterns.app/", "date_published": "2022-09-14 17:00:03+00:00", "persistent": false, "user": null, "language": "en-US"}, {"source": "https://hnrss.org/frontpage", "title": "DVD Bouncing Logo", "description": "<p>Article URL: <a href=\"https://www.google.com/search?q=dvd+bouncing+logo\">https://www.google.com/search?q=dvd+bouncing+logo</a></p>\n<p>Comments URL: <a href=\"https://news.ycombinator.com/item?id=32839943\">https://news.ycombinator.com/item?id=32839943</a></p>\n<p>Points: 42</p>\n<p># Comments: 13</p>", "link": "https://www.google.com/search?q=dvd+bouncing+logo", "date_published": "2022-09-14 16:57:18+00:00", "persistent": false, "user": null, "language": "en-US"}, {"source": "https://hnrss.org/frontpage", "title": "Saturated fat: villain and bogeyman in development of cardiovascular disease?", "description": "<p>Article URL: <a href=\"https://academic.oup.com/eurjpc/advance-article-abstract/doi/10.1093/eurjpc/zwac194/6691821\">https://academic.oup.com/eurjpc/advance-article-abstract/doi/10.1093/eurjpc/zwac194/6691821</a></p>\n<p>Comments URL: <a href=\"https://news.ycombinator.com/item?id=32839796\">https://news.ycombinator.com/item?id=32839796</a></p>\n<p>Points: 20</p>\n<p># Comments: 19</p>", "link": "https://academic.oup.com/eurjpc/advance-article-abstract/doi/10.1093/eurjpc/zwac194/6691821", "date_published": "2022-09-14 16:48:34+00:00", "persistent": false, "user": null, "language": "en-US"}, {"source": "https://hnrss.org/frontpage", "title": "Discord adds new \u201cForum\u201d channels", "description": "<p>Article URL: <a href=\"https://discord.com/blog/forum-channels-space-for-organized-conversation\">https://discord.com/blog/forum-channels-space-for-organized-conversation</a></p>\n<p>Comments URL: <a href=\"https://news.ycombinator.com/item?id=32839626\">https://news.ycombinator.com/item?id=32839626</a></p>\n<p>Points: 69</p>\n<p># Comments: 46</p>", "link": "https://discord.com/blog/forum-channels-space-for-organized-conversation", "date_published": "2022-09-14 16:36:24+00:00", "persistent": false, "user": null, "language": "en-US"}, {"source": "https://hnrss.org/frontpage", "title": "Why Racket? Why Lisp?", "description": "<p>Article URL: <a href=\"https://beautifulracket.com/appendix/why-racket-why-lisp.html\">https://beautifulracket.com/appendix/why-racket-why-lisp.html</a></p>\n<p>Comments URL: <a href=\"https://news.ycombinator.com/item?id=32839542\">https://news.ycombinator.com/item?id=32839542</a></p>\n<p>Points: 31</p>\n<p># Comments: 6</p>", "link": "https://beautifulracket.com/appendix/why-racket-why-lisp.html", "date_published": "2022-09-14 16:30:03+00:00", "persistent": false, "user": null, "language": "en-US"}, {"source": "https://hnrss.org/frontpage", "title": "Carbon Footprint of Unwanted Data-Use by Smartphones", "description": "<p>Article URL: <a href=\"https://branch.climateaction.tech/issues/issue-3/carbon-footprint-of-unwanted-data-use-by-smartphones/\">https://branch.climateaction.tech/issues/issue-3/carbon-footprint-of-unwanted-data-use-by-smartphones/</a></p>\n<p>Comments URL: <a href=\"https://news.ycombinator.com/item?id=32839493\">https://news.ycombinator.com/item?id=32839493</a></p>\n<p>Points: 12</p>\n<p># Comments: 3</p>", "link": "https://branch.climateaction.tech/issues/issue-3/carbon-footprint-of-unwanted-data-use-by-smartphones/", "date_published": "2022-09-14 16:26:50+00:00", "persistent": false, "user": null, "language": "en-US"}, {"source": "https://hnrss.org/frontpage", "title": "Starlink is now on all seven continents, enabled by its space laser network", "description": "<p>Article URL: <a href=\"https://twitter.com/SpaceX/status/1570073223005622274\">https://twitter.com/SpaceX/status/1570073223005622274</a></p>\n<p>Comments URL: <a href=\"https://news.ycombinator.com/item?id=32839193\">https://news.ycombinator.com/item?id=32839193</a></p>\n<p>Points: 28</p>\n<p># Comments: 3</p>", "link": "https://twitter.com/SpaceX/status/1570073223005622274", "date_published": "2022-09-14 16:09:46+00:00", "persistent": false, "user": null, "language": "en-US"}, {"source": "https://hnrss.org/frontpage", "title": "Dabbling with Dagster vs. Airflow", "description": "<p>Article URL: <a href=\"https://davidsj.substack.com/p/dabbling-with-dagster-part-1\">https://davidsj.substack.com/p/dabbling-with-dagster-part-1</a></p>\n<p>Comments URL: <a href=\"https://news.ycombinator.com/item?id=32839147\">https://news.ycombinator.com/item?id=32839147</a></p>\n<p>Points: 18</p>\n<p># Comments: 1</p>", "link": "https://davidsj.substack.com/p/dabbling-with-dagster-part-1", "date_published": "2022-09-14 16:06:13+00:00", "persistent": false, "user": null, "language": "en-US"}, {"source": "https://hnrss.org/frontpage", "title": "Show HN: Rentaflop \u2013 Render your Blender projects without sacrificing quality", "description": "<p>Hi HN,<p>My name is David Sokol, and I'm the founder of rentaflop (https://rentaflop.com). We're a crowdsourced render farm aimed at making Blender rendering fast and affordable.<p>If you've used Blender, then I'm sure you've experienced the pain of waiting around for your animations to render. You've probably even had to sacrifice the quality of your work to reduce your render times. I've been there too.<p>If you're like me, then you're also disappointed with the alternative solutions: spend", "link": "https://news.ycombinator.com/item?id=32838673", "date_published": "2022-09-14 15:34:40+00:00", "persistent": false, "user": null, "language": "en-US"}, {"source": "https://hnrss.org/frontpage", "title": "H-m-m (hackers mind map)", "description": "<p>Article URL: <a href=\"https://github.com/nadrad/h-m-m\">https://github.com/nadrad/h-m-m</a></p>\n<p>Comments URL: <a href=\"https://news.ycombinator.com/item?id=32838475\">https://news.ycombinator.com/item?id=32838475</a></p>\n<p>Points: 3</p>\n<p># Comments: 1</p>", "link": "https://github.com/nadrad/h-m-m", "date_published": "2022-09-14 15:21:44+00:00", "persistent": false, "user": null, "language": "en-US"}, {"source": "https://hnrss.org/frontpage", "title": "Child Porn Allegations at Patreon After Security Team Fired", "description": "<p>Article URL: <a href=\"https://www.secjuice.com/patreon-fired-security-team-amid-child-porn-allegations/\">https://www.secjuice.com/patreon-fired-security-team-amid-child-porn-allegations/</a></p>\n<p>Comments URL: <a href=\"https://news.ycombinator.com/item?id=32838454\">https://news.ycombinator.com/item?id=32838454</a></p>\n<p>Points: 7</p>\n<p># Comments: 0</p>", "link": "https://www.secjuice.com/patreon-fired-security-team-amid-child-porn-allegations/", "date_published": "2022-09-14 15:19:55+00:00", "persistent": false, "user": null, "language": "en-US"}, {"source": "https://hnrss.org/frontpage", "title": "What's New in Jakarta EE 10?", "description": "<p>Article URL: <a href=\"https://blog.payara.fish/whats-new-in-jakarta-ee-10\">https://blog.payara.fish/whats-new-in-jakarta-ee-10</a></p>\n<p>Comments URL: <a href=\"https://news.ycombinator.com/item?id=32838321\">https://news.ycombinator.com/item?id=32838321</a></p>\n<p>Points: 6</p>\n<p># Comments: 0</p>", "link": "https://blog.payara.fish/whats-new-in-jakarta-ee-10", "date_published": "2022-09-14 15:08:49+00:00", "persistent": false, "user": null, "language": "en-US"}, {"source": "https://hnrss.org/frontpage", "title": "Ask HN: How do I write a Linux driver for my 15 year old photo printer?", "description": "<p>I'm interested in writing a x86_64 Linux driver for my 15 year old photo printer.<p>It looks like someone out there maintains 32 bit drivers for this printer, but I'd like low-hassle native support for my 64-bit install.<p>https://askubuntu.com/questions/1324015/how-to-install-printer-canon-pixma-ip1800-on-xubuntu-20-04<p>Where do I get started with this? What's the toolchain for sniffing USB data and that sort of thing?</p>\n<hr />\n<p>Comments URL: <a href=\"https://news.ycombinator.com/item?i", "link": "https://news.ycombinator.com/item?id=32838225", "date_published": "2022-09-14 15:01:10+00:00", "persistent": false, "user": null, "language": "en-US"}, {"source": "https://hnrss.org/frontpage", "title": "Notes: Fast note-taking app, open-source, without Electron, built in Qt C++", "description": "<p>Article URL: <a href=\"https://github.com/nuttyartist/notes\">https://github.com/nuttyartist/notes</a></p>\n<p>Comments URL: <a href=\"https://news.ycombinator.com/item?id=32837942\">https://news.ycombinator.com/item?id=32837942</a></p>\n<p>Points: 55</p>\n<p># Comments: 11</p>", "link": "https://github.com/nuttyartist/notes", "date_published": "2022-09-14 14:42:23+00:00", "persistent": false, "user": null, "language": "en-US"}, {"source": "https://hnrss.org/frontpage", "title": "Show HN: StackAid \u2013 fund 100s of open source dependencies with one subscription", "description": "<p>We strongly believe working on open source software should be a viable source of income for many more developers. Unfortunately, the following barriers limit the extent of open source funding:<p>- Only a small fraction of open source projects are funded, and most money goes to a few notable projects.<p>- Each project has to market is self to get significant funding.<p>- Large corporate donations provide the bulk of the funding, making it unreliable and unattainable for many.<p>- Finding and s", "link": "https://www.stackaid.us", "date_published": "2022-09-14 14:35:11+00:00", "persistent": false, "user": null, "language": "en-US"}, {"source": "https://hnrss.org/frontpage", "title": "Twilio to lay off 11% of workforce", "description": "<p>Article URL: <a href=\"https://www.cnbc.com/2022/09/14/twilio-to-lay-of-11percent-of-workforce.html\">https://www.cnbc.com/2022/09/14/twilio-to-lay-of-11percent-of-workforce.html</a></p>\n<p>Comments URL: <a href=\"https://news.ycombinator.com/item?id=32837802\">https://news.ycombinator.com/item?id=32837802</a></p>\n<p>Points: 69</p>\n<p># Comments: 46</p>", "link": "https://www.cnbc.com/2022/09/14/twilio-to-lay-of-11percent-of-workforce.html", "date_published": "2022-09-14 14:33:27+00:00", "persistent": false, "user": null, "language": "en-US"}, {"source": "https://hnrss.org/frontpage", "title": "Ask HN: Where are the good platforms for contract work?", "description": "<p>I've been looking for contract work for the past couple months, and it's been dire. All the job boards are looking for full time employees, and on Hacker News the only recommendation is Toptal.<p>Is there really no other platform for decently paid contract work that's not a complete race to the bottom? I find I'm close to having to abandon 10 years of consulting because I have no idea where to find anything else than full-time employment.<p>The other two job boards I've been keeping an eye on", "link": "https://news.ycombinator.com/item?id=32837800", "date_published": "2022-09-14 14:33:22+00:00", "persistent": false, "user": null, "language": "en-US"}, {"source": "https://hnrss.org/frontpage", "title": "Ever wondered how a QR code works?", "description": "<p>Article URL: <a href=\"https://typefully.com/DanHollick/qr-codes-T7tLlNi\">https://typefully.com/DanHollick/qr-codes-T7tLlNi</a></p>\n<p>Comments URL: <a href=\"https://news.ycombinator.com/item?id=32837565\">https://news.ycombinator.com/item?id=32837565</a></p>\n<p>Points: 25</p>\n<p># Comments: 11</p>", "link": "https://typefully.com/DanHollick/qr-codes-T7tLlNi", "date_published": "2022-09-14 14:17:43+00:00", "persistent": true, "user": "rumpel", "language": "en-US", "tags": ["qr codes"]}, {"source": "https://hnrss.org/frontpage", "title": "Ask HN: Why is Disney+ UX so bad?", "description": "<p>A few weeks ago I bought a one month Disney+ subscription to check it out. I have all kinds of problems when using their web player compared to Netflix and YouTube:<p>- subtitle settings get reset every time I close the website.<p>- the button for changing subtitles is in the upper right corner. Once you open the menu the button for closing it appears in the upper left corner. You can't close the menu by clicking outside of it, despite the fact that you can still see the blurred video in the ", "link": "https://news.ycombinator.com/item?id=32837397", "date_published": "2022-09-14 14:07:31+00:00", "persistent": false, "user": null, "language": "en-US"}, {"source": "https://hnrss.org/frontpage", "title": "A message from Twilio CEO Jeff Lawson: 11% workforce cut", "description": "<p>Article URL: <a href=\"https://www.twilio.com/blog/a-message-from-twilio-ceo-jeff-lawson\">https://www.twilio.com/blog/a-message-from-twilio-ceo-jeff-lawson</a></p>\n<p>Comments URL: <a href=\"https://news.ycombinator.com/item?id=32837345\">https://news.ycombinator.com/item?id=32837345</a></p>\n<p>Points: 10</p>\n<p># Comments: 0</p>", "link": "https://www.twilio.com/blog/a-message-from-twilio-ceo-jeff-lawson", "date_published": "2022-09-14 14:03:32+00:00", "persistent": false, "user": null, "language": "en-US"}, {"source": "https://hnrss.org/frontpage", "title": "My First BillG Review (2006)", "description": "<p>Article URL: <a href=\"https://www.joelonsoftware.com/2006/06/16/my-first-billg-review/\">https://www.joelonsoftware.com/2006/06/16/my-first-billg-review/</a></p>\n<p>Comments URL: <a href=\"https://news.ycombinator.com/item?id=32837249\">https://news.ycombinator.com/item?id=32837249</a></p>\n<p>Points: 29</p>\n<p># Comments: 7</p>", "link": "https://www.joelonsoftware.com/2006/06/16/my-first-billg-review/", "date_published": "2022-09-14 13:55:43+00:00", "persistent": false, "user": null, "language": "en-US"}, {"source": "https://hnrss.org/frontpage", "title": "DuckDuckGo, Proton, Mozilla back bill targeting Big Tech \u2018surveillance\u2019", "description": "<p>Article URL: <a href=\"https://www.techradar.com/news/duckduckgo-proton-mozilla-throw-weight-behind-bill-targeting-big-tech-surveillance\">https://www.techradar.com/news/duckduckgo-proton-mozilla-throw-weight-behind-bill-targeting-big-tech-surveillance</a></p>\n<p>Comments URL: <a href=\"https://news.ycombinator.com/item?id=32837233\">https://news.ycombinator.com/item?id=32837233</a></p>\n<p>Points: 44</p>\n<p># Comments: 5</p>", "link": "https://www.techradar.com/news/duckduckgo-proton-mozilla-throw-weight-behind-bill-targeting-big-tech-surveillance", "date_published": "2022-09-14 13:54:51+00:00", "persistent": false, "user": null, "language": "en-US"}, {"source": "https://hnrss.org/frontpage", "title": "Think Prometheus, but for logs (not metrics). Simple, efficient, fast log store", "description": "<p>Article URL: <a href=\"https://www.parseable.io/docs/introduction\">https://www.parseable.io/docs/introduction</a></p>\n<p>Comments URL: <a href=\"https://news.ycombinator.com/item?id=32837222\">https://news.ycombinator.com/item?id=32837222</a></p>\n<p>Points: 28</p>\n<p># Comments: 15</p>", "link": "https://www.parseable.io/docs/introduction", "date_published": "2022-09-14 13:54:04+00:00", "persistent": false, "user": null, "language": "en-US"}, {"source": "https://hnrss.org/frontpage", "title": "Tornado Cash and bullets", "description": "<p>Article URL: <a href=\"https://blog.yossarian.net/2022/09/14/Tornado-Cash-and-bullets\">https://blog.yossarian.net/2022/09/14/Tornado-Cash-and-bullets</a></p>\n<p>Comments URL: <a href=\"https://news.ycombinator.com/item?id=32836785\">https://news.ycombinator.com/item?id=32836785</a></p>\n<p>Points: 29</p>\n<p># Comments: 42</p>", "link": "https://blog.yossarian.net/2022/09/14/Tornado-Cash-and-bullets", "date_published": "2022-09-14 13:20:43+00:00", "persistent": false, "user": null, "language": "en-US"}, {"source": "https://hnrss.org/frontpage", "title": "Pingora, the proxy that connects Cloudflare to the Internet", "description": "<p>Article URL: <a href=\"https://blog.cloudflare.com/how-we-built-pingora-the-proxy-that-connects-cloudflare-to-the-internet/\">https://blog.cloudflare.com/how-we-built-pingora-the-proxy-that-connects-cloudflare-to-the-internet/</a></p>\n<p>Comments URL: <a href=\"https://news.ycombinator.com/item?id=32836661\">https://news.ycombinator.com/item?id=32836661</a></p>\n<p>Points: 11</p>\n<p># Comments: 2</p>", "link": "https://blog.cloudflare.com/how-we-built-pingora-the-proxy-that-connects-cloudflare-to-the-internet/", "date_published": "2022-09-14 13:11:50+00:00", "persistent": false, "user": null, "language": "en-US"}, {"source": "https://hnrss.org/frontpage", "title": "The B-52 was designed in a hotel room over one weekend", "description": "<p>Article URL: <a href=\"https://www.sandboxx.us/blog/the-b-52-was-designed-in-a-hotel-room-over-one-weekend-and-will-probably-fly-for-100-years/\">https://www.sandboxx.us/blog/the-b-52-was-designed-in-a-hotel-room-over-one-weekend-and-will-probably-fly-for-100-years/</a></p>\n<p>Comments URL: <a href=\"https://news.ycombinator.com/item?id=32836552\">https://news.ycombinator.com/item?id=32836552</a></p>\n<p>Points: 25</p>\n<p># Comments: 11</p>", "link": "https://www.sandboxx.us/blog/the-b-52-was-designed-in-a-hotel-room-over-one-weekend-and-will-probably-fly-for-100-years/", "date_published": "2022-09-14 13:01:42+00:00", "persistent": false, "user": null, "language": "en-US"}, {"source": "https://hnrss.org/frontpage", "title": "Hacktoberfest 2022", "description": "<p>Article URL: <a href=\"https://hacktoberfest.com\">https://hacktoberfest.com</a></p>\n<p>Comments URL: <a href=\"https://news.ycombinator.com/item?id=32836500\">https://news.ycombinator.com/item?id=32836500</a></p>\n<p>Points: 40</p>\n<p># Comments: 19</p>", "link": "https://hacktoberfest.com", "date_published": "2022-09-14 12:57:00+00:00", "persistent": false, "user": null, "language": "en-US"}, {"source": "https://hnrss.org/frontpage", "title": "io_uring_spawn: Launching New Processes with io_uring", "description": "<p>Article URL: <a href=\"https://www.phoronix.com/news/Linux-LPC2022-io_uring_spawn\">https://www.phoronix.com/news/Linux-LPC2022-io_uring_spawn</a></p>\n<p>Comments URL: <a href=\"https://news.ycombinator.com/item?id=32836446\">https://news.ycombinator.com/item?id=32836446</a></p>\n<p>Points: 21</p>\n<p># Comments: 2</p>", "link": "https://www.phoronix.com/news/Linux-LPC2022-io_uring_spawn", "date_published": "2022-09-14 12:52:03+00:00", "persistent": false, "user": null, "language": "en-US"}, {"source": "https://hnrss.org/frontpage", "title": "Ask HN: What is the coding exercise you use to explore a new language?", "description": "<p>What is a good sample program or project to work on to explore the primary aspects of a programming language? Something that can be worked on for a couple hours or days. Something that will give exposure to most of the basics of a particular language. Would love to know how people go about trying out a new language in this way.</p>\n<hr />\n<p>Comments URL: <a href=\"https://news.ycombinator.com/item?id=32836113\">https://news.ycombinator.com/item?id=32836113</a></p>\n<p>Points: 21</p>\n<p># Commen", "link": "https://news.ycombinator.com/item?id=32836113", "date_published": "2022-09-14 12:19:49+00:00", "persistent": false, "user": null, "language": "en-US"}, {"source": "https://hnrss.org/frontpage", "title": "Privacy vs. \u201cI have nothing to hide\u201d (2019)", "description": "<p>Article URL: <a href=\"https://kevquirk.com/privacy-vs-i-have-nothing-to-hide/\">https://kevquirk.com/privacy-vs-i-have-nothing-to-hide/</a></p>\n<p>Comments URL: <a href=\"https://news.ycombinator.com/item?id=32835966\">https://news.ycombinator.com/item?id=32835966</a></p>\n<p>Points: 109</p>\n<p># Comments: 103</p>", "link": "https://kevquirk.com/privacy-vs-i-have-nothing-to-hide/", "date_published": "2022-09-14 12:02:00+00:00", "persistent": true, "user": null, "language": "en-US", "tags": ["privacy"]}, {"source": "https://hnrss.org/frontpage", "title": "Pachyderm Is Hiring Sales Engineers and Solutions Architects", "description": "<p>Article URL: <a href=\"https://www.pachyderm.com/careers/#positions\">https://www.pachyderm.com/careers/#positions</a></p>\n<p>Comments URL: <a href=\"https://news.ycombinator.com/item?id=32835956\">https://news.ycombinator.com/item?id=32835956</a></p>\n<p>Points: 1</p>\n<p># Comments: 0</p>", "link": "https://www.pachyderm.com/careers/#positions", "date_published": "2022-09-14 12:00:54+00:00", "persistent": false, "user": null, "language": "en-US"}, {"source": "https://hnrss.org/frontpage", "title": "Color Fonts", "description": "<p>Article URL: <a href=\"https://material.io/blog/color-fonts-are-here\">https://material.io/blog/color-fonts-are-here</a></p>\n<p>Comments URL: <a href=\"https://news.ycombinator.com/item?id=32835806\">https://news.ycombinator.com/item?id=32835806</a></p>\n<p>Points: 92</p>\n<p># Comments: 51</p>", "link": "https://material.io/blog/color-fonts-are-here", "date_published": "2022-09-14 11:43:45+00:00", "persistent": false, "user": null, "language": "en-US"}, {"source": "https://hnrss.org/frontpage", "title": "Woman holds up Lebanese bank for $13k of her own money", "description": "<p>Article URL: <a href=\"https://www.reuters.com/world/middle-east/woman-holds-up-lebanese-bank-13000-her-own-money-advocacy-group-says-2022-09-14/\">https://www.reuters.com/world/middle-east/woman-holds-up-lebanese-bank-13000-her-own-money-advocacy-group-says-2022-09-14/</a></p>\n<p>Comments URL: <a href=\"https://news.ycombinator.com/item?id=32835794\">https://news.ycombinator.com/item?id=32835794</a></p>\n<p>Points: 35</p>\n<p># Comments: 27</p>", "link": "https://www.reuters.com/world/middle-east/woman-holds-up-lebanese-bank-13000-her-own-money-advocacy-group-says-2022-09-14/", "date_published": "2022-09-14 11:42:33+00:00", "persistent": false, "user": null, "language": "en-US"}, {"source": "https://hnrss.org/frontpage", "title": "Apache NetBeans 15", "description": "<p>Article URL: <a href=\"https://blogs.apache.org/netbeans/entry/announce-apache-netbeans-15-released\">https://blogs.apache.org/netbeans/entry/announce-apache-netbeans-15-released</a></p>\n<p>Comments URL: <a href=\"https://news.ycombinator.com/item?id=32835722\">https://news.ycombinator.com/item?id=32835722</a></p>\n<p>Points: 40</p>\n<p># Comments: 17</p>", "link": "https://blogs.apache.org/netbeans/entry/announce-apache-netbeans-15-released", "date_published": "2022-09-14 11:33:59+00:00", "persistent": false, "user": null, "language": "en-US"}, {"source": "https://hnrss.org/frontpage", "title": "JavaFX 19", "description": "<p>Article URL: <a href=\"https://openjfx.io/#ZgotmplZ\">https://openjfx.io/#ZgotmplZ</a></p>\n<p>Comments URL: <a href=\"https://news.ycombinator.com/item?id=32835711\">https://news.ycombinator.com/item?id=32835711</a></p>\n<p>Points: 55</p>\n<p># Comments: 31</p>", "link": "https://openjfx.io/#ZgotmplZ", "date_published": "2022-09-14 11:32:08+00:00", "persistent": false, "user": null, "language": "en-US"}, {"source": "https://hnrss.org/frontpage", "title": "Selecting Meaningful Metrics with Goals and Signals", "description": "<p>Article URL: <a href=\"https://abseil.io/resources/swe-book/html/ch07.html#selecting_meaningful_metrics_with_goals\">https://abseil.io/resources/swe-book/html/ch07.html#selecting_meaningful_metrics_with_goals</a></p>\n<p>Comments URL: <a href=\"https://news.ycombinator.com/item?id=32835576\">https://news.ycombinator.com/item?id=32835576</a></p>\n<p>Points: 11</p>\n<p># Comments: 1</p>", "link": "https://abseil.io/resources/swe-book/html/ch07.html#selecting_meaningful_metrics_with_goals", "date_published": "2022-09-14 11:13:45+00:00", "persistent": false, "user": null, "language": "en-US"}, {"source": "https://hnrss.org/frontpage", "title": "It's been a little over 3 weeks since Google randomly sent me $249,999", "description": "<p>Article URL: <a href=\"https://twitter.com/samwcyo/status/1569897392560050178\">https://twitter.com/samwcyo/status/1569897392560050178</a></p>\n<p>Comments URL: <a href=\"https://news.ycombinator.com/item?id=32835190\">https://news.ycombinator.com/item?id=32835190</a></p>\n<p>Points: 89</p>\n<p># Comments: 57</p>", "link": "https://twitter.com/samwcyo/status/1569897392560050178", "date_published": "2022-09-14 10:15:37+00:00", "persistent": false, "user": null, "language": "en-US"}, {"source": "https://hnrss.org/frontpage", "title": "Demystifying tables (cells inside; borders outside)", "description": "<p>Article URL: <a href=\"https://lakesare.brick.do/formalizing-tables-q0P4PEa2WqRg\">https://lakesare.brick.do/formalizing-tables-q0P4PEa2WqRg</a></p>\n<p>Comments URL: <a href=\"https://news.ycombinator.com/item?id=32835052\">https://news.ycombinator.com/item?id=32835052</a></p>\n<p>Points: 35</p>\n<p># Comments: 14</p>", "link": "https://lakesare.brick.do/formalizing-tables-q0P4PEa2WqRg", "date_published": "2022-09-14 09:51:43+00:00", "persistent": false, "user": null, "language": "en-US"}, {"source": "https://hnrss.org/frontpage", "title": "Google loses challenge against EU antitrust decision, wins 5% fine cut", "description": "<p>Article URL: <a href=\"https://www.reuters.com/technology/eu-courts-wed-ruling-record-44-bln-google-fine-may-set-precedent-2022-09-14/\">https://www.reuters.com/technology/eu-courts-wed-ruling-record-44-bln-google-fine-may-set-precedent-2022-09-14/</a></p>\n<p>Comments URL: <a href=\"https://news.ycombinator.com/item?id=32835000\">https://news.ycombinator.com/item?id=32835000</a></p>\n<p>Points: 63</p>\n<p># Comments: 45</p>", "link": "https://www.reuters.com/technology/eu-courts-wed-ruling-record-44-bln-google-fine-may-set-precedent-2022-09-14/", "date_published": "2022-09-14 09:43:49+00:00", "persistent": false, "user": null, "language": "en-US"}, {"source": "https://hnrss.org/frontpage", "title": "National Rail Network Map", "description": "<p>Article URL: <a href=\"https://www.arcgis.com/apps/mapviewer/index.html?webmap=96ec03e4fc8546bd8a864e39a2c3fc41\">https://www.arcgis.com/apps/mapviewer/index.html?webmap=96ec03e4fc8546bd8a864e39a2c3fc41</a></p>\n<p>Comments URL: <a href=\"https://news.ycombinator.com/item?id=32834484\">https://news.ycombinator.com/item?id=32834484</a></p>\n<p>Points: 43</p>\n<p># Comments: 31</p>", "link": "https://www.arcgis.com/apps/mapviewer/index.html?webmap=96ec03e4fc8546bd8a864e39a2c3fc41", "date_published": "2022-09-14 08:12:09+00:00", "persistent": false, "user": null, "language": "en-US"}, {"source": "https://hnrss.org/frontpage", "title": "One year on, El Salvador\u2019s Bitcoin experiment has proven a failure", "description": "<p>Article URL: <a href=\"https://theconversation.com/one-year-on-el-salvadors-bitcoin-experiment-has-proven-a-spectacular-failure-190229\">https://theconversation.com/one-year-on-el-salvadors-bitcoin-experiment-has-proven-a-spectacular-failure-190229</a></p>\n<p>Comments URL: <a href=\"https://news.ycombinator.com/item?id=32834469\">https://news.ycombinator.com/item?id=32834469</a></p>\n<p>Points: 71</p>\n<p># Comments: 101</p>", "link": "https://theconversation.com/one-year-on-el-salvadors-bitcoin-experiment-has-proven-a-spectacular-failure-190229", "date_published": "2022-09-14 08:09:33+00:00", "persistent": false, "user": null, "language": "en-US"}, {"source": "https://hnrss.org/frontpage", "title": "The UX of Porn Tube Sites Are Designed for the Ultimate Money Shot", "description": "<p>Article URL: <a href=\"https://eyeondesign.aiga.org/the-ux-of-porn-tubes-are-designed-for-the-ultimate-money-shot/\">https://eyeondesign.aiga.org/the-ux-of-porn-tubes-are-designed-for-the-ultimate-money-shot/</a></p>\n<p>Comments URL: <a href=\"https://news.ycombinator.com/item?id=32834441\">https://news.ycombinator.com/item?id=32834441</a></p>\n<p>Points: 68</p>\n<p># Comments: 36</p>", "link": "https://eyeondesign.aiga.org/the-ux-of-porn-tubes-are-designed-for-the-ultimate-money-shot/", "date_published": "2022-09-14 08:05:07+00:00", "persistent": false, "user": null, "language": "en-US"}, {"source": "https://hnrss.org/frontpage", "title": "Countersteering", "description": "<p>Article URL: <a href=\"https://en.wikipedia.org/wiki/Countersteering\">https://en.wikipedia.org/wiki/Countersteering</a></p>\n<p>Comments URL: <a href=\"https://news.ycombinator.com/item?id=32834433\">https://news.ycombinator.com/item?id=32834433</a></p>\n<p>Points: 64</p>\n<p># Comments: 75</p>", "link": "https://en.wikipedia.org/wiki/Countersteering", "date_published": "2022-09-14 08:04:08+00:00", "persistent": false, "user": null, "language": "en-US"}, {"source": "https://hnrss.org/frontpage", "title": "Tab (YC W15) Is Hiring a Full Stack Developer in London", "description": "<p>Article URL: <a href=\"https://tab.recruitee.com/o/full-stack-developer-3\">https://tab.recruitee.com/o/full-stack-developer-3</a></p>\n<p>Comments URL: <a href=\"https://news.ycombinator.com/item?id=32834105\">https://news.ycombinator.com/item?id=32834105</a></p>\n<p>Points: 1</p>\n<p># Comments: 0</p>", "link": "https://tab.recruitee.com/o/full-stack-developer-3", "date_published": "2022-09-14 07:01:39+00:00", "persistent": false, "user": null, "language": "en-US"}, {"source": "https://hnrss.org/frontpage", "title": "Ask HN: Is there any \u201cPBS Kids\u201d alternatives these days?", "description": "<p>I think that was the only channel that had the perfect mix of education and being attractive for children, that got discontinued.<p>Any other alternative\u2019s?</p>\n<hr />\n<p>Comments URL: <a href=\"https://news.ycombinator.com/item?id=32833581\">https://news.ycombinator.com/item?id=32833581</a></p>\n<p>Points: 16</p>\n<p># Comments: 9</p>", "link": "https://news.ycombinator.com/item?id=32833581", "date_published": "2022-09-14 05:19:41+00:00", "persistent": false, "user": null, "language": "en-US"}, {"source": "https://hnrss.org/frontpage", "title": "Finley (YC W21) is hiring across all teams to build fintech infrastructure", "description": "<p>Article URL: <a href=\"https://www.finleycms.com/careers/\">https://www.finleycms.com/careers/</a></p>\n<p>Comments URL: <a href=\"https://news.ycombinator.com/item?id=32833451\">https://news.ycombinator.com/item?id=32833451</a></p>\n<p>Points: 1</p>\n<p># Comments: 0</p>", "link": "https://www.finleycms.com/careers/", "date_published": "2022-09-14 04:53:16+00:00", "persistent": false, "user": null, "language": "en-US"}, {"source": "https://hnrss.org/frontpage", "title": "Mudge is a cyber activist, not a business executive", "description": "<p>Article URL: <a href=\"https://cybersect.substack.com/p/re-mudge-v-twitter\">https://cybersect.substack.com/p/re-mudge-v-twitter</a></p>\n<p>Comments URL: <a href=\"https://news.ycombinator.com/item?id=32833138\">https://news.ycombinator.com/item?id=32833138</a></p>\n<p>Points: 26</p>\n<p># Comments: 8</p>", "link": "https://cybersect.substack.com/p/re-mudge-v-twitter", "date_published": "2022-09-14 03:49:47+00:00", "persistent": false, "user": null, "language": "en-US"}, {"source": "https://hnrss.org/frontpage", "title": "Why Car Wheels Are So Flat These Days", "description": "<p>Article URL: <a href=\"https://www.theautopian.com/heres-why-car-wheels-are-so-flat-these-days-and-no-its-not-just-aerodynamics-and-styling/\">https://www.theautopian.com/heres-why-car-wheels-are-so-flat-these-days-and-no-its-not-just-aerodynamics-and-styling/</a></p>\n<p>Comments URL: <a href=\"https://news.ycombinator.com/item?id=32833097\">https://news.ycombinator.com/item?id=32833097</a></p>\n<p>Points: 19</p>\n<p># Comments: 8</p>", "link": "https://www.theautopian.com/heres-why-car-wheels-are-so-flat-these-days-and-no-its-not-just-aerodynamics-and-styling/", "date_published": "2022-09-14 03:40:31+00:00", "persistent": false, "user": null, "language": "en-US"}, {"source": "https://hnrss.org/frontpage", "title": "Sudden disturbing moves for IT in large companies, mandated by CEOs", "description": "<p>Article URL: <a href=\"https://old.reddit.com/r/sysadmin/comments/xda3jr/sudden_disturbing_moves_for_it_in_very_large/\">https://old.reddit.com/r/sysadmin/comments/xda3jr/sudden_disturbing_moves_for_it_in_very_large/</a></p>\n<p>Comments URL: <a href=\"https://news.ycombinator.com/item?id=32832999\">https://news.ycombinator.com/item?id=32832999</a></p>\n<p>Points: 9</p>\n<p># Comments: 0</p>", "link": "https://old.reddit.com/r/sysadmin/comments/xda3jr/sudden_disturbing_moves_for_it_in_very_large/", "date_published": "2022-09-14 03:24:36+00:00", "persistent": false, "user": null, "language": "en-US"}, {"source": "https://hnrss.org/frontpage", "title": "Death by Hockey Sticks", "description": "<p>Article URL: <a href=\"https://dothemath.ucsd.edu/2022/09/death-by-hockey-sticks/\">https://dothemath.ucsd.edu/2022/09/death-by-hockey-sticks/</a></p>\n<p>Comments URL: <a href=\"https://news.ycombinator.com/item?id=32832177\">https://news.ycombinator.com/item?id=32832177</a></p>\n<p>Points: 7</p>\n<p># Comments: 2</p>", "link": "https://dothemath.ucsd.edu/2022/09/death-by-hockey-sticks/", "date_published": "2022-09-14 01:19:19+00:00", "persistent": false, "user": null, "language": "en-US"}, {"source": "https://hnrss.org/frontpage", "title": "The transistor \u2013 or 25 miles on a hunk of Germanium (1953)", "description": "<p>Article URL: <a href=\"https://www.robkalmeijer.nl/techniek/electronica/radiotechniek/hambladen/qst/1953/03/page13/index.html\">https://www.robkalmeijer.nl/techniek/electronica/radiotechniek/hambladen/qst/1953/03/page13/index.html</a></p>\n<p>Comments URL: <a href=\"https://news.ycombinator.com/item?id=32831757\">https://news.ycombinator.com/item?id=32831757</a></p>\n<p>Points: 7</p>\n<p># Comments: 2</p>", "link": "https://www.robkalmeijer.nl/techniek/electronica/radiotechniek/hambladen/qst/1953/03/page13/index.html", "date_published": "2022-09-14 00:14:12+00:00", "persistent": false, "user": null, "language": "en-US"}, {"source": "https://hnrss.org/frontpage", "title": "Signing Git Commits with Your SSH Key", "description": "<p>Article URL: <a href=\"https://calebhearth.com/sign-git-with-ssh\">https://calebhearth.com/sign-git-with-ssh</a></p>\n<p>Comments URL: <a href=\"https://news.ycombinator.com/item?id=32831731\">https://news.ycombinator.com/item?id=32831731</a></p>\n<p>Points: 10</p>\n<p># Comments: 4</p>", "link": "https://calebhearth.com/sign-git-with-ssh", "date_published": "2022-09-14 00:10:15+00:00", "persistent": false, "user": null, "language": "en-US"}, {"source": "https://hnrss.org/frontpage", "title": "Ask HN: What are examples of companies dying due to many people quitting?", "description": "<p>Curious what are some notable examples of companies being forced to shut down due to many people leaving within a short timeframe?<p>I imagine if half the staff left a nursing home, it would be forced to shut down.</p>\n<hr />\n<p>Comments URL: <a href=\"https://news.ycombinator.com/item?id=32831701\">https://news.ycombinator.com/item?id=32831701</a></p>\n<p>Points: 36</p>\n<p># Comments: 37</p>", "link": "https://news.ycombinator.com/item?id=32831701", "date_published": "2022-09-14 00:05:12+00:00", "persistent": false, "user": null, "language": "en-US"}, {"source": "https://hnrss.org/frontpage", "title": "W3.css \u2013 A Minimal Alternative to Bootstrap", "description": "<p>Article URL: <a href=\"https://www.w3schools.com/w3css/default.asp\">https://www.w3schools.com/w3css/default.asp</a></p>\n<p>Comments URL: <a href=\"https://news.ycombinator.com/item?id=32831679\">https://news.ycombinator.com/item?id=32831679</a></p>\n<p>Points: 25</p>\n<p># Comments: 20</p>", "link": "https://www.w3schools.com/w3css/default.asp", "date_published": "2022-09-14 00:02:13+00:00", "persistent": false, "user": null, "language": "en-US"}, {"source": "https://hnrss.org/frontpage", "title": "What G\u00f6del Discovered (in Lisp)", "description": "<p>Article URL: <a href=\"https://stopa.io/post/269\">https://stopa.io/post/269</a></p>\n<p>Comments URL: <a href=\"https://news.ycombinator.com/item?id=32831673\">https://news.ycombinator.com/item?id=32831673</a></p>\n<p>Points: 10</p>\n<p># Comments: 4</p>", "link": "https://stopa.io/post/269", "date_published": "2022-09-14 00:01:31+00:00", "persistent": false, "user": null, "language": "en-US"}]