[{"source": "https://www.codeproject.com/WebServices/NewsRSS.aspx", "title": "3 Common misconceptions about object-relational mapping", "description": "Item 0: That it's always the best solution?", "link": "https://www.codeproject.com/script/News/View.aspx?nwid=58877", "date_published": "2022-09-14 04:00:00+00:00", "persistent": false, "user": null, "language": "en-US"}, {"source": "https://www.codeproject.com/WebServices/NewsRSS.aspx", "title": "Architecture of a .NET application: case studies", "description": "Just put everything in one project", "link": "https://www.codeproject.com/script/News/View.aspx?nwid=58869", "date_published": "2022-09-14 04:00:00+00:00", "persistent": false, "user": null, "language": "en-US"}, {"source": "https://www.codeproject.com/WebServices/NewsRSS.aspx", "title": "Best option for a local/standalone database in a desktop project?", "description": "Data, data everywhere, and not a file to save", "link": "https://www.codeproject.com/script/News/View.aspx?nwid=58872", "date_published": "2022-09-14 04:00:00+00:00", "persistent": false, "user": null, "language": "en-US"}, {"source": "https://www.codeproject.com/WebServices/NewsRSS.aspx", "title": "Corel is reimagining the future of work\u2014and its own historic brand\u2014as it fully rebrands as Alludo", "description": "For those wondering, \"whatever happened to...\", keep wondering", "link": "https://www.codeproject.com/script/News/View.aspx?nwid=58868", "date_published": "2022-09-14 04:00:00+00:00", "persistent": false, "user": null, "language": "en-US"}, {"source": "https://www.codeproject.com/WebServices/NewsRSS.aspx", "title": "Excel users on Mac and Windows will soon be able to automate repetitive tasks", "description": "Because doing things manually with VBA was getting tiresome?", "link": "https://www.codeproject.com/script/News/View.aspx?nwid=58870", "date_published": "2022-09-14 04:00:00+00:00", "persistent": false, "user": null, "language": "en-US"}, {"source": "https://www.codeproject.com/WebServices/NewsRSS.aspx", "title": "Fossil", "description": "For those who are not gits", "link": "https://www.codeproject.com/script/News/View.aspx?nwid=58878", "date_published": "2022-09-14 04:00:00+00:00", "persistent": false, "user": null, "language": "en-US"}, {"source": "https://www.codeproject.com/WebServices/NewsRSS.aspx", "title": "George Boole's Writings", "description": "True or false answers only", "link": "https://www.codeproject.com/script/News/View.aspx?nwid=58873", "date_published": "2022-09-14 04:00:00+00:00", "persistent": false, "user": null, "language": "en-US"}, {"source": "https://www.codeproject.com/WebServices/NewsRSS.aspx", "title": "Google Deepmind researcher co-authors paper saying AI will eliminate humanity", "description": "Does he have inside information?", "link": "https://www.codeproject.com/script/News/View.aspx?nwid=58874", "date_published": "2022-09-14 04:00:00+00:00", "persistent": true, "user": null, "language": "en-US", "tags": ["google", "artificial intelligence"]}, {"source": "https://www.codeproject.com/WebServices/NewsRSS.aspx", "title": "Integer conversions and safe comparisons in C++20", "description": "When 42 != 42", "link": "https://www.codeproject.com/script/News/View.aspx?nwid=58875", "date_published": "2022-09-14 04:00:00+00:00", "persistent": false, "user": null, "language": "en-US"}, {"source": "https://www.codeproject.com/WebServices/NewsRSS.aspx", "title": "Meta spins off PyTorch Foundation to make AI framework vendor-neutral", "description": "If your AI apocalypse needs to be standardized", "link": "https://www.codeproject.com/script/News/View.aspx?nwid=58866", "date_published": "2022-09-14 04:00:00+00:00", "persistent": false, "user": null, "language": "en-US"}, {"source": "https://www.codeproject.com/WebServices/NewsRSS.aspx", "title": "Once upon a Teams meeting", "description": "", "link": "https://www.codeproject.com/script/News/View.aspx?nwid=58871", "date_published": "2022-09-14 04:00:00+00:00", "persistent": false, "user": null, "language": "en-US"}, {"source": "https://www.codeproject.com/WebServices/NewsRSS.aspx", "title": "To defeat FTC lawsuit, Meta demands 100+ rivals share biggest trade secrets", "description": "\"We're not a monopoly...until after this trial\" doesn't strike me as a great defense", "link": "https://www.codeproject.com/script/News/View.aspx?nwid=58867", "date_published": "2022-09-14 04:00:00+00:00", "persistent": false, "user": null, "language": "en-US"}, {"source": "https://www.codeproject.com/WebServices/NewsRSS.aspx", "title": "We spoke with the last person standing in the floppy disk business", "description": "He copies those floppies", "link": "https://www.codeproject.com/script/News/View.aspx?nwid=58876", "date_published": "2022-09-14 04:00:00+00:00", "persistent": false, "user": null, "language": "en-US"}]