[{"source": "https://www.youtube.com/feeds/videos.xml?channel_id=UCSbdMXOI_3HGiFviLZO6kNA", "title": "These NEW VR Headsets are INSANE - TRUE NEXT GEN", "description": "Hello and welcome to TUESDAY NEWSDAY! Your number one resource for the entire weeks worth of VR news! HOLY COW, this week is looking crazy. The Quest Pro was leaked, Quest 2 gets a big update, we got to see PSVR 2 in hands, AND Pico is prepping for their big launch/ announcement. PLUS we got to see a brand new headset, the Somnium One taking its next steps. BUCKLE UP! This is a very packed week. \n\nProject SCHISM Link:\nhttps://discord.gg/mWctWQhTbv\n\nIRL SAN DIEGO TWITCH CON VR MEETUP:\nhttps://forms.gle/DPeZbcXG8xZzcpG59\n\nMy Links:\nMy links:\nhttps://www.twitch.tv/thrilluwu\nMy discord: \nhttps://discord.gg/2hCGM9BYez\nPatreon link:\nhttps://www.patreon.com/Thrillseeker\n\nMusic Channel: \nhttps://www.youtube.com/watch?v=u6JwgNQDVfI&amp;t=0s&amp;ab_channel=thrill.", "link": "https://www.youtube.com/watch?v=tUecNPuKSCk", "date_published": "2022-09-14 19:30:03+00:00", "persistent": false, "user": null, "language": "en-US"}]