[{"source": "https://www.youtube.com/feeds/videos.xml?channel_id=UCs6KfncB4OV6Vug4o_bzijg", "title": "Unpacking the iOS 16 Privacy/Security Hype! - Techlore Talks #1", "description": "What's new in iOS 16, iPhone 14, and what does it mean for privacy & security? Welcome to the first edition of our new weekly series - Techlore Talks. Leave feedback, we've love to hear!\n\nThe Forum: https://discuss.techlore.tech\nLooking for Techlore Talks as a podcast? Join here: https://dispatch.techlore.tech/podcast\n\n00:00 Introduction to Techlore Talks\n01:00 Our iOS 16 Experiences\n02:15 iOS 16 Feature Updates\n02:28 iOS 16 Feature Updates - Lock Screen\n05:34 iOS 16 Feature Updates - iMessage Updates\n08:35 iOS 16 Feature Updates - Web Push Notifications\n09:40 Summarizing Our iOS 16 Experience\n10:17 iOS 16 Privacy & Security Updates\n10:25 iOS 16 Privacy & Security Updates - Patches & iOS 15.7\n12:54 iOS 16 Privacy & Security Updates - Lockdown Mode\n18:18 iOS 16 Privacy & Security Updates - Safety Check\n21:57 iOS 16 Privacy & Security Updates - Rapid Security Response\n23:44 iOS 16 Privacy & Security Updates - Passkeys\n26:38 iOS 16 Privacy & Security Updates - Private Access Token\n30:51 iOS 16 Privacy & Security Updates - Clipboard Access\n32:11 iOS 16 Privacy & Security Updates - WiFi Passwords\n33:30 iPhone 14 \n33:55 iPhone 14 - eSIM Only Privacy/Security\n39:19 iPhone 14 - Privacy of Satellite Mode\n40:39 iPhone 14 - Mini Removal\n42:13 iPhone 14 - USB C\n45:28 iPhone 14 - Car Crash Detection\n48:40 Wrapping Up & Final Thoughts\n\n\ud83d\udd10 Our Website: https://techlore.tech\n\u2709\ufe0f Techlore Dispatch & Blog: https://dispatch.techlore.tech\n\ud83d\udd75 Go Incognito Course: https://techlore.tech/goincognito\n\ud83d\udcf9 Odysee: https://odysee.com/@techlore:3\n\ud83d\udcf9 PeerTube: https://tilvids.com/c/techlore_channel/videos\n\nConnect with others in the privacy community:\n\ud83d\udcbb Our Forum: https://discuss.techlore.tech\n\u24c2\ufe0f Mastodon: https://mastodon.social/@techlore\n\ud83d\udc7e Discord: https://discord.techlore.tech\n\nSupport our mission to spread privacy to the masses:\n\ud83d\udc96 All Support Methods: https://techlore.tech/support\n\ud83e\udde1 Patreon: https://www.patreon.com/techlore\n\ud83e\ude99 Monero: 49H4jTvUY5zaX8qLpVBstJFR7ayTMxxU3UyWpGqUoBM4UzM2zwUHA2sJ9i3AhQYdaqhFmS8PDfWKn1Tea4SKU6haMTXG8qD\n#iOS16 #iPhone14 #privacy", "link": "https://www.youtube.com/watch?v=hf5d1L6qfes", "date_published": "2022-09-14 16:44:23+00:00", "persistent": false, "user": null, "language": "en-US"}]