[{"source": "https://www.youtube.com/feeds/videos.xml?channel_id=UCJKt_QVDyUbqdm3ag_py2eQ", "title": "Amiga music: Mygg & Comatron - Dropzone (A1200\ud83c\udfa7Dolbyfied)", "description": "\"Dropzone\" by Mygg & Comatron (Jonas Sarvik & ?), 3rd at FieldFX 2020. Art \"Albert 1953\" by Louie/Insane^The Black Lotus, 1st at Remedy 1995. Original photo by Arthur Sasse (1951).\n\nMade using real A1200 Rev. 1D.4 audio.\n\nVisit my channel for more Amiga music.", "link": "https://www.youtube.com/watch?v=Q_xohUO71zo", "date_published": "2022-06-21 00:00:00+00:00", "persistent": false, "user": null, "language": "en-US"}]