[{"source": "https://www.youtube.com/feeds/videos.xml?channel_id=UCwSv086EAByBY-Z7y-QR_cQ", "title": "PiS zamierza zaakceptowa\u0107 kult Stepana Bandery! Analiza", "description": "\ud83d\udcfa Zapraszam do ogl\u0105dania\n\n\u2b07\ufe0fRozwi\u0144 opis\u2b07\ufe0f\n------------------------------------------------------------\n\ud83d\udc40 Uszi po godzinach: https://goo.gl/cdCFKe\n\ud83d\udc40 Hello World_: http://bit.ly/31BEhnv\n------------------------------------------------------------\n\u2709\ufe0f Ludzie listy pisz\u0105 \n\ud83d\udd8a\ufe0f uszi@protonmail.com\n------------------------------------------------------------\n\ud83d\udc7a Niecenzuralne i agresywne komentarze zostan\u0105 usuni\u0119te.  Jak ju\u017c musisz zakl\u0105\u0107 dawaj znaki (&*%@%).\n------------------------------------------------------------\n\ud83d\udcb2 Donate/ Darowizna\nPLN / SMS / Blik: http://bit.ly/3bsXtJj\nBTC: 174EmE88YFtvs6fuM8ZL5yYbik8hcaY6ud\n-------------------------------------------------------------\n\u2705 \u0179r\u00f3d\u0142a:\n1. https://bit.ly/3HDkR6B\n2. https://bit.ly/3kH3Ca3\n3. https://bit.ly/3N92bwC\n4. https://bit.ly/3bdUjg2\n5. https://bit.ly/3n4GsM0\n6. https://bit.ly/3n0sudV\n7. https://bit.ly/3OyhD7q\n8. https://bit.ly/39HyB3R\n9. https://bit.ly/3Ot1dwp\n10. https://bit.ly/3N8e0DB\n11. https://bit.ly/3PtVXdr\n---------------------------------------------------------------\n\ud83d\udca1 Tagi: #Ukraina #polityka\n--------------------------------------------------------------", "link": "https://www.youtube.com/watch?v=idAGvTNmL2c", "date_published": "2022-06-20 00:00:00+00:00", "persistent": false, "user": null, "language": "en-US"}]