[{"source": "https://www.youtube.com/feeds/videos.xml?channel_id=UCyl5V3-J_Bsy3x-EBCJwepg", "title": "January 6th: THE MUSICAL", "description": "YouTube restricted this video the first time we uploaded it since they decided that footage from the BLM riots was too violent. So we toned it down a notch for all to enjoy free of age restriction. Enjoy our touching music video covering the 525,600 minutes of mainstream media hyping up the January 6 Capitol riots while downplaying the BLM riots. \n\nOur own parody inspired by Colbert's parody of Seasons of Love.\n\nBecome a premium subscriber:  https://babylonbee.com/plans\n\nThe Official The Babylon Bee Store:  https://shop.babylonbee.com/\n\nFollow The Babylon Bee:\nWebsite: https://babylonbee.com/\nTwitter: https://twitter.com/thebabylonbee\nFacebook: https://www.facebook.com/TheBabylonBee\nInstagram: http://instagram.com/thebabylonbee", "link": "https://www.youtube.com/watch?v=f8C-DetMIDs", "date_published": "2022-06-21 00:00:00+00:00", "persistent": false, "user": null, "language": "en-US"}]