[{"source": "https://www.youtube.com/feeds/videos.xml?channel_id=UCG2kQBVlgG7kOigXZTcKrQw", "title": "Roztocze - pere\u0142ka Wschodniej Polski \ud83d\udeb4\u200d\u2642\ufe0f\ud83d\udca8 Kraina spokojem i cisz\u0105 p\u0142yn\u0105ca", "description": "Ksi\u0105\u017cka \"Rower to jest \u015awiat\" https://rowertojestswiat.pl/\n\nRoztocze, w naszej p\u0142askiej jak nale\u015bnik Ojczy\u017anie jawi si\u0119 niczym Toskania. Tak te\u017c jest nazywane! Delikatne pag\u00f3rki, niczym nieska\u017cona natura, a nawet winnice. Wszystko to jest wr\u0119cz idealn\u0105 krain\u0105 dla os\u00f3b chc\u0105cych nieco zwolni\u0107, do\u015bwiadczy\u0107 ciszy, spokoju, a tak\u017ce aktywnego wypoczynku. Zw\u0142aszcza rowerowego, do kt\u00f3rego szczeg\u00f3lnie chcia\u0142em Was na Roztoczu zach\u0119ci\u0107.\n\nRoztocze jest do\u015b\u0107 w\u0105skim regionem, ale bardzo d\u0142ugim. Ci\u0105gnie si\u0119 przez 180 kilometr\u00f3w od Kra\u015bnika, a\u017c po Lw\u00f3w i podczas naszej wycieczki odwiedzimy sobie jego lubelsk\u0105 cz\u0119\u015b\u0107, a dok\u0142adniej m\u00f3wi\u0105c \u2013 Roztocze Zachodnie oraz \u015arodkowe, a na Roztocze Wschodnie przyjdzie jeszcze czas.\n\nW filmie tym poka\u017c\u0119 Wam wszystkie ciekawe miejsca na Roztoczu jakie uda\u0142o nam si\u0119 odkry\u0107 i podrzuc\u0119 nieco sugestii dotycz\u0105cych organizacji swoich w\u0142asnych wycieczek rowerowych.\n\nWi\u0119cej informacji o Centralnym Szlaku Roztocza znajdziecie na stronie https://roweloveroztocze.pl/\n\nPartnerem relacji z regionu lubelskiego jest Wojew\u00f3dztwo Lubelskie\n\n#lubelskie #KierunekLubelskie #Roztocze \n\nZapraszam te\u017c na:\nFacebook: http://bit.ly/2flU84f\nInstagram: http://bit.ly/2eTrIMc\nBlog: http://kolemsietoczy.pl/\n\n0:00 - Roztocze\n1:52 - Szczebrzeszyn\n2:10 - kilka s\u0142\u00f3w o Roztoczu\n3:15 - szlaki rowerowe na Roztoczu\n4:39 - co \u0142\u0105czy Roztocze i Ba\u0142tyk?\n5:10 - kiedy jecha\u0107 na Roztocze?\n5:36 - szlak w okolicy Gilowa\n6:25 - Roztocze ciekawe miejsca\n6:53 - moja ksi\u0105\u017cka\n7:41 - roztocza\u0144skie pola i winnice\n8:58 - rzeka Wieprz\n9:53 - w poszukiwaniu konika polskiego\n12:08 - Szumy na Tanwi\n13:17 - kamienio\u0142omy i kamienne wie\u017ce\n14:48 - Zamo\u015b\u0107", "link": "https://www.youtube.com/watch?v=AHzBx6wCfak", "date_published": "2022-06-20 16:15:00+00:00", "persistent": false, "user": null, "language": "pl-PL"}]