[{"source": "https://www.youtube.com/feeds/videos.xml?channel_id=UCXuqSBlHAE6Xw-yeJA0Tunw", "title": "Who's Buying These? - MinisForum Elitemini B550", "description": "Buy a Seasonic TX 1000 PSU: https://geni.us/aryiquT\n\nGet your Crucial DDR5 RAM today at: https://crucial.gg/LTT_DDR5\n\nATX? That's too big. Mini ITX? Nah, still too big. How about an upgradable NUC-alike where you can install your own AM4 CPU and slot the whole system into a bracket that holds a super powerful desktop GPU? Big when you need big, small when you need small. It's the perfect package. Or is it?\n\nDiscuss on the forum: https://linustechtips.com/topic/1438596-this-was-cool-until-it-wasnt/\n\nCheck out the Minisforum Elitemini B550: https://bit.ly/3QOFf9g\n\nBuy a Ryzen 3800X3D: https://geni.us/WDWDj36\n\nBuy a Ryzen 5700G: https://geni.us/zyox9\n\nBuy an AMD 6800XT: https://geni.us/JOgALCe\n\nPurchases made through some store links may provide some compensation to Linus Media Group.\n\n\u25ba GET MERCH: https://lttstore.com\n\u25ba SUPPORT US ON FLOATPLANE: https://www.floatplane.com/\n\u25ba AFFILIATES, SPONSORS & REFERRALS: https://lmg.gg/sponsors\n\u25ba PODCAST GEAR: https://lmg.gg/podcastgear\n\n\nFOLLOW US \n---------------------------------------------------  \nTwitter: https://twitter.com/linustech\nFacebook: http://www.facebook.com/LinusTech\nInstagram: https://www.instagram.com/linustech\nTikTok: https://www.tiktok.com/@linustech\nTwitch: https://www.twitch.tv/linustech\n\nMUSIC CREDIT\n---------------------------------------------------\nIntro: Laszlo - Supernova\nVideo Link: https://www.youtube.com/watch?v=PKfxmFU3lWY\niTunes Download Link: https://itunes.apple.com/us/album/supernova/id936805712\nArtist Link: https://soundcloud.com/laszlomusic\n\nOutro: Approaching Nirvana - Sugar High\nVideo Link: https://www.youtube.com/watch?v=ngsGBSCDwcI\nListen on Spotify: http://spoti.fi/UxWkUw\nArtist Link: http://www.youtube.com/approachingnirvana\n\nIntro animation by MBarek Abdelwassaa https://www.instagram.com/mbarek_abdel/\nMonitor And Keyboard by vadimmihalkevich / CC BY 4.0  https://geni.us/PgGWp\nMechanical RGB Keyboard by BigBrotherECE / CC BY 4.0 https://geni.us/mj6pHk4\nMouse Gamer free Model By Oscar Creativo / CC BY 4.0 https://geni.us/Ps3XfE\n\nCHAPTERS\n---------------------------------------------------\n0:00 Intro\n0:53 EliteMini B550\n2:11 What makes it weird.\n4:41 The Bracket\n5:35 The Cables\n7:14 The Big Moment\n8:37 Testing and Thoughts\n11:16 Outro", "link": "https://www.youtube.com/watch?v=ihcGnBjUAm4", "date_published": "2022-06-21 00:00:00+00:00", "persistent": false, "user": null, "language": "en-US"}, {"source": "https://www.youtube.com/feeds/videos.xml?channel_id=UCXuqSBlHAE6Xw-yeJA0Tunw", "title": "I'm shocked how well this worked - Steam Deck Cooler Upgrade", "description": "Visit manscaped.com/TECH for 20% OFF + Free Shipping\n\nPDQ.com: Start your FREE trial now! At https://lmg.gg/99Snl\n\nI love the Steam Deck, but unfortunately it can be a bit loud and runs kinda hot.. well today we change that.\n\nDiscuss on the forum: https://linustechtips.com/topic/1438378-im-shocked-how-well-this-worked-hot-rodded-steam-deck/\n\n3D Model: https://grabcad.com/library/steam-deck-m-2-heatsink-adapter-1\n\nCheck out the Steam Deck: https://lmg.gg/OazbI\nBuy a Thermalright HR-09 2280 Heatsink :https://geni.us/krOO\nBuy a Thermalright HR-09 2280 Pro Heatsink: https://geni.us/Ih0V\nBuy a Noctua NF-A4x10 FLX: https://geni.us/xAgRLK\n\nPurchases made through some store links may provide some compensation to Linus Media Group.\n\n\u25ba GET MERCH: https://lttstore.com\n\u25ba SUPPORT US ON FLOATPLANE: https://www.floatplane.com/\n\u25ba AFFILIATES, SPONSORS & REFERRALS: https://lmg.gg/sponsors\n\u25ba PODCAST GEAR: https://lmg.gg/podcastgear\n\n\nFOLLOW US \n---------------------------------------------------  \nTwitter: https://twitter.com/linustech\nFacebook: http://www.facebook.com/LinusTech\nInstagram: https://www.instagram.com/linustech\nTikTok: https://www.tiktok.com/@linustech\nTwitch: https://www.twitch.tv/linustech\n\nMUSIC CREDIT\n---------------------------------------------------\nIntro: Laszlo - Supernova\nVideo Link: https://www.youtube.com/watch?v=PKfxmFU3lWY\niTunes Download Link: https://itunes.apple.com/us/album/supernova/id936805712\nArtist Link: https://soundcloud.com/laszlomusic\n\nOutro: Approaching Nirvana - Sugar High\nVideo Link: https://www.youtube.com/watch?v=ngsGBSCDwcI\nListen on Spotify: http://spoti.fi/UxWkUw\nArtist Link: http://www.youtube.com/approachingnirvana\n\nIntro animation by MBarek Abdelwassaa https://www.instagram.com/mbarek_abdel/\nMonitor And Keyboard by vadimmihalkevich / CC BY 4.0  https://geni.us/PgGWp\nMechanical RGB Keyboard by BigBrotherECE / CC BY 4.0 https://geni.us/mj6pHk4\nMouse Gamer free Model By Oscar Creativo / CC BY 4.0 https://geni.us/Ps3XfE\n\nCHAPTERS\n---------------------------------------------------\n0:00 - Our crazy idea...\n0:55 - PDQ!\n1:20 - Why Linus wants this\n4:25 - The Plan\n8:19 - It... might actually work?\n9:40 - Manufacturing\n13:44 - Assembly, thermal pads\n16:50 - Firing it up\n19:30 - This looks awesome\n20:50 - Fan?\n22:40 - Manscaped!\n23:15 - Outro", "link": "https://www.youtube.com/watch?v=-DUWTteit-0", "date_published": "2022-06-20 00:00:00+00:00", "persistent": false, "user": null, "language": "en-US"}]