[{"source": "https://www.youtube.com/feeds/videos.xml?channel_id=UCswH8ovgUp5Bdg-0_JTYFNw", "title": "My Thoughts...", "description": "My thoughts on the tragic event at Robb Elementary School in Uvalde, Texas. \n\nSupport The Families: https://www.gofundme.com/c/act/donate-to-texas-elementary-school-shooting-relief", "link": "https://www.youtube.com/watch?v=uFNYDVYxAuU", "date_published": "2022-05-25 00:00:00+00:00", "persistent": false, "user": null, "language": "en-US"}, {"source": "https://www.youtube.com/feeds/videos.xml?channel_id=UCswH8ovgUp5Bdg-0_JTYFNw", "title": "Tim Pool: This Is Psychological Warfare", "description": "This is a conversation I had with American YouTuber and political commentator, Tim Pool. We talked about the future of politics and the use of psychological operations and propaganda manipulation to win wars in the 21st century. #TimPool #Psychological #War\n\nJoin Our Community HERE: https://www.russellbrand.com/join \n\nTo listen, subscribe to the Luminary Channel on Apple Podcasts at apple.co/russell or on the Luminary app http://luminary.link/russell\n\nFor meditation and breath work, subscribe to my side-channel: \nhttps://www.youtube.com/c/AwakeningWithRussell\n\nMy Weekly meditation podcast, Above the Noise, is available now on Apple & Luminary\nhttp://apple.co/meditate\nhttp://luminary.link/meditate\n\nFOOTBALL IS NICE is my free, weekly, full-length podcast - subscribe here: https://www.youtube.com/c/FootballisNiceRussellBrand\n\nRumble:\nhttps://rumble.com/c/russellbrand\n\nLocals:\nhttps://russellbrand.locals.com/", "link": "https://www.youtube.com/watch?v=2G5WdtLQT64", "date_published": "2022-05-24 00:00:00+00:00", "persistent": false, "user": null, "language": "en-US"}]