[{"source": "https://www.youtube.com/feeds/videos.xml?channel_id=UCw--xPGVVxYzRsWyV1nFqgg", "title": "GUT'S CHOICE - Berserk Vol. 8 [Part 2]", "description": "My thoughts on Berserk Deluxe Edition 3 - Volume 8.\nThis covers the chapters \"Triumphant Return\", \"The Moment of Glory\", \"Tombstone of Flame 1-2\", \"One Snowy Night\", and \"The Morning Departure 1-3\". \n\nNew Channel: https://www.youtube.com/channel/UC9tQc_K_LtoCiVGx7_R3FRA\nPatreon: https://www.patreon.com/DanielBGreene \nAll the Me Social Links: https://linktr.ee/DanielGreene\n\nLawful Times Series: \nBreach of Peace: https://amzn.to/3CnKsfX\nRebels Creed: https://amzn.to/3Gtqt2p\n\nEquipment: \nCamera: https://amzn.to/3siqgHv  \nLense: https://amzn.to/3ugGxhQ  \nLighting: https://amzn.to/3aI3brK  \nMicrophone: https://amzn.to/3pCGtWg  \nTripod: https://amzn.to/3kd9yq1  \n\nP.O. Box: PO Box 7874 Henrico, VA 23231", "link": "https://www.youtube.com/watch?v=jGlnj3wXmIs", "date_published": "2022-05-25 00:00:00+00:00", "persistent": false, "user": null, "language": "en-US"}, {"source": "https://www.youtube.com/feeds/videos.xml?channel_id=UCw--xPGVVxYzRsWyV1nFqgg", "title": "CAN FANTASY BE CHILL? - Legends and Lattes!", "description": "My thoughts on the chill fantasy book, Legends and Lattes! \nNew Channel: https://www.youtube.com/channel/UC9tQc_K_LtoCiVGx7_R3FRA\nPatreon: https://www.patreon.com/DanielBGreene \nAll the Me Social Links: https://linktr.ee/DanielGreene\n\nMerch: https://www.designbyhumans.com/shop/FantasyNews/ \n\nLawful Times Series: \nBreach of Peace: https://amzn.to/3CnKsfX\nRebels Creed: https://amzn.to/3Gtqt2p\n\nEquipment: \nCamera: https://amzn.to/3siqgHv  \nLense: https://amzn.to/3ugGxhQ  \nLighting: https://amzn.to/3aI3brK  \nMicrophone: https://amzn.to/3pCGtWg  \nTripod: https://amzn.to/3kd9yq1  \n\nP.O. Box: PO Box 7874 Henrico, VA 23231\n\n00:00 premise/positives\n\n05:03 negatives\n\n06:30 Concluding thoughts", "link": "https://www.youtube.com/watch?v=KpYj8G2IawM", "date_published": "2022-05-24 00:00:00+00:00", "persistent": false, "user": null, "language": "en-US"}]