[{"source": "https://www.youtube.com/feeds/videos.xml?channel_id=UCG2kQBVlgG7kOigXZTcKrQw", "title": "\u015awi\u0119tokrzyskie - rowerem przez stepy, g\u00f3ry i jeziora. Jedziemy tras\u0119 z ksi\u0105\u017cki \"Rower to jest \u015awiat\"", "description": "Ksi\u0105\u017cka \ud83d\udcd9\ud83d\udc49 https://rowertojestswiat.pl/\n\nCze\u015b\u0107! Dzi\u015b zapraszamy w wojew\u00f3dztwo \u015awi\u0119tokrzyskie, kt\u00f3remu powinno zmieni\u0107 si\u0119 nazw\u0119 na \u015awietnoKrzyskie, bo jest tutaj taka masa \u015bwietnych widok\u00f3w, ciekawych i ma\u0142o znanych atrakcji, a przede wszystkim nies\u0142ychanie klimatycznych miejsc, \u017ce nie mog\u0119 wr\u0119cz uwierzy\u0107, i\u017c jest to jedno z najcz\u0119\u015bciej pomijanych regon\u00f3w w Polsce.\n\nPrzejedziemy sobie tras\u0119 rowerow\u0105 z ksi\u0105\u017cki \"Rower to jest \u015bwiat\" startuj\u0105c w okolicach Kielc, nast\u0119pnie kieruj\u0105c si\u0119 w stron\u0119 zamku Ch\u0119ciny, Krzy\u017ctop\u00f3r, pomniejsze ciekawe miejscowo\u015bci jak Szyd\u0142\u00f3w czy Busko Zdr\u00f3j i wr\u00f3cimy genialnym Ponidziem.\n \n\n\nZapraszam te\u017c na:\nFacebook: http://bit.ly/2flU84f\nInstagram: http://bit.ly/2eTrIMc\nBlog: http://kolemsietoczy.pl/\n\nRozdzia\u0142y: \n00:00 - \u015awi\u0119tokrzyskie - ciekawe miejsca\n00:46 - Gdzie le\u017cy \u015awi\u0119tokrzyskie?\n02:01 - skansen w Tokarni, Zamek Ch\u0119ciny\n02:52 - G\u00f3ry \u015awi\u0119tokrzyskie\n03:55 - Zalew Bork\u00f3w, \n04:13 - Jezioro Cha\u0144cza\n06:02 - Krzy\u017ctop\u00f3r\n08:00 - o rzepaku s\u0142\u00f3w kilka\n08:19 - Kurozw\u0119ki\n08:55 - Szyd\u0142\u00f3w\n10:04 - Busko-Zdr\u00f3j\n10:41 - drzewo... na szczud\u0142ach\n11:50 - Ponidzie\n12:39 - rzeka Nida - ciekawostki\n16:36 - Zamek w Sobkowie", "link": "https://www.youtube.com/watch?v=xAQiyXm5r-g", "date_published": "2022-05-23 14:28:35+00:00", "persistent": false, "user": null, "language": "pl-PL"}]