[{"source": "https://www.youtube.com/feeds/videos.xml?channel_id=UCBJycsmduvYEL83R_U4JriQ", "title": "The Future of Smartphone Cameras? Sony Xperia 1 IV!", "description": "Sony might be onto something here with the Xperia 1 IV...\n\nSony Xperia 1 IV: https://amzn.to/3yUXeEv\nMKBHD Merch: http://shop.MKBHD.com\n\nTech I'm using right now: https://www.amazon.com/shop/MKBHD\n\nIntro Track: http://youtube.com/20syl\nPlaylist of MKBHD Intro music: https://goo.gl/B3AWV5\n\nPhone provided by Sony for review.\n\n~\nhttp://twitter.com/MKBHD\nhttp://instagram.com/MKBHD\nhttp://facebook.com/MKBHD", "link": "https://www.youtube.com/watch?v=MUU0BjJjAvk", "date_published": "2022-05-24 00:00:00+00:00", "persistent": false, "user": null, "language": "en-US"}]