[{"source": "https://www.youtube.com/feeds/videos.xml?channel_id=UCW0gH2G-cMKAEjEkI4YhnPA", "title": "LOTR: Gollum Release Date, New Images, & Lore! | Middle-earth Gaming", "description": "Last week, I got a sneak peek at the Gollum game at a virtual event by Daedalic Entertainment.  While the gameplay footage was still in a rough beta stage, we were given a sense for the stealth platformer techniques, saw some new images, spoke with the developers, and - most exciting - we were able to learn and ask questions about the LORE behind the game.\n\n00:00-00:21 Intro\n00:21-00:33 Release Date\n00:33-00:51 Why Gollum?\n00:51-01:39 Gollum vs Smeagol\n01:39-02:10 Fighting\n02:10-02:38 Gollum's Appearance\n02:38-02:56 LORE\n02:56-03:29 Timeline\n03:29-03:56 Flashback/Flashforward\n03:56-04:27 Gollum's Past\n04:27-05:25 Cameos\n05:25-06:01 Original Character(s)\n06:01-6:50 Getting Around\n06:50-07:16 Game Locations\n07:16-08:13 Final Thoughts (part 1)\n08:13-08:53 Omission: Visuals\n08:53-09:51 Final Thoughts (part 2)\n\n#gollumgame #gollum #lordoftherings", "link": "https://www.youtube.com/watch?v=8r0sz0KPf64", "date_published": "2022-05-24 00:00:00+00:00", "persistent": false, "user": null, "language": "en-US"}]