[{"source": "https://www.youtube.com/feeds/videos.xml?channel_id=UCqg5FCR7NrpvlBWMXdt-5Vg", "title": "Greak: Memories of Azur | Hidden Gems with KC and Jesse", "description": "Each week KC and Jesse check out an overlooked game and decide if it's worth your time or not over the course of 2 hours. This week, we're checking out Greak: Memories of Azur.\r\n\r\nJoin YouTube Memberships and support our content for Early Access to new videos, exclusive Discord perks & more for just $2 per month \u25ba\u25ba https://www.youtube.com/channel/UCqg5FCR7NrpvlBWMXdt-5Vg/join\r\n\r\nSubscribe to Escapist Magazine! \u25ba\u25ba http://bit.ly/Sub2Escapist\r\n\r\nWant to see the next episode a week early? Check out http://www.escapistmagazine.com for the latest episodes of your favorite shows.\r\n\r\n---\r\n\r\n\r\n\r\n---\r\n\r\n\r\nZero Punctuation Merch Store \u25ba\u25bahttps://teespring.com/stores/the-escapist-store\r\nJoin us on Twitch \u25ba\u25ba https://www.twitch.tv/the_escapist_official\r\nLike us on Facebook \u25ba\u25ba http://www.facebook.com/EscapistMag\r\nFollow us on Twitter \u25ba\u25ba https://twitter.com/EscapistMag", "link": "https://www.youtube.com/watch?v=m7zA4EvDnx8", "date_published": "2022-05-24 00:00:00+00:00", "persistent": false, "user": null, "language": "en-US"}, {"source": "https://www.youtube.com/feeds/videos.xml?channel_id=UCqg5FCR7NrpvlBWMXdt-5Vg", "title": "Stop Stealing From Dark Souls, Start Stealing From These Games | Slightly Something Else", "description": "This week on Slightly Something Else, Yahtzee and Marty discuss a games that have mechanics that more games should steal from.\r\n\r\nJoin our YouTube Membership program for Early Access to videos, badges, emojis, bonus content and more. \u25ba\u25ba https://www.youtube.com/channel/UCqg5FCR7NrpvlBWMXdt-5Vg/join\r\n\r\nJoin our growing Discord community: https://discord.gg/A6T2gKrDwB\r\n\r\nSubscribe to Escapist Magazine! \u25ba\u25ba http://bit.ly/Sub2Escapist\r\n\r\nWant to see the next episode a week early? Check out http://www.escapistmagazine.com for the latest episodes of your favorite shows.\r\n\r\n---\r\n\r\n\r\n\r\n---\r\n\r\n\r\nZero Punctuation Merch Store \u25ba\u25bahttps://teespring.com/stores/the-escapist-store\r\nJoin us on Twitch \u25ba\u25ba https://www.twitch.tv/escapistmagazine \r\nLike us on Facebook \u25ba\u25ba http://www.facebook.com/EscapistMag\r\nFollow us on Twitter \u25ba\u25ba https://twitter.com/EscapistMag", "link": "https://www.youtube.com/watch?v=OT5MHnVFubA", "date_published": "2022-05-23 00:00:00+00:00", "persistent": false, "user": null, "language": "en-US"}]