[{"source": "https://www.youtube.com/feeds/videos.xml?channel_id=UCRlICXvO4XR4HMeEB9JjDlA", "title": "Why The Revenant Movie Hid The Disturbing Truth From You", "description": "The first 100 people to use the code THOUGHTY2 at the link below will get 20% off of Incogni: https://www.incogni.com/thoughty2\n\n\nThoughty2 Audiobook: https://geni.us/t2audio\nThoughty2 Book: https://geni.us/t2book\nSupport Me & Get Early Access: http://bit.ly/t2club\nThoughty2 Merchandise: https://bit.ly/t2merch\n\nFollow Thoughty2\nFacebook: https://facebook.com/thoughty2\nInstagram: https://instagram.com/thoughty2\nWebsite: http://thoughty2.com\n\nAbout Thoughty2\nThoughty2 (Arran) is a British YouTuber and gatekeeper of useless facts. Thoughty2 creates mind-blowing factual videos about science, tech, history, opinion and just about everything else.\n#Thoughty2\n\nWriting: Steven Rix\nEditing: Jack Stevens", "link": "https://www.youtube.com/watch?v=krQr6mDkaS4", "date_published": "2022-12-19 17:13:53+00:00", "persistent": false, "user": null, "language": "en-US"}]