[{"source": "https://www.youtube.com/feeds/videos.xml?channel_id=UCl2mFZoRqjw_ELax4Yisf6w", "title": "Louis loses mind at ex-governor on TV news", "description": "\ud83d\udc49 Rossmann chat - send Louis a letter: https://tinyurl.com/writetolouis\n\ud83d\udd34 Nonprofit shilling site: https://fighttorepair.org/donate/\n\ud83d\udd34 Nonprofit educational site: https://repair.wiki/w/A2337_2020_MacBook_Air\n\n\ud83d\udc49 Stuff: \n\ud83d\udd35 Senate bill: https://www.nysenate.gov/legislation/bills/2021/S4104\n\ud83d\udd35 Assembly bill: https://nyassembly.gov/Press/?sec=story&story=102259\n\ud83d\udd35 FTC report: https://www.ftc.gov/system/files/documents/reports/nixing-fix-ftc-report-congress-repair-restrictions/nixing_the_fix_report_final_5521_630pm-508_002.pdf\n\ud83d\udd35 White house executive order: https://www.whitehouse.gov/briefing-room/statements-releases/2021/07/09/fact-sheet-executive-order-on-promoting-competition-in-the-american-economy/\n\n\ud83d\udc49 Equipment used:\n\ud83d\udd35 Chair: https://amzn.to/3MjLrnT\n\ud83d\udd35 Microphone: https://amzn.to/3g1hsok\n\ud83d\udd35 Mic stand: https://amzn.to/3Vg47ZI\n\ud83d\udd35 Audio interface: https://amzn.to/3VuKihx\n\ud83d\udd35 Camera: https://amzn.to/3CTk1Av (YOU CAN FIND THIS FOR $250 ON EBAY WITH A BROKEN FLASH FROM TIME TO TIME, I HAVE NEVER SPENT MORE THAN $300 ON THIS CAMERA!)\n\ud83d\udd35 Lighting: https://amzn.to/3RSriGC\n\n\ud83d\udc49 Stream FAQ: https://store.rossmanngroup.com/faq.txt\n\n\ud83d\udc49 Affiliate:\n\u203a Buying on eBay? Support us while you shop! https://www.rossmanngroup.com/ebay\n\u203a Rossmann Repair Group Inc is a participant in the Amazon Services LLC Associates Program, an affiliate advertising program designed to provide a means for sites to earn advertising fees by advertising and linking to amazon.com\n\n\ud83d\udc49 Leave a tip for us via cryptocurrency if we've helped you out:\n\u203a Credit card: http://bit.ly/postamessage\n\u203a Bitcoin: 1EaEv8DBeFfg6fE6BimEmvEFbYLkhpcvhj\n\u203a Bitcoin Cash: qzwtptwa8h0wjjawr5fsm0ku8kf40amgqgm6lx4jxh\n\u203a Dash: XwQpZuvMvU44JT7C7Uh6xHvkSadzJw9fMN\n\u203a Dogecoin: DKetsoCvwa2hF29ssgUA4Wz4hxT4kj3KLU\n\u203a Ethereum: 0x6f6870feb48f08388ee345cf0261e2f03d2fa310\n\u203a Ethereum classic: 0x671bfd61ba87edf6365c97cea33d66ba73645510\n\u203a Litecoin: LWnbTTAjojZQt68ihFJFgQq3cYHUsTcyd7\n\u203a Verge: DFumZ5sMhi3JktLQpsTVtV9xUt3zKDrcZV\n\u203a Zcash: t1Ko3FkphQYoQroQc8k2DVk4WKMAbmNR8PH\n\u203a Zcoin: a8QdvArHmdRYe1MjiqtP6jDNe6Z4JgnRKZ", "link": "https://www.youtube.com/watch?v=qq_meg7gQ1w", "date_published": "2022-12-20 00:00:00+00:00", "persistent": false, "user": null, "language": "en-US"}]