[{"source": "http://www.pcgamer.com/rss", "title": "After 3 years of work, modders have remastered the first Star Wars FPS", "description": "Making a source port of Dark Forces was no blue milk run.", "link": "https://www.pcgamer.com/after-3-years-of-work-modders-have-remastered-the-first-star-wars-fps", "date_published": "2022-12-19 22:40:32+00:00", "persistent": false, "user": null, "language": "en-US"}, {"source": "http://www.pcgamer.com/rss", "title": "Epic slammed with half-a-billion dollar FTC fine in landmark ruling over Fortnite's failure to protect childrens' privacy", "description": "'No developer creates a game with the intention of ending up here', says Epic.", "link": "https://www.pcgamer.com/Epic-slammed-with-half-a-billion-dollar-FTC-fine-in-landmark-ruling-over-Fortnites-failure-to-protect-childrens-privacy", "date_published": "2022-12-19 18:16:40+00:00", "persistent": false, "user": null, "language": "en-US"}, {"source": "http://www.pcgamer.com/rss", "title": "How to get warp discs and farm warp crystals in High on Life", "description": "Buy yourself some little easter eggs.", "link": "https://www.pcgamer.com/high-on-life-warp-discs-crystal-farm", "date_published": "2022-12-19 17:29:20+00:00", "persistent": false, "user": null, "language": "en-US"}, {"source": "http://www.pcgamer.com/rss", "title": "Where to find the Valor vendor in WoW: Dragonflight", "description": "And how to upgrade your Mythic+ gear.", "link": "https://www.pcgamer.com/world-of-warcraft-dragonflight-valor-vendor", "date_published": "2022-12-19 16:32:27+00:00", "persistent": false, "user": null, "language": "en-US"}, {"source": "http://www.pcgamer.com/rss", "title": "How to watch the full Demon Wind movie in High on Life", "description": "Tammy and the T-Rex not enough?", "link": "https://www.pcgamer.com/high-on-life-demon-wind", "date_published": "2022-12-19 15:31:31+00:00", "persistent": false, "user": null, "language": "en-US"}, {"source": "http://www.pcgamer.com/rss", "title": "New hotfix for The Witcher 3 next-gen update 'should improve overall stability and performance'", "description": "Try this patch if you're struggling with performance issues or crashing in The Witcher 3 post next-gen update.", "link": "https://www.pcgamer.com/the-witcher-3-next-gen-update-hotfix", "date_published": "2022-12-19 15:27:07+00:00", "persistent": false, "user": null, "language": "en-US"}, {"source": "http://www.pcgamer.com/rss", "title": "Where to find the safe code in Crisis Core Reunion", "description": "How to solve the Fourth Wonder of Nibelheim.", "link": "https://www.pcgamer.com/crisis-core-final-fantasy-7-reunion-safe-code", "date_published": "2022-12-19 14:40:14+00:00", "persistent": false, "user": null, "language": "en-US"}, {"source": "http://www.pcgamer.com/rss", "title": "NVIDIA is canning GameStream after nine years and users are pissed", "description": "The functionality will be removed from all Shield TV devices early next year.", "link": "https://www.pcgamer.com/nvidia-is-canning-gamestream-after-nine-years-and-users-are-pissed", "date_published": "2022-12-19 12:49:25+00:00", "persistent": false, "user": null, "language": "en-US"}, {"source": "http://www.pcgamer.com/rss", "title": "Valve is paying a whole lot of developers to keep the Steam Deck's open-source software going", "description": "More like Black Mesa graphics drivers.", "link": "https://www.pcgamer.com/valve-is-paying-a-whole-lot-of-developers-to-keep-the-steam-decks-open-source-software-going", "date_published": "2022-12-19 12:44:09+00:00", "persistent": false, "user": null, "language": "en-US"}, {"source": "http://www.pcgamer.com/rss", "title": "ROCCAT's new gaming accessories merge power with beauty", "description": "Translucent light-emitting surfaces and powerful internals make this hardware a must for the discerning gamer.", "link": "https://www.pcgamer.com/roccats-new-gaming-accessories-merge-power-with-beauty", "date_published": "2022-12-19 11:42:32+00:00", "persistent": false, "user": null, "language": "en-US"}, {"source": "http://www.pcgamer.com/rss", "title": "In a tornado of turn-based tactics, Hard West 2 went unfairly overlooked", "description": "Cowboys versus zombies is a real good time.", "link": "https://www.pcgamer.com/in-a-tornado-of-turn-based-tactics-hard-west-2-went-unfairly-overlooked", "date_published": "2022-12-19 10:00:53+00:00", "persistent": false, "user": null, "language": "en-US"}, {"source": "http://www.pcgamer.com/rss", "title": "Best Strategy Game 2022: Total War: Warhammer 3", "description": "Immortal Empires makes this the biggest, most exciting strategy release of the year.", "link": "https://www.pcgamer.com/best-strategy-game-2022-total-war-warhammer-3", "date_published": "2022-12-19 10:00:40+00:00", "persistent": false, "user": null, "language": "en-US"}, {"source": "http://www.pcgamer.com/rss", "title": "Best Ongoing Game 2022: Guild Wars 2", "description": "A new expansion and an old return.", "link": "https://www.pcgamer.com/best-ongoing-game-2022-guild-wars-2", "date_published": "2022-12-19 10:00:30+00:00", "persistent": false, "user": null, "language": "en-US"}, {"source": "http://www.pcgamer.com/rss", "title": "PC Gamer's Game of the Year Awards 2022", "description": "We reveal PC gaming's brightest stars of the last 12 months.", "link": "https://www.pcgamer.com/game-of-the-year-awards-2022", "date_published": "2022-12-19 10:00:04+00:00", "persistent": false, "user": null, "language": "en-US"}, {"source": "http://www.pcgamer.com/rss", "title": "Two Point Campus takes me back to cosy, nerdy days spent with my sister", "description": "Those memories of playing Theme Hospital on a tiny CRT will never die.", "link": "https://www.pcgamer.com/two-point-campus-takes-me-back-to-cosy-nerdy-days-spent-with-my-sister", "date_published": "2022-12-19 10:00:02+00:00", "persistent": false, "user": null, "language": "en-US"}, {"source": "http://www.pcgamer.com/rss", "title": "Today's Wordle 548 answer and hint for Monday, December 19", "description": "Wordle today: The solution and a hint for the #548 puzzle.", "link": "https://www.pcgamer.com/wordle-548-answer-december-19", "date_published": "2022-12-19 08:05:46+00:00", "persistent": false, "user": null, "language": "en-US"}, {"source": "http://www.pcgamer.com/rss", "title": "Who should Henry Cavill play in Amazon's Warhammer 40,000?", "description": "It's a setting with a surfeit of large lads to choose from.", "link": "https://www.pcgamer.com/who-should-henry-cavill-play-in-amazons-warhammer-40000", "date_published": "2022-12-19 06:59:24+00:00", "persistent": false, "user": null, "language": "en-US"}, {"source": "http://www.pcgamer.com/rss", "title": "You can buy a portable quantum computer for under $9K", "description": "Baby's first qubits.", "link": "https://www.pcgamer.com/you-can-buy-a-portable-quantum-computer-for-under-dollar9k", "date_published": "2022-12-19 04:50:36+00:00", "persistent": false, "user": null, "language": "en-US"}, {"source": "http://www.pcgamer.com/rss", "title": "Duke Nukem Forever Restoration mod releasing first slice this month", "description": "Who wants some? Well, us.", "link": "https://www.pcgamer.com/duke-nukem-forever-restoration-mod-releasing-first-slice-this-month", "date_published": "2022-12-19 01:01:49+00:00", "persistent": false, "user": null, "language": "en-US"}, {"source": "http://www.pcgamer.com/rss", "title": "Five new Steam games you probably missed (December 19, 2022)", "description": "Sorting through every new game on Steam so you don't have to.", "link": "https://www.pcgamer.com/five-new-steam-games-you-probably-missed-december-19-2022", "date_published": "2022-12-19 00:54:53+00:00", "persistent": false, "user": null, "language": "en-US"}]