[{"source": "https://wydarzenia.interia.pl/polska/feed", "title": "Lubuskie: Wybuch pakunku. Trzy osoby zosta\u0142y ranne, w tym dzieci", "description": "<p><a href=\"https://wydarzenia.interia.pl/kraj/news-lubuskie-wybuch-pakunku-trzy-osoby-zostaly-ranne-w-tym-dziec,nId,6482299\"><img align=\"left\" alt=\"Lubuskie: Wybuch pakunku. Trzy osoby zosta\u0142y ranne, w tym dzieci\" src=\"https://i.iplsc.com/lubuskie-wybuch-pakunku-trzy-osoby-zostaly-ranne-w-tym-dziec/000D33789Y4P7TLG-C321.jpg\" /></a>W miejscowo\u015bci Siecieborzyce w pow. \u017caga\u0144skim w woj. lubuskim dosz\u0142o do wybuchu niewiadomego pochodzenia pakunku - przekaza\u0142 rzecznik lubuskiej policji Marcin Maludy.\u00a0Na skutek eksplozji w domu jednorodzinnym ranne zosta\u0142y trzy osoby, kobieta i dwoje dzieci. S\u0142u\u017cby ustalaj\u0105 okoliczno\u015bci zdarzenia.</p><br clear=\"all\" />", "link": "https://wydarzenia.interia.pl/kraj/news-lubuskie-wybuch-pakunku-trzy-osoby-zostaly-ranne-w-tym-dziec,nId,6482299", "date_published": "2022-12-19 08:58:01+00:00", "persistent": false, "user": null, "language": "pl-PL"}]