[{"source": "https://www.wired.com/feed/category/business/latest/rss", "title": "Mastodon Features That Twitter Should Steal (but Won\u2019t)", "description": "Elon Musk's platform could learn a thing or two from its most popular alternative\u2014like how to build a social platform people actually want to be on.", "link": "https://www.wired.com/story/mastodon-features-that-twitter-should-steal-but-wont/", "date_published": "2022-12-19 00:00:00+00:00", "persistent": false, "user": null, "language": "en-US"}]