[{"source": "https://feeds.nbcnews.com/nbcnews/public/world", "title": "\u2018Black Panther\u2019 actor Tenoch Huerta named AP 'breakthrough entertainer'", "description": "Tenoch Huerta, the Indigenous Mexican actor who plays the villain Namor in \"Black Panther: Wakanda Forever,\" has been named an AP 'breakthrough entertainer.'", "link": "https://www.nbcnews.com/news/latino/black-panther-actor-tenoch-huerta-named-breakthrough-entertainer-rcna62428", "date_published": "2022-12-19 21:23:21+00:00", "persistent": false, "user": null, "language": "en-US"}, {"source": "https://feeds.nbcnews.com/nbcnews/public/world", "title": "Beloved Argentine soccer announcer Andr\u00e9s Cantor 'overwhelmed' by World Cup call", "description": "Telemundo soccer announcer Andr\u00e9s Cantor discussed his emotional call Sunday announcing the final goal giving Argentina, his home country, the World Cup.", "link": "https://www.nbcnews.com/news/latino/argentina-world-cup-andres-cantor-goal-telemundo-soccer-rcna62411", "date_published": "2022-12-19 18:34:24+00:00", "persistent": false, "user": null, "language": "en-US"}, {"source": "https://feeds.nbcnews.com/nbcnews/public/world", "title": "Dutch prime minister apologizes for Netherlands\u2019 role in slave trade", "description": "In a speech at the National Archives in The Hague, Dutch Prime Minister Mark Rutte formally apologized for the country\u2019s history of slavery.", "link": "https://www.nbcnews.com/video/dutch-prime-minister-apologizes-for-netherlands-role-in-slave-trade-158157381836", "date_published": "2022-12-19 18:10:31+00:00", "persistent": false, "user": null, "language": "en-US"}, {"source": "https://feeds.nbcnews.com/nbcnews/public/world", "title": "Dutch leader apologizes for Netherlands\u2019 role in the slave trade, establishes fund to grapple with slavery's legacy", "description": "Dutch Prime Minister Mark Rutte apologized Monday on behalf of his government for the Netherlands\u2019 role in slavery and the slave trade.", "link": "https://www.nbcnews.com/news/world/dutch-leader-apologizes-netherlands-role-slave-trade-establishes-fund-rcna62423", "date_published": "2022-12-19 17:27:56+00:00", "persistent": false, "user": null, "language": "en-US"}, {"source": "https://feeds.nbcnews.com/nbcnews/public/world", "title": "Messi secures his status as a global icon after World Cup final for the ages", "description": "Argentina's World Cup final win over France on penalty kicks helped seal Lionel Messi's status as one of soccer's greatest and an icon alongside Diego Maradona.", "link": "https://www.nbcnews.com/news/world/messi-argentina-icon-world-cup-final-win-france-reaction-rcna62331", "date_published": "2022-12-19 16:36:26+00:00", "persistent": false, "user": null, "language": "en-US"}, {"source": "https://feeds.nbcnews.com/nbcnews/public/world", "title": "Putin visits Belarus amid fears of fresh ground offensive in Ukraine", "description": "Russian President Vladimir Putin visited Belarus, an ex-Soviet ally, for talks with President Alexander Lukashenko amid fears over a fresh ground offensive in Ukraine. Moscow said suggestions of Belarus joining the war were \u201cstupid and unfounded\u201d but Russian forces used the country as a launch pad for attacks on Kyiv in the days following the invasion of Ukraine.", "link": "https://www.nbcnews.com/video/putin-visits-belarus-amid-fears-of-fresh-ground-offensive-in-ukraine-158151237974", "date_published": "2022-12-19 16:14:07+00:00", "persistent": false, "user": null, "language": "en-US"}, {"source": "https://feeds.nbcnews.com/nbcnews/public/world", "title": "Iranian actress Taraneh Alidoosti detained amid ongoing protests, state media says", "description": "Amid ongoing demonstrations across Iran, authorities have detained one of the country\u2019s most famous actresses after she expressed solidarity with the anti-government protests. NBC News\u2019 Ali Arouzi breaks down what charges Taraneh Alidoosti is facing and how protesters are reacting to her high-profile arrest.", "link": "https://www.nbcnews.com/now/video/iranian-actress-taraneh-alidoosti-detained-amid-ongoing-protests-state-media-says-158146629604", "date_published": "2022-12-19 14:56:17+00:00", "persistent": false, "user": null, "language": "en-US"}, {"source": "https://feeds.nbcnews.com/nbcnews/public/world", "title": "Video shows Russian strike on Kyiv energy infrastructure, authorities say", "description": "Ukraine's emergency services released video on Monday claiming to show the aftermath of a Russian strike on energy infrastructure in Kyiv.", "link": "https://www.nbcnews.com/video/video-shows-russian-strike-on-kyiv-energy-infrastructure-authorities-say-158136901959", "date_published": "2022-12-19 12:48:45+00:00", "persistent": false, "user": null, "language": "en-US"}, {"source": "https://feeds.nbcnews.com/nbcnews/public/world", "title": "China confirms its first Covid deaths in weeks", "description": "Monday\u2019s two Covid-related deaths were the first to be reported by China's National Health Commission since Dec. 3, after which the government relaxed strict anti-virus controls.", "link": "https://www.nbcnews.com/video/china-confirms-first-covid-deaths-in-weeks-after-zero-covid-restrictions-lifted-158132805900", "date_published": "2022-12-19 11:45:52+00:00", "persistent": false, "user": null, "language": "en-US"}, {"source": "https://feeds.nbcnews.com/nbcnews/public/world", "title": "China reports first Covid deaths in weeks as virus surges through Beijing", "description": "China reported its first Covid-related deaths on Monday amid rising doubts over whether the official count was capturing the full toll.", "link": "https://www.nbcnews.com/news/world/china-reports-first-covid-deaths-weeks-virus-surges-beijing-rcna62336", "date_published": "2022-12-19 11:01:00+00:00", "persistent": false, "user": null, "language": "en-US"}, {"source": "https://feeds.nbcnews.com/nbcnews/public/world", "title": "Historic biodiversity agreement reached at U.N. conference", "description": "Negotiators reached a historic deal at a U.N. biodiversity conference early Monday. It is the most significant effort to protect the world\u2019s lands and oceans.", "link": "https://www.nbcnews.com/news/world/historic-biodiversity-agreement-reached-un-conference-rcna62337", "date_published": "2022-12-19 10:32:56+00:00", "persistent": false, "user": null, "language": "en-US"}, {"source": "https://feeds.nbcnews.com/nbcnews/public/world", "title": "Search for survivors after Thai warship sinks in high seas", "description": "Thai navy ships and helicopters were searching on Monday for more than two dozen sailors still missing more than 12 hours after a warship sank in rough seas overnight in the Gulf of Thailand.", "link": "https://www.nbcnews.com/video/search-for-survivors-after-thai-warship-sank-in-high-seas-158131269740", "date_published": "2022-12-19 10:28:08+00:00", "persistent": false, "user": null, "language": "en-US"}, {"source": "https://feeds.nbcnews.com/nbcnews/public/world", "title": "Mass shooting in Canada leaves at least 6 dead", "description": "At least six people are dead after police responded to reports of an active shooter at a condo building in Ontario, Canada.", "link": "https://www.nbcnews.com/video/mass-shooting-in-canada-leaves-at-least-6-dead-158131269713", "date_published": "2022-12-19 10:13:18+00:00", "persistent": false, "user": null, "language": "en-US"}, {"source": "https://feeds.nbcnews.com/nbcnews/public/world", "title": "'They want to create fear': Struggling to crush unrest, Iran turns to public executions", "description": "Iranian regime has started executing people in response to anti-government protests triggered by the death of Mahsa Amini.", "link": "https://www.nbcnews.com/news/world/iran-executions-crush-anti-government-protests-rcna61411", "date_published": "2022-12-19 10:11:33+00:00", "persistent": false, "user": null, "language": "en-US"}, {"source": "https://feeds.nbcnews.com/nbcnews/public/world", "title": "North Korea says latest launches tested 1st spy satellite", "description": "North Korea said it fired a satellite in an important test for the development of a spy satellite, a key military capability coveted by its leader Kim Jong Un", "link": "https://www.nbcnews.com/news/world/north-korea-says-latest-launches-tested-1st-spy-satellite-rcna62335", "date_published": "2022-12-19 09:34:21+00:00", "persistent": false, "user": null, "language": "en-US"}, {"source": "https://feeds.nbcnews.com/nbcnews/public/world", "title": "Watch: Huge crowds in Buenos Aires celebrate Argentina's World Cup win", "description": "Tens of thousands of Argentine soccer fans packed into Buenos Aires\u2019 9 de Julio Avenue to celebrate their team winning the World Cup.", "link": "https://www.nbcnews.com/video/huge-crowds-in-buenos-aires-celebrate-argentina-s-world-cup-win-158132293587", "date_published": "2022-12-19 09:34:03+00:00", "persistent": false, "user": null, "language": "en-US"}, {"source": "https://feeds.nbcnews.com/nbcnews/public/world", "title": "5 dead and suspect killed in 'horrendous' condo shooting outside Toronto", "description": "Six people, including the suspect, are dead after a shooting at a condominium just outside Toronto on Sunday night.", "link": "https://www.nbcnews.com/news/world/toronto-condo-shooting-5-dead-suspect-killed-rcna62330", "date_published": "2022-12-19 09:27:03+00:00", "persistent": false, "user": null, "language": "en-US"}, {"source": "https://feeds.nbcnews.com/nbcnews/public/world", "title": "Putin heads for Belarus as Russian drones target Ukrainian capital", "description": "Russian President Vladimir\u00a0Putin heads for Belarus\u00a0on Monday, fueling Ukrainian fears of a new offensive as Russian drones attacked Kyiv.", "link": "https://www.nbcnews.com/news/world/putin-heads-belarus-russian-drones-target-ukrainian-capital-rcna62334", "date_published": "2022-12-19 09:25:15+00:00", "persistent": false, "user": null, "language": "en-US"}, {"source": "https://feeds.nbcnews.com/nbcnews/public/world", "title": "Thai warship sinks in rough seas; navy searching for 31 sailors", "description": "Thai navy ships and helicopters were searching on Monday for more than two dozen sailors still missing more than 12 hours after a warship sank.", "link": "https://www.nbcnews.com/news/world/thai-warship-sinks-navy-searching-missing-sailors-rcna62333", "date_published": "2022-12-19 09:07:39+00:00", "persistent": false, "user": null, "language": "en-US"}]