[{"source": "https://www.money.pl/rss/", "title": "PKB wyhamuje, czeka nas recesja. PIE pokaza\u0142 prognozy", "description": "<img src=\"https://i.wpimg.pl/308x/filerepo.grupawp.pl/api/v1/display/embed/4898f1a5-5d1b-425e-b6a7-c2df408cc0ba\" width=\"308\" /> Jak wynika z prognozy Polskiego Instytutu Ekonomicznego, wzrost PKB Polski w 2023 roku wyhamuje do 1,2 proc., a na pocz\u0105tku przysz\u0142ego roku pojawi si\u0119 recesja. W 2024 roku w ocenie PIE PKB Polski wzro\u015bnie o 3,1 proc.", "link": "https://www.money.pl/gospodarka/pkb-wyhamuje-czeka-nas-recesja-pie-pokazal-prognozy-6846366492347232a.html", "date_published": "2022-12-19 18:56:31+00:00", "persistent": false, "user": null, "language": "pl-PL"}, {"source": "https://www.money.pl/rss/", "title": "Tak taniego OC mog\u0105 nam pozazdro\u015bci\u0107 Rumuni, S\u0142owacy i Czesi. Polska na zakr\u0119cie", "description": "<img src=\"https://i.wpimg.pl/308x/filerepo.grupawp.pl/api/v1/display/embed/2002fc89-8ae7-4d56-a524-d6c3c2afd041\" width=\"308\" /> Ubezpieczenia komunikacyjne w Polsce taniej\u0105 od pi\u0119ciu lat. I chocia\u017c zewsz\u0105d s\u0142ycha\u0107 g\u0142osy, \u017ce sytuacja musi si\u0119 zmieni\u0107, to zdaniem najwi\u0119kszego po\u015brednika w regionie Europy \u015arodkowo-Wschodniej z aspiracjami do ekspansji na Zach\u00f3d, nie nast\u0105pi to pr\u0119dko. Dla bran\u017cy to mo\u017ce by\u0107 problem.", "link": "https://www.money.pl/ubezpieczenia/tak-taniego-oc-moga-nam-pozazdroscic-rumuni-slowacy-i-czesi-polska-na-zakrecie-6845319898086144a.html", "date_published": "2022-12-19 18:28:36+00:00", "persistent": false, "user": null, "language": "pl-PL"}, {"source": "https://www.money.pl/rss/", "title": "Epidemia ptasiej grypy daje si\u0119 we znaki. Tak \u017ale dawno nie by\u0142o", "description": "<img src=\"https://i.wpimg.pl/308x/filerepo.grupawp.pl/api/v1/display/embed/87e4a06d-3ec4-4856-81dc-656663ed08e1\" width=\"308\" /> Ptasia grypa zn\u00f3w zbiera ponure \u017cniwo. Od pa\u017adziernika do grudnia straty drobiu wynios\u0142y 16 mln sztuk - to wynik wy\u017cszy o 70 proc. ni\u017c rok temu. \u015amiertelny dla ptak\u00f3w wirus sprawia, \u017ce ceny jaj oraz tuszek s\u0105 na \u015bwiecie coraz wy\u017csze - podaje Bloomberg.", "link": "https://www.money.pl/gospodarka/epidemia-ptasiej-grypy-daje-sie-we-znaki-tak-zle-dawno-nie-bylo-6846302259596128a.html", "date_published": "2022-12-19 16:25:50+00:00", "persistent": false, "user": null, "language": "pl-PL"}, {"source": "https://www.money.pl/rss/", "title": "Pose\u0142 Platformy Obywatelskiej zasiada w radzie nadzorczej sp\u00f3\u0142ki. Media: m\u00f3g\u0142 naruszy\u0107 prawo", "description": "<img src=\"https://i.wpimg.pl/308x/filerepo.grupawp.pl/api/v1/display/embed/0e66bd5d-62d1-4688-919a-0e8b4bac3846\" width=\"308\" /> Pose\u0142 i lider lubuskiej Platformy Obywatelskiej Waldemar S\u0142ugocki od kwietnia zasiada w radzie nadzorczej prywatnej sp\u00f3\u0142ki Gazstal S.A. Z ustale\u0144 dziennikarzy wynika, \u017ce mia\u0142 nie poinformowa\u0107 o tym Marsza\u0142ek Sejmu, za co zgodnie z obowi\u0105zuj\u0105cymi przepisami grozi mu odpowiedzialno\u015b\u0107 regulaminowa \u2013 pisze \"Gazeta Lubuska\".", "link": "https://www.money.pl/gospodarka/posel-platformy-obywatelskiej-zasiada-w-radzie-nadzorczej-spolki-media-mogl-naruszyc-prawo-6846328588323648a.html", "date_published": "2022-12-19 16:22:16+00:00", "persistent": false, "user": null, "language": "pl-PL"}, {"source": "https://www.money.pl/rss/", "title": "Wraca wy\u017cszy VAT na paliwa. Prezes Orlenu sk\u0142ada deklaracj\u0119 ws. cen na stacjach", "description": "<img src=\"https://i.wpimg.pl/308x/filerepo.grupawp.pl/api/v1/display/embed/1fd43790-ad79-4f66-80d0-45c0ee16a30a\" width=\"308\" /> Stawka VAT na paliwa wzro\u015bnie w 2023 roku do poziomu 23 proc. W lutym tego roku rz\u0105d obni\u017cy\u0142 j\u0105 do o\u015bmiu procent w ramach tarczy antyinflacyjnej, ale z tym rozwi\u0105zaniem koniec. Jak jednak zapowiada Daniel Obajtek, nie powinno to mie\u0107 wi\u0119kszego wp\u0142ywu na ceny paliw na stacjach Orlenu. Wed\u0142ug ekspert\u00f3w w tym tygodniu za benzyn\u0119 Pb95 b\u0119dziemy p\u0142aci\u0107 \u015brednio 6,51-6,63 z\u0142, a za olej nap\u0119dowy 7,67-7,79 z\u0142.", "link": "https://www.money.pl/podatki/wraca-wyzszy-vat-na-paliwa-prezes-orlenu-sklada-deklaracje-ws-cen-na-stacjach-6846309328849760a.html", "date_published": "2022-12-19 15:48:44+00:00", "persistent": false, "user": null, "language": "pl-PL"}, {"source": "https://www.money.pl/rss/", "title": "Pi\u0119\u0107 nowych podmiot\u00f3w na li\u015bcie ostrze\u017ce\u0144 KNF. Jest komunikat", "description": "<img src=\"https://i.wpimg.pl/308x/filerepo.grupawp.pl/api/v1/display/embed/f4bc41ff-f99d-42c9-8113-21f70cdbd581\" width=\"308\" /> Lista ostrze\u017ce\u0144 publicznych Komisji Nadzoru Finansowego si\u0119 powi\u0119ksza o pi\u0119\u0107 kolejnych podmiot\u00f3w. Organ na list\u0119 wpisa\u0142: Ethereal Group LLC, GCB London, Libellium, Monero Emilia Biega\u0144ska oraz Hala Tech \u2013 poda\u0142a w poniedzia\u0142ek KNF.", "link": "https://www.money.pl/pieniadze/piec-nowych-podmiotow-na-liscie-ostrzezen-knf-jest-komunikat-6846286708284256a.html", "date_published": "2022-12-19 13:55:18+00:00", "persistent": false, "user": null, "language": "pl-PL"}, {"source": "https://www.money.pl/rss/", "title": "Kontrowersje ws. fuzji Orlenu z Lotosem. Obajtek: biznes polega na pewnych kompromisach", "description": "<img src=\"https://i.wpimg.pl/308x/filerepo.grupawp.pl/api/v1/display/embed/9dd332cf-896a-4abb-9b15-1dd61629b073\" width=\"308\" /> Prezes PKN Orlen podczas rozmowy w radiu RMF FM podkre\u015bli\u0142, \u017ce sp\u00f3\u0142ka, wbrew temu, czego oczekuje opozycja,  nie udost\u0119pni umowy ws. sprzeda\u017cy cz\u0119\u015bci Rafinerii Gda\u0144skiej Saudyjczykom. W osttnich dniach media wskazuj\u0105 na coraz wi\u0119cej w\u0105tpliwo\u015bci dotycz\u0105cych tej transakcji.", "link": "https://www.money.pl/gospodarka/kontrowersje-ws-fuzji-orlenu-z-lotosem-obajtek-biznes-polega-na-pewnych-kompromisach-6846266816846592a.html", "date_published": "2022-12-19 12:10:56+00:00", "persistent": false, "user": null, "language": "pl-PL"}, {"source": "https://www.money.pl/rss/", "title": "Oto jak akcje deweloper\u00f3w zareagowa\u0142y na niespodziewan\u0105 pomoc od rz\u0105du", "description": "<img src=\"https://i.wpimg.pl/308x/filerepo.grupawp.pl/api/v1/display/embed/39732037-9b83-44ff-8ccb-799b1fd3703f\" width=\"308\" /> Ostatni tydzie\u0144 przed \u015bwi\u0119tami rozpocz\u0105\u0142 si\u0119 zwy\u017ckami, a \u2013 jak zauwa\u017ca serwis stockwatch.pl \u2013 w\u015br\u00f3d zyskuj\u0105cych sp\u00f3\u0142ek wyr\u00f3\u017cniaj\u0105 si\u0119 deweloperzy. Ma to by\u0107 reakcja na rz\u0105dowy program mieszkaniowy, kt\u00f3ry mo\u017ce wp\u0142yn\u0105\u0107 pozytywnie na ich zyski, je\u015bli prze\u0142o\u017cy si\u0119 na zwi\u0119kszenie liczby os\u00f3b zainteresowanych kupnem mieszkania.", "link": "https://www.money.pl/gielda/gpw-oto-jak-akcje-deweloperow-zareagowaly-na-niespodziewana-pomoc-od-rzadu-6846257648208640a.html", "date_published": "2022-12-19 12:10:32+00:00", "persistent": false, "user": null, "language": "pl-PL"}, {"source": "https://www.money.pl/rss/", "title": "Argentyna z mistrzostwem \u015bwiata. To mo\u017ce pom\u00f3c do\u0142uj\u0105cej gospodarce", "description": "<img src=\"https://i.wpimg.pl/308x/filerepo.grupawp.pl/api/v1/display/embed/f5d571ef-7f8d-4bf0-aca0-e87d6fd1783b\" width=\"308\" /> Mistrzostwo \u015bwiata w pi\u0142ce no\u017cnej dla Argentyny powinno pozytywnie wp\u0142yn\u0105\u0107 na gospodark\u0119 tego kraju. Badania pokazuj\u0105, \u017ce w krajach pi\u0142karskich mistrz\u00f3w notuje si\u0119 wzrost PKB. Dla borykaj\u0105cej si\u0119 z wieloma problemami Argentyny to chwila oddechu.", "link": "https://www.money.pl/gospodarka/argentyna-z-mistrzostwem-swiata-to-moze-pomoc-dolujacej-gospodarce-6846223338535648a.html", "date_published": "2022-12-19 12:08:50+00:00", "persistent": false, "user": null, "language": "pl-PL"}, {"source": "https://www.money.pl/rss/", "title": "Zameldowanie w wynajmowanym mieszkaniu \u2013 czy to mo\u017cliwe?", "description": "<img src=\"https://i.wpimg.pl/308x/filerepo.grupawp.pl/api/v1/display/embed/6049f0c3-2106-4472-94b7-dc2a5d681bbc\" width=\"308\" /> Meldunek jest poj\u0119ciem prawnym, kt\u00f3ry okre\u015bla miejsce sta\u0142ego lub czasowego pobytu obywatela. W\u0142a\u015bciwie prawo nakazuje, by ka\u017cdy Polak by\u0142 zameldowany. Jak jednak to wygl\u0105da, je\u015bli mieszkanie, w kt\u00f3rym przebywa dana osoba, jest jedynie wynajmowane? Czy istnieje mo\u017cliwo\u015b\u0107 meldunku w takim lokalu?", "link": "https://www.money.pl/gospodarka/zameldowanie-w-wynajmowanym-mieszkaniu-czy-to-mozliwe-6846250964302560a.html", "date_published": "2022-12-19 11:06:25+00:00", "persistent": false, "user": null, "language": "pl-PL"}, {"source": "https://www.money.pl/rss/", "title": "Czym jest rodzinny kapita\u0142 opieku\u0144czy i kto mo\u017ce si\u0119 ubiega\u0107 o \u015bwiadczenie?", "description": "<img src=\"https://i.wpimg.pl/308x/filerepo.grupawp.pl/api/v1/display/embed/a1c1b9f5-c256-4b43-901c-4e13d6d4be25\" width=\"308\" /> W Polsce funkcjonuje wiele program\u00f3w pozwalaj\u0105cych rodzicom na uzyskanie pieni\u0119dzy w zwi\u0105zku z wychowywaniem dzieci i sprawowaniem nad nimi opieki. Od 1 stycznia 2022 roku obowi\u0105zuje na przyk\u0142ad ustawa o rodzinnym kapitale opieku\u0144czym. Komu przys\u0142uguje takie \u015bwiadczenie i czym w\u0142a\u015bciwie jest?", "link": "https://www.money.pl/gospodarka/czym-jest-rodzinny-kapital-opiekunczy-i-kto-moze-sie-ubiegac-o-swiadczenie-6844487942556224a.html", "date_published": "2022-12-19 10:42:22+00:00", "persistent": false, "user": null, "language": "pl-PL"}, {"source": "https://www.money.pl/rss/", "title": "Wa\u017cna deklaracja ZUS. Emerytury jeszcze przed \u015bwi\u0119tami", "description": "<img src=\"https://i.wpimg.pl/308x/filerepo.grupawp.pl/api/v1/display/embed/dd4e6f47-9b05-4d52-aad7-db17ac5d4631\" width=\"308\" /> Emeryci i renci\u015bci, kt\u00f3rym ZUS wyp\u0142aca \u015bwiadczenia 25. ka\u017cdego miesi\u0105ca, w grudniu otrzymaj\u0105 je przed \u015bwi\u0119tami. Dotyczy to zar\u00f3wno wyp\u0142at przekazywanych przez listonosza, jak i przelew\u00f3w, kt\u00f3re trafiaj\u0105 na rachunki bankowe \u2013 poinformowa\u0142a PAP prezes ZUS prof. Gertruda U\u015bci\u0144ska.", "link": "https://www.money.pl/emerytury/wazna-deklaracja-zus-emerytury-jeszcze-przed-swietami-6846244150418144a.html", "date_published": "2022-12-19 10:38:42+00:00", "persistent": false, "user": null, "language": "pl-PL"}, {"source": "https://www.money.pl/rss/", "title": "Program Pierwsze Mieszkanie. Wiadomo ile os\u00f3b mo\u017ce na tym skorzysta\u0107", "description": "<img src=\"https://i.wpimg.pl/308x/filerepo.grupawp.pl/api/v1/display/embed/924d0e90-28d4-40d6-96bf-1c52dcd12d6f\" width=\"308\" /> Z programu Pierwsze Mieszkanie b\u0119dzie mo\u017cna finansowa\u0107 te\u017c budow\u0119 lub zakup domu - poinformowa\u0142  minister rozwoju i technologii Waldemar Buda. Szef resortu rozwoju szacuje, \u017ce 100 tys. os\u00f3b jest w stanie skorzysta\u0107 z tego programu.", "link": "https://www.money.pl/gospodarka/program-pierwsze-mieszkanie-wiadomo-ile-osob-moze-na-tym-skorzystac-6846236012309248a.html", "date_published": "2022-12-19 10:05:35+00:00", "persistent": false, "user": null, "language": "pl-PL"}, {"source": "https://www.money.pl/rss/", "title": "Z\u0142oty si\u0119 umacnia, jednak kurs naszej waluty mo\u017ce znacz\u0105co zmieni\u0107 kierunek", "description": "<img src=\"https://i.wpimg.pl/308x/filerepo.grupawp.pl/api/v1/display/embed/d67dddfe-3433-4cf2-b8cc-8415ae3bdc9f\" width=\"308\" /> Kurs z\u0142otego trzyma si\u0119 mocno, mimo \u017ce \u2013 jak zauwa\u017ca dr Przemys\u0142aw Kwiecie\u0144 z domu maklerskiego XTB \u2013 nastroje na globalnych rynkach uleg\u0142y zdecydowanemu pogorszeniu, a NBP zawiesi\u0142 podwy\u017cki st\u00f3p przy bardzo wysokiej inflacji w Polsce. Ostatnie dwa tygodnie roku mog\u0105 jednak \u2013 jego zdaniem \u2013 przynie\u015b\u0107 na rynku walutowym spore zawirowania. Ich ofiar\u0105 mo\u017ce pa\u015b\u0107 m.in. tak\u017ce nasza waluta.", "link": "https://www.money.pl/pieniadze/kurs-zlotego-oto-w-jakim-kierunku-moze-podazac-do-konca-2022-r-6846211769129728a.html", "date_published": "2022-12-19 09:50:47+00:00", "persistent": false, "user": null, "language": "pl-PL"}, {"source": "https://www.money.pl/rss/", "title": "Tak Polska pomaga Ukrainie. Kwota robi wra\u017cenie", "description": "<img src=\"https://i.wpimg.pl/308x/filerepo.grupawp.pl/api/v1/display/embed/d6cab6b2-2ce6-478f-9427-da00a5cf14d6\" width=\"308\" /> Wed\u0142ug ostro\u017cnych szacunk\u00f3w polskie wsparcie dla Ukrai\u0144c\u00f3w i Ukrainy mo\u017ce mie\u0107 warto\u015b\u0107 nawet 40 mld z\u0142. Z tego 15,9 mld z\u0142  to pomoc publiczna - pisze  \"Rzeczpospolita\". Dziennik wylicza, \u017ce na 9-10 mld z\u0142 szacowane jest prywatne wsparcie tylko w trzech pierwszych miesi\u0105cach po wybuchu wojny.", "link": "https://www.money.pl/gospodarka/tak-polska-pomaga-ukrainie-kwota-robi-wrazenie-6846194851625728a.html", "date_published": "2022-12-19 07:18:07+00:00", "persistent": false, "user": null, "language": "pl-PL"}, {"source": "https://www.money.pl/rss/", "title": "Ile kosztuje euro? Kurs euro do z\u0142otego PLN/EUR 19.12.2022", "description": "<img src=\"https://i.wpimg.pl/308x/filerepo.grupawp.pl/api/v1/display/embed/cf3a8300-d9c9-461f-9fbc-2f314332a28c\" width=\"308\" /> Kurs euro - 19.12.2022. W poniedzia\u0142ek za jedno euro (EUR) trzeba zap\u0142aci\u0107 4.6827 z\u0142.", "link": "https://www.money.pl/pieniadze/ile-kosztuje-euro-kurs-euro-do-zlotego-pln-eur-19-12-2022-6846176954481376a.html", "date_published": "2022-12-19 06:05:22+00:00", "persistent": false, "user": null, "language": "pl-PL"}, {"source": "https://www.money.pl/rss/", "title": "Ile kosztuje dolar? Kurs dolara do z\u0142otego PLN/USD 19.12.2022", "description": "<img src=\"https://i.wpimg.pl/308x/filerepo.grupawp.pl/api/v1/display/embed/e0ba71a8-9c02-482d-85dd-ebac5362ee3b\" width=\"308\" /> Kurs dolara - 19.12.2022. W poniedzia\u0142ek za jednego dolara (USD) trzeba zap\u0142aci\u0107 4.4148 z\u0142.", "link": "https://www.money.pl/pieniadze/ile-kosztuje-dolar-kurs-dolara-do-zlotego-pln-usd-19-12-2022-6846176949693152a.html", "date_published": "2022-12-19 06:05:21+00:00", "persistent": false, "user": null, "language": "pl-PL"}, {"source": "https://www.money.pl/rss/", "title": "Ile kosztuje frank szwajcarski? Kurs franka do z\u0142otego PLN/CHF 19.12.2022", "description": "<img src=\"https://i.wpimg.pl/308x/filerepo.grupawp.pl/api/v1/display/embed/b1c04e3f-7bce-4c35-b03c-7a8d7b0adc65\" width=\"308\" /> Kurs franka szwajcarskiego - 19.12.2022. W poniedzia\u0142ek za jednego franka (CHF) trzeba zap\u0142aci\u0107 4.734 z\u0142.", "link": "https://www.money.pl/pieniadze/ile-kosztuje-frank-szwajcarski-kurs-franka-do-zlotego-pln-chf-19-12-2022-6846176950856416a.html", "date_published": "2022-12-19 06:05:21+00:00", "persistent": false, "user": null, "language": "pl-PL"}, {"source": "https://www.money.pl/rss/", "title": "Ile kosztuje funt? Kurs funta do z\u0142otego PLN/GBP 19.12.2022", "description": "<img src=\"https://i.wpimg.pl/308x/filerepo.grupawp.pl/api/v1/display/embed/c374eefc-9e8b-424a-aaa7-91759b47d116\" width=\"308\" /> Kurs funta szterlinga - 19.12.2022. W poniedzia\u0142ek za jednego funta brytyjskiego (GBP) trzeba zap\u0142aci\u0107 5.3752 z\u0142.", "link": "https://www.money.pl/pieniadze/ile-kosztuje-funt-kurs-funta-do-zlotego-pln-gbp-19-12-2022-6846176948988640a.html", "date_published": "2022-12-19 06:05:20+00:00", "persistent": false, "user": null, "language": "pl-PL"}, {"source": "https://www.money.pl/rss/", "title": "Belgia chce podnie\u015b\u0107 podatki i wyd\u0142u\u017cy\u0107 wiek emerytalny. \"To nigdy nie przejdzie\"", "description": "<img src=\"https://i.wpimg.pl/308x/filerepo.grupawp.pl/api/v1/display/embed/4aac7f6b-f339-4fe0-9d0b-c331a164fc97\" width=\"308\" /> Wy\u017csze podatki, praca przez co najmniej 30 lat i koniec emerytalnych przywilej\u00f3w urz\u0119dniczych, to ostatnie propozycje premiera Belgii Aleksandra De Croo, kt\u00f3re przedstawi\u0142 cz\u0142onkom swojego gabinetu. Wsp\u00f3\u0142rz\u0105dz\u0105cy socjali\u015bci, jak relacjonuj\u0105 media, nie zgadzaj\u0105 si\u0119 na realizacje tych pomys\u0142\u00f3w i m\u00f3wi\u0105: to nigdy nie przejdzie.", "link": "https://www.money.pl/gospodarka/belgia-chce-podniesc-podatki-i-wydluzyc-wiek-emerytalny-to-nigdy-nie-przejdzie-6846166806481664a.html", "date_published": "2022-12-19 05:24:00+00:00", "persistent": false, "user": null, "language": "pl-PL"}]