[{"source": "https://www.youtube.com/feeds/videos.xml?channel_id=UC-2YHgc363EdcusLIBbgxzg", "title": "Somebody Is FINALLY Doing Something About Space Junk", "description": "Go to https://nordvpn.com/joescott to get a 2-year plan plus 4 additional months FREE. It\u2019s risk-free with Nord\u2019s 30-day money-back guarantee!\nWe all know space junk is a problem. Well meet the solution. Privateer Space is creating the tools necessary to clean up space debris and avoid collisions in space. If you'd like to see my full interview with co-founder Moriba Jah, check it out here on my Conversations With Joe channel:\nhttps://youtu.be/7-vgodcgZzQ\n\nWant to support the channel? Here's how:\n\nPatreon: http://www.patreon.com/answerswithjoe\nChannel Memberships: https://www.youtube.com/channel/UC-2YHgc363EdcusLIBbgxzg/join\nT-Shirts & Merch: http://www.answerswithjoe.com/store\n\nCheck out my 2nd channel, Joe Scott TMI:\nhttps://www.youtube.com/channel/UCqi721JsXlf0wq3Z_cNA_Ew\n\nAnd my podcast channel, Conversations With Joe:\nhttps://www.youtube.com/channel/UCJzc7TiJ2nnuyJkUpOZ8RKA\n\nYou can listen to my podcast, Conversations With Joe on Spotify, Apple Podcasts, Google Podcasts, or wherever you get your podcasts.\nSpotify \ud83d\udc49 https://spoti.fi/37iPGzF\nApple Podcasts \ud83d\udc49 https://apple.co/3j94kfq\nGoogle Podcasts \ud83d\udc49 https://bit.ly/3qZCo1V\n\nInterested in getting a Tesla or going solar? Use my referral link and get discounts and perks:\nhttps://ts.la/joe74700\n\nFollow me at all my places!\nInstagram: https://instagram.com/answerswithjoe\nTikTok: https://www.tiktok.com/@answerswithjoe\nFacebook: http://www.facebook.com/answerswithjoe\nTwitter: https://www.twitter.com/answerswithjoe\n\nLINKS LINKS LINKS\nhttps://www.youtube.com/watch?v=1hABwCY6g2U\nhttps://in-the-sky.org/search.php?s=&amp;searchtype=Spacecraft&amp;satorder=0\nhttps://www.space-track.org/documentation#legend\nhttps://en.wikipedia.org/wiki/Soviet_space_dogs#Chernushka\nhttps://history.nasa.gov/animals.html\nhttps://www.roadsideamerica.com/story/12959\nhttps://www.manitowoc.org/1109/Sputnikfest\nhttps://www.reuters.com/world/us-military-reports-debris-generating-event-outer-space-2021-11-15/\nhttps://gizmodo.com/space-station-will-make-an-emergency-maneuver-after-det-1848031344\nhttps://www.reuters.com/world/us-military-reports-debris-generating-event-outer-space-2021-11-15/\nhttps://web.archive.org/web/20111020092342/http://orbitaldebris.jsc.nasa.gov/newsletter/pdfs/ODQNv15i3.pdf\nhttps://www.nasa.gov/mission_pages/station/news/orbital_debris.html\nhttps://www.esa.int/Space_Safety/Hubble_s_impactful_life_alongside_space_debris\nhttps://spacenews.com/fcc-approves-new-orbital-debris-rule/\nhttps://www.esa.int/Space_Safety/Space_Debris/ESA_s_Space_Environment_Report_2022\nhttps://spaceexplored.com/2022/03/01/apple-co-founder-steve-wozniaks-privateer-comes-out-of-stealth-mode-with-satellite-tracker-wayfinder/\nhttps://www.emergingtechbrew.com/stories/2022/05/03/this-startup-wants-to-help-space-companies-navigate-increasingly-crowded-night-skies\nhttps://tadviser.com/index.php/Company:Privateer_Space\nhttps://www.nanosats.eu/sat/pono-1\nhttps://www.alohashirtshop.com/blogs/hawaiian-lifestyle/pono-meaning\nhttps://astroscale.com/missions/elsa-d/\nhttps://iafastro.directory/iac/paper/id/69288/abstract-pdf/IAC-22,A6,5,1,x69288.brief.pdf?2022-03-30.11:37:23\nhttps://spacenews.com/startups-scout-and-privateer-to-collaborate-on-space-tracking-technologies/\nhttps://www.esa.int/Space_Safety/Clean_Space/ESA_commissions_world_s_first_space_debris_removal\nhttps://www.wired.com/2015/05/laser-cannon-space-debris/\nhttps://www.fastcompany.com/90789865/orbits-act-what-to-know-about-congress-effort-to-clean-up-space-debris\nhttps://www.macfound.org/fellows/class-of-2022/\n\nTIMESTAMPS - \n0:00 - Intro\n1:58 - Space Junk History \n 3:22 - ISS Headaches\n4:30 - Kessler Syndrome\n5:19 - Privateer's Moriba Jah\n6:50 - Steve Wozniak \n7:20 - Orbital Predictions \n9:08 - Cleaning Up Orbit \n10:57 - Sponsor - NordVPN\nFuture Satellite Sources\nPrivateer's Partnerships\nCleaning Up Orbit\nMore on Moriba Jah \nSponsor - NordVPN", "link": "https://www.youtube.com/watch?v=YW00vGR-yDk", "date_published": "2022-12-19 14:54:01+00:00", "persistent": false, "user": null, "language": "en-US"}]