[{"source": "https://www.youtube.com/feeds/videos.xml?channel_id=UCBa659QWEk1AI4Tg--mrJ2A", "title": "I was wrong (and so was everyone)", "description": "Did 18th century firefighters really let buildings burn? Sources below. \u25a0 AD: \ud83d\udc68\u200d\ud83d\udcbb NordVPN's best deal is here: https://nordvpn.com/tomscott - with a 30-day money-back guarantee.\n\nHere's the full, thoroughly referenced report: https://www.tomscott.com/corrections/firemarks/\n\nThanks to historical consultant Paul J Sillitoe: http://www.linkedin.com/in/paul-sillitoe-avi-consultants\n\nThanks to Afonso Noronha for the email sparking this whole discussion! All the corrections on this channel can be found here: https://www.tomscott.com/corrections/\n\nThe original video, now deprecated and unlisted: https://www.youtube.com/watch?v=sehyLDPeB6M\n\nI'm at https://tomscott.com\non Twitter at https://twitter.com/tomscott\non Facebook at https://facebook.com/tomscott\nand on Instagram as tomscottgo", "link": "https://www.youtube.com/watch?v=Wif1EAgEQKI", "date_published": "2022-12-19 16:00:27+00:00", "persistent": false, "user": null, "language": "en-US"}]