[{"source": "https://www.computerworld.com/index.rss", "title": "As the EU embraces cell phone calls on planes, could the US be next?", "description": "<article>\n\t<section class=\"page\">\n<p>European travelers will soon be able to chat it up over their 5G-enabled mobile devices on airplanes without fear of hearing, \u201cPlease place your phone in Airplane Mode\u201d from a flight attendant.</p><p>A <a href=\"https://digital-strategy.ec.europa.eu/en/news/5g-planes-wi-fi-road-commission-decision-opens-new-opportunities-innovation\" rel=\"nofollow noopener\" target=\"_blank\">ruling by the European Commission</a> will allow airlines to provide 5G voice calling and high-speed connectivity to the internet in 2023; the decision was quickly heralded as a business opportunity for European companies.</p><p>\u201cThe sky is no longer a limit when it comes to possibilities offered by super-fast, high-capacity connectivity,\u201d Thierry Breton, commissioner for the internal market, said in a statement.</p><p class=\"jumpTag\"><a href=\"https://www.computerworld.com/article/3683310/as-the-eu-embraces-cell-phone-calls-on-planes-could-the-us-be-next.html#jump\">To read this article in full, please click here</a></p></section></article>", "link": "https://www.computerworld.com/article/3683310/as-the-eu-embraces-cell-phone-calls-on-planes-could-the-us-be-next.html#tk.rss_all", "date_published": "2022-12-19 11:00:00+00:00", "persistent": false, "user": null, "language": "en-US"}, {"source": "https://www.computerworld.com/index.rss", "title": "The trials and tribulations of Microsoft\u2019s KB5012170 patch", "description": "<article>\n\t<section class=\"page\">\n<p><a href=\"https://support.microsoft.com/en-us/topic/kb5012170-security-update-for-secure-boot-dbx-72ff5eed-25b4-47c7-be28-c42bd211bb15\" rel=\"noopener nofollow\" target=\"_blank\">KB5012170</a> is many things to many Windows users. First, it\u2019s a patch that either installs with no problems or leads to a blue screen of death (BSOD). It can also be an indicator we have a problem getting updated drivers on our systems. It can demonstrate how users don\u2019t keep up with Bios updates. And it shows that some OEMs enable Bitlocker on the systems they sell (not necessarily in a good way).</p><p>In short, it\u2019s a problematic patch that just keeps rearing its head.</p><p>Also known as \u201cSecurity Update for Secure Boot DBX,\u201d KB5012170 was released earlier this year and makes improvements to the Secure Boot Forbidden Signature Database (DBX).\u00a0 Windows devices that have Unified Extensible Firmware Interface (UEFI)-based firmware have Secure Boot enabled. It ensures only trusted software can be loaded and executed on during the boot process by using cryptographic signatures to verify the integrity of the process and the software being loaded.</p><p class=\"jumpTag\"><a href=\"https://www.computerworld.com/article/3683213/the-trials-and-tribulations-of-microsoft-s-kb5012170-patch.html#jump\">To read this article in full, please click here</a></p></section></article>", "link": "https://www.computerworld.com/article/3683213/the-trials-and-tribulations-of-microsoft-s-kb5012170-patch.html#tk.rss_all", "date_published": "2022-12-19 10:44:00+00:00", "persistent": false, "user": null, "language": "en-US"}]