[{"source": "http://feeds.arstechnica.com/arstechnica/index/", "title": "Make your noisy recording sound like pro audio with Adobe\u2019s free AI tool", "description": "\"Enhance Speech\" uses AI to make noisy podcast recordings sound like professional audio.", "link": "https://arstechnica.com/?p=1905687", "date_published": "2022-12-19 23:13:35+00:00", "persistent": false, "user": null, "language": "en-US"}, {"source": "http://feeds.arstechnica.com/arstechnica/index/", "title": "Power plant pollution higher in neighborhoods subject to racist redlining", "description": "Past maps of \"high-risk\" neighborhoods shape present power planet emissions.", "link": "https://arstechnica.com/?p=1905698", "date_published": "2022-12-19 22:57:18+00:00", "persistent": false, "user": null, "language": "en-US"}, {"source": "http://feeds.arstechnica.com/arstechnica/index/", "title": "This mechanical keyboard has a dazzling, distracting display under its keys", "description": "$349 peripheral uses its own CPU and GPU to power the show.", "link": "https://arstechnica.com/?p=1905537", "date_published": "2022-12-19 19:10:24+00:00", "persistent": false, "user": null, "language": "en-US"}, {"source": "http://feeds.arstechnica.com/arstechnica/index/", "title": "Critical Windows code-execution vulnerability went undetected until now", "description": "Microsoft elevates security rating for vulnerability resembling EternalBlue.", "link": "https://arstechnica.com/?p=1905587", "date_published": "2022-12-19 18:46:33+00:00", "persistent": false, "user": null, "language": "en-US"}, {"source": "http://feeds.arstechnica.com/arstechnica/index/", "title": "Someone tries to sell a Pixel Tablet prototype, posts pictures", "description": "Dubious listing gives us the first real-life pictures of Google's upcoming tablet.", "link": "https://arstechnica.com/?p=1905513", "date_published": "2022-12-19 18:07:37+00:00", "persistent": false, "user": null, "language": "en-US"}, {"source": "http://feeds.arstechnica.com/arstechnica/index/", "title": "Lobbyists have held up nation\u2019s first right-to-repair bill in New York", "description": "Passed with bipartisan support, the bill could die on Gov. Hochul's desk.", "link": "https://arstechnica.com/?p=1905487", "date_published": "2022-12-19 18:04:31+00:00", "persistent": false, "user": null, "language": "en-US"}, {"source": "http://feeds.arstechnica.com/arstechnica/index/", "title": "Musk\u2019s alleged stalker identified; no evidence of ElonJet tracking, report says", "description": "The alleged stalking incident occurred at a gas station near Grimes' house.", "link": "https://arstechnica.com/?p=1905518", "date_published": "2022-12-19 17:44:28+00:00", "persistent": false, "user": null, "language": "en-US"}, {"source": "http://feeds.arstechnica.com/arstechnica/index/", "title": "Not sporty enough, not efficient enough\u2014the 2023 Lexus RX 500h F Sport", "description": "Now in its fifth generation, the Lexus RX arguably invented the crossover.", "link": "https://arstechnica.com/?p=1905504", "date_published": "2022-12-19 16:46:43+00:00", "persistent": false, "user": null, "language": "en-US"}, {"source": "http://feeds.arstechnica.com/arstechnica/index/", "title": "FTC brings a $520 million hammer down on Epic Games for Fortnite complaints", "description": "Massive fines highlight stricter enforcement standards for children in online games.", "link": "https://arstechnica.com/?p=1905496", "date_published": "2022-12-19 16:16:29+00:00", "persistent": false, "user": null, "language": "en-US"}, {"source": "http://feeds.arstechnica.com/arstechnica/index/", "title": "Russia says it will take no immediate action on damaged Soyuz spacecraft", "description": "In reality, the Soyuz is a hardy spacecraft.", "link": "https://arstechnica.com/?p=1905470", "date_published": "2022-12-19 15:59:55+00:00", "persistent": false, "user": null, "language": "en-US"}, {"source": "http://feeds.arstechnica.com/arstechnica/index/", "title": "Musk polls Twitter users on whether he should be CEO\u201457.5% want him to quit", "description": "\"Should I step down as head of Twitter? I will abide by the results of this poll.\"", "link": "https://arstechnica.com/?p=1905482", "date_published": "2022-12-19 15:33:07+00:00", "persistent": false, "user": null, "language": "en-US"}, {"source": "http://feeds.arstechnica.com/arstechnica/index/", "title": "The risk of escalation from cyberattacks has never been greater", "description": "Cyberwarfare is getting real.", "link": "https://arstechnica.com/?p=1905469", "date_published": "2022-12-19 14:30:31+00:00", "persistent": false, "user": null, "language": "en-US"}, {"source": "http://feeds.arstechnica.com/arstechnica/index/", "title": "An electric Kia that\u2019s faster than a Lamborghini? The 2023 EV6 GT, driven", "description": "The performance Kia EV has playful handling and easy sub-12 second quarter-miles.", "link": "https://arstechnica.com/?p=1905379", "date_published": "2022-12-19 05:01:25+00:00", "persistent": false, "user": null, "language": "en-US"}]