[{"source": "https://www.youtube.com/feeds/videos.xml?channel_id=UCXuqSBlHAE6Xw-yeJA0Tunw", "title": "Tech Support Challenge: Linus vs. Jake!", "description": "Thanks to 3CX for sponsoring this video! You can learn more about their live chat at: https://www.3cx.com/live-chat/free/?src=ltt\n\n3CX is back again to sponsor yet another tech support video, but this time with a twist! Linus and Jake will go head to head to see who can resolve the most tickets. Who do you think will win?\n\nDiscuss on the forum: https://linustechtips.com/topic/1475168-we-solve-your-tech-problems-head-to-head/\n\nBuy an Intel i7-6950X: https://geni.us/95RXnmx\nBuy a AMD 6900 XT: https://geni.us/wjj4\nBuy a GeForce RTX 3090: https://geni.us/uEDJA\nBuy a TP-Link SG105 Network Switch: https://geni.us/WMZX\n\nPurchases made through some store links may provide some compensation to Linus Media Group.\n\n\u25ba GET MERCH: https://lttstore.com\n\u25ba SUPPORT US ON FLOATPLANE: https://www.floatplane.com/ltt\n\u25ba AFFILIATES, SPONSORS & REFERRALS: https://lmg.gg/sponsors\n\u25ba PODCAST GEAR: https://lmg.gg/podcastgear\n\n\nFOLLOW US \n---------------------------------------------------  \nTwitter: https://twitter.com/linustech\nFacebook: http://www.facebook.com/LinusTech\nInstagram: https://www.instagram.com/linustech\nTikTok: https://www.tiktok.com/@linustech\nTwitch: https://www.twitch.tv/linustech\n\nMUSIC CREDIT\n---------------------------------------------------\nIntro: Laszlo - Supernova\nVideo Link: https://www.youtube.com/watch?v=PKfxmFU3lWY\niTunes Download Link: https://itunes.apple.com/us/album/supernova/id936805712\nArtist Link: https://soundcloud.com/laszlomusic\n\nOutro: Approaching Nirvana - Sugar High\nVideo Link: https://www.youtube.com/watch?v=ngsGBSCDwcI\nListen on Spotify: http://spoti.fi/UxWkUw\nArtist Link: http://www.youtube.com/approachingnirvana\n\nIntro animation by MBarek Abdelwassaa https://www.instagram.com/mbarek_abdel/\nMonitor And Keyboard by vadimmihalkevich / CC BY 4.0  https://geni.us/PgGWp\nMechanical RGB Keyboard by BigBrotherECE / CC BY 4.0 https://geni.us/mj6pHk4\nMouse Gamer free Model By Oscar Creativo / CC BY 4.0 https://geni.us/Ps3XfE\n\nCHAPTERS\n---------------------------------------------------\n0:00 Intro\n1:24 Let the games begin! (iPhone woes)\n3:50 HELLO CONNOR\n6:06 The first video chat\n8:30 Why are you here Dr. Cutress\n10:31 How is this computer overheating?\n13:37 Network switches are elite\n14:51 Audio issues? That's unheard of\n17:06 Five minutes remaining!\n19:01 Game over\n21:04 Outro", "link": "https://www.youtube.com/watch?v=jGT37X3H_MA", "date_published": "2022-12-20 00:00:00+00:00", "persistent": false, "user": null, "language": "en-US"}, {"source": "https://www.youtube.com/feeds/videos.xml?channel_id=UCXuqSBlHAE6Xw-yeJA0Tunw", "title": "Samsung is Hiding This Monitor\u2019s Best Feature \u2013 Odyssey OLED G8", "description": "Thanks to Samsung for sponsoring this video! Learn more about the S34BG85 at: https://displaysolutions.samsung.com/monitor/detail/2086/S34BG85\n\nSamsung's new Odyssey OLED G8 is a 34\" ultrawide monitor with a 175Hz refresh rate, AMD FreeSync Premium Pro, and a gorgeous QD-OLED panel. But for some reason, they don't want you to know it's QD-OLED on their website. What other secrets does this monitor hold?\n\nDiscuss on the forum: https://linustechtips.com/topic/1474967-why-does-samsung-keep-sponsoring-me-%E2%80%93-odyssey-oled-g8/\n\nPurchases made through some store links may provide some compensation to Linus Media Group.\n\n\u25ba GET MERCH: https://lttstore.com\n\u25ba SUPPORT US ON FLOATPLANE: https://www.floatplane.com/ltt\n\u25ba AFFILIATES, SPONSORS & REFERRALS: https://lmg.gg/sponsors\n\u25ba PODCAST GEAR: https://lmg.gg/podcastgear\n\n\nFOLLOW US \n---------------------------------------------------  \nTwitter: https://twitter.com/linustech\nFacebook: http://www.facebook.com/LinusTech\nInstagram: https://www.instagram.com/linustech\nTikTok: https://www.tiktok.com/@linustech\nTwitch: https://www.twitch.tv/linustech\n\nMUSIC CREDIT\n---------------------------------------------------\nIntro: Laszlo - Supernova\nVideo Link: https://www.youtube.com/watch?v=PKfxmFU3lWY\niTunes Download Link: https://itunes.apple.com/us/album/supernova/id936805712\nArtist Link: https://soundcloud.com/laszlomusic\n\nOutro: Approaching Nirvana - Sugar High\nVideo Link: https://www.youtube.com/watch?v=ngsGBSCDwcI\nListen on Spotify: http://spoti.fi/UxWkUw\nArtist Link: http://www.youtube.com/approachingnirvana\n\nIntro animation by MBarek Abdelwassaa https://www.instagram.com/mbarek_abdel/\nMonitor And Keyboard by vadimmihalkevich / CC BY 4.0  https://geni.us/PgGWp\nMechanical RGB Keyboard by BigBrotherECE / CC BY 4.0 https://geni.us/mj6pHk4\nMouse Gamer free Model By Oscar Creativo / CC BY 4.0 https://geni.us/Ps3XfE\n\nCHAPTERS\n---------------------------------------------------\n0:00 Intro\n0:50 Unboxing\n2:07 The QD-OLED panel\n4:45 Odyssey OLED G8 features\n7:25 Let's take colour fringing", "link": "https://www.youtube.com/watch?v=PR-1tMih0fM", "date_published": "2022-12-19 00:00:00+00:00", "persistent": false, "user": null, "language": "en-US"}]