[{"source": "https://www.youtube.com/feeds/videos.xml?channel_id=UCBa659QWEk1AI4Tg--mrJ2A", "title": "You're not allowed in this cave. But there's a copy.", "description": "The Chauvet cave, in the south of France, is one of the most important archaeological sites in the world, filled with art that's tens of millennia old. No-one's allowed in, for very good reasons: but just a few kilometres away, there's a near-exact copy. Is that enough?\n\nCamera: Simon Gillouin\nEditor: Dave Stevenson http://davestevenson.co.uk\nProducer: Axel Zeiliger https://block8production.com\n\nMore about Chauvet II: https://grottechauvet2ardeche.com/\n\nI'm at https://tomscott.com\r\non Twitter at https://twitter.com/tomscott\r\non Facebook at https://facebook.com/tomscott\r\nand on Instagram as tomscottgo", "link": "https://www.youtube.com/watch?v=_zJbi9YatcA", "date_published": "2022-05-09 00:00:00+00:00", "persistent": false, "user": null, "language": "en-US"}]