[{"source": "https://www.youtube.com/feeds/videos.xml?channel_id=UCwSv086EAByBY-Z7y-QR_cQ", "title": "Protesty holenderskich rolnik\u00f3w! Przemilczane w\u0105tki!", "description": "\ud83d\udcfa Zapraszam do ogl\u0105dania\n\n\u2b07\ufe0fRozwi\u0144 opis\u2b07\ufe0f\n------------------------------------------------------------\n\ud83d\udc40 Uszi po godzinach: https://goo.gl/cdCFKe\n\ud83d\udc40 Hello World_: http://bit.ly/31BEhnv\n------------------------------------------------------------\n\u2709\ufe0f Ludzie listy pisz\u0105 \n\ud83d\udd8a\ufe0f uszi@protonmail.com\n------------------------------------------------------------\n\ud83d\udc7a Niecenzuralne i agresywne komentarze zostan\u0105 usuni\u0119te.  Jak ju\u017c musisz zakl\u0105\u0107 dawaj znaki (&*%@%).\n------------------------------------------------------------\n\ud83d\udcb2 Donate/ Darowizna\nPLN / SMS / Blik: http://bit.ly/3bsXtJj\nBTC: 174EmE88YFtvs6fuM8ZL5yYbik8hcaY6ud\n-------------------------------------------------------------\n\u2705 \u0179r\u00f3d\u0142a:\n1. https://bbc.in/3IhIRg4\n2. https://bit.ly/3bJqEvw\n3. https://bit.ly/3nFMIKq\n4. https://bit.ly/3nK2X97\n5. https://bit.ly/3Rc1Mgi\n6. https://bit.ly/3P7Jkn7\n7. https://bit.ly/3utvMe2\n8. https://bit.ly/3uujpOG\n9. https://bit.ly/3yq09mN\n10. https://reut.rs/3P1mT3e\n---------------------------------------------------------------\n\ud83d\udca1 Tagi: #holandia #rolnicy \n--------------------------------------------------------------", "link": "https://www.youtube.com/watch?v=ZcL0yLN0lkU", "date_published": "2022-07-06 00:00:00+00:00", "persistent": false, "user": null, "language": "en-US"}]