[{"source": "https://www.youtube.com/feeds/videos.xml?channel_id=UC5UAwBUum7CPN5buc-_N1Fw", "title": "GTK could drop X11, Firefox is more private, and new Linux laptops - Linux and open source news", "description": "Get 100$ credit for your own Linux and gaming server: https://www.linode.com/linuxexperiment \nGrab a brand new laptop or desktop running Linux:https://www.tuxedocomputers.com/\n\n\n\ud83d\udc4f SUPPORT THE CHANNEL:\nGet access to a weekly podcast, vote on the next topics I cover, and get your name in the credits:\n\nYouTube: https://www.youtube.com/channel/UC5UAwBUum7CPN5buc-_N1Fw/join\nPatreon: https://www.patreon.com/thelinuxexperiment\n\nOr, you can donate whatever you want: https://paypal.me/thelinuxexp?locale.x=fr_FR\n\n\ud83d\udcf9 MORE VIDEOS FROM ME\nLinux news in Shorts format: https://www.youtube.com/channel/UCtZp0mK9IBrpS2-jNzMZmoA\nGaming on Linux: https://www.youtube.com/channel/UCaw_Lz7oifDb-PZCAcZ07kw\nI'm also on ODYSEE: https://odysee.com/$/invite/@TheLinuxExperiment:e\n\n\ud83c\udfc6 FOLLOW ME ELSEWHERE:\nTwitter : http://twitter.com/thelinuxEXP\nMastodon: https://mastodon.social/web/@thelinuxEXP\nPixelfed: https://pixelfed.social/TLENick\nDiscord: https://discord.gg/xK7ukavWmQ\n\n\ud83d\udcf7 GEAR I USE:\nSony Alpha A6600 Mirrorless Camera: https://amzn.to/30zKyn7\nSigma 56mm Fixed Prime Lens: https://amzn.to/3aRvK5l\nLogitech MX Master 3 Mouse: https://amzn.to/3BVI0Od\nBluetooth Space Grey Mac Keyboard: https://amzn.to/3jcJETZ\nLogitech Brio 4K Webcam: https://amzn.to/3jgeTh9\nLG Curved Ultrawide Monitor: https://amzn.to/3pcTVDH\nLogitech White Speakers: https://amzn.to/3n6wSb0\nXbox Controller: https://amzn.to/3BWmIA3\n*Amazon Links are affiliate codes and generate small commissions to support the channel*\n\nThis video is distributed under the Creative Commons Share Alike license.\n\n#linux #news #opensource \n\n00:00 Intro\n00:44 100$ free credit for your Linux or gaming server\n01:43 GTK might drop X11 support for GTK5, and go full Wayland\n03:27 Unity 7.6 is released\n04:46 Carola, the new open source vocal assistant\n06:05 Firefox 102 adds some privacy features\n07:16 Starlabs announces their new StarFighter laptop\n08:39 Tuxedo and Slimbook have new powerful ultrabooks\n10:31 GNOME Updates\n11:39 KDE Updates\n12:49 Mint 21 is coming next week\n14:04 elementary OS updates\n15:20 Wine 7.12 is released\n15:53 73% of the top 100 Steam games are playable + more gaming news\n17:45 Get a laptop or desktop that runs Linux out of the box\n18:51 Support the channel\n\n\nGNOME developers are wondering whether they should drop support for X11 in GTK5\nhttps://gitlab.gnome.org/GNOME/gtk/-/issues/5004\n\nThe amazing kid who started work back on Unity 7 has published a new version for this desktop environment, version 7.6. \nhttps://unity.ubuntuunity.org/blog/unity-7.6/\n\nThere's a very interesting blog post on the Fedora magazine website about a new virtual assistant for Linux, invoked by using the name \"Carola\"\nhttps://fedoramagazine.org/your-personal-voice-assistant-on-fedora-linux/\n\nMozilla released Firefox 102 last week, and it looks like there is an interesting privacy feature in that new release. \nhttps://thenextweb.com/news/firefox-continues-fight-for-privacy-by-automatically-stripping-url-trackers\n\nStarLabs, a manufacturer of computers running Linux, is expanding their lineup with the StarFighter\nhttps://www.omgubuntu.co.uk/2022/07/starfighter-15-6-4k-linux-laptop-from-star-labs\n\nAnother laptop running Linux out of the box has been announced, by Tuxedo this time, in the form of the Pulse 15 Gen 2, along withSlimbook announcing the KDE SLimbook 4\n\nhttps://www.tuxedocomputers.com/en/Linux-Hardware/Notebooks/15-16-inch/TUXEDO-Pulse-15-Gen2.tuxedo\n\nhttps://kde.slimbook.es/\n\nOf course, there's the traditional GNOME updates\nhttps://thisweek.gnome.org/posts/2022/07/twig-50/\n\nKDE developers are also continuing their work on the next plasma release\nhttps://pointieststick.com/2022/07/01/this-week-in-kde-and-now-time-for-for-some-ui-polishing/\n\nThis time, we also have some news about Linux Mint 21\nhttps://blog.linuxmint.com/?p=4336\n\nAnd we also have some elementary OS updates! \nhttps://blog.elementary.io/updates-for-june-2022/\n\nWine 7.12 was released, bringing theming support for Qt5 applications\nhttps://www.winehq.org/announce/7.12\n\nAnd let's finish this video with a nice little gaming roundup\n\nhttps://www.gamingonlinux.com/2022/06/73-of-the-top-100-most-popular-steam-games-are-playable-on-steam-deck/\n\nhttps://www.gamingonlinux.com/2022/06/anti-cheat-work-on-warhammer-vermintide-2-for-steam-deck-a-linux-on-hold/\n\nhttps://www.gamingonlinux.com/2022/07/linux-share-on-steam-hits-highest-peak-in-years-thanks-to-steam-deck/\n\nhttps://boilingsteam.com/dead-rising-1-and-2-make-it-as-steam-deck-verified/", "link": "https://www.youtube.com/watch?v=wKaLHa2LbYE", "date_published": "2022-07-07 00:00:00+00:00", "persistent": false, "user": null, "language": "en-US"}]