[{"source": "https://www.youtube.com/feeds/videos.xml?channel_id=UCFQMnBA3CS502aghlcr0_aw", "title": "Trust No One (except me)", "description": "Many crypto lenders, exchanges and hedge funds have gone bust in the last month... begging the question. Who Can You Trust?  Three Arrows Capital, LUNA, Celcius, Vauld, and more are all among the recent casualties.\nFollow Coffeezilla: \n\u25ba Twitter: https://twitter.com/coffeebreak_YT\n\u25ba Instagram: https://www.instagram.com/coffeebreak_yt/\n\ud83c\udfb6 Music: https://www.youtube.com/watch?v=nMSQ1yoPT2c&list=PL4qw3AkxFDSNhEgawXD1j6r0iN1072XIB&index=1\nCredits: \n3D Artist: Ed Leszczynski https://twitter.com/LeszczynskiEd\nVideo Editor: Harry Bagg  https://twitter.com/HarryRBagg\nVirtual Production Software: Aximmetry https://aximmetry.com/\n\nThis video is an opinion and in no way should be construed as statements of fact. Scams, bad business opportunities, and fake gurus are subjective terms that mean different things to different people. I think someone who promises $100K/month for an upfront fee of $2K is a scam. Others would call it a Napoleon Hill pitch.", "link": "https://www.youtube.com/watch?v=19vWVjPD29Q", "date_published": "2022-07-07 00:00:00+00:00", "persistent": false, "user": null, "language": "en-US"}]