[{"source": "https://www.youtube.com/feeds/videos.xml?channel_id=UCwSv086EAByBY-Z7y-QR_cQ", "title": "Projekt ustawy konfiskaty maj\u0105tk\u00f3w rosyjskich oligarch\u00f3w i os\u00f3b zagra\u017caj\u0105cych Polsce!", "description": "\ud83d\udcfa Zapraszam do ogl\u0105dania\n\n\u2b07\ufe0fRozwi\u0144 opis\u2b07\ufe0f\n------------------------------------------------------------\n\ud83d\udc40 Uszi po godzinach: https://goo.gl/cdCFKe\n\ud83d\udc40 Hello World_: http://bit.ly/31BEhnv\n------------------------------------------------------------\n\u2709\ufe0f Ludzie listy pisz\u0105 \n\ud83d\udd8a\ufe0f uszi@protonmail.com\n------------------------------------------------------------\n\ud83d\udc7a Niecenzuralne i agresywne komentarze zostan\u0105 usuni\u0119te.  Jak ju\u017c musisz zakl\u0105\u0107 dawaj znaki (&*%@%).\n------------------------------------------------------------\n\ud83d\udcb2 Donate/ Darowizna\nPLN / SMS / Blik: http://bit.ly/3bsXtJj\nBTC: 174EmE88YFtvs6fuM8ZL5yYbik8hcaY6ud\n-------------------------------------------------------------\n\u2705 \u0179r\u00f3d\u0142a:\n1. https://bit.ly/3v1dlNd\n2. https://bit.ly/3r8VKli\n3. https://bit.ly/3KAyzYV\n4. https://bit.ly/3BTL7XF\n--------------------------------------------------------------\n\ud83c\udfb4 Do kola\u017cu wykorzystano grafik\u0119 autorstwa: \ngov.pl - http://bit.ly/2lVWjQr\n---------------------------------------------------------------\n\ud83d\udca1 Tagi: #Rosja #pieni\u0105dze\n--------------------------------------------------------------", "link": "https://www.youtube.com/watch?v=eVqD7NGq9go", "date_published": "2022-04-07 00:00:00+00:00", "persistent": false, "user": null, "language": "en-US"}]