[{"source": "https://www.youtube.com/feeds/videos.xml?channel_id=UC5UAwBUum7CPN5buc-_N1Fw", "title": "Future of GNOME, Ubuntu 22.04 Beta, swap your snaps for flatpaks - Linux and Open Source News", "description": "Get 100$ credit for your own Linux and gaming server: https://www.linode.com/linuxexperiment \n\nGet your Linux desktop or laptop here: https://slimbook.es/en/\n\n\n\ud83d\udc4f SUPPORT THE CHANNEL:\nGet access to an exclusive weekly podcast, vote on the next topics I cover, and get your name in the credits:\n\nYOUTUBE: https://www.youtube.com/channel/UC5UAwBUum7CPN5buc-_N1Fw/join\n\nPatreon: https://www.patreon.com/thelinuxexperiment\n\nOr, you can donate whatever you want: https://paypal.me/thelinuxexp?locale.x=fr_FR\n\nYou can also protect your privacy by using this extension from Startpage, each install helps the channel with a small commission: https://add.startpage.com/en/protection/?campaign=4&source=aff \n\n\ud83c\udfc6 FOLLOW ME ELSEWHERE:\nLinux news in Youtube Shorts format: https://www.youtube.com/channel/UCtZp0mK9IBrpS2-jNzMZmoA\n\nJoin us on our Discord server: https://discord.gg/xK7ukavWmQ\n\nTwitter : http://twitter.com/thelinuxEXP\n\nMy Gaming on Linux Channel: https://www.youtube.com/channel/UCaw_Lz7oifDb-PZCAcZ07kw\n\n\ud83d\udcf7 GEAR I USE:\nSony Alpha A6600 Mirrorless Camera: https://amzn.to/30zKyn7\nSigma 56mm Fixed Prime Lens: https://amzn.to/3aRvK5l\nLogitech MX Master 3 Mouse: https://amzn.to/3BVI0Od\nBluetooth Space Grey Mac Keyboard: https://amzn.to/3jcJETZ\nLogitech Brio 4K Webcam: https://amzn.to/3jgeTh9\nLG Curved Ultrawide Monitor: https://amzn.to/3pcTVDH\nLogitech White Speakers: https://amzn.to/3n6wSb0\nXbox Controller: https://amzn.to/3BWmIA3\n*Amazon Links are affiliate codes and generate small commissions to support the channel*\n\n\n00:00 Intro\n00:48 Sponsor: 100$ off your Linux or Gaming Server\n01:39 GNOME Future Plans\n02:52 More GNOME development\n03:55 KDE Weekly updates\n05:02 Deepin 20.5\n05:52 Ubuntu Beta\n07:01 Swap your snaps for flatpaks\n08:02 Anaconda installer gets a makeover\n09:02 The Linux Foundation offers free scholarships\n09:52 Mozilla outlines its vision for the web\n10:55 Firefox 99\n11:39 Lutris adds Ubisoft and EA support\n12:44 OneXPlayer wants SteamOS\n13:38 2000 Games on the Steam Deck\n14:21 Nvidia wants DLSS in Proton\n15:08 Sponsor: Get a Linux laptop or Desktop\n15:50 Support the channel\n\n\nChris Davis, a GNOME developer, outlined plans for the next releases of GNOME\nhttps://blogs.gnome.org/christopherdavis/2022/04/03/plans-for-gnome-43-and-beyond/\n\nVarious GNOME developers, and app developers also made progress last week on a bunch of apps and components\nhttps://thisweek.gnome.org/posts/2022/04/twig-37/\n\nKDE devs weren't idle either, though, and there's a bunch of interesting new things being worked on.\nhttps://pointieststick.com/2022/04/01/this-week-in-kde-get-ready-for-a-big-one/\n\nDeepin 20.5 was released\nhttps://9to5linux.com/deepin-20-5-released-with-face-unlock-feature-screenshot-pinning-and-more\n\nThe beta for Ubuntu 22.04 was released and can be downloaded right now\nhttps://www.omgubuntu.co.uk/2022/03/ubuntu-22-04-beta-is-now-available-download\n\nSpeaking of Ubuntu, there's a new tool that lets you remove all snaps from your distro, and replace them with flatpaks\nhttps://github.com/popey/unsnap\n\nAnaconda is being redesigned to use the much more familiar \"wizard\" model, with step by step guided instructions\nhttps://communityblog.fedoraproject.org/anaconda-is-getting-a-new-suit-and-a-wizard/\n\nThe Linux Foundation is now reopening applications for their training scholarships.\nhttps://www.linux.com/news/apply-for-a-linux-foundation-training-scholarship-by-april-30/\n\nMozilla outlined their vision for the evolution of the web.\nhttps://blog.mozilla.org/en/mozilla/mozilla-webvision-future-of-web/\n\nFirefox 99 was released, with support for the GTK overlay scrollbars\nhttps://www.omgubuntu.co.uk/2022/04/mozilla-firefox-99-features-gtk-overlay-scrollbars\n\nLutris gets even better, with the new 0.5.10 release.\nhttps://9to5linux.com/lutris-game-manager-adds-steam-deck-support-ea-origin-and-ubisoft-connect-integration\n\nOneXPlayer would be interested in offering devices with Steam OS 3 preinstalled.\nhttps://www.gamingonlinux.com/2022/03/onexplayer-looking-at-shipping-handhelds-with-steamos-like-the-steam-deck/\n\nSpeaking of the Steam Deck, it passed the awesome 2000 certified games mark last week.\nhttps://boilingsteam.com/2000-games-on-the-steam-deck/\n\nProton might get support for Nvidia's image scaling feature\nhttps://www.gamingonlinux.com/2022/03/steam-play-proton-could-get-direct-support-for-nvidia-image-scaling/", "link": "https://www.youtube.com/watch?v=JyF17MtQTn0", "date_published": "2022-04-07 00:00:00+00:00", "persistent": false, "user": null, "language": "en-US"}]