[{"source": "https://www.youtube.com/feeds/videos.xml?channel_id=UCNvzD7Z-g64bPXxGzaQaa4g", "title": "ROCKSTAR REMAKING TWO OLDER GAMES, TOMB RAIDER RETURNS, & MORE", "description": "Thank you Raycon for sponsoring this video. Go to https://buyraycon.com/gameranx for 15% off your order! Brought to you by Raycon.\n\nMax Payne, Monkey Island, and Tomb Raider make a return! Unreal Engine 5 graphics showcases bring the heat! All this and more in a week full of gaming news.\n\nJake on twitter: https://bit.ly/3gdkPqD\u200b\u200b\u200b\u200b\n\nInstagram: https://bit.ly/3uUh9Ot\n\n\n ~~~~STORIES~~~~\n\n\n\nMax Payne\nhttps://investors.remedygames.com/announcements/remedy-entertainment-enters-agreement-with-rockstar-games-for-new-max-payne-12-project/\n\nNew Monkey Island\nhttps://youtu.be/sahskKAxSCY\n\nNew Tomb Raider\nhttps://www.theverge.com/2022/4/5/23011603/tomb-raider-new-crystal-dynamics-unreal-engine-5\n\n\n\nCoalition cinematic UE5 tech demo\nhttps://youtu.be/RTnYpt-QknA\n\nElden Ring no hit/damage run\nhttps://youtu.be/mcd0Ne7ke4k\n\n\nHouse of the Dead\nhttps://youtu.be/dfN6YupQd7c\n\nLEGO Star Wars \nhttps://youtu.be/3OXMDrrdogk\n\nRogue Legacy 2\nhttps://youtu.be/uiV0oo7ZlH8\n\n\nHalf Life Alyx fan expansion\nhttps://twitter.com/CoreyLaddo/status/1510663426086948870?s=20&t=4QxZax_ruEzE9WciXusIVA\n\nHalo Infinite multiplayer stuff Lone Wolves season 2 May 3\nhttps://youtu.be/o69uckS2jlU\n\nThe Quarry gameplay\nhttps://www.youtube.com/watch?v=70crU8_6z0U\n\nUbisoft Breakpoint \nhttps://www.gamesindustry.biz/articles/2022-04-06-ubisoft-ends-ghost-recon-breakpoint-development-working-on-nfts-for-other-titles\nhttps://www.theverge.com/2022/4/6/23013346/ubisoft-ghost-recon-breakpoint-content-nft-digits-quartz", "link": "https://www.youtube.com/watch?v=2c4CA7FoS9g", "date_published": "2022-04-08 00:00:00+00:00", "persistent": false, "user": null, "language": "en-US"}, {"source": "https://www.youtube.com/feeds/videos.xml?channel_id=UCNvzD7Z-g64bPXxGzaQaa4g", "title": "10 Overlooked Mechanics In Spider-Man That'll Get You Playing Again", "description": "Insomniac's Spider-Man (PS4, PS5) is filled with cool reasons to jump back in. Here are some of our favorite examples.\nSubscribe for more: https://www.youtube.com/gameranxTV?sub_confirmation=1", "link": "https://www.youtube.com/watch?v=TR3JixGEB4k", "date_published": "2022-04-07 00:00:00+00:00", "persistent": false, "user": null, "language": "en-US"}, {"source": "https://www.youtube.com/feeds/videos.xml?channel_id=UCNvzD7Z-g64bPXxGzaQaa4g", "title": "Top 15 NEW Horror Games of 2022", "description": "2022 is bringing tons of horror game experiences for PC, PS5, PS4, Xbox Series X/S/One, and Nintendo Switch.. Here's every horror game worth keeping an eye on.\nSubscribe for more: https://www.youtube.com/gameranxTV?sub_confirmation=1\n\n0:00 Intro \n00:11 MADiSON \n00:49 Stray Souls \n1:49 Choo-Choo Charles \n2:49 Evil Nun: The Broken Mask \n3:29 The Quarry \n4:48 Martha is Dead \n5:25 Fobia St. Dinfna Hotel \n6:09 Scorn \n6:54 Evil Dead: The Game \n7:29 Slitterhead \n8:29 Sons of the Forest \n9:25 Ghostwire Tokyo \n10:13 The Outlast Trials \n10:49 The Callisto Protocol \n11:19 Dead Space Remake \n12:02 BONUS\n\n#15 MADiSON \n\nPlatform : PC \n\nRelease Date : June 24, 2022 \n\n\n\n#14 Stray Souls \n\nPlatform : PC \n\nRelease Date : TBA \n\n\n\n#13 Choo-Choo Charles \n\nPlatform : PC \n\nRelease Date : TBA 2022 \n\n\n\n#12 Evil Nun: The Broken Mask \n\nPlatform : PC \n\nRelease Date : TBA 2022 \n\n\n\n#11 The Quarry \n\nPlatform : PC PS4 PS5 XSX|S Xbox One \n\nRelease Date : June 10, 2022 \n\n\n\n\n#10 Martha is Dead \n\nPlatform : PC PS4 PS5 XSX|S Xbox One \n\nRelease Date : February 24, 2022 \n\n\n\n#9 Fobia St. Dinfna Hotel \n\nPlatform : PC \n\nRelease Date : TBA \n\n\n\n#8 Scorn \n\nPlatform : PC XSX|S \n\nRelease Date : October 2022 \n\n\n\n#7 Evil Dead: The Game \n\nPlatform : PC PS4 PS5 XSX|S Xbox One Switch \n\nRelease Date : May 13, 2022 \n\n\n\n#6 Slitterhead \n\nPlatform : TBA \n\nRelease Date : TBA \n\n\n\n#5 Sons of the Forest \n\nPlatform : PC \n\nRelease Date : 20 May 2022 \n\n\n\n#4 Ghostwire Tokyo \n\nPlatform : PC PS5 \n\nRelease Date : March 25, 2022 \n\n\n\n#3 The Outlast Trials \n\nPlatform : PC \n\nRelease Date : 2022 \n\n\n\n#2 The Callisto Protocol \n\nPlatform : PC PS5 XSX|S \n\nRelease Date : 2022\n\n\n\n#1 Dead Space Remake \n\nPlatform : PC PS5 XSX|S\n\nRelease Date : Q4 2022 \n\n\n\nBONUS\n\nDying Light 2: Stay Human \n\nPlatform : PC PS4 PS5 XSX|S Xbox One February 4, 2022\n\nRelease Date : Switch  Q2 2022 \n\n\n\nS.T.A.L.K.E.R. 2: Heart of Chernobyl \n\nPlatform : PC XSX|S \n\nRelease Date : Def delayed to 2023 \n\n\n\nThe Texas Chainsaw Massacre \n\nPlatform : TBA \n\nRelease Date : 2022 \n\n\n\nThe Dark Pictures Anthology: The Devil in Me \n\nPlatform : PC PS4 PS5 XSX|S Xbox One \n\nRelease Date : TBA \n\n\n\nWronged Us \n\nPlatform : PC \n\nRelease Date : Probably 2023 \n\n\n\nIll \n\nPlatform : TBA \n\nRelease Date : Probably 2023", "link": "https://www.youtube.com/watch?v=VVaWMKX3kmU", "date_published": "2022-04-07 00:00:00+00:00", "persistent": false, "user": null, "language": "en-US"}]