[{"source": "https://www.youtube.com/feeds/videos.xml?channel_id=UCRG_N2uO405WO4P3Ruef9NA", "title": "OnePlus becomes even weirder", "description": "This video was sponsorored by Curiositystream. Get the bundle with Nebula here: https://curiositystream.com/tfc\n\n \u25ac\u25ac\u25ac\u25ac\u25ac\u25ac\u25ac\u25ac\u25ac\u25ac\u25ac\u25ac\u25ac\u25ac\u25ac\u25ac\u25ac\u25ac\u25ac\u25ac\u25ac\u25ac\u25ac\u25ac  \n\n\u25ba\u25ba\u25ba This video \u25c4\u25c4\u25c4  \n\nThis week we got more confusing OnePlus and OPPO phones, Microsoft announced a ton of new Windows 11 features like file explorer tabs, and Google had major security issues with the Play Store.\n\nEpisode 91\n\nThis video on Nebula: https://nebula.app/videos/the-friday-checkout-how-is-this-not-a-oneplus-phone\nCrrowd app & Release Monitor: https://play.google.com/store/apps/details?id=com.crrowd \nQuiz: https://link.crrowd.com/quiz\n\n \u25ac\u25ac\u25ac\u25ac\u25ac\u25ac\u25ac\u25ac\u25ac\u25ac\u25ac\u25ac\u25ac\u25ac\u25ac\u25ac\u25ac\u25ac\u25ac\u25ac\u25ac\u25ac\u25ac\u25ac  \n\n\u25ba\u25ba\u25ba TechAltar links \u25c4\u25c4\u25c4  \n\nMerch:  \nhttp://enthusiast.store   \n\nSocial media:  \nhttps://twitter.com/TechAltar  \nhttps://instagram.com/TechAltar \nhttps://facebook.com/TechAltar  \nhttps://discord.gg/npKQebe  \n\nIf you want to support my work directly:  https://flattr.com/@techaltar   \n\n\u25ac\u25ac\u25ac\u25ac\u25ac\u25ac\u25ac\u25ac\u25ac\u25ac\u25ac\u25ac\u25ac\u25ac\u25ac\u25ac\u25ac\u25ac\u25ac\u25ac\u25ac\u25ac\u25ac\u25ac\n\n\u25ba\u25ba\u25ba Attributions & Time stamps\u25c4\u25c4\u25c4\n\nMusic by Edemski: https://soundcloud.com/edemski \n\n0:00 Intro\n0:27 Release highlights\n1:45 OnePlus - more confusion\n3:31 Windows 11 - new features\n4:50 Google Play - security issues", "link": "https://www.youtube.com/watch?v=Mkn-Onpqot8", "date_published": "2022-04-08 00:00:00+00:00", "persistent": false, "user": null, "language": "en-US"}]