[{"source": "https://www.youtube.com/feeds/videos.xml?channel_id=UCW0gH2G-cMKAEjEkI4YhnPA", "title": "The Fell Beasts of the Nazg\u00fbl | Tolkien Explained", "description": "The Fell Beasts of the Nazg\u00fbl debut in the War of the Ring and along with their masters, they bring terror from the skies.  Today, we go through their travels, actions, and their origin that Tolkien theorized.\n\nHit subscribe - and the bell!\nNerd of the Rings on PATREON: https://www.patreon.com/NerdoftheRings\n\nTo purchase artist work, check out these amazing artists!\n\nAnna Podedworna - https://www.artstation.com/akreon\nJenny Dolfen - goldseven.wordpress.com/\nTurner Mohan - www.instagram.com/turner_mohan\nTed Nasmith - www.tednasmith.com/shop/\nAnke Eissmann - http://anke.edoras-art.de/anke_illustration.html\nDonato Giancola - https://www.donatoarts.com/online-store/secure-store/Middle-earth-c34110463\nAronja Art - https://www.instagram.com/aronjaart/\nIvan Cavini - https://www.instagram.com/ivan_cavini/\nSara Morello - https://www.artstation.com/saramorello\nMat\u011bj \u010cadil - https://www.etsy.com/people/matejcadil\nTulikoura - https://www.deviantart.com/tulikoura\nAegeri - https://www.deviantart.com/aegeri\nNoe Leyva - https://twitter.com/NoeLeyvArt\n\nNazgul fell beast - Jerry Vanderstelt\nWraiths on Wings - Noe Leyva\nA Shot in the Dark - Ralph Damiani\nThe Nazgul - Ted Nasmith\nFrodo and Nazgul - John Howe\nSauron - Shadow of War\nMorgoth Summons the Winged Dragons - Kip Rasmussen\nFell Beast - Elrodimus Flash\nBlack Knight Nazgul - Ivan Cavini\nAt the Ford - Ted Nasmith\nThe Dark Tower - John Howe\nThe Passage of the Marshes - Kuliszu\nLegolas - Andrea Piparo\nLegolas Shoots t he Fell Beast - Anke Eissmann\nOrcs - Aegeri\nUruk-hai - John Howe\nNightwatch - Anke Eissmann\nAt Sammath Naur - Olanda Fong-Surdenas\nFell Beast at Barad-dur\nUruk-Warrior and Orc-Tracker - Alan Lee\nUgluk - John Howe\nMisty Mountains Orc - Olanda Fong-Surdenas\nMisty Mountain Orc - Olanda Fong-Surdenas\nEowyn and the Nazgul - Ted Nasmith\nGrond - John Howe\nGandalf - Skullb*st*rd\nNazgul in Flight - John Howe\nThe Fell Beast of Mordor - Matej Cadil\nYou Fool No Man Can Kill Me, Die Now - Bembiann\nBarad-dur and the Lord of the Nazgul - Donato Giancola\nThrough the Marshes - Ted Nasmith\nNazgul above the dead marshes - Catherine Karina Chmiel\nThe passage of the Marshes - Kuliszu\nBarad-dur - John Howe\nGollum - Jemima Catlin\nThe Taming of Gollum - Darrell Sweet\nApparitions - Ted Nasmith\nHobbits and Gollum - Andrea Piparo\nGollum - Steve Airola\nGollum - John Howe\nMordor Carrion Seeker - Olanda Fong-Surdenas\nThe Charge of the Rohirrim at Helm's Deep - John Howe\nIsengard - Ivan Cavini\nNazgul over Minas Morgul - Alan Lee\nOrthanc in the Second Age - Ted Nasmith\nThunder - Aegeri\nRohirrim - Donato Giancola\nThe House of Eorl, Freawine - Aegeri\nThe Nazgul Attack - Anke Eissmann\nGandalf and Shadowfax - Anke Eissmann\nNazgul at the Walls - Ted Nasmith\nNazgul in Flight - John Howe\nMinas Tirith at Dawn - Ted Nasmith\nWild Fell Beast - Angus McBride\nSam Tames the Fellbeast - Olanda Fong-Surdenas\nTheoden's Bane - John Howe\nShadow of the East - Ivan Cavini\nEowyn and Witch King - Alan Lee\nSunset - Felix Englund\nAngband - Skullb*st*rd\nThe Dark Tower - John Howe\nThe Death of Theoden - JG Jones\nEowyn and the Nazgul - Matthew Stewart\nEowyn and Witch King - Chris Rahn\nEowyn and Witch King - Angus McBride\nEowyn and Nazgul - John Howe\nEowyn and the Lord of the Nazgul - Donato Giancola\nEowyn vs Witch King - Elrodimus Flash\nBarad-dur - John Howe\nNazgul over Minas Morgul - Alan Lee\nThe Nazgul - Ted Nasmith\nEowyn and the Lord of the Nazgul - Ted Nasmith\nBattle of the Black Gate - Ted Nasmith\nEagle Attacks Dragon at the War of Wrath - Kip Rasmussen\nBarad-dur - Shadow of War\nFrodo - Jenny Dolfen\nAt the Cracks of Doom - Ted Nasmith\nA Sudden Call to Mount Doom - Ted Nasmith\nFrodo and Nazgul - John Howe\nAncalagon the Black - CK Goksoy\n\n#tolkien #lordoftherings #nazgul", "link": "https://www.youtube.com/watch?v=POZMO5rTBvM", "date_published": "2022-05-21 00:00:00+00:00", "persistent": false, "user": null, "language": "en-US"}]