[{"source": "https://www.youtube.com/feeds/videos.xml?channel_id=UCSbdMXOI_3HGiFviLZO6kNA", "title": "Things NOT to do to your VR Headset", "description": "Hello, here are some things NOT to do to your VR headset.\n\nFrom the sun, scratched lenses, and keeping people safe in their playspace- there are lots of ways you can have a potentially bad experience in VR. Watch this video to make sure you are aware of them and continue to have a GREAT VR experience. These tips apply whether you have a Quest 2, Quest 7, Rift, Index, Vive, Oculus Go.. doesn't matter. Hope you enjoy!\n\nMy links: \nOutro Music:\nhttps://www.youtube.com/watch?v=u6Jwg...\n\nMy links:\nDiscord:\nhttps://discord.gg/2hCGM9BYez\nTwitch:\nhttps://www.twitch.tv/thrilluwu\nTwitter:\nhttps://twitter.com/Thrilluwu\nPatreon:\nhttps://www.patreon.com/Thrillseeker", "link": "https://www.youtube.com/watch?v=mgx4J6sJm4I", "date_published": "2022-05-21 00:00:00+00:00", "persistent": false, "user": null, "language": "en-US"}]