[{"source": "https://www.youtube.com/feeds/videos.xml?channel_id=UCZYTClx2T1of7BRZ86-8fow", "title": "Why Fish Care About Forest Fires", "description": "Visit http://brilliant.org/scishow/ to get started learning STEM for free, and the first 200 people will get 20% off their annual premium subscription.\n\nWe don't think of rivers and lakes as something that are greatly affected by fires, but it turns out these disasters can have a big effect on the acquatic wildlife that calls these places home.\n\n\nHosted by: Hank Green\n\nSciShow is on TikTok!  Check us out at https://www.tiktok.com/@scishow \n----------\nSupport SciShow by becoming a patron on Patreon: https://www.patreon.com/scishow\n----------\nHuge thanks go to the following Patreon supporters for helping us keep SciShow free for everyone forever:\n\nSam Lutfi, Bryan Cloer, Kevin Bealer, Christoph Schwanke, Tom\u00e1s Lagos Gonz\u00e1lez, Jason A Saslow, Tom Mosner, Jacob, Ash, Eric Jensen, Jeffrey Mckishen, Alex Hackman, Christopher R Boucher, Piya Shedden, Jeremy Mysliwiec, Chris Peters, Dr. Melvin Sanicas, charles george, Adam Brainard, Harrison Mills, Silas Emrys, Alisa Sherbow\n\n----------\nLooking for SciShow elsewhere on the internet?\nSciShow Tangents Podcast: https://scishow-tangents.simplecast.com/\nFacebook: http://www.facebook.com/scishow\nTwitter: http://www.twitter.com/scishow\nInstagram: http://instagram.com/thescishow\n#SciShow\n----------\nSources:\n\nSources:\nhttps://esajournals.onlinelibrary.wiley.com/doi/10.1890/ES13-00325.1\nhttps://news.uaf.edu/researchers-study-how-wildfires-affect-fish-habitats/\nhttps://www.fs.fed.us/pnw/sciencef/scifi198.pdf\nhttps://www.nationalgeographic.org/article/ecological-benefits-fire/\nhttps://esajournals.onlinelibrary.wiley.com/doi/10.1002/fee.2044\nhttps://www.usgs.gov/centers/california-water-science-center/science/scotts-creek-nutrient-erosion-study-lake-county\nhttps://www.nature.com/articles/s41598-021-89926-6\nhttps://www.usgs.gov/centers/california-water-science-center/science/effects-wildfire-and-fire-retardants-nutrient\nhttps://esajournals.onlinelibrary.wiley.com/doi/10.1890/ES13-00325.1\nhttps://www.fs.fed.us/rm/pubs_other/rmrs_2003_dunham_j003.pdf\nhttps://www.enr.gov.nt.ca/en/services/wildfire-operations/suppressing-wildland-fires\nhttps://www.fs.fed.us/rm/fire/documents/envissu.pdf\n\n\nIMAGES\n\nhttps://www.nasa.gov/feature/goddard/2019/nasa-tracks-wildfires-from-above-to-aid-firefighters-below\nhttps://en.wikipedia.org/wiki/File:Wenatchee_River_west_of_Leavenworth,_WA_02.jpg\nhttps://commons.wikimedia.org/wiki/File:Chinook_salmon_01.jpg\nhttps://commons.wikimedia.org/wiki/File:Bull_Trout_(5387850779).jpg\nhttps://www.storyblocks.com/video/stock/big-smoke-billows-in-a-pine-forest-during-a-large-wildfire-rl_65lsrfjcsd5fwp\nhttps://www.gettyimages.com/detail/video/aerial-view-truck-forest-fire-burning-smoking-and-making-stock-footage/1299407782?adppopup=true\nhttps://www.gettyimages.com/detail/photo/idyllic-forest-glade-mossy-woodland-golden-rays-of-royalty-free-image/1199017962?adppopup=true\nhttps://commons.wikimedia.org/wiki/File:Fire_biologist_lights_controlled_burn_(6022164769).jpg\nhttps://commons.wikimedia.org/wiki/File:Firefighters_conducting_burnout_operation_(29396644407).jpg\n\nhttps://www.flickr.com/photos/39108150@N05/44746197792/\nhttps://www.storyblocks.com/video/stock/large-flames-of-forest-fire-346735606\nhttps://www.storyblocks.com/video/stock/under-water-shot-of-brown-trout-swimming-around-a-natural-stream-the-light-catches-them-to-show-why-they-are-called-brown-trout-rubehkdeleixpdnqxg\nhttps://www.gettyimages.com/detail/photo/evergreen-tree-sprouts-in-the-ashes-of-a-forest-royalty-free-image/182416049?adppopup=true\nhttps://www.usgs.gov/media/images/wildfire-and-elk-montana\nhttps://commons.wikimedia.org/wiki/File:Isabella_River_shore_showing_burnt_trees_and_regrowth_from_the_Pagami_Creek_Fire_762.jpg\nhttps://commons.wikimedia.org/wiki/File:Algal_bloom_in_Lake_Erie_(8740853887).jpg\nhttps://www.gettyimages.com/detail/photo/coho-salmon-parr-lurking-near-a-beaver-dam-in-a-royalty-free-image/1033874110?adppopup=true\nhttps://www.gettyimages.com/detail/photo/view-of-the-little-firehole-river-along-the-mystic-royalty-free-image/1340340004?adppopup=true\nhttps://commons.wikimedia.org/wiki/File:Firefighters_conducting_burnout_operation_(29396644407).jpg\nhttps://commons.wikimedia.org/wiki/File:Hercules_C130_bombardier_d_eau_Californie.jpg", "link": "https://www.youtube.com/watch?v=PzgS2fYU0o4", "date_published": "2022-05-21 00:00:00+00:00", "persistent": false, "user": null, "language": "en-US"}, {"source": "https://www.youtube.com/feeds/videos.xml?channel_id=UCZYTClx2T1of7BRZ86-8fow", "title": "Can\u2019t Sleep? Blame the Climate Crisis", "description": "Thanks to Google for sponsoring a portion of this video. Learn more about Google\u2019s sustainability efforts at https://goo.gle/sustainability_scishow which walks through Google\u2019s journey from being carbon neutral to operating on 24/7 carbon-free energy by 2030. \n\nToday, we bring you two surprising effects of the climate crisis: less sleep and more dying trees.\n\nHosted by: Hank Green\n\nSciShow is on TikTok!  Check us out at https://www.tiktok.com/@scishow \n----------\nSupport SciShow by becoming a patron on Patreon: https://www.patreon.com/scishow\n----------\nHuge thanks go to the following Patreon supporters for helping us keep SciShow free for everyone forever:\n\nSam Lutfi, Bryan Cloer, Kevin Bealer, Christoph Schwanke, Tom\u00e1s Lagos Gonz\u00e1lez, Jason A Saslow, Tom Mosner, Jacob, Ash, Eric Jensen, Jeffrey Mckishen, Alex Hackman, Christopher R Boucher, Piya Shedden, Jeremy Mysliwiec, Chris Peters, Dr. Melvin Sanicas, charles george, Adam Brainard, Harrison Mills, Silas Emrys, Alisa Sherbow\n\n----------\nLooking for SciShow elsewhere on the internet?\nSciShow Tangents Podcast: https://scishow-tangents.simplecast.com/\nFacebook: http://www.facebook.com/scishow\nTwitter: http://www.twitter.com/scishow\nInstagram: http://instagram.com/thescishow\n#SciShow\n----------\nSources:\nhttps://www.eurekalert.org/news-releases/952517\nhttps://www.cell.com/one-earth/fulltext/S2590-3322(22)00209-3 \nhttps://www.annualreviews.org/doi/10.1146/annurev-psych-010213-115205\nhttps://www.nature.com/articles/nn1851\nhttps://academic.oup.com/eurheartj/article/32/12/1484/502022\nhttps://www.tandfonline.com/doi/full/10.31887/DCNS.2008.10.4/plfranzen\nhttps://www.annualreviews.org/doi/10.1146/annurev-clinpsy-032813-153716\n\nhttps://press.springernature.com/tropical-tree-mortality-has-increased-with-rising-atmospheric-wa/20344372 \nhttps://www.nature.com/articles/s41586-022-04737-7\nhttps://www.nature.com/articles/nature14283\nhttps://onlinelibrary.wiley.com/doi/abs/10.1111/gcb.15037   https://nph.onlinelibrary.wiley.com/doi/10.1111/nph.16485\nhttps://www.nature.com/articles/s41586-020-2035-0 \n\nImages:\nhttps://www.gettyimages.com/detail/video/woman-tossing-and-turning-in-her-bed-under-the-moonlight-stock-footage/876810030?adppopup=true\nhttps://www.gettyimages.com/detail/video/woman-is-sleeping-in-bed-while-electric-fan-is-blowing-stock-footage/1325712140?adppopup=true\nhttps://www.gettyimages.com/detail/illustration/sleeping-tracker-young-black-character-royalty-free-illustration/860657632?adppopup=true\nhttps://www.gettyimages.com/detail/illustration/vectot-weather-widget-for-smartphone-royalty-free-illustration/475696742?adppopup=true\nhttps://www.gettyimages.com/detail/photo/side-view-o-man-sleeping-on-floor-near-open-fridge-royalty-free-image/1254115359?adppopup=true\nhttps://www.gettyimages.com/detail/photo/starry-night-royalty-free-image/139885445?adppopup=true\nhttps://www.gettyimages.com/detail/photo/nighttime-view-of-the-myrtle-beach-boardwalk-royalty-free-image/1308969998?adppopup=true\nhttps://climate.nasa.gov/climate_resources/139/video-global-warming-from-1880-to-2021/\nhttps://www.gettyimages.com/detail/video/depressed-senior-man-lying-in-bed-cannot-sleep-from-stock-footage/1162122586?adppopup=true\nhttps://www.gettyimages.com/detail/photo/close-up-top-view-funny-young-woman-peeking-from-royalty-free-image/1271917066?adppopup=true\nhttps://www.gettyimages.com/detail/video/silhouettes-of-palm-trees-swaying-in-the-wind-with-stock-footage/1296881569\nhttps://www.gettyimages.com/detail/video/aerial-view-of-a-poplar-trees-plantation-sainte-croix-du-stock-footage/1081370686\nhttps://www.gettyimages.com/detail/photo/mist-and-river-through-tropical-rainforest-sabah-royalty-free-image/569909439\nhttps://commons.wikimedia.org/wiki/File:Daintree_forrest.jpg\nhttps://www.gettyimages.com/detail/photo/branches-and-trees-royalty-free-image/654341422?adppopup=true\nhttps://commons.wikimedia.org/wiki/File:Tomato_leaf_stomate_1-color.jpg\nhttps://www.gettyimages.com/detail/photo/cloud-forest-from-costa-rica-royalty-free-image/532812903?adppopup=true\nhttps://www.eurekalert.org/multimedia/934977", "link": "https://www.youtube.com/watch?v=0SIYoUH_7UY", "date_published": "2022-05-20 00:00:00+00:00", "persistent": false, "user": null, "language": "en-US"}]