[{"source": "https://www.youtube.com/feeds/videos.xml?channel_id=UC_7PqixGIdE-jjoHKMPYpGA", "title": "Kto dostarcza ko\u015bci do muze\u00f3w?", "description": "Zg\u0142oszenia z listem motywacyjnym, danymi kontaktowymi i preferencjami terminowymi mo\u017cna przesy\u0142a\u0107 do 31 maja (2022) na adres e-mail (lczepinski@biol.uw.edu.pl) lub przez formularz online: https://forms.gle/nCr7uZ54ER9RG9hZ7\n\nNajbardziej aktualn\u0105 stron\u0105 dotycz\u0105c\u0105 tegorocznych wykopalisk jest wydarzenie na Facebook:\nhttps://www.facebook.com/events/424963832744819\n\nDodatkowe informacje na oficjalnej stronie Instytutu Paleobiologii PAN:\nhttps://www.paleo.pan.pl/pl/wyprawy_naukowe.html\n\n\ud83d\udcda  Nasza edukacyjna ksi\u0105\u017cka dla dzieci\n\u25ba https://naukowybelkot.pl/product/lelony-odkrywaja-dlaczego-niebo-jest-niebieskie\n\n\ud83d\udc49  Patronite \u25ba https://patronite.pl/NaukowyBelkot \n\n\ud83d\udcda  Moja ksi\u0105\u017cka \u25ba https://altenberg.pl/geny/\n\ud83d\udcda  E-book \u25ba https://tinyurl.com/pnp-ebook\n\ud83c\udfa7  Mix audio \u25ba http://ratstudios.pl/\n\n===\nPodobne filmy:\n\u25ba https://www.youtube.com/watch?v=qPVw0CR_oa8\n\u25ba https://www.youtube.com/watch?v=Fj_Cr7fbS8c\n\u25ba https://www.youtube.com/watch?v=MbTx08Zry_8\n\u25ba https://www.youtube.com/watch?v=JkTYcFEmbes\n\u25ba https://www.youtube.com/watch?v=TLj1D-gA50s\n\n===\n0:00 \u017bar Miedar\n0:46 Miedar historia\n3:47 Krokodyl, kt\u00f3ry po\u0142kn\u0105\u0142 w\u0119dk\u0119\n11:08 Tak si\u0119 wyci\u0105ga kr\u0119g\n12:36 Miedar unikatowo\u015b\u0107\n14:39 Gady enigmatyczne\n16:10 Uz\u0119bione \u017cebro\n19:21 Jak szuka\u0107, \u017ceby znale\u017a\u0107\n22:51 Dla kogo te wykopaliska", "link": "https://www.youtube.com/watch?v=OnyaLhlZP6k", "date_published": "2022-05-20 00:00:00+00:00", "persistent": false, "user": null, "language": "en-US"}]