[{"source": "https://www.youtube.com/feeds/videos.xml?channel_id=UCzQUP1qoWDoEbmsQxvdjxgQ", "title": "The Story Behind Earthquake's Name", "description": "Taken from JRE #1785 w/Earthquake:\nhttps://open.spotify.com/episode/0Qni445JFkvU0cwndz02fD?si=d93db386283d4deb", "link": "https://www.youtube.com/watch?v=y8U5e8_qSSw", "date_published": "2022-02-26 00:00:00+00:00", "persistent": false, "user": null, "language": "en-US"}, {"source": "https://www.youtube.com/feeds/videos.xml?channel_id=UCzQUP1qoWDoEbmsQxvdjxgQ", "title": "Author Ben Burgis on Dave Chappelle and the Moralism of Canceling Comedians", "description": "Taken from JRE #1783 w/Ben Burgis:\nhttps://open.spotify.com/episode/0UmjhCbyz0oG6bWUKlnNeF?si=f01b8269eb284514", "link": "https://www.youtube.com/watch?v=PgfX9bvmEhs", "date_published": "2022-02-25 00:00:00+00:00", "persistent": false, "user": null, "language": "en-US"}, {"source": "https://www.youtube.com/feeds/videos.xml?channel_id=UCzQUP1qoWDoEbmsQxvdjxgQ", "title": "The Corporatization of Food", "description": "Taken from JRE #1784 w/Diana Rodgers and Robb Wolf:\nhttps://open.spotify.com/episode/0r7MbKFhtLf9RLOahCT1gU?si=c07d74c3515a4f6c", "link": "https://www.youtube.com/watch?v=AmIdT42728g", "date_published": "2022-02-25 00:00:00+00:00", "persistent": false, "user": null, "language": "en-US"}]