[{"source": "https://www.youtube.com/feeds/videos.xml?channel_id=UC-91UA-Xy2Cvb98deRXuggA", "title": "HR VIDEO - \"BACK TO THE OFFICE! WHAT ARE YOU AFRAID OF?!\" | More TERRIBLE reasoning against WFH", "description": "\u2764\ufe0f Support me because corporate sponsors rarely do! \n https://www.patreon.com/joshuafluke\n\n\ud83d\udd25 Need a resume/cover letter? Check out my templates!  \nhttps://grindreel.com/\n\n\ud83d\udc4a Join the community! \nhttps://discord.gg/Joshuafluke\n\nMy Other Socials\ud83e\udd33\nhttps://www.tiktok.com/@joshua_fluke\nhttps://www.instagram.com/joshuafluke/  \ud83d\udcf8\nhttps://twitter.com/joshuafluke  \ud83d\udc26\n\n\ud83d\udce7 Email me directly!: grindreel@gmail.com\n\ud83d\udce7 Business inquiries: Joshuafluke@thoughtleaders.io  \n\nMy Gear \u2699\ufe0f:  https://kit.co/JoshuaFluke", "link": "https://www.youtube.com/watch?v=lvkvfkQzRDY", "date_published": "2022-03-10 00:00:00+00:00", "persistent": false, "user": null, "language": "en-US"}, {"source": "https://www.youtube.com/feeds/videos.xml?channel_id=UC-91UA-Xy2Cvb98deRXuggA", "title": "4,000 WORKERS FIRED! BETTER.COM BLUNDERS ANOTHER MASS LAYOFF! | #grindreel", "description": "\u2764\ufe0f Support me because corporate sponsors rarely do! \n https://www.patreon.com/joshuafluke\n\n\ud83d\udd25 Need a resume/cover letter? Check out my templates!  \nhttps://grindreel.com/\n\n\ud83d\udc4a Join the community! \nhttps://discord.gg/Joshuafluke\n\nMy Other Socials\ud83e\udd33\nhttps://www.tiktok.com/@joshua_fluke\nhttps://www.instagram.com/joshuafluke/  \ud83d\udcf8\nhttps://twitter.com/joshuafluke  \ud83d\udc26\n\n\ud83d\udce7 Email me directly!: grindreel@gmail.com\n\ud83d\udce7 Business inquiries: Joshuafluke@thoughtleaders.io  \n\nMy Gear \u2699\ufe0f:  https://kit.co/JoshuaFluke", "link": "https://www.youtube.com/watch?v=MI1xnUhvKUY", "date_published": "2022-03-09 00:00:00+00:00", "persistent": false, "user": null, "language": "en-US"}, {"source": "https://www.youtube.com/feeds/videos.xml?channel_id=UC-91UA-Xy2Cvb98deRXuggA", "title": "The PROBLEM with a DEGREE in \"Entrepreneurship\" (the good idea degree)", "description": "\u2764\ufe0f Support me because corporate sponsors rarely do! \n https://www.patreon.com/joshuafluke\n\n\ud83d\udd25 Need a resume/cover letter? Check out my templates!  \nhttps://grindreel.com/\n\n\ud83d\udc4a Join the community! \nhttps://discord.gg/Joshuafluke\n\nMy Other Socials\ud83e\udd33\nhttps://www.tiktok.com/@joshua_fluke\nhttps://www.instagram.com/joshuafluke/  \ud83d\udcf8\nhttps://twitter.com/joshuafluke  \ud83d\udc26\n\n\ud83d\udce7 Email me directly!: grindreel@gmail.com\n\ud83d\udce7 Business inquiries: Joshuafluke@thoughtleaders.io  \n\nMy Gear \u2699\ufe0f:  https://kit.co/JoshuaFluke", "link": "https://www.youtube.com/watch?v=XXIkbo7G7QE", "date_published": "2022-03-09 00:00:00+00:00", "persistent": false, "user": null, "language": "en-US"}]