[{"source": "https://www.youtube.com/feeds/videos.xml?channel_id=UCO2x-p9gg9TLKneXlibGR7w", "title": "The New Trash Can", "description": "Apple announced the new Mac Studio and... it's not that different from a 2013 trash can Mac Pro\u2014it was just in the right place, at the right time, with the right hardware. In this episode, we talk about Apple's \"peek performance\" keynote, Apple TV+, iPhone SE 3, the 2022 iPad Air, and of course, the Apple Studio Display and Mac Studio with M1 Ultra.\n\nFollow me on Twitter - http://twitter.com/snazzyq\nFollow me on Instagram - http://instagram.com/snazzyq\n\n0:00 Snoozefest\n0:26 Apple TV: HBO, but Worse\n1:56 Green iPhone Is Best iPhone\n2:12 iPhone SE 3 Is Great\u2014Back Off\n3:23 iPad Air Regains Its Crown\n4:15 M1 Ultra is Unsurprising\n5:27 Where in the World Is Jade-4C?\n5:50 Mac Studio Is Neat\n8:43 Spicy Hot Take\n9:05 Studio Display Is Not Neat\n12:22 Hot Take Resumed", "link": "https://www.youtube.com/watch?v=IUB5dS7eeII", "date_published": "2022-03-09 00:00:00+00:00", "persistent": false, "user": null, "language": "en-US"}]