[{"source": "https://www.youtube.com/feeds/videos.xml?channel_id=UCQDhxkSxZA6lxdeXE19aoRA", "title": "Fixing A Viewers Horribly Repaired Phone - Nokia 7 Plus", "description": "This Viewer got more than he bargained for when he took his phone in for repair.\nTag your repairs with #fixitfeb for a change to win an iFixit toolkit every week for the month of February 2022.\nGet parts, tools and repair guides at iFixit:\nShop US: https://iFixit.com/hughjeffreys\nShop AU: https://ifix.gd/hughjeffreysau\n\nTools I Use: https://www.hughjeffreys.com/tools\n--------------------------------------Socials-------------------------------------\nWebsite: https://www.hughjeffreys.com\nStore: https://www.hughjeffreys.com/store\nInstagram: http://instagram.com/hughjeffreys\n---------------------------------------------------------------------------------------\n\n\n(DISCLAIMER: This description contains affiliate links, which means that if you click on one of the product links, l will receive a small commission.)", "link": "https://www.youtube.com/watch?v=ZwrWOPQ4Hbs", "date_published": "2022-02-05 00:00:00+00:00", "persistent": false, "user": null, "language": "en-US"}]