[{"source": "https://www.youtube.com/feeds/videos.xml?channel_id=UC_7PqixGIdE-jjoHKMPYpGA", "title": "Co z\u0142ego jest w kazirodztwie?", "description": "\ud83d\udcda Kup moj\u0105 najnowsz\u0105 ksi\u0105\u017ck\u0119 \u25ba https://siedem.alt.pl\nDo 9 listopada darmowa wysy\u0142ka na terenie Polski\n\n\ud83d\udc49 Patronite \u25ba https://patronite.pl/NaukowyBelkot \n\ud83d\udcda Ksi\u0105\u017cka o genach \u25ba https://altenberg.pl/geny/\n\ud83d\udcda E-book \u25ba https://tinyurl.com/pnp-ebook\n\n\ud83d\udc49 Nasz serwis popularnonaukowy \u25ba https://naukowybelkot.pl \n\ud83d\udc49 Patronite \u25ba https://patronite.pl/NaukowyBelkot \n\nOdcinek mia\u0142 wyj\u015b\u0107 na walentynki, ale si\u0119 nie wyrobi\u0142em. Dowiedzia\u0142em si\u0119 jednak zbyt ciekawych rzeczy, \u017ceby czeka\u0107 do 2023 roku z publikacj\u0105.\n\n===\nRozk\u0142ad jazdy:\n\n0:00 Hiszpa\u0144scy Habsburgowie\n2:44 O kazirodztwie troch\u0119 formalnie\n5:50 Karol Darwin - m\u0105\u017c swojej kuzynki\n7:24 Geny\n10:22 Nasze przygody z inbredem\n12:10 Dlaczego to jest tabu?\n14:15 Przekle\u0144stwo gepard\u00f3w i Karola II\n\n===\n\u0179r\u00f3d\u0142a (wybrane):\n\nD. My\u015bliwiec - Przepis na cz\u0142owieka (a co!)\nM. Fareed i in. - Estimating the Inbreeding Depression on Cognitive Behavior: A Population Based Study of Child Cohort\nM. Ridley - Czerwona kr\u00f3lowa. P\u0142e\u0107 a ewolucja natury ludzkiej\nJ. Antfolk i in. - Fitness Costs Predict Inbreeding Aversion Irrespective of Self-Involvement: Support for Hypotheses Derived from Evolutionary Theory\nA. Wolff i in. - Fitness Costs Predict Inbreeding Aversion Irrespective of Self-Involvement: Support for Hypotheses Derived from Evolutionary Theory\nH. Zimmer i in. - She Has Her Mother's Laugh : The Story of Heredity", "link": "https://www.youtube.com/watch?v=BYQ1yUIbRDw", "date_published": "2022-02-19 00:00:00+00:00", "persistent": false, "user": null, "language": "en-US"}]