[{"source": "https://www.youtube.com/feeds/videos.xml?channel_id=UCG2kQBVlgG7kOigXZTcKrQw", "title": "Meksyk - jak powsta\u0142y cenoty? \u015alub w cenocie. I jak Coca Cola niszczy Meksykan\u00f3w?", "description": "Po d\u0142u\u017cszej przerwie zapraszamy na nowy sezon film\u00f3w 2022 :) B\u0119dzie w tym roku du\u017co roweru, b\u0119dzie sporo g\u00f3r, ale najpierw b\u0119dzie co nieco meksyka\u0144skiego s\u0142o\u0144ca. Jest to pierwszy odcinek z Jukatanu (b\u0119d\u0105 w sumie dwa) i mo\u017ce wydawa\u0107 si\u0119 ciut rwany, za co przepraszam. Po prostu by\u0142o zbyt du\u017co w\u0105tk\u00f3w, kt\u00f3re chcia\u0142em po\u0142\u0105czy\u0107 w jedn\u0105 ca\u0142o\u015b\u0107 i mam lekkie wra\u017cenie, \u017ce nie wysz\u0142o. Wybaczcie je\u015bli Was ten film zm\u0119czy\u0142, obiecuj\u0119, \u017ce drugi o Majach b\u0119dzie znacznie lepszy :)\n\n\u25ba\u25baZach\u0119cam do subskrypcji: http://bit.ly/2cmWbSO \n\nZapraszam te\u017c na:\nFacebook: http://bit.ly/2flU84f\nInstagram: http://bit.ly/2eTrIMc\nBlog: http://kolemsietoczy.pl/\n\nMuzyka Artlist i Nevaeh", "link": "https://www.youtube.com/watch?v=8wB5ciH5CgI", "date_published": "2022-02-20 00:00:00+00:00", "persistent": false, "user": null, "language": "en-US"}]