[{"source": "https://www.techradar.com/rss", "title": "Hogwarts Legacy release date, trailers, gameplay and pre-order details", "description": "Hogwarts Legacy looks set to be the Harry Potter RPG that fans have waited years for. Here's everything we know so far, including a release date, and a look at all the latest news.", "link": "https://www.techradar.com/news/harry-potter-rpg-everything-we-know/", "date_published": "2022-02-19 09:36:12+00:00", "persistent": false, "user": null, "language": null}, {"source": "https://www.techradar.com/rss", "title": "Hogwarts Legacy release date, trailers, gameplay and pre-order details", "description": "Hogwarts Legacy looks set to be the Harry Potter RPG that fans have waited years for. Here's everything we know so far.", "link": "https://www.techradar.com/news/harry-potter-rpg-everything-we-know", "date_published": "2022-02-19 09:36:12+00:00", "persistent": false, "user": null, "language": null}]