[{"source": "http://feeds.bbci.co.uk/news/rss.xml", "title": "'Everything he did was magnificent' - how Kane's masterclass at Man City blew title race wide open", "description": "Tottenham striker Harry Kane puts in one of his best performances of the season against Premier League leaders Manchester City to dent the title charge of the side he might have joined in the summer.", "link": "https://www.bbc.co.uk/sport/football/60449846?at_medium=RSS&at_campaign=KARANGA", "date_published": "2022-02-19 23:54:56+00:00", "persistent": false, "user": null, "language": "en-US"}, {"source": "http://feeds.bbci.co.uk/news/rss.xml", "title": "Miami helicopter crash: Police share footage showing swimmers metres away from site", "description": "Miami Beach Police said two of the three passengers were taken to hospital in a stable condition.", "link": "https://www.bbc.co.uk/news/world-us-canada-60448611?at_medium=RSS&at_campaign=KARANGA", "date_published": "2022-02-19 22:39:19+00:00", "persistent": false, "user": null, "language": "en-US"}, {"source": "http://feeds.bbci.co.uk/news/rss.xml", "title": "Winter Olympics: Belgium win first gold for 74 years", "description": "Belgium win their first Winter Olympics gold medal since 1948 when Bart Swings skates to victory in the men's mass start.", "link": "https://www.bbc.co.uk/sport/winter-olympics/60445999?at_medium=RSS&at_campaign=KARANGA", "date_published": "2022-02-19 15:11:03+00:00", "persistent": false, "user": null, "language": "en-US"}, {"source": "http://feeds.bbci.co.uk/news/rss.xml", "title": "Cheers and tears at home as GB take curling silver", "description": "Cheers and tears at home in Scotland as Great Britain's men win silver medal in Beijing.", "link": "https://www.bbc.co.uk/news/uk-scotland-60446643?at_medium=RSS&at_campaign=KARANGA", "date_published": "2022-02-19 13:50:31+00:00", "persistent": false, "user": null, "language": "en-US"}, {"source": "http://feeds.bbci.co.uk/news/rss.xml", "title": "Ukraine crisis: How are people coping with the threat of war?", "description": "Three Ukrainians tell the BBC how they have been dealing with life amid fears of a Russian invasion.", "link": "https://www.bbc.co.uk/news/world-europe-60446826?at_medium=RSS&at_campaign=KARANGA", "date_published": "2022-02-19 13:33:42+00:00", "persistent": false, "user": null, "language": "en-US"}, {"source": "http://feeds.bbci.co.uk/news/rss.xml", "title": "Warrington Wolves: Why this rugby mascot drove off with the ball", "description": "Warrington Wolves' boss explains what happened with Whizzy Rascal's viral debut on the pitch.", "link": "https://www.bbc.co.uk/news/uk-60443700?at_medium=RSS&at_campaign=KARANGA", "date_published": "2022-02-19 12:37:44+00:00", "persistent": false, "user": null, "language": "en-US"}, {"source": "http://feeds.bbci.co.uk/news/rss.xml", "title": "Storm Eunice leaves thousands of homes without power", "description": "Work is under way to restore power to those cut off after one of the worst UK storms in decades.", "link": "https://www.bbc.co.uk/news/uk-60442797?at_medium=RSS&at_campaign=KARANGA", "date_published": "2022-02-19 12:27:28+00:00", "persistent": false, "user": null, "language": "en-US"}, {"source": "http://feeds.bbci.co.uk/news/rss.xml", "title": "Ukraine invasion would shock the world, Boris Johnson says", "description": "The prime minister tells fellow world leaders \"we should not underestimate the gravity of this moment\".", "link": "https://www.bbc.co.uk/news/uk-politics-60432970?at_medium=RSS&at_campaign=KARANGA", "date_published": "2022-02-19 12:24:31+00:00", "persistent": false, "user": null, "language": "en-US"}, {"source": "http://feeds.bbci.co.uk/news/rss.xml", "title": "Ukraine conflict: Rebels declare general mobilisation as fighting grows", "description": "Men of fighting age are put on stand-by in Ukraine's breakaway territories amid high tensions.", "link": "https://www.bbc.co.uk/news/world-europe-60443504?at_medium=RSS&at_campaign=KARANGA", "date_published": "2022-02-19 11:59:18+00:00", "persistent": false, "user": null, "language": "en-US"}, {"source": "http://feeds.bbci.co.uk/news/rss.xml", "title": "Storm Eunice: Meet the man behind the Big Jet TV phenomenon", "description": "Jerry Dyer's YouTube channel went viral after livestreaming planes trying to land in Storm Eunice.", "link": "https://www.bbc.co.uk/news/uk-60445558?at_medium=RSS&at_campaign=KARANGA", "date_published": "2022-02-19 11:18:55+00:00", "persistent": false, "user": null, "language": "en-US"}, {"source": "http://feeds.bbci.co.uk/news/rss.xml", "title": "GB men's curlers win silver at Winter Olympics", "description": "Great Britain's men's curlers have to settle for Olympic silver as Sweden triumph 5-4 in a nerve-shredding final to claim gold.", "link": "https://www.bbc.co.uk/sport/winter-olympics/60443333?at_medium=RSS&at_campaign=KARANGA", "date_published": "2022-02-19 10:53:36+00:00", "persistent": false, "user": null, "language": "en-US"}, {"source": "http://feeds.bbci.co.uk/news/rss.xml", "title": "Winter Olympics: Great Britain lose 5-4 to Sweden in men's curling final - highlights", "description": "Watch highlights lose 5-4 to Sweden after an extra end in the men's curling final to finish with silver at the Winter Olympics in Beijing.", "link": "https://www.bbc.co.uk/sport/av/winter-olympics/60444450?at_medium=RSS&at_campaign=KARANGA", "date_published": "2022-02-19 10:37:31+00:00", "persistent": false, "user": null, "language": "en-US"}, {"source": "http://feeds.bbci.co.uk/news/rss.xml", "title": "Storm Eunice: Huge 200-year-old oak tree falls on to house", "description": "A family 'does the very British thing' after their house is storm damaged... and goes to the pub.", "link": "https://www.bbc.co.uk/news/uk-england-essex-60440429?at_medium=RSS&at_campaign=KARANGA", "date_published": "2022-02-19 10:05:34+00:00", "persistent": false, "user": null, "language": "en-US"}, {"source": "http://feeds.bbci.co.uk/news/rss.xml", "title": "Winter Olympics: GB's Gus Kenworthy recovers from fall as New Zealand's Nico Porteous wins halfpipe gold", "description": "Great Britain's Gus Kenworthy recovers from an \"awful\" fall to finish eighth in the freeski halfpipe as New Zealand's Nico Porteous wins gold at the Winter Olympics in Beijing.", "link": "https://www.bbc.co.uk/sport/av/winter-olympics/60442921?at_medium=RSS&at_campaign=KARANGA", "date_published": "2022-02-19 09:44:12+00:00", "persistent": false, "user": null, "language": "en-US"}, {"source": "http://feeds.bbci.co.uk/news/rss.xml", "title": "Neuroblastoma: The cancer-hit families facing a funding mountain", "description": "What do you do if you are told your child has cancer, but treatment could cost more than a house?", "link": "https://www.bbc.co.uk/news/uk-england-leeds-60388625?at_medium=RSS&at_campaign=KARANGA", "date_published": "2022-02-19 09:06:32+00:00", "persistent": false, "user": null, "language": "en-US"}, {"source": "http://feeds.bbci.co.uk/news/rss.xml", "title": "More than 17,000 chain store shops closed last year", "description": "Figures reflect the rise of online shopping and the pandemic, but the rate of closures is slowing.", "link": "https://www.bbc.co.uk/news/business-60418435?at_medium=RSS&at_campaign=KARANGA", "date_published": "2022-02-19 08:03:58+00:00", "persistent": false, "user": null, "language": "en-US"}, {"source": "http://feeds.bbci.co.uk/news/rss.xml", "title": "Covid: PM returns lockdown party survey to police, and New Zealand reports record case numbers", "description": "Five things you need to know about the coronavirus pandemic this Saturday morning.", "link": "https://www.bbc.co.uk/news/uk-60442824?at_medium=RSS&at_campaign=KARANGA", "date_published": "2022-02-19 07:45:02+00:00", "persistent": false, "user": null, "language": "en-US"}, {"source": "http://feeds.bbci.co.uk/news/rss.xml", "title": "Star Wars: Millennium Falcon exhibit draws family before it opens", "description": "The planned Millennium Falcon exhibition even pushed one family to make the jump to hyperspace early.", "link": "https://www.bbc.co.uk/news/uk-wales-60419386?at_medium=RSS&at_campaign=KARANGA", "date_published": "2022-02-19 07:10:21+00:00", "persistent": false, "user": null, "language": "en-US"}, {"source": "http://feeds.bbci.co.uk/news/rss.xml", "title": "Energy bills: Paralysed dad fears he may lose adapted home", "description": "Dave Davies is using credit cards to pay his energy bills as his costs continue to rise.", "link": "https://www.bbc.co.uk/news/uk-wales-60433755?at_medium=RSS&at_campaign=KARANGA", "date_published": "2022-02-19 07:09:17+00:00", "persistent": false, "user": null, "language": "en-US"}, {"source": "http://feeds.bbci.co.uk/news/rss.xml", "title": "Amir Khan v Kell Brook: Pundits and pros make their predictions for all-British grudge fight", "description": "Will Amir Khan's speed be too much for Kell Brook? Or will Brook's timing and power stop Khan? We have some predictions from the boxing world.", "link": "https://www.bbc.co.uk/sport/boxing/60415260?at_medium=RSS&at_campaign=KARANGA", "date_published": "2022-02-19 06:30:29+00:00", "persistent": false, "user": null, "language": "en-US"}, {"source": "http://feeds.bbci.co.uk/news/rss.xml", "title": "The Papers: 'Carnage' as '122mph storm batters Britain'", "description": "The fallout and damage wrought by Storm Eunice dominates Saturday's front pages.", "link": "https://www.bbc.co.uk/news/blogs-the-papers-60440729?at_medium=RSS&at_campaign=KARANGA", "date_published": "2022-02-19 06:22:07+00:00", "persistent": false, "user": null, "language": "en-US"}, {"source": "http://feeds.bbci.co.uk/news/rss.xml", "title": "Who is the coach that gave Valieva a 'chilling' reception?", "description": "Who is the coach whose \"cold\" treatment of a sobbing Kamila Valieva was \"chilling\" to watch according to the IOC?", "link": "https://www.bbc.co.uk/sport/winter-olympics/60427119?at_medium=RSS&at_campaign=KARANGA", "date_published": "2022-02-19 04:41:24+00:00", "persistent": false, "user": null, "language": "en-US"}, {"source": "http://feeds.bbci.co.uk/news/rss.xml", "title": "Ministers set to drop UK ban on foie gras and fur imports", "description": "The proposed measure is likely to be dropped from an animal welfare bill, after ministers raised concerns.", "link": "https://www.bbc.co.uk/news/uk-politics-60439796?at_medium=RSS&at_campaign=KARANGA", "date_published": "2022-02-19 04:20:12+00:00", "persistent": false, "user": null, "language": "en-US"}, {"source": "http://feeds.bbci.co.uk/news/rss.xml", "title": "Boris Johnson returns lockdown party questionnaire to police", "description": "Boris Johnson was one of more than 50 people to be sent the document by the Metropolitan Police.", "link": "https://www.bbc.co.uk/news/uk-politics-60440746?at_medium=RSS&at_campaign=KARANGA", "date_published": "2022-02-19 02:30:18+00:00", "persistent": false, "user": null, "language": "en-US"}, {"source": "http://feeds.bbci.co.uk/news/rss.xml", "title": "Canada protests: Police begin to make arrests at Ottawa protest", "description": "Police accuse protesters of using children as a shield between officers and the demonstration.", "link": "https://www.bbc.co.uk/news/world-us-canada-60420469?at_medium=RSS&at_campaign=KARANGA", "date_published": "2022-02-19 01:10:02+00:00", "persistent": false, "user": null, "language": "en-US"}, {"source": "http://feeds.bbci.co.uk/news/rss.xml", "title": "Do crime apps and viral videos stop bystanders from helping?", "description": "Popular use of mobile phone cameras and apps fans fears of a digitally charged \"bystander effect\".", "link": "https://www.bbc.co.uk/news/world-us-canada-60091787?at_medium=RSS&at_campaign=KARANGA", "date_published": "2022-02-19 01:00:27+00:00", "persistent": false, "user": null, "language": "en-US"}, {"source": "http://feeds.bbci.co.uk/news/rss.xml", "title": "Maryland couple plead guilty in nuclear secrets plot", "description": "The wife acted as lookout while her husband hid a data card inside a peanut butter sandwich.", "link": "https://www.bbc.co.uk/news/world-us-canada-60442225?at_medium=RSS&at_campaign=KARANGA", "date_published": "2022-02-19 00:41:56+00:00", "persistent": false, "user": null, "language": "en-US"}, {"source": "http://feeds.bbci.co.uk/news/rss.xml", "title": "The role of stomachs in Nigerian electioneering", "description": "How bags of rice will be used by grovelling Nigerian candidates to curry favour.", "link": "https://www.bbc.co.uk/news/world-africa-60023007?at_medium=RSS&at_campaign=KARANGA", "date_published": "2022-02-19 00:33:33+00:00", "persistent": false, "user": null, "language": "en-US"}, {"source": "http://feeds.bbci.co.uk/news/rss.xml", "title": "Week in pictures: 12-18 February 2022", "description": "A selection of powerful images from all over the globe, taken in the last seven days.", "link": "https://www.bbc.co.uk/news/in-pictures-60429635?at_medium=RSS&at_campaign=KARANGA", "date_published": "2022-02-19 00:21:15+00:00", "persistent": false, "user": null, "language": "en-US"}, {"source": "http://feeds.bbci.co.uk/news/rss.xml", "title": "The amateur historians chronicling Delhi's past on Instagram", "description": "Some amateur historians are documenting neglected corners of Delhi, one Instagram post at a time.", "link": "https://www.bbc.co.uk/news/world-asia-india-60299136?at_medium=RSS&at_campaign=KARANGA", "date_published": "2022-02-19 00:17:59+00:00", "persistent": false, "user": null, "language": "en-US"}, {"source": "http://feeds.bbci.co.uk/news/rss.xml", "title": "Shlomo on why he stepped back from the beatboxing limelight", "description": "After tackling depression, beatboxer Shlomo is now back on stage helping children's mental health.", "link": "https://www.bbc.co.uk/news/uk-england-sussex-60368918?at_medium=RSS&at_campaign=KARANGA", "date_published": "2022-02-19 00:02:26+00:00", "persistent": false, "user": null, "language": "en-US"}]