[{"source": "https://www.youtube.com/feeds/videos.xml?channel_id=UCIw5fgJcTtR2Av-0JkZp-xg", "title": "\"Cowbell Fever\" (now with MORE COWBELL)", "description": "You asked for it.\nSupport my music on Patreon: https://www.patreon.com/yuriwong \nCreated on @teenageengineering OP-1\nand completed in Logic Pro X using stock plugins and instruments.\n\n\"\u201cI got a fever, and the only prescription is more cowbell.\u201d", "link": "https://www.youtube.com/watch?v=PoDbOCC7VG4", "date_published": "2022-07-22 00:00:00+00:00", "persistent": false, "user": null, "language": "en-US"}]