[{"source": "https://www.youtube.com/feeds/videos.xml?channel_id=UCw--xPGVVxYzRsWyV1nFqgg", "title": "Wheel of Time & House of the Dragon Trailers!\ud83d\udc09 Dark Souls book?\ud83d\udcd6 Fallout Show Image\u2622\ufe0f-FANTASY NEWS", "description": "Let's jump into the fantasy news! \nCheck out the always loyal and devoted CAMPFIRE: https://www.campfirewriting.com?utm_source=youtube&utm_medium=video&utm_campaign=DG_Q3_22  \n\n\nNew Channel: https://www.youtube.com/channel/UC9tQc_K_LtoCiVGx7_R3FRA\nPatreon: https://www.patreon.com/DanielBGreene \nAll the Me Social Links: https://linktr.ee/DanielGreene\n\n\nMerch: https://www.designbyhumans.com/shop/FantasyNews/ \n\n\nLawful Times Series: \nBreach of Peace: https://amzn.to/3CnKsfX\nRebels Creed: https://amzn.to/3Gtqt2p\n\n\nEquipment: \nCamera: https://amzn.to/3siqgHv  \nLense: https://amzn.to/3ugGxhQ  \nLighting: https://amzn.to/3aI3brK  \nMicrophone: https://amzn.to/3pCGtWg  \nTripod: https://amzn.to/3kd9yq1  \n\n\nP.O. Box: PO Box 7874 Henrico, VA 23231\n\n\n00:00 intro\n00:40 Fonda Lee cover reveal: https://twitter.com/TorDotComPub/status/1549031315306975234 \n01:13 Last Unicorn Special edition: https://store.gollancz.co.uk/products/the-last-unicorn?_pos=1&_sid=a083cfdf2&_ss=r \n01:42 Dark souls Lore: https://kotaku.com/dark-souls-lore-story-books-maps-guide-miyazaki-1849181099 \n03:07 House of Dragons First Look: https://www.youtube.com/watch?v=DotnJ7tTA34&ab_channel=HBOMax \n04:15: Campfire: https://www.campfirewriting.com?utm_source=youtube&utm_medium=video&utm_campaign=DG_Q3_22 \n05:14 D&D Trailer: https://www.youtube.com/watch?v=_PNTMAEYCQ0&t=6s&ab_channel=RottenTomatoesTrailers \n06:21 Wheel of Time Trailer: https://www.youtube.com/watch?v=S9OKqDS_MC4&ab_channel=IGN \n07:48 Oppenheimer Poster: https://twitter.com/DiscussingFilm/status/1550091069186097153?t=8qDDSo5v2W2XHrXISlpILA&s=19 \n08:28 EEAAO Re-release: https://deadline.com/2022/07/everything-everywhere-all-at-once-theatrical-re-relesae-1235072766/ \n08:49 Fallout images: https://www.thegamer.com/fallout-set-image-reveals-super-duper-mart/ \n10:12 Resident Evil Ratings: https://www.nme.com/news/tv/resident-evil-one-of-netflixs-worst-rated-shows-ever-3271752 \n11:45 New Alien game: https://twitter.com/DiscussingFilm/status/1547691645365207046", "link": "https://www.youtube.com/watch?v=ifMwV-J7Zxc", "date_published": "2022-07-22 00:00:00+00:00", "persistent": false, "user": null, "language": "en-US"}, {"source": "https://www.youtube.com/feeds/videos.xml?channel_id=UCw--xPGVVxYzRsWyV1nFqgg", "title": "Awakening to a Nightmare - Berserk Vol. 13 [Part 2] and Vol. 14 [Part 1]", "description": "Let's jump into the aftermath of Eclipse for #berserk. \nThis video covers Berserk Deluxe Edition 5 - Vol 13 [Part 2] and Vol 14 [Part 1].\nThis includes the chapters \"Awakening to a Nightmare\", \"The Sprint\", and \"Vow of Retaliation\" as well as \"Demon Infant\". \n\nNew Channel: https://www.youtube.com/channel/UC9tQc_K_LtoCiVGx7_R3FRA\nPatreon: https://www.patreon.com/DanielBGreene \nAll the Me Social Links: https://linktr.ee/DanielGreene\n\nLawful Times Series: \nBreach of Peace: https://amzn.to/3CnKsfX\nRebels Creed: https://amzn.to/3Gtqt2p\n\nEquipment: \nCamera: https://amzn.to/3siqgHv  \nLense: https://amzn.to/3ugGxhQ  \nLighting: https://amzn.to/3aI3brK  \nMicrophone: https://amzn.to/3pCGtWg  \nTripod: https://amzn.to/3kd9yq1  \n\nP.O. Box: PO Box 7874 Henrico, VA 23231", "link": "https://www.youtube.com/watch?v=fXeCaL7te1k", "date_published": "2022-07-21 00:00:00+00:00", "persistent": false, "user": null, "language": "en-US"}]