[{"source": "https://www.youtube.com/feeds/videos.xml?channel_id=UCAKcSON6PSG_JkTbXh2WdIg", "title": "Craig Finn \u2013 Due To Depart (Live at The Current)", "description": "After releasing \"A Legacy of Rentals\" \u2014 his fifth solo album \u2014\u00a0in May of this year, Craig Finn is now on tour in support of the record. Watch Craig Finn and the Uptown Controllers perform \"Due To Depart\" from the new album. \n\nPersonnel\nCraig Finn \u2013 vocals\nPaul \u201cFalcon\" Valdez \u2013 drums\nPatrick Doyle \u2013 guitar\nJoseph Faught \u2013 bass\nNelson Devereaux \u2013 saxophone\n\nCredits\nHost \u2013 Ayisha Jaffer\nGuest \u2013 Craig Finn \nTechnical director \u2013 Evan Clark\nProducer \u2013 Derrick Stevens\nDigital producer \u2013 Luke Taylor \n\nYou rely on The Current to keep you connected to the music you love, and we rely on you to power this station. Everything you find here is only possible because of listener support. Give now at: http://www.support.mpr.org/youtube\n\nSubscribe to our channel:\nhttp://www.youtube.com/user/893TheCurrent?sub_confirmation=1\n\nLike/Follow:\nhttps://www.facebook.com/TheCurrent/\nhttps://twitter.com/TheCurrent\nhttps://www.instagram.com/thecurrent/\n\n#craigfinn #steadycraig #thecurrent", "link": "https://www.youtube.com/watch?v=t1JQu1Cb6yk", "date_published": "2022-07-22 00:00:00+00:00", "persistent": false, "user": null, "language": "en-US"}, {"source": "https://www.youtube.com/feeds/videos.xml?channel_id=UCAKcSON6PSG_JkTbXh2WdIg", "title": "Bombino \u2013\u00a0Adounia (Live at Rock the Garden 2022)", "description": "Watch Bombino and his band performing \"Adounia\" from their set recorded live at Rock the Garden 2022 in Minneapolis.\n\nPersonnel\nBombino \u2013\u00a0lead guitar\nYouba Dia \u2013 bass\nKawisan Mohammed \u2013 rhythm guitar\nCorey Wilhelm \u2013 drums\n\nYou rely on The Current to keep you connected to the music you love, and we rely on you to power this station. Everything you find here is only possible because of listener support. Give now at: http://www.support.mpr.org/youtube\n\nSubscribe to our channel:\nhttp://www.youtube.com/user/893TheCurrent?sub_confirmation=1\n\nLike/Follow:\nhttps://www.facebook.com/TheCurrent/\nhttps://twitter.com/TheCurrent\nhttps://www.instagram.com/thecurrent/\n\n#bombino #rockthegarden #adounia", "link": "https://www.youtube.com/watch?v=YWFLDfXrX1s", "date_published": "2022-07-21 00:00:00+00:00", "persistent": false, "user": null, "language": "en-US"}]