[{"source": "https://www.youtube.com/feeds/videos.xml?channel_id=UCsM-ZFKD_8vlDjfhKRNUk1A", "title": "Winona Oak - Yours Tomorrow - live MUZO.FM", "description": "Winona Oak - Yours Tomorrow na \u017cywo w MUZO.FM. Utw\u00f3r pochodzi z p\u0142yty Island of the Sun. \n\nSubskrybuj nasz kana\u0142: http://www.muzo.tv\nFacebook: http://www.facebook.com/MUZO.FM\nFacebook: http://www.facebook.com/MUZO.TV\nFacebook Winona Oak: http://www.facebook.com/winonaoak\nInstagram Winona Oak: http://www.instagram.com/winonaoak\nInstagram: http://www.instagram.com/muzofm\nTwitter: http://twitter.com/muzo_fm\nStrona: http://www.muzo.fm", "link": "https://www.youtube.com/watch?v=nmBJ8WTjpsY", "date_published": "2022-07-22 00:00:00+00:00", "persistent": false, "user": null, "language": "en-US"}]