[{"source": "https://www.youtube.com/feeds/videos.xml?channel_id=UCsmk8NDVMct75j_Bfb9Ah7w", "title": "Moss Book II Is Beautiful On Quest 2", "description": "Moss Book 2 is now available on Quest 2 and it's wonderful! I'll be avoiding any major spoilers in this gameplay and review video.\n\nYou can check out Moss Book II on Quest 2 here;\nhttps://www.oculus.com/experiences/quest/4395292760584049\n\nYou can buy Moss and Moss Book 2 as a bundle on Quest 2 here;\nhttps://www.oculus.com/experiences/quest/453765813234698\n\nYou can check out Moss Book II on PSVR here;\nhttps://www.playstation.com/en-gb/games/moss-book-ii\n\nLet me know if you're excited for Moss Book II on the Quest 2 in the comments below...\n\nThanks for watching []-) \n\nVR HEADSETS:\nOculus Quest 2: https://bit.ly/3iHPFWs\nValve Index: http://bit.ly/2v8hZhi\n\nVR ACCESSORIES:\nVR Cover: https://bit.ly/3okrLmq\nMamut VR Grips: http://bit.ly/3aE3G32\nWidmo Prescription Lenses: http://bit.ly/2W0BTGf\nProTube: http://bit.ly/2sujHb3\n\nFOLLOW ME: \nSubscribe: http://bit.ly/2VeBqfJ\nMemberships: http://bit.ly/2MVWxRl\nDiscord: https://discord.gg/NN9TGrv\nTwitter: https://twitter.com/vr_oasis\nInstagram: https://instagram.com/virtualrealityoasis\nFacebook: https://facebook.com/virtualrealityoasis\nFReality Podcast: http://bit.ly/39HdVUj\nWebsite: http://virtualrealityoasis.com/\nEmail: contact@virtualrealityoasis.com\n\n#MossBookII #Quest2 #VR", "link": "https://www.youtube.com/watch?v=O6OAFXDocGQ", "date_published": "2022-07-21 17:00:17+00:00", "persistent": false, "user": null, "language": null}]