[{"source": "https://www.youtube.com/feeds/videos.xml?channel_id=UCC552Sd-3nyi_tk2BudLUzA", "title": "Why You're Not Successful", "description": "Which matters more: talent or training? Hard work or circumstance?\nHuge thanks to Netflix for sponsoring this episode! The Gray Man is out on July 22, 2022\n#TheGrayMan @Netflix \n\nJoin our science mailing list: https://bit.ly/34fWU27\n\nFOLLOW US!\nInstagram: https://instagram.com/asapscience\u200b\u200b\nFacebook: https://facebook.com/asapscience\u200b\u200b\nTwitter: https://twitter.com/asapscience\u200b\u200b\nTikTok: @AsapSCIENCE \n\nWritten by: Mitchell Moffit \nEdited by: Luka \u0160arlija\n\nSources & Further Reading:\n\n\"Range\"\nBook by: David Epstein\nhttps://davidepstein.com/the-range/\n\nThe Sports Gene: Inside the Science of Extraordinary Athletic Performance\nBook by: David Epstein\nhttp://thesportsgene.com/", "link": "https://www.youtube.com/watch?v=Cfm4KkZB5BU", "date_published": "2022-07-22 00:00:00+00:00", "persistent": false, "user": null, "language": "en-US"}]