[{"source": "https://www.youtube.com/feeds/videos.xml?channel_id=UCmFeOdJI3IXgTBDzqBLD8qg", "title": "Google: The Most Evil Business In The World", "description": "Play World of Warships here: https://wo.ws/3cdcQtp\nThank you World of Warships for sponsoring this video.\nDuring registration use the code FIRE to get for free: 200 doubloons, 1 million credits, the Premium Battleship Tier 5 - USS Texas, and 7 Days Premium Account. \nApplicable to new users only.\n\n\ud83d\udfe2 Get exclusive access for my private unfiltered controversial videos that can't be released to the public: https://www.youtube.com/c/Moon-Real/join\n\nSupport the channel here (all money goes straight back into the channel):\n\u25ba  Become a Patron:  https://www.patreon.com/MoonReal\n\u25ba Follow my Twitter: https://twitter.com/MoonRealYT\n\n00:00 - Google's Evil\n01:12 - Origins\n03:25 - The Rise\n06:00 - World of Warships\n07:07 - The Dark Turn\n12:43 - Censorship\n15:38 - Sentient AI\n\n\nGoogle is worse than you thought. The Google business model is collapsing making Google trash and its why Google is bad. Google is destroying society with there deep mind ai, google ai is sentient. Along with Google's censorship. This is the rise and fall of Google. Google was a CIA project. This is why I hate google and google's business. This video will be analyse Google and how Google really makes money.", "link": "https://www.youtube.com/watch?v=mVQ_lNiWJoE", "date_published": "2022-07-22 00:00:00+00:00", "persistent": false, "user": null, "language": "en-US"}]