[{"source": "https://www.youtube.com/feeds/videos.xml?channel_id=UCXuqSBlHAE6Xw-yeJA0Tunw", "title": "Overpriced Computers! - WAN Show July 22, 2022", "description": "Check out Corsair's HS65 Surround Wired Gaming Headset at https://lmg.gg/HS65WAN\n\nGet 50% off (up to $200) your annual Zoho Desk subscription at: https://lmg.gg/zohodeskwan (US Only)\n\nImmerse yourself in Quill\u2019s newest adventures in the enhanced version of Moss: Book II now available on the META Quest 2 VR headset at: https://lmg.gg/MOSS\n\nWHALE LAN Event Tickets: https://lmg.gg/YXc4U\n\nPodcast Download: TBD\n\nTimestamps (Thanks NoKi1119: \n\n0:00 Chapters.\n1:13 Intro.\n1:48 Superchats and bits are ignored, use merch messages.\n2:22 Topic #1: OverKill computers, now with financing...\n    3:53 Reviewing computer projects and configurator.\n    6:40 Project \"Unknown\", custom request form & pricing.\n   8:16 Comparing to Maingear, cooling, colors & configs.\n   12:50 Maingear's pricing to upgrade SSD.\n    15:40 Linus's system specfication, comparing to OverKill.\n   17:02 Linus on the costs of watercooling.\n   19:48 TikTokker compares pricing to expensive companies.\n   22:20 OverKill's response, customers on delays & NDA.\n   25:20 OverKill PC giveaways on patreon; is it a lottery?\n   26:46 OverKill sends a cease & desist to a TikTokker.\n   27:48 Marine vet of OverKill goes on TikTok.\n   30:32 A neutral take on the system integrator & website.\n   32:56 Alex's notes on the topic, mentioning Intel.\n34:02 Topic #2: Discord & voice chatting is now on Xbox.\n   36:22 Luke on not supporting APIs for third-party apps.\n   38:46 Cross-playing, browser apps are not native apps.\n40:02 Merch Messages #1 ft. Colton.\n   40:16 Biggest ask from the 40 series cards.\n   42:18 Thoughts on LMG Autobench going open-source.\n   45:30 Labs expectation, success and failure.\n   47:02 Products besides the socks to be excited about.\n   48:50 LTTStore Linus sandals idea.\n   49:40 Labs data & sphere of influence.\n52:28 LTTStore swim trunks, a great photo shoot.\n   55:20 LTTStore mystery cable ties, backpack reviews.\n   59:04 Verification for the backpack.\n1:00:34 Merch Messages #2.\n   1:00:44 Pick for a competition game for Whale LAN.\n   1:03:56 LMG dedicated workshop for maker content idea.\n    1:05:14 Unbiased benchmark reviews for vacuums idea.\n   1:07:03 Luke's future if he didn't go to NCIX.\n   1:10:50 Linus owes The Spiffing Bret a tea-powered PC.\n   1:13:30 Linus not able to watch Backstreet Boys live.\n   1:14:30 Intel ARC for Linux as a good value.\n1:15:32 Sponsors.\n   1:15:56 Corsair HS65 surround wired headset.\n   1:17:03 Zoho Desk CRM customer service.\n   1:17:52 PolyArc ft. Linus screwing up the spot.\n1:18:40 Merch Messages #3.\n   1:19:10 What infuriates Linus.\n   1:20:26 WAN topics that stand out, IRL rocket league.\n   1:22:32 Linus's favorite type of cheese.\nCont. Sponsors.\n   1:23:48 PolyArc Moss: Book II on Meta Quest 2.\n1:24:56 Topic #3: Hive \"fights\" climate change via e-waste.\n1:27:58 Topic #4: FUTO on taking back control of PCs.\n   1:30:35 FUTO's projects, GrapheneOS.\n1:32:36 Topic #5: Robot dog with an assault rifle.\n   1:35:26 Discussing modern warfare.\n1:36:28 Topic #6: Emails with allegations against Linus.\n   1:38:26 Linus's reply & his relationship history.\n1:44:42 Merch Messages #4.\n   1:44:50 Plans for AddOns on the LTTStore backpack.\n   1:46:20 Testing desk-mats & tempered glass.\n   1:47:12 Plans to collaborate with GN & Labs.\n   1:48:44 Display cable testing incorporated into Labs.\n   1:50:11 Colton reads a curated message to himself.\n   1:50:56 Favorite game franchise.\n1:51:48 Outro.", "link": "https://www.youtube.com/watch?v=WiKmNbPLNh8", "date_published": "2022-07-22 00:00:00+00:00", "persistent": false, "user": null, "language": "en-US"}, {"source": "https://www.youtube.com/feeds/videos.xml?channel_id=UCXuqSBlHAE6Xw-yeJA0Tunw", "title": "I\u2019m a Genius - Apple Self Service Repair Program", "description": "Try Vultr today with an exclusive 30-day $150 code for signing up at https://getvultr.com/ltt\n\nSpice up your cabling and save 10% on CableMod products on Amazon with code 10CABLEMOD at https://geni.us/bL1uF\n\nWe ordered a bunch of Apple self-repair tools so today Linus will try to repair and iPhone screen while discussing the merits and pitfalls of Apple's foray into Right to Repair...\n\nDiscuss on the forum: https://linustechtips.com/topic/1444709-i%E2%80%99m-a-genius-apple-self-repair/\n\n\u25ba GET MERCH: https://lttstore.com\n\u25ba SUPPORT US ON FLOATPLANE: https://www.floatplane.com/\n\u25ba AFFILIATES, SPONSORS & REFERRALS: https://lmg.gg/sponsors\n\u25ba PODCAST GEAR: https://lmg.gg/podcastgear\n\nFOLLOW US \n---------------------------------------------------  \nTwitter: https://twitter.com/linustech\nFacebook: http://www.facebook.com/LinusTech\nInstagram: https://www.instagram.com/linustech\nTikTok: https://www.tiktok.com/@linustech\nTwitch: https://www.twitch.tv/linustech\n\nMUSIC CREDIT\n---------------------------------------------------\nIntro: Laszlo - Supernova\nVideo Link: https://www.youtube.com/watch?v=PKfxmFU3lWY\niTunes Download Link: https://itunes.apple.com/us/album/supernova/id936805712\nArtist Link: https://soundcloud.com/laszlomusic\n\nOutro: Approaching Nirvana - Sugar High\nVideo Link: https://www.youtube.com/watch?v=ngsGBSCDwcI\nListen on Spotify: http://spoti.fi/UxWkUw\nArtist Link: http://www.youtube.com/approachingnirvana\n\nIntro animation by MBarek Abdelwassaa https://www.instagram.com/mbarek_abdel/\nMonitor And Keyboard by vadimmihalkevich / CC BY 4.0  https://geni.us/PgGWp\nMechanical RGB Keyboard by BigBrotherECE / CC BY 4.0 https://geni.us/mj6pHk4\nMouse Gamer free Model By Oscar Creativo / CC BY 4.0 https://geni.us/Ps3XfE\n\nCHAPTERS\n---------------------------------------------------\n0:00 Intro\n1:09 How it used to be\n2:00 What's new\n2:42 What can be repaired?\n3:20 How to get tools\n4:59 LET'S TRY IT\n7:32 How to get parts\n8:42 Why you won't do this\n11:48 is this for Repair Shops?\n12:19 Final Thoughts\n14:00 Outro", "link": "https://www.youtube.com/watch?v=mdYzVaC6HSQ", "date_published": "2022-07-21 00:00:00+00:00", "persistent": false, "user": null, "language": "en-US"}]