[{"source": "https://www.youtube.com/feeds/videos.xml?channel_id=UCoOjH8D2XAgjzQlneM2W0EQ", "title": "The government is not gonna like this video\u2026", "description": "To try it out for free and unlock more features with Premium, head to https://Truebill.com/jake.\n\n\ud83d\udcf8 Follow me on IG for a chance to win $1,000: @jaketran // http://bit.ly/jt-ig\nPlease watch out for fake accounts. I will never message you asking for money or to invest. As of right now, it's spelled exactly like this: @jaketran\n\n\ud83d\ude08 Watch exclusive 40+ minute documentaries that are too controversial to ever be released to the public: https://jake.yt/join \nUpdated refund policy: Email us within your first month of joining and we'll refund you for your first month. There is no refund if you cancel at a later time.\n\n\ud83d\udcf9 Take a peak at all the private documentaries here: https://jake.yt/hidden-vids\n\n\ud83c\udfa5 Business is complicated. Subscribe to curiosity: http://bit.ly/jt-sub\n\n\ud83c\udf54 Subscribe to our other channel @EvilFoodSupply, where we expose all the evils of our modern diet \u27a1\ufe0f https://jake.yt/evilfood\n\n\ud83d\udcbb \ud835\udddf\ud835\uddee\ud835\uddfd\ud835\ude01\ud835\uddfc\ud835\uddfd \ud835\udddf\ud835\uddf6\ud835\uddf3\ud835\uddf2\ud835\ude00\ud835\ude01\ud835\ude06\ud835\uddf9\ud835\uddf2 \ud835\uddd4\ud835\uddf0\ud835\uddee\ud835\uddf1\ud835\uddf2\ud835\uddfa\ud835\ude06: Learn exactly how I landed my $40/hr work from home job ($83k/yr) at 19 years old: https://jake.yt/LLAd\n\ud83d\udcdc The exact resume I used to get my $40/hr remote web dev job + a lot of bonuses: https://jake.yt/DRBd\n\ud83c\udfb5 Get unlimited royalty-free music for your videos with Epidemic Sound! \u27a1\ufe0f https://share.epidemicsound.com/jaketran\n\n\ud83c\udf7f OUR MOST VIRAL VIDEOS: \nNestl\u00e9: The Most Evil Business in the World https://youtu.be/rj6JOKrL_vg\nBlackRock: The Company that Owns the World https://youtu.be/1n4zkdfKUAE\nRecycling is literally a scam https://youtu.be/LELvVUIz5pY\nWhy do Chinese Billionaires Keep Disappearing? https://youtu.be/qyMsrgI7-_s\n\n\u2709\ufe0f Email me: jake@jaketran.io\n\n\ud83d\udcf0 Sources & visuals: https://bit.ly/3yZlEfy\n\n-----------------------\n\n-----------------------\n\nAll materials in these videos are used for educational purposes and fall within the guidelines of fair use. No copyright infringement intended. If you are or represent the copyright owner of materials used in this video and have a problem with the use of said material, please send me an email, jake@jaketran.io, and we can sort it out.\n\nCopyright \u00a9 2021 Transcend Visuals, LLC. All rights reserved.\n\nDISCLAIMER:\n\nThis video does not provide investment or economic advice and is not professional advice (legal, accounting, tax).  The owner of this content is not an investment advisor.  Discussion of any securities, trading, or markets is incidental and solely for entertainment purposes.  Nothing herein shall constitute a recommendation, investment advice, or an opinion on suitability.  The information in this video is provided as of the date of its initial release.  The owner of this video expressly disclaims all representations or warranties of accuracy.  The owner of this video claims all intellectual property rights, including copyrights, of and related to, this video.\n\nAFFILIATE DISCLOSURE: Some of the links in this video's description are affiliate links, meaning, at no additional cost to you, the owner may earn a commission if you click through, make a purchase, and/or opt-in.", "link": "https://www.youtube.com/watch?v=mdd0SwtndWE", "date_published": "2022-07-21 00:00:00+00:00", "persistent": false, "user": null, "language": "en-US"}]