[{"source": "https://www.youtube.com/feeds/videos.xml?channel_id=UC-2JUs_G21BrJ0efehwGkUw", "title": "Arcade (Loving You is a Losing Game) | @itsduncanlaurence | funk cover ft. Kenton Chen & Beck Pete", "description": "Come see us July 9th in Los Angeles! https://www.grandperformances.org/events/scary-pockets\n\nStore: https://www.scarypocketsfunk.com\nPatreon: http://modal.scarypocketsfunk.com/patreon\nListen on Spotify: http://modal.scarypocketsfunk.com/spotify\n\nTip Jar: http://modal.scarypocketsfunk.com/tips\nInstagram: http://modal.scarypocketsfunk.com/instagram\nFacebook: http://modal.scarypocketsfunk.com/facebook\nDiscord: http://modal.scarypocketsfunk.com/discord\nSubscribe: http://modal.scarypocketsfunk.com/subscribe\n\nA funk cover of Duncan Laurence's \"Arcade (Loving You is a Losing Game)\" by Scary Pockets, Kenton Chen & Beck Pete.\n\nMUSICIAN CREDITS\nLead vocal: Kenton Chen & Beck Pete\nDrums: The Pocket Queen\nBass: Hagar Ben Ari\nKeys: Charles Cornell\nOrgan: Charles Jones\nGuitar: Ryan Lerman\n\nAUDIO CREDITS\nRecording Engineer: Caleb Parker\nMixing/Mastering: Craig Polasko\n\nVIDEO CREDITS\nDP: Alejandro Echevarria\nEditor: Adam Kritzberg\n\nRecorded Live at East West Studios in Los Angeles, CA.\n\n#ScaryPockets #Funk #duncanlaurence #beckpete #kentonchen", "link": "https://www.youtube.com/watch?v=Zj0_aKbkWXM", "date_published": "2022-07-04 00:00:00+00:00", "persistent": false, "user": null, "language": "en-US"}]