[{"source": "https://www.youtube.com/feeds/videos.xml?channel_id=UCswH8ovgUp5Bdg-0_JTYFNw", "title": "\u201cHang on, CIVIL WAR now?!\u201d This is alarming.", "description": "Happy Independence Day! But as a new poll shows 44% of Americans believe the nation is headed toward another civil war, is the country more divided than ever? \n#independenceday #4thofjuly #civilwar #celebration \n\nReferences\nhttps://danielpinchbeck.substack.com/p/is-civil-war-inevitable?utm_source=%2Fprofile%2F2728693-daniel-pinchbeck&utm_medium=reader2\n--------------------------------------------------------------------------------------------------------------------------\nJoin Our Community HERE: https://www.russellbrand.com/join \n\nTo listen, subscribe to the Luminary Channel on Apple Podcasts at apple.co/russell or on the Luminary app http://luminary.link/russell\n\nFor meditation and breath work, subscribe to my side-channel: \nhttps://www.youtube.com/c/AwakeningWithRussell\n\nMy Weekly meditation podcast, Above the Noise, is available now on Apple & Luminary\nhttp://apple.co/meditate\nhttp://luminary.link/meditate\n\nRumble:\nhttps://rumble.com/c/russellbrand\n\nLocals:\nhttps://russellbrand.locals.com/", "link": "https://www.youtube.com/watch?v=QHF2srZrwoM", "date_published": "2022-07-04 00:00:00+00:00", "persistent": false, "user": null, "language": "en-US"}, {"source": "https://www.youtube.com/feeds/videos.xml?channel_id=UCswH8ovgUp5Bdg-0_JTYFNw", "title": "You KNEW Something Wasn't Right", "description": "Something is very wrong with corporate media. On my latest podcast I spoke with Batya Ungar-Sargon, author of \u201cBad News: How Woke Media Is Undermining Democracy\u201d about the reasons corporate media doesn't represent ordinary people. \n#cnn #foxnews #msnbc \n--------------------------------------------------------------------------------------------------------------------------\nJoin Our Community HERE: https://www.russellbrand.com/join \n\nTo listen, subscribe to the Luminary Channel on Apple Podcasts at apple.co/russell or on the Luminary app http://luminary.link/russell\n\nFor meditation and breath work, subscribe to my side-channel: \nhttps://www.youtube.com/c/AwakeningWithRussell\n\nMy Weekly meditation podcast, Above the Noise, is available now on Apple & Luminary\nhttp://apple.co/meditate\nhttp://luminary.link/meditate\n\nRumble:\nhttps://rumble.com/c/russellbrand\n\nLocals:\nhttps://russellbrand.locals.com/", "link": "https://www.youtube.com/watch?v=F7BMO9YGzVI", "date_published": "2022-07-03 00:00:00+00:00", "persistent": false, "user": null, "language": "en-US"}]