[{"source": "https://www.youtube.com/feeds/videos.xml?channel_id=UCNvzD7Z-g64bPXxGzaQaa4g", "title": "10 Dumb Video Game Moves That Are TRULY INSANE", "description": "Some gaming moves are super stupid but also extremely awesome. Yep, that's video games for you. Here are some of our favorite examples.\nSubscribe for more: https://www.youtube.com/gameranxTV?sub_confirmation=1\n\n0:00 Intro \n0:20 Number 10 \n1:43 Number 9 \n3:30 Number 8\n4:32 Number 7\n5:42 Number 6\n7:04 Number 5\n8:01 Number 4 \n9:15 Number 3 \n10:16 Number 2\n11:27 Number 1", "link": "https://www.youtube.com/watch?v=18QtVjjjYEQ", "date_published": "2022-07-04 00:00:00+00:00", "persistent": false, "user": null, "language": "en-US"}, {"source": "https://www.youtube.com/feeds/videos.xml?channel_id=UCNvzD7Z-g64bPXxGzaQaa4g", "title": "10 WEIRD Gaming Stories of June 2022", "description": "Every month we put together the weirdest of the weird stories in the gaming world. Here's the weirdest gaming stories of June 2022.\nSubscribe for more: https://www.youtube.com/gameranxTV?sub_confirmation=1", "link": "https://www.youtube.com/watch?v=MOSBsOOr5C0", "date_published": "2022-07-03 00:00:00+00:00", "persistent": false, "user": null, "language": "en-US"}]