[{"source": "https://www.youtube.com/feeds/videos.xml?channel_id=UCXuqSBlHAE6Xw-yeJA0Tunw", "title": "I Await Sony\u2019s Cease and Desist - PS3 Dev Kit", "description": "Try FreshBooks free, for 30 days, no credit card required at https://www.freshbooks.com/linus\n\nCreate your build at https://www.buildredux.com/linus\n\nWe got hands-on with a Playstation 3 development kit and an early prototype of the PS Vita. I promise this one will be interesting.\n\nDiscuss on the forum: https://linustechtips.com/topic/1441115-i-await-sony%E2%80%99s-cease-and-desist/\n\n\u25ba GET MERCH: https://lttstore.com\n\u25ba SUPPORT US ON FLOATPLANE: https://www.floatplane.com/\n\u25ba AFFILIATES, SPONSORS & REFERRALS: https://lmg.gg/sponsors\n\u25ba PODCAST GEAR: https://lmg.gg/podcastgear\n\n\nFOLLOW US \n---------------------------------------------------  \nTwitter: https://twitter.com/linustech\nFacebook: http://www.facebook.com/LinusTech\nInstagram: https://www.instagram.com/linustech\nTikTok: https://www.tiktok.com/@linustech\nTwitch: https://www.twitch.tv/linustech\n\nMUSIC CREDIT\n---------------------------------------------------\nIntro: Laszlo - Supernova\nVideo Link: https://www.youtube.com/watch?v=PKfxmFU3lWY\niTunes Download Link: https://itunes.apple.com/us/album/supernova/id936805712\nArtist Link: https://soundcloud.com/laszlomusic\n\nOutro: Approaching Nirvana - Sugar High\nVideo Link: https://www.youtube.com/watch?v=ngsGBSCDwcI\nListen on Spotify: http://spoti.fi/UxWkUw\nArtist Link: http://www.youtube.com/approachingnirvana\n\nIntro animation by MBarek Abdelwassaa https://www.instagram.com/mbarek_abdel/\nMonitor And Keyboard by vadimmihalkevich / CC BY 4.0  https://geni.us/PgGWp\nMechanical RGB Keyboard by BigBrotherECE / CC BY 4.0 https://geni.us/mj6pHk4\nMouse Gamer free Model By Oscar Creativo / CC BY 4.0 https://geni.us/Ps3XfE\n\nCHAPTERS\n---------------------------------------------------\n0:00 Intro & History\n2:53 The IO\n3:57 The insides :o\n9:07 Does it still work?\n11:00 Life is Strange dev build\n12:19 Little Big Planet dev build\n13:09 Xbox games... on a PS3\n14:22 The PS Vita prototype", "link": "https://www.youtube.com/watch?v=0Hr8aqGp5mk", "date_published": "2022-07-04 00:00:00+00:00", "persistent": false, "user": null, "language": "en-US"}, {"source": "https://www.youtube.com/feeds/videos.xml?channel_id=UCXuqSBlHAE6Xw-yeJA0Tunw", "title": "We\u2019ve NEVER done this before\u2026 - Mother Vault Part 1 - JBOD", "description": "Get $25 off all pairs of Vessi Footwear with offer code LinusTechTips at https://www.Vessi.com/LinusTechTips\n\nGet your Crucial DDR5 RAM today at: https://crucial.gg/LTT_DDR5\n\nWe've built some cool machines on the channel, but nothing is even close to the plan for our 3.6-petabyte archival storage array. \n\nDiscuss on the forum: https://linustechtips.com/topic/1440919-the-craziest-server-weve-ever-built/\n\nCheck out the SuperMicro JBOD: https://lmg.gg/jbod\nCheck out InfiniteCable's MiniSAS HD external cables: https://lmg.gg/minisashdexternal\n\nPurchases made through some store links may provide some compensation to Linus Media Group.\n\n\u25ba GET MERCH: https://lttstore.com\n\u25ba SUPPORT US ON FLOATPLANE: https://www.floatplane.com/\n\u25ba AFFILIATES, SPONSORS & REFERRALS: https://lmg.gg/sponsors\n\u25ba PODCAST GEAR: https://lmg.gg/podcastgear\n\n\nFOLLOW US \n---------------------------------------------------  \nTwitter: https://twitter.com/linustech\nFacebook: http://www.facebook.com/LinusTech\nInstagram: https://www.instagram.com/linustech\nTikTok: https://www.tiktok.com/@linustech\nTwitch: https://www.twitch.tv/linustech\n\nMUSIC CREDIT\n---------------------------------------------------\nIntro: Laszlo - Supernova\nVideo Link: https://www.youtube.com/watch?v=PKfxmFU3lWY\niTunes Download Link: https://itunes.apple.com/us/album/supernova/id936805712\nArtist Link: https://soundcloud.com/laszlomusic\n\nOutro: Approaching Nirvana - Sugar High\nVideo Link: https://www.youtube.com/watch?v=ngsGBSCDwcI\nListen on Spotify: http://spoti.fi/UxWkUw\nArtist Link: http://www.youtube.com/approachingnirvana\n\nIntro animation by MBarek Abdelwassaa https://www.instagram.com/mbarek_abdel/\nMonitor And Keyboard by vadimmihalkevich / CC BY 4.0  https://geni.us/PgGWp\nMechanical RGB Keyboard by BigBrotherECE / CC BY 4.0 https://geni.us/mj6pHk4\nMouse Gamer free Model By Oscar Creativo / CC BY 4.0 https://geni.us/Ps3XfE\n\nCHAPTERS\n---------------------------------------------------\n0:00 Intro & History\n4:19 The JBOD\n9:15 The Computer\n14:10 FILLED\n15:26 Cabling & Zoning\n16:23 It's... LOUD\n18:19 IPMI\n18:54 What about dual path & high availability?\n19:58 It's aliveeee!\n21:30 Performance testing & outro", "link": "https://www.youtube.com/watch?v=n_izpaZ0u5o", "date_published": "2022-07-03 00:00:00+00:00", "persistent": false, "user": null, "language": "en-US"}]