[{"source": "https://www.youtube.com/feeds/videos.xml?channel_id=UC4QZ_LsYcvcq7qOsOhpAX4A", "title": "Russian Sanctions and Global Economic Risk", "description": "The sanctions on Russia\u2019s financial system were used to deter Putin from further escalation in the war, but what are the risks?\n\n--- About ColdFusion ---\nColdFusion is an Australian based online media company independently run by Dagogo Altraide since 2009. Topics cover anything in science, technology, history and business in a calm and relaxed environment. \n\n\u00bb ColdFusion Discord:  https://discord.gg/coldfusion\n\u00bb Twitter | @ColdFusion_TV\n\u00bb Instagram | coldfusiontv\n\u00bb Facebook | https://www.facebook.com/ColdFusioncollective\n\u00bb Podcast I Co-host: https://www.youtube.com/channel/UC6jKUaNXSnuW52CxexLcOJg\n\u00bb Podcast Version of Videos: https://open.spotify.com/show/3dj6YGjgK3eA4Ti6G2Il8H\nhttps://podcasts.apple.com/us/podcast/coldfusion/id1467404358\n\nColdFusion Music Channel: https://www.youtube.com/channel/UCGkpFfEMF0eMJlh9xXj2lMw\n\nColdFusion Merch:\nINTERNATIONAL: https://store.coldfusioncollective.com/\nAUSTRALIA: https://shop.coldfusioncollective.com/\n\nIf you enjoy my content, please consider subscribing!\nI'm also on Patreon: https://www.patreon.com/ColdFusion_TV\nBitcoin address: 13SjyCXPB9o3iN4LitYQ2wYKeqYTShPub8\n\n--- \"New Thinking\" written by Dagogo Altraide ---\nThis book was rated the 9th best technology history book by book authority.\nIn the book you\u2019ll learn the stories of those who invented the things we use everyday and how it all fits together to form our modern world.\nGet the book on Amazon: http://bit.ly/NewThinkingbook\nGet the book on Google Play: http://bit.ly/NewThinkingGooglePlay\nhttps://newthinkingbook.squarespace.com/about/\n\nSources:\n\nhttps://theconversation.com/just-short-of-nuclear-the-latest-financial-sanctions-will-cripple-russias-economy-178000 \n \nhttps://edition.cnn.com/2022/03/02/investing/default-sanctions-russia/index.html\n\nhttps://files.stlouisfed.org/files/htdocs/publications/review/02/11/ChiodoOwyang.pdf\n\nhttps://finance.yahoo.com/news/central-bank-russia-launches-swift-154004953.html\n\nhttps://www.investopedia.com/articles/personal-finance/050515/how-swift-system-works.asp\n\n\nMy Music Channel:  https://www.youtube.com/channel/UCGkpFfEMF0eMJlh9xXj2lMw\n\n//Soundtrack//\n\nTom Day - Future Holds\nKazukii - Milo\nValotihkuu - Sleeping In Wildflower Meadow\nAphex Twin - Stone In Focus \nNova Nova \u2013 See\nBurn Water \u2013 Nostalgia Dreams\n\n\n\u00bb Music I produce | http://burnwater.bandcamp.com or \n\u00bb http://www.soundcloud.com/burnwater\n\u00bb https://www.patreon.com/ColdFusion_TV\n\u00bb Collection of music used in videos: https://www.youtube.com/watch?v=YOrJJKW31OA\n\nProducer: Dagogo Altraide", "link": "https://www.youtube.com/watch?v=D2vLH0tJVHo", "date_published": "2022-03-04 00:00:00+00:00", "persistent": false, "user": null, "language": "en-US"}]