[{"source": "https://www.youtube.com/feeds/videos.xml?channel_id=UCW0gH2G-cMKAEjEkI4YhnPA", "title": "What if Sauron got The One Ring? | Tolkien Theory", "description": "We look at sections of The Lord of the Rings and Tolkien's letters to answer the question - what would happen if Sauron reclaimed The One Ring?  We'll pick up from Frodo's failure at Mount Doom to determine Sauron's strategy, how the elves would seek to combat him, and who would be left standing!\n\nHit subscribe - and the bell!\nNerd of the Rings on PATREON: https://www.patreon.com/NerdoftheRings\n\nTo purchase artist work, check out these amazing artists!\n\nAnna Podedworna - https://www.artstation.com/akreon\nJenny Dolfen - goldseven.wordpress.com/\nTurner Mohan - www.instagram.com/turner_mohan\nTed Nasmith - www.tednasmith.com/shop/\nAnke Eissmann - http://anke.edoras-art.de/anke_illustration.html\nDonato Giancola - https://www.donatoarts.com/online-store/secure-store/Middle-earth-c34110463\nAronja Art - https://www.instagram.com/aronjaart/\nIvan Cavini - https://www.instagram.com/ivan_cavini/\nSara Morello - https://www.artstation.com/saramorello\nTulikoura - https://www.deviantart.com/tulikoura\n\nSauron - Jerry Vanderstelt\nSauron at Barad-dur - Shadow of War\nSauron - Anna Podedworna (thumbnail)\nSauron - WETA\nSauron - Shadow of War\nAt the Cracks of Doom - Ted Nasmith\nFrodo and Sam in Mordor - Andrea Piparo\nSauron - WETA\nSauron - Guardians of Middle-earth\nBattle of the Black Gate - Ted Nasmith\nThe Eagle's Song - Anke Eissmann\nNazgul Charge - Felix Englund\nBattle of Dale - WETA\nEye of Sauron - John Howe\nBattle of Dale - WETA\nDol Guldur - WETA\nSauron - Guardians of Middle-earth\nAngband - Skullb*st*rd\nBattle of Pelennor Fields - Aegeri\nSauron - Shadow of War\nSauron - WETA\nGaladriel - Catherine Karina Chmiel\nElrond Halfelven - Donato Giancola\nMorgoth - CK Goksoy\nMinas Tirith - Ralph Damiani\nLothlorien - Ralph Damiani\nRivendell - Ralph Damiani\nGrey Havens - Ralph Damiani\nSauron - Alan Lee\nCarn Dum - Skullb*st*rd\nOrthanc - Ralph Damiani\nFortress - Felix Englund\nThe Mouth of Sauron - John Howe\nThe Mouth of Sauron - John Howe\nMouth of Sauron - Guardians of Middle-earth\nNazgul Bowing Before Sauron - Kip Rasmussen\nSauron - Janka Lateckova\nBarad-dur - Shadow of War\nSaruman - John Howe\nThe Voice of Isengard - Matthew Stewart\nSauron - Tom Romain (for Lore of the Rings YouTube channel)\nLuthien in the Court of Morgoth - Pete Amachree\nSauron the Deceiver - Skullb*st*rd\nSpirit of Sauron - Skullb*st*rd\nThe Shadow of Sauron - Ted Nasmith\nMorgoth - CK Goksoy\nMorgoth the Vala - Skullb*st*rd\nThe Shores of Valinor - Ted Nasmith\nEru Iluvatar - Janka Lateckova\nMusic of the Gods - Kip Rasmussen\nWanderer - CK Goksoy\nRadagast the Brown - Ralph Damiani\nAlatar and Pallando - Ralph Damiani\nAlatar and Pallando 2 - Ralph Damiani\nSam and Frodo in Emyn Muil - Ted Nasmith\nMount Doom - Alan Lee\nSamwise Gamgee - Matthew Stewart\n\n#sauron #lordoftherings #tolkien", "link": "https://www.youtube.com/watch?v=IMtK_ntVorQ", "date_published": "2022-03-05 00:00:00+00:00", "persistent": false, "user": null, "language": "en-US"}, {"source": "https://www.youtube.com/feeds/videos.xml?channel_id=UCW0gH2G-cMKAEjEkI4YhnPA", "title": "Sean Astin hosts Tolkien Trivia, Q&A, & Wrapping Up Fellowship with his Book Club!", "description": "I was honored to be a guest on Sean Astin's Zoom Event to celebrate his book club wrapping up The Fellowship of the Ring - and Fable was kind enough to let me share the video here on the channel.  Also featuring Don Marshall and SH from Fable, we talk about our appreciation for JRR Tolkien, finding comfort in Middle-earth, Q&A with Sean.  PLUS Sean and Sarah host a Tolkien Trivia Showdown between me and Don! \n\nJoin me, Sean, Sarah, and Don in the Sean Astin Book Club!  Visit: https://fable.co/seanastin\n\nHit subscribe - and the bell!\nNerd of the Rings on PATREON: https://www.patreon.com/NerdoftheRings\n\n#tolkien #lordoftherings #seanastin", "link": "https://www.youtube.com/watch?v=GQQF9xmqsWg", "date_published": "2022-03-04 00:00:00+00:00", "persistent": false, "user": null, "language": "en-US"}]