[{"source": "https://www.youtube.com/feeds/videos.xml?channel_id=UCQDhxkSxZA6lxdeXE19aoRA", "title": "$35 iPhone XR Destroyed By A Lawn Mower Lets Restore It!", "description": "$35 later I had purchased an iPhone XR, but its a little worse for wear. Let's repair it and install a custom housing!\n--------------------------------------Socials-------------------------------------\nWebsite: https://www.hughjeffreys.com\nStore: https://www.hughjeffreys.com/store\nInstagram: http://instagram.com/hughjeffreys\n---------------------------------------Links---------------------------------------\nGet parts, tools and repair guides at iFixit:\nShop US: https://iFixit.com/hughjeffreys\nShop AU: https://ifix.gd/hughjeffreysau\n\nTools I Use: https://www.hughjeffreys.com/tools\n---------------------------------------------------------------------------------------\n\n\n(DISCLAIMER: This description contains affiliate links, which means that if you click on one of the product links, l will receive a small commission.)", "link": "https://www.youtube.com/watch?v=_OksBK-Xlfc", "date_published": "2022-01-15 00:00:00+00:00", "persistent": false, "user": null, "language": "en-US"}]