[{"source": "https://tvn24.pl/najwazniejsze.xml", "title": "\"Jak to mo\u017cliwe, \u017ce kto\u015b nie chce by\u0107 Polakiem? Przecie\u017c to najwspanialsze na \u015bwiecie\". Oni uwa\u017caj\u0105 si\u0119 za odr\u0119bny nar\u00f3d", "description": "<img alt=\"\" src=\"https://tvn24.pl/najnowsze/cdn-zdjecie-qky8eo-slask-5743280/alternates/LANDSCAPE_1280\" />\n    Rozmawia\u0142 z nimi \u0141ukasz Karusta.", "link": "https://tvn24.pl/go/programy,7/czarno-na-bialym-odcinki,11367/odcinek-1803,S00E1803,681371?source_id=bannernewsowy&source=rss", "date_published": "2022-01-14 15:49:58+00:00", "persistent": false, "user": null, "language": "pl-PL"}]