[{"source": "https://www.youtube.com/feeds/videos.xml?channel_id=UCl2mFZoRqjw_ELax4Yisf6w", "title": "Car remote kill switch: another reason to not buy the cars of the future.", "description": "https://tinyurl.com/rossmatrix\n\ud83d\udc49 https://www.congress.gov/bill/117th-congress/house-bill/3684/text\n\n\ud83d\udd35 Desk: https://amzn.to/3njMvN3\n\ud83d\udd35 Chair: https://amzn.to/3zOuSdf\n\ud83d\udd35 Microphone: https://amzn.to/3JZ2rOy\n\ud83d\udd35 Camera: https://amzn.to/3K2H5Qw\n\n00:00 Intro\n00:16 Going through comments\n00:25 How we fact checked it by checking primary sources\n01:02 I do not need to support something to be against strawmanning it\n01:48 Reading the actual statute\n02:00 Word kill DOESN'T show up in text of bill\n02:36 Section 24220 Advanced impaired driving technology\n02:54 Congress' findings on DUIs\n03:30 They're laying it on thick\n04:05 Why they're laying it on heavy\n05:39 Rest of the bill text\n10:00 Summary\n10:30 Bill NEVER mentions REMOTE kill switch\n11:04 Andrew Cuomo can't disable my car\n11:30 Cars SUCK at determining if I am driving \"safely\"\n13:08 How my comments differ from the text of the law\n13:56 I am AGAINST THIS POLICY as it is written\n14:53 I am AGAINST drunk driving, even 1 drink\n15:48 I do not trust the technology to judge my driving properly\n16:23 I do not trust this since every car is online today\n17:10 Encroachment on freedom\n18:15 Do we want computers, not people, assessing our fitness to using our property?\n19:39 Why I am sympathetic to slippery slope argument\n20:39 This is my gut feeling\n20:57 Please correct me if I am wrong", "link": "https://www.youtube.com/watch?v=XvqdJRpELSg", "date_published": "2022-01-15 00:00:00+00:00", "persistent": false, "user": null, "language": "en-US"}, {"source": "https://www.youtube.com/feeds/videos.xml?channel_id=UCl2mFZoRqjw_ELax4Yisf6w", "title": "IRS taxing side hustles NOT going over well with people", "description": "https://tinyurl.com/rossmatrix\n\ud83d\udc49 https://www.bloomberg.com/news/articles/2022-01-13/uncle-sam-wants-a-piece-of-your-side-hustle-in-irs-crackdown\n\n\ud83d\udd35 Desk: https://amzn.to/3njMvN3\n\ud83d\udd35 Chair: https://amzn.to/3zOuSdf\n\ud83d\udd35 Microphone: https://amzn.to/3JZ2rOy\n\ud83d\udd35 Camera: https://amzn.to/3K2H5Qw\n\n00:00 Hello!\n00:13 Snow\n00:32 Intro\n01:47 More people starting businesses\n02:45 Easy to go after small businesses\n03:19 Billionaires can afford to do taxes properly\n03:41 Small business owners make mistakes\n04:50 As small businesses grow, more mistakes\n05:42 Hard to find what billionaires are doing wrong\n06:05 Examples of small business infractions\n06:40 Risk/reward is at the small business level\n07:50 Income tax was made for \"the rich\"\n09:00 and then it affected everyone\n12:19 What they say they want to do to \"the rich\" they will do TO YOU!\n14:18 People expect small businesses to break tax code\n15:15 More instances of small business tax avoidance", "link": "https://www.youtube.com/watch?v=UHHR7ZYGzmY", "date_published": "2022-01-15 00:00:00+00:00", "persistent": false, "user": null, "language": "en-US"}, {"source": "https://www.youtube.com/feeds/videos.xml?channel_id=UCl2mFZoRqjw_ELax4Yisf6w", "title": "Thank you Tarah Wheeler for EXCELLENT Right to Repair testimony in Washington state!", "description": "https://tinyurl.com/rossmatrix\n\ud83d\udc49 https://tarah.org/\n\ud83d\udc49 Eric Mill https://twitter.com/konklone\n\ud83d\udc49 Joe Hall https://twitter.com/JoeBeOne \n\ud83d\udc49 Deviant Ollam https://twitter.com/deviantollam https://www.youtube.com/user/DeviantOllam \n\n\ud83d\udd35 Desk: https://amzn.to/3njMvN3\n\ud83d\udd35 Chair: https://amzn.to/3zOuSdf\n\ud83d\udd35 Microphone: https://amzn.to/3JZ2rOy\n\ud83d\udd35 Camera: https://amzn.to/3K2H5Qw", "link": "https://www.youtube.com/watch?v=FP-RbMrJrhU", "date_published": "2022-01-15 00:00:00+00:00", "persistent": false, "user": null, "language": "en-US"}, {"source": "https://www.youtube.com/feeds/videos.xml?channel_id=UCl2mFZoRqjw_ELax4Yisf6w", "title": "Louis Rossmann livestream: thank you for 1.7 million", "description": "https://tinyurl.com/rossmatrix\nPost a message on screen http://bit.ly/postamessage Or else I will read it in the normal chat if it is not swamped. I am sorry if I miss your message, I do my best to read as much stuff as I can that is somewhat interesting even if it is a normal unpaid message, but the chat sometimes moves way too fast for me to get things.", "link": "https://www.youtube.com/watch?v=3O5uqqeaG0E", "date_published": "2022-01-14 00:00:00+00:00", "persistent": false, "user": null, "language": "en-US"}, {"source": "https://www.youtube.com/feeds/videos.xml?channel_id=UCl2mFZoRqjw_ELax4Yisf6w", "title": "NYC logic: rent hits all time high as businesses & people leave", "description": "https://tinyurl.com/rossmatrix\n\ud83d\udc49 https://www.census.gov/newsroom/press-releases/2021/2021-population-estimates.html\n\ud83d\udc49 https://www.bloomberg.com/news/articles/2022-01-13/manhattan-rents-surge-to-record-on-demand-for-doorman-buildings\n\n\ud83d\udd35 Desk: https://amzn.to/3njMvN3\n\ud83d\udd35 Chair: https://amzn.to/3zOuSdf\n\ud83d\udd35 Microphone: https://amzn.to/3JZ2rOy\n\ud83d\udd35 Camera: https://amzn.to/3K2H5Qw", "link": "https://www.youtube.com/watch?v=Cb4kYtxDcGg", "date_published": "2022-01-14 00:00:00+00:00", "persistent": false, "user": null, "language": "en-US"}]