[{"source": "https://www.youtube.com/feeds/videos.xml?channel_id=UCW0gH2G-cMKAEjEkI4YhnPA", "title": "Ungoliant (Mother of Shelob) & the Spiders of the First Age | Tolkien Explained", "description": "Ungoliant was a great terror in spider form.  But where did Ungoliant come from? And where did she go after nearly killing Morgoth? We'll cover Ungoliant's complete life and travels, including how she and her spawn led to the renaming of mountains and valleys for the terror they instilled and the harm they inflicted.  The Ered Gorgoroth (Mountains of Terror) and Nan Dungortheb (the Valley of Dreadful Death) would be one of the most dark and evil places in all Beleriand.\n\nHit subscribe - and the bell!\nNerd of the Rings on PATREON: https://www.patreon.com/NerdoftheRings\n\n-------------- \nAll content falls under fair use: any copying of copyrighted material done for a limited and \u201ctransformative\u201d purpose, such as to comment upon, criticize, or parody a copyrighted work. Such uses can be done without permission from the copyright owner.   If your artwork appears and you are not listed here, please let me know! I want to make sure all artists are credited for their amazing work.\n\nTo purchase artist work, check out these amazing artists!\n\nJenny Dolfen - goldseven.wordpress.com/\nTurner Mohan - www.instagram.com/turner_mohan\nTed Nasmith - www.tednasmith.com/shop/\nJerry Vanderstelt - store.vandersteltstudio.com/main.sc\nAnato Finnstark - https://www.artstation.com/anto-finnstark\nAnke Eissmann - http://anke.edoras-art.de/anke_illustration.html\n\nUngoliant - Karl Levy\nThe Bargain with Ungoliant - Morkardfc\nUngoliant vs Morgoth - Ul die\nAmazon LOTR - Phase Runner\nThe Music of the Gods - Kip Rasmussen\nUngoliant in the Mountains - Pablo Dominguez Montanya\nMorgoth - TImo Bg Vihola\nUngoliant - Alejandro Perdomo\nThe Designs of Melkor, Ungoliant - Paul Raymond Gregory\nUngoliant - Pablo Dominguez Montanya\nMorgoth and Ungoliant - Alvaro Fernandez Gonzalez\nMorgoth and Ungoliant (2) - Alvaro Fernandez Gonzalez\nUngoliant and Melkor  - Jose L Serrano\nMelkor Calls Forth Ungoliant - John Howe\nThe Darkening of Valinor - Sarka Skorpikova\nThey Are Coming - Silvana Massa\nThe Killing of the Trees - Lida Holubova\nOf the Darkening of Valinor - Titita\nUngoliant Destroying the Trees - Angelo Montanini\nUngoliant Drinking the Light - Pablo Dominguez Montanya\nMelkor Kills Finwe - Fumeres Art\nMelkor and Ungoliant - Romero Leo\nUngoliant - Karl Levy\nUngoliant and Melkor - Pier Luigi Vurro\nShelob - Serban Gabriel\nThe Two Trees of Valinor - Felix Sotomayor\nManwe - Kimberly80\nOf the Darkening of Valinor - Snow Monster\nOrome - Ana Varela\nMelkor and Ungoliant - Sandra\nHobbits Spiders - Andrew Johanson\nTulkas the Strong - Saphir93\nThe Two Trees' Doom - Ted Nasmith\nMelkor - Thomas Rouillard\nUngoliant and Morgoth - Jon Torres\nShelob - Ilyazonov\nUngoliant and Melkor - Ruben Devela\nMorgoth and Ungoliant - Guy Gondron\nUngoliant and Melkor - Alex Garcia\nShelob - Ozani Ferreira\nBeleriand Map - Lamaarcana\nDefending Morgoth from Ungoliant - Jovan Delic\nSpider's Lair - JimmyJimJim\nSpawn of Shelob - Herckeim\nShelob - Pablo Dominguez Montanya\nThe Spiders of Mirkwood - Ted Nasmith\nBeren crosses Ered Gorgoroth - Peter Xavier Price\nBeren in Dungortheb - Anna Kulisz\nValley of Death, Ered Gorgoroth - Crocorax\nSpiders of Mirkwood - Alvaro Calvo Escudero\nNan Dungortheb - Samo Art\nBeren and Luthien - Janka Lateckova\nAt Tarn Aeluin - Ted Nasmith\nBeren the Solitary Outlaw - Peter Xavier Price\nBeren crosses Ered Gorgoroth - Peter Xavier Price\nUngoliant - Eric Faure-Brac\nUngoliant's Unlight - Fabrizio Fioretti\nSpiders - Andrew Baker (WETA)\nUngoliant - Alejandro Perdomo\nShelob - Daniel Govar\nShelob and Sam - Yaroslav Kovalenok\nShelob - Seth Laster\nBilbo and Spiders - Marc Daniel Goecke\nShelob full body design - Olanda Fong-Surdenas\nShelob's Lair - Baron Von Gunter\nCourage - Olanda Fong-Surdenas\nForging the One Ring - Marko Manev\nOne Ring to Rule Them All - Anato Finnstark\nOne Ring to Rule Them All - Donato Giancola\nThe One Ring - Magali Villeneuve\nIsildur and the Ring - Andrea Piparo\n\n#ungoliant #tolkien #silmarillion", "link": "https://www.youtube.com/watch?v=8QmtTd_rdu8", "date_published": "2022-01-15 00:00:00+00:00", "persistent": false, "user": null, "language": "en-US"}]