[{"source": "https://www.youtube.com/feeds/videos.xml?channel_id=UCbu2SsF-Or3Rsn3NxqODImw", "title": "Firearms Expert Reacts To Halo Infinite\u2019s Guns", "description": "Jonathan Ferguson, a weapons expert and Keeper of Firearms & Artillery at the Royal Armouries, breaks down the weaponry of Halo Infinite, including the iconic Assault Rifle, and the SPNKrr Rocket Launcher, alongside a host of alien guns.\n\nIn the latest video in the Firearm Expert Reacts series, Jonathan Ferguson--a weapons expert and Keeper of Firearms & Artillery at the Royal Armouries--breaks down the guns of Halo Infinite and compares them to their real-life counterparts.\n\nIf you're interested in seeing more of Jonathan's work, you can check out more from the Royal Armouries right here. - https://www.youtube.com/user/RoyalArmouries\n\nIf you would like to support the Royal Armouries, you can make a charitable donation to the museum here. - https://royalarmouries.org/support-us/donations/\n\nAnd if you would like to become a member of the Royal Armouries, you can get a membership here. - https://royalarmouries.org/support-us/membership/\n\nYou can either purchase Jonathan's book here. - https://www.headstamppublishing.com/bullpup-rifle-book\n\nOr at the Royal Armouries shop here. - https://shop.royalarmouries.org/collections/thorneycroft-to-sa80-british-bullpup-firearms-1901-2020\n\nYou can subscribe to the Armax Journal that Jonathan Associate Edited here: https://www.armaxjournal.org/", "link": "https://www.youtube.com/watch?v=960kh-N5_Lc", "date_published": "2022-01-15 00:00:00+00:00", "persistent": false, "user": null, "language": "en-US"}, {"source": "https://www.youtube.com/feeds/videos.xml?channel_id=UCbu2SsF-Or3Rsn3NxqODImw", "title": "Next Call Of Duty Might Arrive Early | GameSpot News", "description": "In today\u2019s episode of GameSpot News, Persia talks about how the next Call Of Duty: Modern Warfare might arrive earlier than expected, GTA Online adding a brand new multiplayer mode, and more.\u00a0\n\nVideo Notes:\nThe next game in the Call Of Duty franchise for 2022 might be coming sooner than we think due to the low sales of Vanguard according to Tom Henderson who has leaked accurate information in the past for previous Call Of Duty titles, Battlefield 2042, and more.\n\nRockstar Games has announced a new multiplayer mode for GTA Online called Double Down. In Double Down, you play as Franklin or Lamar in a co-op experience where you face a \"brutal onslaught\" of enemies.\n\nLastly, Persia talks about Ubisoft\u2019s newest partnership with Pathe to create a \"location-based VR escape game\" inspired by the upcoming movie \"Notre-Dame on Fire\" from director Jean-Jacques Annaud.\n\nFor more information on all of our topics, please visit gamespot.com.\n\nTimestamps:\nIntro - 00:00\nCall Of Duty - 00:06\nGTA Online - 01:01\nNotre Dame - 02:04\nOutro - 02:59", "link": "https://www.youtube.com/watch?v=t7TmH8nGjUc", "date_published": "2022-01-15 00:00:00+00:00", "persistent": false, "user": null, "language": "en-US"}, {"source": "https://www.youtube.com/feeds/videos.xml?channel_id=UCbu2SsF-Or3Rsn3NxqODImw", "title": "GTA 6 In 2023? | GameSpot News", "description": "In today\u2019s episode of GameSpot News, Persia talks about the possibility of GTA 6 in 2023, the Hitman Trilogy coming to Game Pass, and more.\n\nVideo Notes: According to one analyst's prediction, the next entry in Rockstar's popular series might be in the works for 2023 or 2024. Other reports have suggested GTA 6 might not release until 2025.\n\nThe Hitman Trilogy, which includes three games in the World of Assassination series, will come to Xbox Game Pass on January 20, IO Interactive announced today as part of the company's Year 2 reveal. There are also a number of updates coming to Hitman 3 in its second year including technical improvements, VR for PC, and a new mode.\n\nLastly, Persia talks about Microsoft discontinuing production on the Xbox One S and Xbox One X just before the launch of the Xbox Series X|S consoles, allowing for retailers to finish selling any remaining stock of the last-gen devices.\n\nFor more information on all of our topics, please visit gamespot.com\n\nTimestamps:\nIntro - 00:00\nGTA 6 - 00:06\nHitman Trilogy - 01:24\nXbox One - 02:33\nOutro - 03:53", "link": "https://www.youtube.com/watch?v=roXsCiqT8YY", "date_published": "2022-01-14 00:00:00+00:00", "persistent": false, "user": null, "language": "en-US"}, {"source": "https://www.youtube.com/feeds/videos.xml?channel_id=UCbu2SsF-Or3Rsn3NxqODImw", "title": "Rocket League Sideswipe Review", "description": "The miniaturized version of Rocket League maintains the chaos, fun, and intensity of car-based sports, while perfecting a bite-sized approach.\n\nPsyonix's Rocket League Sideswipe is now available on iOS and Android. You can read the full written Rocket League Sideswipe review by Phil Hornshaw on GameSpot: https://www.gamespot.com/reviews/rocket-league-sideswipe-review-pocket-rocket/1900-6417809/", "link": "https://www.youtube.com/watch?v=Jnk-WWW3pCA", "date_published": "2022-01-14 00:00:00+00:00", "persistent": false, "user": null, "language": "en-US"}]