[{"source": "https://www.youtube.com/feeds/videos.xml?channel_id=UCbu2SsF-Or3Rsn3NxqODImw", "title": "Evolution of Tom Clancy's Rainbow Six", "description": "For over 20 years, we\u2019ve been tactically sneaking and breaching our way through numerous Rainbow Six games such as Rainbow Six Siege, Rogue Spear, and Rainbow Six Vegas. Now there\u2019s a new take on the franchise: Rainbow Six Extraction, which takes elite operators and pits them against an alien threat. But how did we get here? Here\u2019s the evolution of Tom Clancy\u2019s Rainbow Six.\n\nRainbow Six Extraction Final Preview: https://www.youtube.com/watch?v=65p4-n68qB0\n\n00:24 - Rainbow Six (1998)\n01:01 - Rainbow Six: Rogue Spear (1999)\n01:46 - Rainbow Six: Take-Down - Missions in Korea (2001)\n02:26 - Rainbow Six: Lone Wolf (2002)\n03:09 - Rainbow Six 3: Raven Shield (2003)\n04:06 - Rainbow Six 3: Black Arrow (2004)\n05:01 - Rainbow Six: Broken Wings (2003)\n05:32 - Rainbow Six: Urban Crisis (2004)\n05:53 - Rainbow Six: Lockdown (2006)\n06:45 - Rainbow Six: Critical Hour (2006)\n07:34 - Rainbow Six: Vegas (2006)\n08:21 - Rainbow Six: Vegas 2 (2008)\n09:34 - Rainbow Six: Shadow Vanguard (2011)\n10:51 - Rainbow 6: Patriots (Cancelled)\n11:36 - Rainbow Six Siege (2015)\n12:39 - Rainbow Six Extraction (2022)", "link": "https://www.youtube.com/watch?v=9hd_oWI09sw", "date_published": "2022-01-17 00:00:00+00:00", "persistent": false, "user": null, "language": "en-US"}, {"source": "https://www.youtube.com/feeds/videos.xml?channel_id=UCbu2SsF-Or3Rsn3NxqODImw", "title": "Firearms Expert Breaks Down The M1 Garand - Loadout Extended Chat", "description": "The M1 Garand has made a huge impact in the real world, and in the world of our pop culture, movies and games, and is famous for making a ringing PING sound when fired until empty. But where does this sound come from, and how does it factor into the M1 Garand\u2019s revolutionary design?\u00a0\n\nIn this episode of Loadout, Dave Jewitt visits the Royal Armouries to talk to Keeper of Firearms & Artillery Jonathan Ferguson about the mechanical and design idiosyncrasies of one of WW2\u2019s most iconic weapons, the M1 Garand.\n\nYou can check out more episodes of Loadout right here. - https://www.youtube.com/watch?v=yzSrmGkpWKk&list=PLpg6WLs8kxGMzIemU1gyyLmg5VlKI2UvC\n\nYou can check out our Firearms Expert Reacts series here. - https://www.youtube.com/watch?v=5FVzcoRjoN4&list=PLpg6WLs8kxGMgYb13XjPgOKbm5O-CDq7R\n\nIf you're interested in seeing more of Jonathan's work, you can check out more from the Royal Armouries right here. - https://www.youtube.com/user/RoyalArmouries\n\nIf you would like to support the Royal Armouries, you can make a charitable donation to the museum here. - https://royalarmouries.org/support-us/donations/", "link": "https://www.youtube.com/watch?v=ckyhnGtve0c", "date_published": "2022-01-16 00:00:00+00:00", "persistent": false, "user": null, "language": "en-US"}]