[{"source": "https://www.youtube.com/feeds/videos.xml?channel_id=UCswH8ovgUp5Bdg-0_JTYFNw", "title": "So\u2026 The Lab Leak \u201cTheory\u201d Just Got VERY INTERESTING", "description": "As new information appears to add more weight to the Wuhan lab leak theory, what effect will this have on an increasingly mistrustful population?\n#Fauci #Covid #Pandemic #LabLeak #Wuhan  \n\nGet tickets for my 2022 tour here: http://bit.ly/33_2022\n\nElites are taking over! Our only hope is to form our own. To learn more join my cartel here https://www.russellbrand.com/join and get weekly bulletins too incendiary for anything but your private inbox.\n*not a euphemism\n\nListen to my Luminary Original podcast, Under The Skin, to hear from guests including Edward Snowden, Jonathan Haidt, Jordan Peterson, Naomi Klein, Kehinde Andrews, Adam Curtis and Vandana Shiva.\nSubscribe to Luminary at luminary.link/russell\n\nFor meditation and breath work, subscribe to my side-channel: \nhttps://www.youtube.com/c/AwakeningWithRussell\n\nMy NEW weekly meditation podcast, Above the Noise, is available now only on Luminary. Meditate with me here: luminary.link/meditate\n\nFOOTBALL IS NICE is my free, weekly, full-length podcast - subscribe here: https://www.youtube.com/c/FootballisNiceRussellBrand\n\nMy Audible Original, \u2018Revelation', is out NOW!\nUS: http://adbl.co/revelation\nUK: http://adbl.co/revelationuk\nAU: http://adbl.co/revelationau\nCA: http://adbl.co/revelationca\n\nFacebook:\nhttps://www.facebook.com/RussellBrand/\n\nInstagram: \nhttps://instagram.com/russellbrand/\n\nTwitter: \nhttps://twitter.com/rustyrockets\n\nTikTok:\nhttps://www.tiktok.com/@russellbrand\n\nRumble:\nhttps://rumble.com/c/russellbrand\n\nLocals:\nhttps://russellbrand.locals.com/", "link": "https://www.youtube.com/watch?v=vshpyaAvfXs", "date_published": "2022-01-17 00:00:00+00:00", "persistent": false, "user": null, "language": "en-US"}, {"source": "https://www.youtube.com/feeds/videos.xml?channel_id=UCswH8ovgUp5Bdg-0_JTYFNw", "title": "\u201cThey\u2019re Putting Covid Microchips WHERE Now?! This Is CRAZY!", "description": "A Swedish company has created an under-the-skin microchip to carry Covid passports in user's arms. Nothing to see here!    \n#VaccinePassport #Microchip #Pandemic \n\nGet tickets for my 2022 tour here: http://bit.ly/33_2022\n\nElites are taking over! Our only hope is to form our own. To learn more join my cartel here https://www.russellbrand.com/join and get weekly bulletins too incendiary for anything but your private inbox.\n*not a euphemism\n\nListen to my Luminary Original podcast, Under The Skin, to hear from guests including Edward Snowden, Jonathan Haidt, Jordan Peterson, Naomi Klein, Kehinde Andrews, Adam Curtis and Vandana Shiva.\nSubscribe to Luminary at luminary.link/russell\n\nFor meditation and breath work, subscribe to my side-channel: \nhttps://www.youtube.com/c/AwakeningWithRussell\n\nMy NEW weekly meditation podcast, Above the Noise, is available now only on Luminary. Meditate with me here: luminary.link/meditate\n\nFOOTBALL IS NICE is my free, weekly, full-length podcast - subscribe here: https://www.youtube.com/c/FootballisNiceRussellBrand\n\nMy Audible Original, \u2018Revelation', is out NOW!\nUS: http://adbl.co/revelation\nUK: http://adbl.co/revelationuk\nAU: http://adbl.co/revelationau\nCA: http://adbl.co/revelationca\n\nFacebook:\nhttps://www.facebook.com/RussellBrand/\n\nInstagram: \nhttps://instagram.com/russellbrand/\n\nTwitter: \nhttps://twitter.com/rustyrockets\n\nTikTok:\nhttps://www.tiktok.com/@russellbrand\n\nRumble:\nhttps://rumble.com/c/russellbrand\n\nLocals:\nhttps://russellbrand.locals.com/", "link": "https://www.youtube.com/watch?v=2BNt-0kfic8", "date_published": "2022-01-16 00:00:00+00:00", "persistent": false, "user": null, "language": "en-US"}]