[{"source": "https://www.youtube.com/feeds/videos.xml?channel_id=UC5UAwBUum7CPN5buc-_N1Fw", "title": "FOSS dev SABOTAGED their libraries, EAC isn't so easy, Humble Bundle disappoints - Linux News Jan.", "description": "Subscribe to Extended Lifecycle Support Services for EOL Linux by TuxCare: https://tuxcare.org/eol-linux-support\n\nGet your Linux desktop or laptop here: https://slimbook.es/en/\n\n\n\ud83d\udc4f SUPPORT THE CHANNEL:\nGet access to an exclusive weekly podcast, vote on the next topics I cover, and get your name in the credits:\n\nYOUTUBE: https://www.youtube.com/channel/UC5UAwBUum7CPN5buc-_N1Fw/join\n\nPatreon: https://www.patreon.com/thelinuxexperiment\n\nOr, you can donate whatever you want: https://paypal.me/thelinuxexp?locale.x=fr_FR\n\n\ud83c\udfc6 FOLLOW ME ELSEWHERE:\nI also do a Gaming Podcast: https://www.youtube.com/channel/UCbRPZ11S1quJ4ESoj42A3ug\n\nJoin us on our new Discord server: https://discord.gg/xK7ukavWmQ\n\nTwitter : http://twitter.com/thelinuxEXP\n\nMy Gaming on Linux Channel: https://www.youtube.com/channel/UCaw_Lz7oifDb-PZCAcZ07kw\n\n\ud83d\udcf7 GEAR I USE:\nSony Alpha A6600 Mirrorless Camera: https://amzn.to/30zKyn7\nSigma 56mm Fixed Prime Lens: https://amzn.to/3aRvK5l\nLogitech MX Master 3 Mouse: https://amzn.to/3BVI0Od\nBluetooth Space Grey Mac Keyboard: https://amzn.to/3jcJETZ\nLogitech Brio 4K Webcam: https://amzn.to/3jgeTh9\nLG Curved Ultrawide Monitor: https://amzn.to/3pcTVDH\nLogitech White Speakers: https://amzn.to/3n6wSb0\nXbox Controller: https://amzn.to/3BWmIA3\n*Amazon Links are affiliate codes and generate small commissions to support the channel*\n\n\n00:00 Intro\n00:36 Sponsor: Squeeze more life out of CentOS8\n01:38 CENTOS8 Goes EOL\n02:11 Canonical is hiring a desktop gaming manager\n02:49 Linux Mint 20.3 is now out\n03:41 Linux Kernel 5.16\n04:23 Linux Mint reaches deal with Mozilla for Firefox\n05:08 KDE Roadmap\n06:06 FOSS Dev sabotages their own libraries\n07:07 Pinta 2.0 Released\n07:49 Heroic Games Launcher 2.0\n08:31 Firefox 96 Released\n09:06 System 76 Announces their new Kudu laptop\n09:45 Dell XPS 13 Plus\n10:24 PinePhone Pro available for pre-order\n11:00 EAC isn't so easy after all\n11:49 DXVK 1.9.3\n12:27 Humble Choice loses Linux\n13:20 Get a new Linux device\n13:48 Support the channel\n\nCentOS 8  has now finally reached end of life\nhttps://www.centos.org/centos-linux-eol/\n\nCanonical is hiring a desktop gaming product manager.\nhttps://canonical.com/careers/3776036\n\nLinux Mint 20.3 is now out\nhttps://www.linuxmint.com/rel_una_cinnamon_whatsnew.php\n\nThe Linux Kernel version 5.16 is now out\nhttps://www.omgubuntu.co.uk/2022/01/new-features-in-linux-kernel-5-16-release\n\nMint Lead Clement Lefebvre announces that Mint will now ship a vanilla implementation of Firefox, without any of the Mint customizations\nhttps://www.omgubuntu.co.uk/2022/01/linux-mint-announces-new-partnership-with-mozilla\n\nNate Graham published a roadmap for KDE in 2022. \nhttps://pointieststick.com/2022/01/03/kde-roadmap-for-2022/\n\nThe developer of the very popular NPM libraries colors and faker has intentionally sabotaged them because they were tired of seeing their work being used by giant companies\nhttps://www.bleepingcomputer.com/news/security/dev-corrupts-npm-libs-colors-and-faker-breaking-thousands-of-apps/\n\n\nPinta has a new release out\nhttps://www.omgubuntu.co.uk/2022/01/pinta-2-0-released-completes-port-to-gtk3-net-6\n\nThe Heroic Games Launcher also moved to version 2.0!\nhttps://www.gamingonlinux.com/2022/01/heroic-games-launcher-200-brings-a-much-improved-login-system-for-epic-games/\n\nFirefox 96 is now outhttps://www.mozilla.org/en-US/firefox/96.0/releasenotes/\n\nSystem 76 has announced their new Kudu laptop, which seems to be the most powerful laptop they'll have in their lineup.\nhttps://system76.com/laptops/kudu\n\n\nMore laptops, with the brand new Dell XPS 13 Plus\nhttps://thenextweb.com/news/dells-new-xps-13-plus-makes-weird-design-choices-in-the-name-of-power\n\nThe PinePhone Pro is now available for preorder, in its Explorer Edition\nhttps://www.omgubuntu.co.uk/2022/01/pinephone-pro-available-to-pre-order\n\nTurns out Easy Anti Cheat proton support isn't as simple to implement as we originally thought. \nhttps://www.gamingonlinux.com/2022/01/easy-anti-cheat-not-as-simple-as-expected-for-proton-and-steam-deck/\n\nDXVK has a new release out, version 1.9.3.\nhttps://github.com/doitsujin/dxvk/releases/tag/v1.9.3\n\nSad news to conclude, as Humble Choice, their subscription service, is dropping Mac os and Linux support at the beginning of February.\nhttps://arstechnica.com/gaming/2022/01/humble-subscription-service-is-dumping-mac-linux-access-in-18-days/", "link": "https://www.youtube.com/watch?v=nQkF4GsjoyI", "date_published": "2022-01-16 00:00:00+00:00", "persistent": false, "user": null, "language": "en-US"}]