[{"source": "https://www.youtube.com/feeds/videos.xml?channel_id=UCQSpnDG3YsFNf5-qHocF-WQ", "title": "5 Router Settings You Should Change Now!", "description": "Thanks to Mine for Sponsoring: Find out which companies have your data and reclaim it \ud83d\ude24 by visiting \u21e8 https://bit.ly/ThioJoe-saymine \n\n\u25bc Time Stamps: \u25bc\n0:00 - Intro\n2:13 - Accessing the Config Menu\n3:46 - Setting #1\n4:35 - Setting #2\n7:04 - Setting #3\n9:02 - Setting #4\n11:30 - Setting #5\n12:51 - Bonus Setting\n\n\u25ac\u25ac\u25ac\u25ac\u25ac\u25ac\u25ac\u25ac\u25ac\u25ac\u25ac\u25ac\u25ac\u25ac\u25ac\u25ac\u25ac\u25ac\u25ac\u25ac\u25ac\u25ac\u25ac\u25ac\u25ac\u25ac\nMerch \u21e8 https://teespring.com/stores/thiojoe\n\u21e8 http://Instagram.com/ThioJoe\n\u21e8 http://Twitter.com/ThioJoe\n\u21e8 http://Facebook.com/ThioJoeTV\nMy Gear & Equipment \u21e8 https://kit.co/ThioJoe\n\u25ac\u25ac\u25ac\u25ac\u25ac\u25ac\u25ac\u25ac\u25ac\u25ac\u25ac\u25ac\u25ac\u25ac\u25ac\u25ac\u25ac\u25ac\u25ac\u25ac\u25ac\u25ac\u25ac\u25ac\u25ac\u25ac", "link": "https://www.youtube.com/watch?v=mJnIgjyjEtc", "date_published": "2022-03-26 00:00:00+00:00", "persistent": false, "user": null, "language": "en-US"}]