[{"source": "https://www.youtube.com/feeds/videos.xml?channel_id=UCW0gH2G-cMKAEjEkI4YhnPA", "title": "The Corsairs Of Umbar | Tolkien Explained", "description": "The Corsairs of Umbar were the fierce pirates of Middle-earth. In this video, we cover their origins as descendants of N\u00famenor, their ongoing wars with Gondor, and their final battle against Aragorn and the Oathbreakers during the War of the Ring. The Corsairs are among the fiercest enemies of Gondor - raiding and attacking their lands, and killing their leaders over centuries of war.\n\nHit subscribe - and the bell!\nNerd of the Rings on PATREON: https://www.patreon.com/NerdoftheRings\n\nTo purchase artist work, check out these amazing artists!\n\nAnna Podedworna - https://www.artstation.com/akreon\nJenny Dolfen - goldseven.wordpress.com/\nTurner Mohan - www.instagram.com/turner_mohan\nTed Nasmith - www.tednasmith.com/shop/\nAnke Eissmann - http://anke.edoras-art.de/anke_illustration.html\nDonato Giancola - https://www.donatoarts.com/online-store/secure-store/Middle-earth-c34110463\nAronja Art - https://www.instagram.com/aronjaart/\nIvan Cavini - https://www.instagram.com/ivan_cavini/\nSara Morello - https://www.artstation.com/saramorello\nMat\u011bj \u010cadil - https://www.etsy.com/people/matejcadil\nTulikoura - https://www.deviantart.com/tulikoura\nAegeri - https://www.deviantart.com/aegeri\n\nDol Amroth - Angus McBride\nImperial Numenorean Armor - Turner Mohan\nUmbar vs Minas Tirith - Angus McBride\nUmbar Armada - Ralph Damiani\nEldalonde - David Greset\nUmbar - Turner Mohan\nAdunakhori - Tom Romain\nBlack Numenorean - War in the North\nIsildur Cuts the Ring - Denis Gordeev\nUmbar Slaver - Fantasy Flight\nCorsairs of Umbar - Fantasy Flight\nMinas Tirith - Aegeri\nMinas Tirith - Aronja Art\nMinas Tirith - Ralph Damiani\nEldacar of Gondor - Matej Cadil\nCastamir the Usurper of Gondor - Matej Cadil\nHand of Castamir - Fantasy Flight\nOsgiliath - Matej Cadil\nCorsairs - Fantasy Flight\nCorsairs - John Howe\nPelargir - Roger Garland\nThrone of Gondor - Fantasy Flight\nGondorian Shield - Fantasy Flight\nCorsairs of Umbar - John Howe\nDol Amroth - Ted Nasmith\nCorsairs - Fantasy Flight\nThe Guarded City - Matej Cadil\nAragorn - Catherine Karina Chmiel\nCorsair Leader - Fantasy Flight\nRomenna - David Greset\nCorsairs of Umbar - John Howe\nThe Fleet of Harad - Darrell Sweet\nCorsairs - WETA\nOathbreakers - Lida Holubova\nAndunie - David Greset\n\n#lordoftherings #tolkien #tolkienreadingday", "link": "https://www.youtube.com/watch?v=L2Ot7TDVf0g", "date_published": "2022-03-26 00:00:00+00:00", "persistent": false, "user": null, "language": "en-US"}]