[{"source": "https://www.youtube.com/feeds/videos.xml?channel_id=UCAKcSON6PSG_JkTbXh2WdIg", "title": "Listen to Looch: Janet Jackson is amazing. The 'JANET' documentary? Not so much", "description": "This week, Mary Lucia talks about the two-part series JANET, the Janet Jackson documentary, airing and streaming now on A&E and Lifetime. \n\n\"I'm not going to get too deep into it because it itself is not too deep,\" Mary says. Highlights include Jackson's return to her hometown of Gary, Indiana, and the reels and reels of performance footage from the earliest days right up to now. \n\n\"Janet Jackson is amazing,\" Mary continues, but finds aspects of the documentary a little disappointing. Watch more of what Mary Lucia has to say in the video above. \n\nMore Listen to Looch:\nhttps://youtube.com/playlist?list=PLYClJc3TpV5J_sXyCfes-p6vCgOpCmleh\n\nSubscribe to our channel:\nhttp://www.youtube.com/user/893TheCurrent?sub_confirmation=1\nLike/Follow:\nhttps://www.facebook.com/TheCurrent/\nhttps://twitter.com/TheCurrent\nhttps://www.instagram.com/thecurrent/\n\n#janetjackson #janetdocumentary #JanetJacksonDoc", "link": "https://www.youtube.com/watch?v=oWx6LJrMNCw", "date_published": "2022-02-02 00:00:00+00:00", "persistent": false, "user": null, "language": "en-US"}, {"source": "https://www.youtube.com/feeds/videos.xml?channel_id=UCAKcSON6PSG_JkTbXh2WdIg", "title": "Arlo Parks - three song performances (2021)", "description": "One year ago, London singer-songwriter Arlo Parks connected with The Current for a session hosted by Jill Riley in which Parks performed songs from her debut album, \"Collapsed in Sunbeams.\" Watch those performances.\n\nSONGS PERFORMED\n0:00 \"Hope\"\n4:20 \"Hurt\"\n7:22 \"Green Eyes\"\n\nPERSONNEL\nArlo Parks \u2013 vocals\nAlex Blake \u2013 guitar \n\nFIND MORE:\n2021 virtual session: https://www.thecurrent.org/feature/2021/02/26/arlo-parks-virtual-session\n2021 January 25 Album of the Week, \"Collapsed in Sunbeams\": https://www.thecurrent.org/feature/2021/01/24/album-of-the-week-arlo-parks-collapsed-in-sunbeams\n\nSubscribe to our channel:\nhttp://www.youtube.com/user/893TheCurrent?sub_confirmation=1\nLike/Follow:\nhttps://www.facebook.com/TheCurrent/\nhttps://twitter.com/TheCurrent\nhttps://www.instagram.com/thecurrent/\n\n#arloparks #alexblakeguitar", "link": "https://www.youtube.com/watch?v=sy9TEx4nstw", "date_published": "2022-02-01 00:00:00+00:00", "persistent": false, "user": null, "language": "en-US"}]