[{"source": "https://www.youtube.com/feeds/videos.xml?channel_id=UCXuqSBlHAE6Xw-yeJA0Tunw", "title": "Wait 'til you see the Bent Motherboard... - Streacom DB1 Max", "description": "Try FreshBooks free, for 30 days, no credit card required at https://www.freshbooks.com/linus\n\nGet your custom pre-built PC with NZXT BLD: https://nzxt.co/LTTFeb2022\n\nThe Streacom DB1 Max is a teeny tiny case with BIG dreams \u2013 can it FANLESSLY dissipate the 65 watts of heat it claims? \n\nDiscuss on the forum: https://linustechtips.com/topic/1408842-the-case-is-the-cooler-streacom-db1-max-fanless-pc/\n\nBuy Streacom DB1\n  Newegg: https://geni.us/pWqX0A\n\nBuy ASRock thin-ITX motherboard\n  Newegg: https://geni.us/HwMhTtJ\n\nBuy AMD Ryzen 7 5700G\n  Amazon: https://geni.us/5byXTS\n  Best Buy: https://geni.us/gIZN\n  Newegg: https://geni.us/Mhd0\n\nPurchases made through some store links may provide some compensation to Linus Media Group.\n\n\u25ba GET MERCH: https://lttstore.com\n\u25ba AFFILIATES, SPONSORS & REFERRALS: https://lmg.gg/sponsors\n\u25ba PODCAST GEAR: https://lmg.gg/podcastgear\n\u25ba SUPPORT US ON FLOATPLANE: https://www.floatplane.com/\n\nFOLLOW US ELSEWHERE\n---------------------------------------------------  \nTwitter: https://twitter.com/linustech\nFacebook: http://www.facebook.com/LinusTech\nInstagram: https://www.instagram.com/linustech\nTikTok: https://www.tiktok.com/@linustech\nTwitch: https://www.twitch.tv/linustech\n\nMUSIC CREDIT\n---------------------------------------------------\nIntro: Laszlo - Supernova\nVideo Link: https://www.youtube.com/watch?v=PKfxmFU3lWY\niTunes Download Link: https://itunes.apple.com/us/album/supernova/id936805712\nArtist Link: https://soundcloud.com/laszlomusic\n\nOutro: Approaching Nirvana - Sugar High\nVideo Link: https://www.youtube.com/watch?v=ngsGBSCDwcI\nListen on Spotify: http://spoti.fi/UxWkUw\nArtist Link: http://www.youtube.com/approachingnirvana\n\nIntro animation by MBarek Abdelwassaa https://www.instagram.com/mbarek_abdel/\nMonitor And Keyboard by vadimmihalkevich / CC BY 4.0  https://geni.us/PgGWp\nMechanical RGB Keyboard by BigBrotherECE / CC BY 4.0 https://geni.us/mj6pHk4\nMouse Gamer free Model By Oscar Creativo / CC BY 4.0 https://geni.us/Ps3XfE\n\nCHAPTERS\n---------------------------------------------------\n0:00 Intro\n2:23 Components\n5:17 Build\n6:19 Cooler adventure\n7:15 Thermal paste intensifies\n9:17 Instructions unclear: motherboard taco\n10:14 Stress testing\n12:28 3 weeks later\n13:15 Stress testing... again\n14:43 Closing remarks", "link": "https://www.youtube.com/watch?v=rZ72mj1WgS0", "date_published": "2022-02-02 00:00:00+00:00", "persistent": false, "user": null, "language": "en-US"}, {"source": "https://www.youtube.com/feeds/videos.xml?channel_id=UCXuqSBlHAE6Xw-yeJA0Tunw", "title": "Fixing what YouTube couldn\u2019t. - ThioJoe Spammer Purge", "description": "Thanks to MANSCAPED for sponsoring today's video! Get 20% OFF + Free Shipping at https://manscaped.com/TECH\n\nUse code LINUS and get 25% off GlassWire at https://lmg.gg/glasswire\n\nYouTube\u2019s spam problem has gotten out of hand\u2026 And it\u2019s up to the community once again to do what YouTube can\u2019t. Thankfully, the community has delivered\u2026\n\nhttps://github.com/ThioJoe/YT-Spammer-Purge\nhttps://www.youtube.com/watch?v=2tRppXW_aKo\nhttps://www.youtube.com/watch?v=c6ebWvay8dE\n\nDiscuss on the forum: https://linustechtips.com/topic/1408574-fixing-what-youtube-couldn%E2%80%99t/\n\nBuy a Seasonic Ultra Titanium Power Supply:\nOn Amazon: https://geni.us/q4lnefC\nOn NewEgg: https://lmg.gg/8KV3S\n\nPurchases made through some store links may provide some compensation to Linus Media Group.\n\n\u25ba GET MERCH: https://lttstore.com\n\u25ba AFFILIATES, SPONSORS & REFERRALS: https://lmg.gg/sponsors\n\u25ba PODCAST GEAR: https://lmg.gg/podcastgear\n\u25ba SUPPORT US ON FLOATPLANE: https://www.floatplane.com/\n\nFOLLOW US ELSEWHERE\n---------------------------------------------------  \nTwitter: https://twitter.com/linustech\nFacebook: http://www.facebook.com/LinusTech\nInstagram: https://www.instagram.com/linustech\nTikTok: https://www.tiktok.com/@linustech\nTwitch: https://www.twitch.tv/linustech\n\nMUSIC CREDIT\n---------------------------------------------------\nIntro: Laszlo - Supernova\nVideo Link: https://www.youtube.com/watch?v=PKfxmFU3lWY\niTunes Download Link: https://itunes.apple.com/us/album/supernova/id936805712\nArtist Link: https://soundcloud.com/laszlomusic\n\nOutro: Approaching Nirvana - Sugar High\nVideo Link: https://www.youtube.com/watch?v=ngsGBSCDwcI\nListen on Spotify: http://spoti.fi/UxWkUw\nArtist Link: http://www.youtube.com/approachingnirvana\n\nIntro animation by MBarek Abdelwassaa https://www.instagram.com/mbarek_abdel/\nMonitor And Keyboard by vadimmihalkevich / CC BY 4.0  https://geni.us/PgGWp\nMechanical RGB Keyboard by BigBrotherECE / CC BY 4.0 https://geni.us/mj6pHk4\nMouse Gamer free Model By Oscar Creativo / CC BY 4.0 https://geni.us/Ps3XfE\n\nCHAPTERS\n---------------------------------------------------\n0:00 Intro\n0:45 How YouTube filters Spam\n2:19 The Solution\n3:25 How it works\n5:24 Using it on LTT Videos\n7:30 Users have a role to play!\n8:23 LTT's Plan..\n9:16 Why didn't YouTube do this?\n11:04 Outro", "link": "https://www.youtube.com/watch?v=zo_uoFI1WXM", "date_published": "2022-02-01 00:00:00+00:00", "persistent": false, "user": null, "language": "en-US"}]