[{"source": "https://www.youtube.com/feeds/videos.xml?channel_id=UCR-DXc1voovS8nhAvccRZhg", "title": "I took down Starlink", "description": "I was initially optimistic when I got my Starlink kit and set up Dishy McFlatface, but some developments have me changing my mind.\n\nI see four problems with Starlink as it currently operates, and I'll go through them in this video, explaining why I still subscribe, even though I don't have my dish set up anymore.\n\nSee my earlier Starlink videos:\n\n  - Review: https://www.youtube.com/watch?v=spD4FLfi2a4\n  - Installation: https://www.youtube.com/watch?v=ynsCVOz7jv4\n\nSupport me on Patreon: https://www.patreon.com/geerlingguy\nSponsor me on GitHub: https://github.com/sponsors/geerlingguy\nMerch: https://redshirtjeff.com\n\n#Starlink #SpaceX\n\nContents:\n\n00:00 - Taking down Dishy McFlatface\n02:06 - Coverage and preorders\n04:49 - New Terminal - one step forward...\n07:25 - Power hungry dish\n08:45 - Mo' sats, mo' problems\n10:20 - And yet...", "link": "https://www.youtube.com/watch?v=MDvwwpX1y9g", "date_published": "2022-02-02 00:00:00+00:00", "persistent": false, "user": null, "language": "en-US"}]