[{"source": "https://www.youtube.com/feeds/videos.xml?channel_id=UCw--xPGVVxYzRsWyV1nFqgg", "title": "What If Luffy Found The ONE RING?\u2620\ufe0f", "description": "What would happen if Luffy from #OnePiece found the One Ring from #LordoftheRings?\nNew Channel: https://www.youtube.com/channel/UC9tQc_K_LtoCiVGx7_R3FRA\nPatreon: https://www.patreon.com/DanielBGreene \nAll the Me Social Links: https://linktr.ee/DanielGreene\n\nLawful Times Series: \nBreach of Peace: https://amzn.to/3CnKsfX\nRebels Creed: https://amzn.to/3Gtqt2p\n\nEquipment: \nCamera: https://amzn.to/3siqgHv  \nLense: https://amzn.to/3ugGxhQ  \nLighting: https://amzn.to/3aI3brK  \nMicrophone: https://amzn.to/3pCGtWg  \nTripod: https://amzn.to/3kd9yq1  \n\nP.O. Box: PO Box 7874 Henrico, VA 23231", "link": "https://www.youtube.com/watch?v=wOtX3L5RGlc", "date_published": "2022-02-02 00:00:00+00:00", "persistent": false, "user": null, "language": "en-US"}, {"source": "https://www.youtube.com/feeds/videos.xml?channel_id=UCw--xPGVVxYzRsWyV1nFqgg", "title": "One Piece RESOLUTION\ud83e\udd64Halo Trailer\ud83d\ude07Wheel of Time Charity -FANTASY NEWS!", "description": "Let's jump into the FANTASY NEWS! \nCheck out campfire today: https://www.campfirewriting.com/write/for-novelists?utm_source=youtube&utm_medium=video&utm_campaign=DG_Q1_22\n\nNew Channel: https://www.youtube.com/channel/UC9tQc_K_LtoCiVGx7_R3FRA\nPatreon: https://www.patreon.com/DanielBGreene \nAll the Me Social Links: https://linktr.ee/DanielGreene\n\nLawful Times Series: \nBreach of Peace: https://amzn.to/3CnKsfX\nRebels Creed: https://amzn.to/3Gtqt2p\n\nEquipment: \nCamera: https://amzn.to/3siqgHv  \nLense: https://amzn.to/3ugGxhQ  \nLighting: https://amzn.to/3aI3brK  \nMicrophone: https://amzn.to/3pCGtWg  \nTripod: https://amzn.to/3kd9yq1  \n\nP.O. Box: PO Box 7874 Henrico, VA 23231\n\nNEWS: \n\n00:00 intro \n\n00:34 Halo Trailer: https://www.youtube.com/watch?v=5KZ3MKraNKY&ab_channel=ParamountPlus \n\n02:18 Nona the Ninth: https://twitter.com/TorDotComPub/status/1486716251363704834 \n\n03:54 Malazan Sup-press release: https://twitter.com/SubPress/status/1486697253150547974 \n\n04:39 Sony buys Bungie: https://twitter.com/Nibellion/status/1488210601142796290 \n\n05:00 Wheel of Time Auction: CancerGetsLost.org \n\n05:23 Hourglass Throne cover: https://twitter.com/TTSPromo/status/1487108766160072706/photo/1 \n\n06:07 IGN Audiobook: https://twitter.com/IGN/status/1488165431789723650?ref_src=twsrc%5Egoogle%7Ctwcamp%5Eserp%7Ctwgr%5Etweet \n\n07:07 Mary Shelley Biopic: https://variety.com/2022/film/news/fulwell-73-mary-shelley-frankenstein-1235165974/ \n\n08:01 One Piece Update: https://www.cbr.com/dragon-ball-one-piece-copyright-toei-animation-youtube/", "link": "https://www.youtube.com/watch?v=UQZ8mEzBcss", "date_published": "2022-02-01 00:00:00+00:00", "persistent": false, "user": null, "language": "en-US"}]