[{"source": "https://www.youtube.com/feeds/videos.xml?channel_id=UC-91UA-Xy2Cvb98deRXuggA", "title": "BETTER.COM IS IN PANIC MODE - UPDATE | #grindreel", "description": "\u2764\ufe0f Support me because corporate sponsors rarely do! \n https://www.patreon.com/joshuafluke\n\n\ud83d\udd25 Need a resume/cover letter? Check out my templates!  \nhttps://grindreel.com/\n\n\ud83d\udc4a Join the community! \nhttps://discord.gg/Joshuafluke\n\nMy Other Socials\ud83e\udd33\nhttps://www.tiktok.com/@joshua_fluke\nhttps://www.instagram.com/joshuafluke/  \ud83d\udcf8\nhttps://twitter.com/joshuafluke  \ud83d\udc26\n\n\ud83d\udce7 Email me directly!: grindreel@gmail.com\n\ud83d\udce7 Business inquiries: Joshuafluke@thoughtleaders.io  \n\nMy Gear \u2699\ufe0f:  https://kit.co/JoshuaFluke", "link": "https://www.youtube.com/watch?v=goFj-TXg1v8", "date_published": "2022-02-02 00:00:00+00:00", "persistent": false, "user": null, "language": "en-US"}, {"source": "https://www.youtube.com/feeds/videos.xml?channel_id=UC-91UA-Xy2Cvb98deRXuggA", "title": "CEOS IN 2022 BE LIKE...", "description": "\u2764\ufe0f Support me because corporate sponsors rarely do! \n https://www.patreon.com/joshuafluke\n\n\ud83d\udd25 Need a resume/cover letter? Check out my templates!  \nhttps://grindreel.com/\n\n\ud83d\udc4a Join the community! \nhttps://discord.gg/Joshuafluke\n\nMy Other Socials\ud83e\udd33\nhttps://www.tiktok.com/@joshua_fluke\nhttps://www.instagram.com/joshuafluke/  \ud83d\udcf8\nhttps://twitter.com/joshuafluke  \ud83d\udc26\n\n\ud83d\udce7 Email me directly!: grindreel@gmail.com\n\ud83d\udce7 Business inquiries: Joshuafluke@thoughtleaders.io  \n\nMy Gear \u2699\ufe0f:  https://kit.co/JoshuaFluke", "link": "https://www.youtube.com/watch?v=VSbMX6GjM7Q", "date_published": "2022-02-01 00:00:00+00:00", "persistent": false, "user": null, "language": "en-US"}]