[{"source": "https://www.youtube.com/feeds/videos.xml?channel_id=UCyl5V3-J_Bsy3x-EBCJwepg", "title": "Trudeau Claims Truckers Only Hate Him Because He's Black", "description": "Justin Trudeau just released this statement where he claims the truckers hate him because he's a brave he/him of color, eh?\n\nBecome a premium subscriber:  https://babylonbee.com/plans\n\nThe Official The Babylon Bee Store:  https://shop.babylonbee.com/\n\nFollow The Babylon Bee:\nWebsite: https://babylonbee.com/\nTwitter: https://twitter.com/thebabylonbee\nFacebook: https://www.facebook.com/TheBabylonBee\nInstagram: http://instagram.com/thebabylonbee", "link": "https://www.youtube.com/watch?v=9OQl2V_5SXs", "date_published": "2022-02-02 00:00:00+00:00", "persistent": false, "user": null, "language": "en-US"}, {"source": "https://www.youtube.com/feeds/videos.xml?channel_id=UCyl5V3-J_Bsy3x-EBCJwepg", "title": "Exclusive: Biden Reveals List Of Possible SCOTUS Nominees", "description": "From Queen Latifah and Aunt Jemima to... Greta Thunberg? Biden reveals his list of possible appointments to the highest court in the land. The Babylon Bee has the scoop.\n\nBecome a premium subscriber:  https://babylonbee.com/plans\n\nThe Official The Babylon Bee Store:  https://shop.babylonbee.com/\n\nFollow The Babylon Bee:\nWebsite: https://babylonbee.com/\nTwitter: https://twitter.com/thebabylonbee\nFacebook: https://www.facebook.com/TheBabylonBee\nInstagram: http://instagram.com/thebabylonbee", "link": "https://www.youtube.com/watch?v=IgHIuaa5YDI", "date_published": "2022-02-01 00:00:00+00:00", "persistent": false, "user": null, "language": "en-US"}]