[{"source": "https://www.forbes.com/innovation/feed2", "title": "The Technology Behind The Epic Livestream Of \u2018Elton John Live: Farewell From Dodger Stadium\u2019", "description": "Fortunately, those of us who aren\u2019t in Los Angeles and do not have tickets can still be part of the epic event because the concert will be streamed live on Disney+ Elton John\u2019s music is timeless and spans generations.", "link": "https://www.forbes.com/sites/tonybradley/2022/11/20/the-technology-behind-the-epic-livestream-of-elton-john-live-farewell-from-dodger-stadium/", "date_published": "2022-11-20 22:07:51+00:00", "persistent": false, "user": null, "language": "en-US"}, {"source": "https://www.forbes.com/innovation/feed2", "title": "A Psychologist Explains Why Depression Is One Of The Most Misunderstood Mental Illnesses", "description": "Depression is a debilitating condition. It\u2019s time to get rid of the misinformation around it.", "link": "https://www.forbes.com/sites/traversmark/2022/11/20/a-psychologist-explains-why-depression-is-one-of-the-most-misunderstood-mental-illnesses/", "date_published": "2022-11-20 21:47:52+00:00", "persistent": false, "user": null, "language": "en-US"}, {"source": "https://www.forbes.com/innovation/feed2", "title": "SwitchBot Wi-Fi Smart Lock Review", "description": "The SwitchBot Lock is a smart lock that lets you keep your existing lock and key on the outside of your door. I see how it fares.", "link": "https://www.forbes.com/sites/bennyhareven/2022/11/20/switchbot-wi-fi-smart-lock-review/", "date_published": "2022-11-20 21:13:13+00:00", "persistent": false, "user": null, "language": "en-US"}, {"source": "https://www.forbes.com/innovation/feed2", "title": "Volvo Cars Outlook Deteriorating As Profit Dives", "description": "Volvo Car\u2019s profit fell by about a third as its major competitors in Europe reported strong earnings and Moody\u2019s changed its outlook for its rating change to a less favorable \u201cstable\u201d from \u201cpositive\u201d. Profitability will weaken as sales contract. UBS doesn\u2019t expect positive free cash flow until 2025.", "link": "https://www.forbes.com/sites/neilwinton/2022/11/20/volvo-cars-outlook-deteriorating-as-profit-dives/", "date_published": "2022-11-20 16:43:56+00:00", "persistent": false, "user": null, "language": "en-US"}, {"source": "https://www.forbes.com/innovation/feed2", "title": "Egypt\u2019s Too Easy, The Next \u2018God Of War\u2019 Should Have Kratos In Christendom", "description": "Now that God of War\u2019s Norse saga has ended with Ragnarok, speculation turns to which realm Kratos may dive into next. There are a lot of obvious choices for a new pantheon of gods to explore, the most common of which is ancient Egypt, though some bring up the idea of a Mayan game or exploring", "link": "https://www.forbes.com/sites/paultassi/2022/11/20/egypts-too-easy-the-next-god-of-war-should-have-kratos-in-christendom/", "date_published": "2022-11-20 15:53:51+00:00", "persistent": false, "user": null, "language": "en-US"}, {"source": "https://www.forbes.com/innovation/feed2", "title": "Elon Musk Reinstated Donald Trump On Twitter. Now The Real Drama Begins", "description": "The former President \u201crocked the vote\u201d and was a significant favorite among Twitter users, most of whom voted because they follow Musk.", "link": "https://www.forbes.com/sites/johnbbrandon/2022/11/20/elon-musk-reinstated-donald-trump-on-twitter-now-the-real-drama-begins/", "date_published": "2022-11-20 15:48:31+00:00", "persistent": true, "user": null, "language": "en-US", "tags": ["censorship", "moderation", "elon musk", "donald trump"]}, {"source": "https://www.forbes.com/innovation/feed2", "title": "\u2018The Walking Dead\u2019 Series Finale Reveals A Show Wildly Transformed From Its Beginnings", "description": "The Walking Dead is airing its last episode tonight, although \u201clast\u201d should probably be in quotes, given the plans AMC has for the series going forward.", "link": "https://www.forbes.com/sites/paultassi/2022/11/20/the-walking-dead-series-finale-reveals-a-show-wildly-transformed-from-its-beginnings/", "date_published": "2022-11-20 15:30:34+00:00", "persistent": false, "user": null, "language": "en-US"}, {"source": "https://www.forbes.com/innovation/feed2", "title": "The Holiday Logistics Guide", "description": "Every holiday, the largest retailers and parcel carriers hire tens of thousands of full-time, part-time, and seasonal logistics employees for the end of year rush. With inflation and a looming recession, they are not hiring as many this year. But there are still many, many jobs available.", "link": "https://www.forbes.com/sites/stevebanker/2022/11/20/the-holiday-logistics-guide/", "date_published": "2022-11-20 15:13:00+00:00", "persistent": false, "user": null, "language": "en-US"}, {"source": "https://www.forbes.com/innovation/feed2", "title": "Why The Disconnect Between Bungie And Players On \u2018Destiny 2\u2019 Seasonal Quality?", "description": "This past year, there seems to have been a bit of schism between players and Bungie regarding Destiny 2.", "link": "https://www.forbes.com/sites/paultassi/2022/11/20/why-the-disconnect-between-bungie-and-players-on-destiny-2-seasonal-quality/", "date_published": "2022-11-20 15:08:52+00:00", "persistent": false, "user": null, "language": "en-US"}, {"source": "https://www.forbes.com/innovation/feed2", "title": "Thanksgiving Turkey Shortage, Prices Up 20% With Avian Flu, Inflation", "description": "Turkey isn't the only traditional Thanksgiving food item that's become more expensive. Here's what's happened to the prices of other items.", "link": "https://www.forbes.com/sites/brucelee/2022/11/20/thanksgiving-turkey-shortage-prices-up-20-with-avian-flu-inflation/", "date_published": "2022-11-20 15:03:20+00:00", "persistent": false, "user": null, "language": "en-US"}, {"source": "https://www.forbes.com/innovation/feed2", "title": "An Onslaught Of Mecha Toys Makes Up The Backbone Of \u2018Tamashii Nations 2022 Tokyo\u2019", "description": "It has been a good few years since we had a proper Tamashii Nations event in Akihabara. The pandemic obviously put a stop to these types of events in Tokyo, but now that most of the measures have been lifted, Bandai Spirits has finally shown what they have been up to.", "link": "https://www.forbes.com/sites/olliebarder/2022/11/20/an-onslaught-of-mecha-toys-makes-up-the-backbone-of-tamashii-nations-2022-tokyo/", "date_published": "2022-11-20 14:42:18+00:00", "persistent": false, "user": null, "language": "en-US"}, {"source": "https://www.forbes.com/innovation/feed2", "title": "Twitter\u2019s Broken Its Copyright Strike System, Users Are Uploading Full Movies", "description": "Last night, it became apparent that Twitter's automated copyright strike/takedown system was no longer functional.", "link": "https://www.forbes.com/sites/paultassi/2022/11/20/twitters-broken-its-copyright-strike-system-users-are-uploading-full-movies/", "date_published": "2022-11-20 14:33:53+00:00", "persistent": false, "user": null, "language": "en-US"}, {"source": "https://www.forbes.com/innovation/feed2", "title": "\u2018Pokemon Scarlet And Violet\u2019 User Review Scores Are In And They Are Terrible", "description": "Pokemon Scarlet and Violet already has the distinction of being the lowest critically rated mainline Pokemon entry by at least a few points, given its 77 metascore, but now that the site has opened up reviews to users, ...", "link": "https://www.forbes.com/sites/paultassi/2022/11/20/pokemon-scarlet-and-violet-user-review-scores-are-in-and-they-are-terrible/", "date_published": "2022-11-20 13:55:28+00:00", "persistent": false, "user": null, "language": "en-US"}, {"source": "https://www.forbes.com/innovation/feed2", "title": "Firewalla Gold Plus Is The Perfect Firewall For Small Business And Home Networks", "description": "The new Firewalla Gold Plus is an innovative firewall for protecting home and office networks from cyber attacks. It also monitors network activity to ensure the data keeps flowing.", "link": "https://www.forbes.com/sites/marksparrow/2022/11/20/firewalla-gold-plus-is-the-perfect-firewall-for-small-business-and-home-networks/", "date_published": "2022-11-20 12:00:00+00:00", "persistent": false, "user": null, "language": "en-US"}, {"source": "https://www.forbes.com/innovation/feed2", "title": "Today\u2019s \u2018Quordle\u2019 Answers And Clues For Sunday, November 20", "description": "Some hints and the solution for today's 'Quordle' are just ahead.", "link": "https://www.forbes.com/sites/krisholt/2022/11/20/todays-quordle-answers-and-clues-for-sunday-november-20/", "date_published": "2022-11-20 06:57:33+00:00", "persistent": false, "user": null, "language": "en-US"}, {"source": "https://www.forbes.com/innovation/feed2", "title": "Today\u2019s \u2018Heardle\u2019 Answer And Clues For Sunday, November 20", "description": "Here's today's 'Heardle' song, along with some hints.", "link": "https://www.forbes.com/sites/krisholt/2022/11/20/todays-heardle-answer-and-clues-for-sunday-november-20/", "date_published": "2022-11-20 05:51:09+00:00", "persistent": false, "user": null, "language": "en-US"}, {"source": "https://www.forbes.com/innovation/feed2", "title": "Today\u2019s Wordle #519 Hints, Clues And Answer For Sunday, November 20th", "description": "How to solve today's Wordle.", "link": "https://www.forbes.com/sites/erikkain/2022/11/19/todays-wordle-519-hints-clues-and-answer-for-sunday-november-20th/", "date_published": "2022-11-20 03:30:29+00:00", "persistent": false, "user": null, "language": "en-US"}, {"source": "https://www.forbes.com/innovation/feed2", "title": "Review: Syng Cell Alpha Triphonic Wireless Speaker", "description": "The Syng Cell Alpha is the world's first triphonic speaker, a $2399 ultra-modern device with 8 drivers and convincing spatial audio.", "link": "https://www.forbes.com/sites/bradmoon/2022/11/19/review-syng-cell-alpha-triphonic-wireless-speaker/", "date_published": "2022-11-20 03:11:34+00:00", "persistent": false, "user": null, "language": "en-US"}, {"source": "https://www.forbes.com/innovation/feed2", "title": "iOS 16.2\u2014Why You Should Apply The Next iPhone Software Straight Away", "description": "Apple iOS 16.2 could see a new feature called Rapid Security Response in action, which is a way for Apple to apply security updates to your phone on the fly.", "link": "https://www.forbes.com/sites/kateoflahertyuk/2022/11/19/ios-162-why-you-should-apply-the-next-iphone-software-straight-away/", "date_published": "2022-11-20 02:00:00+00:00", "persistent": false, "user": null, "language": "en-US"}, {"source": "https://www.forbes.com/innovation/feed2", "title": "It\u2019s Official: Webb Telescope Made A \u2018Staggering\u2019 Discovery A Day After Being Switched-On", "description": "Almost as soon as it began science operations last summer the James Webb Space Telescope revealed an \u201cundiscovered country\u201d of early galaxies. They exist just after the Big Bang and are surprisingly bright and active, confusing astronomers.", "link": "https://www.forbes.com/sites/jamiecartereurope/2022/11/19/its-official-webb-telescope-made-a-staggering-discovery-a-day-after-being-switched-on/", "date_published": "2022-11-20 01:00:00+00:00", "persistent": false, "user": null, "language": "en-US"}]