[{"source": "https://feeds.a.dj.com/rss/RSSWorldNews.xml", "title": "Brazilian Wins Race to Head Latin America's Top Development Bank", "description": "Economist Ilan Goldfajn, a former central banker and respected technocrat, beat rivals from Chile and Mexico.", "link": "https://www.wsj.com/articles/brazilian-wins-race-to-head-latin-americas-top-development-bank-11668975444", "date_published": "2022-11-20 20:17:00+00:00", "persistent": false, "user": null, "language": "en-US"}, {"source": "https://feeds.a.dj.com/rss/RSSWorldNews.xml", "title": "Israeli Pilgrims' Attack on Palestinians Draws Condemnation", "description": "The U.S. Ambassador to Israel describes the riot in the West Bank city of Hebron as abhorrent.", "link": "https://www.wsj.com/articles/israeli-pilgrims-attack-on-palestinians-draws-condemnation-11668959413", "date_published": "2022-11-20 15:50:00+00:00", "persistent": false, "user": null, "language": "en-US"}, {"source": "https://feeds.a.dj.com/rss/RSSWorldNews.xml", "title": "Turkey Strikes Kurdish Targets in Iraq, Syria After Istanbul Bombing", "description": "The attacks hit bunkers, caves and tunnels, according to the government, while Kurdish forces said 11 civilians were killed. They came a week after a lethal bombing in Istanbul, which Turkey has blamed on Kurdish militias.", "link": "https://www.wsj.com/articles/turkey-strikes-kurdish-targets-in-iraq-syria-after-istanbul-bombing-11668954950", "date_published": "2022-11-20 14:35:00+00:00", "persistent": false, "user": null, "language": "en-US"}, {"source": "https://feeds.a.dj.com/rss/RSSWorldNews.xml", "title": "Iran's Security Forces Crack Down on Protest Movement in Kurdish Region", "description": "Forces fired live ammunition and raided homes in search of opponents in an effort to crack down on a two-month old protest movement sweeping the country.", "link": "https://www.wsj.com/articles/irans-security-forces-crack-down-on-protest-movement-in-kurdish-region-11668950068", "date_published": "2022-11-20 13:14:00+00:00", "persistent": false, "user": null, "language": "en-US"}, {"source": "https://feeds.a.dj.com/rss/RSSWorldNews.xml", "title": "At COP27, Poorer Countries Secure Climate-Damage Fund", "description": "Poorer countries secured a deal at United Nations climate talks to create a fund for climate-related damage as part of a broader agreement that failed to yield faster cuts in global emissions.", "link": "https://www.wsj.com/articles/at-cop27-poorer-countries-secure-climate-damage-fund-without-pledging-faster-emissions-cuts-11668947145", "date_published": "2022-11-20 12:25:00+00:00", "persistent": false, "user": null, "language": "en-US"}, {"source": "https://feeds.a.dj.com/rss/RSSWorldNews.xml", "title": "Race to Secure Gas for Europe's Future Winters Has Already Begun", "description": "Some companies are weighing U.S. LNG deals, but talks have hit hurdles because of climate goals and pricing.", "link": "https://www.wsj.com/articles/race-to-secure-gas-for-europes-future-winters-has-already-begun-11668945601", "date_published": "2022-11-20 12:00:00+00:00", "persistent": false, "user": null, "language": "en-US"}, {"source": "https://feeds.a.dj.com/rss/RSSWorldNews.xml", "title": "Ukraine's Kherson Win Shifts Dynamics Across Whole Front With Russia", "description": "Kyiv\u2019s recent recapture of this southern city enables it to target Russian supply lines running to the Crimean Peninsula, while Moscow strives to redeploy withdrawn troops to Donbas.", "link": "https://www.wsj.com/articles/ukraines-kherson-win-shifts-dynamics-across-whole-front-with-russia-11668914888", "date_published": "2022-11-20 11:00:00+00:00", "persistent": false, "user": null, "language": "en-US"}, {"source": "https://feeds.a.dj.com/rss/RSSWorldNews.xml", "title": "Ukraine Urges Evacuations as Pressure on Electricity Grid Intensifies", "description": "Officials encouraged people from recently recaptured territories to evacuate, as the country tries to ease the strain on its damaged electric grid ahead of the winter.", "link": "https://www.wsj.com/articles/ukraine-urges-evacuations-as-pressure-on-electricity-grid-intensifies-11668941038", "date_published": "2022-11-20 10:44:00+00:00", "persistent": false, "user": null, "language": "en-US"}, {"source": "https://feeds.a.dj.com/rss/RSSWorldNews.xml", "title": "U.S.-Europe Trade Booms as Old Allies Draw Closer", "description": "Russia\u2019s attack on Ukraine and China\u2019s economic travails are encouraging a trans-Atlantic trade and investment renaissance.", "link": "https://www.wsj.com/articles/u-s-europe-trade-booms-as-old-allies-draw-closer-11668914679", "date_published": "2022-11-20 10:30:00+00:00", "persistent": false, "user": null, "language": "en-US"}]