[{"source": "https://conorcorp.github.io", "title": "Make debugging suck less. Keep a logbook. \ud83d\udcd3 | Conor Lamb", "description": "Scientists keep logbooks for their findings. Why don\u2019t computer scientists? A great place to start doing this is for debugging. Debugging sucks enough as is, make it easier on yourself. A logbook will\u2026 \ud83d\uddfa Enumerate where you are in the bug fix journey. You\u2019ll forget this journey when you pick it up tomorrow, write it down. \ud83c\udf33 Keep you rooted to the ground. (Creating an \u201cissue stack\u201d.) Related to above, it often feels like you\u2019re completely lost in the aether when you\u2019re 50 opened browser tabs deep into an issue that\u2019s not even the same issue anymore, its a sub issue of a sub issue.", "link": "https://conorcorp.github.io/posts/make-debuggin-suck-less/", "date_published": "2022-01-18 17:07:59.170151+00:00", "persistent": true, "user": "Thomas Pain", "language": "en"}]