[{"source": "https://www.youtube.com/feeds/videos.xml?channel_id=UCwSv086EAByBY-Z7y-QR_cQ", "title": "Szef NATO w Polsce za\u017cegna\u0142 powa\u017cny kryzys Polska - Rosja! Analiza", "description": "\ud83d\udcfa Zapraszam do ogl\u0105dania\n\n\u2b07\ufe0fRozwi\u0144 opis\u2b07\ufe0f\n------------------------------------------------------------\n\ud83d\udc40 Uszi po godzinach: https://goo.gl/cdCFKe\n\ud83d\udc40 Hello World_: http://bit.ly/31BEhnv\n------------------------------------------------------------\n\u2709\ufe0f Ludzie listy pisz\u0105 \n\ud83d\udd8a\ufe0f uszi@protonmail.com\n------------------------------------------------------------\n\ud83d\udc7a Niecenzuralne i agresywne komentarze zostan\u0105 usuni\u0119te.  Jak ju\u017c musisz zakl\u0105\u0107 dawaj znaki (&*%@%).\n------------------------------------------------------------\n\ud83d\udcb2 Donate/ Darowizna\nPLN / SMS / Blik: http://bit.ly/3bsXtJj\nBTC: 174EmE88YFtvs6fuM8ZL5yYbik8hcaY6ud\n-------------------------------------------------------------\n\u2705 \u0179r\u00f3d\u0142a:\n1. https://bit.ly/3CiREv9\n2. https://fxn.ws/3trwsz0\n3. https://bit.ly/3HHcXHI\n4. https://bit.ly/3sEWEXP\n5. https://bit.ly/3HF8y8p\n6. https://bit.ly/3Ca2UKn\n7. https://bit.ly/3MlBPIM\n8. https://bit.ly/3hyZwzd\n9. https://bit.ly/3tqnq5m\n10. https://bit.ly/3hBzBH5\n---------------------------------------------------------------\n\ud83c\udfb4 Do kola\u017cu wykorzystano grafik\u0119 autorstwa: \npresident.gov.ua - http://bit.ly/3an5tJP\n---\nkremlin.ru - http://bit.ly/2lCfpLy\n---------------------------------------------------------------\n\ud83d\udca1 Tagi: #Rosja #NATO #Ukraina\n--------------------------------------------------------------", "link": "https://www.youtube.com/watch?v=VFHFxGZEnbk", "date_published": "2022-03-03 00:00:00+00:00", "persistent": false, "user": null, "language": "en-US"}, {"source": "https://www.youtube.com/feeds/videos.xml?channel_id=UCwSv086EAByBY-Z7y-QR_cQ", "title": "Ukrai\u0144ska parlamentarzystka dla Fox News: Walczymy o Ukrain\u0119, walczymy o Nowy Porz\u0105dek \u015awiata", "description": "\ud83d\udcfa Zapraszam do ogl\u0105dania\n\n\u2b07\ufe0fRozwi\u0144 opis\u2b07\ufe0f\n------------------------------------------------------------\n\ud83d\udc40 Uszi po godzinach: https://goo.gl/cdCFKe\n\ud83d\udc40 Hello World_: http://bit.ly/31BEhnv\n------------------------------------------------------------\n\u2709\ufe0f Ludzie listy pisz\u0105 \n\ud83d\udd8a\ufe0f uszi@protonmail.com\n------------------------------------------------------------\n\ud83d\udc7a Niecenzuralne i agresywne komentarze zostan\u0105 usuni\u0119te.  Jak ju\u017c musisz zakl\u0105\u0107 dawaj znaki (&*%@%).\n------------------------------------------------------------\n\ud83d\udcb2 Donate/ Darowizna\nPLN / SMS / Blik: http://bit.ly/3bsXtJj\nBTC: 174EmE88YFtvs6fuM8ZL5yYbik8hcaY6ud\n-------------------------------------------------------------\n\u2705 \u0179r\u00f3d\u0142a:\n1. https://bit.ly/3C6vyMr\n2. https://fxn.ws/3trwsz0\n3. https://bit.ly/3IFEQBl\n4. https://amzn.to/3HzK5B9\n5. https://bit.ly/3vvdwSI\n6. https://bit.ly/35JW41L\n7. https://bit.ly/3hzjPMY\n8. https://bit.ly/3vyxHiL\n9. https://bit.ly/32t8u9N\n---------------------------------------------------------------\n\ud83c\udfb4 Do kola\u017cu wykorzystano grafik\u0119 autorstwa: \ntwitter.com / Kira Rudik - https://bit.ly/3C6vyMr\n---------------------------------------------------------------\n\ud83d\udca1 Tagi: #Ukraina #Amazon\n--------------------------------------------------------------", "link": "https://www.youtube.com/watch?v=2bSznSpM_fQ", "date_published": "2022-03-02 00:00:00+00:00", "persistent": false, "user": null, "language": "en-US"}]