[{"source": "https://www.youtube.com/feeds/videos.xml?channel_id=UCswH8ovgUp5Bdg-0_JTYFNw", "title": "It's Official: They Lied", "description": "As Canada\u2019s finance intelligence expert admits that Freedom Convoy donors posed no threat, we ask, what\u2019s the real reason they were cut off from financial services?\n\nGet tickets for my 2022 tour here: http://bit.ly/33_2022\n\nJoin Our Community HERE: https://www.russellbrand.com/join \n\nTo listen, subscribe to the Luminary Channel on Apple Podcasts at apple.co/russell or on the Luminary app http://luminary.link/russell\n\nFor meditation and breath work, subscribe to my side-channel: \nhttps://www.youtube.com/c/AwakeningWithRussell\n\nMy Weekly meditation podcast, Above the Noise, is available now on Apple & Luminary\nhttp://apple.co/meditate\nhttp://luminary.link/meditate\n\nFOOTBALL IS NICE is my free, weekly, full-length podcast - subscribe here: https://www.youtube.com/c/FootballisNiceRussellBrand\n\nRumble:\nhttps://rumble.com/c/russellbrand\n\nLocals:\nhttps://russellbrand.locals.com/", "link": "https://www.youtube.com/watch?v=t0KB0Wl4TNs", "date_published": "2022-03-03 00:00:00+00:00", "persistent": false, "user": null, "language": "en-US"}, {"source": "https://www.youtube.com/feeds/videos.xml?channel_id=UCswH8ovgUp5Bdg-0_JTYFNw", "title": "War Is Profitable, This Is How", "description": "The Russian invasion of Ukraine continues. As do the pundits calling for military action.  \n#Russia #Ukraine #War #Putin #Biden #WW3 \n\nReferences\nhttps://www.codepink.org/\nhttps://www.commondreams.org/views/2022/02/24/putin-ukraine-bush-iraq-illegal-invasions-must-be-condemned\nhttps://www.commondreams.org/views/2022/02/26/ukraine-and-myth-war\n\nGet tickets for my 2022 tour here: http://bit.ly/33_2022\n\nJoin Our Community HERE: https://www.russellbrand.com/join \n\nTo listen, subscribe to the Luminary Channel on Apple Podcasts at apple.co/russell or on the Luminary app http://luminary.link/russell\n\nFor meditation and breath work, subscribe to my side-channel: \nhttps://www.youtube.com/c/AwakeningWithRussell\n\nMy Weekly meditation podcast, Above the Noise, is available now on Apple & Luminary\nhttp://apple.co/meditate\nhttp://luminary.link/meditate\n\nFOOTBALL IS NICE is my free, weekly, full-length podcast - subscribe here: https://www.youtube.com/c/FootballisNiceRussellBrand\n\nRumble:\nhttps://rumble.com/c/russellbrand\n\nLocals:\nhttps://russellbrand.locals.com/", "link": "https://www.youtube.com/watch?v=QnevpbkFrPE", "date_published": "2022-03-02 00:00:00+00:00", "persistent": false, "user": null, "language": "en-US"}]