[{"source": "https://www.youtube.com/feeds/videos.xml?channel_id=UCNvzD7Z-g64bPXxGzaQaa4g", "title": "Elden Ring: Top 10 Weapons You CAN'T Afford to Miss", "description": "Elden Ring (PC, PS5, PS4, Xbox Series X/S/One) features a bunch of cool weapons that are worth highlighting. Here are some cool/useful/dangerous ones.,\nSubscribe for more: https://www.youtube.com/gameranxTV?sub_confirmation=1\n\n#EldenRing", "link": "https://www.youtube.com/watch?v=4CeVCOy6b1g", "date_published": "2022-03-03 00:00:00+00:00", "persistent": false, "user": null, "language": "en-US"}, {"source": "https://www.youtube.com/feeds/videos.xml?channel_id=UCNvzD7Z-g64bPXxGzaQaa4g", "title": "Elden Ring: 10 MISTAKES YOU SHOULDN'T MAKE", "description": "Elden Ring (PC, PS5, PS4, Xbox Series X/S/One) is a challenging game with plenty of mistakes to easily make. Here are some tips.\nSubscribe for more: https://www.youtube.com/gameranxTV?sub_confirmation=1\n\n#EldenRing", "link": "https://www.youtube.com/watch?v=rAKEdtasHWE", "date_published": "2022-03-02 00:00:00+00:00", "persistent": false, "user": null, "language": "en-US"}]