[{"source": "https://www.youtube.com/feeds/videos.xml?channel_id=UCy0Pr5u-MwGXXzp_GDd4m_g", "title": "Are you hungry? ft. Andrew Phung", "description": "Can I get you something to drink? Coffee? Tea? Slurpee? Ostrich Milk? \nCheck us out in Run The Burbs: a new comedy in Canada on CBC and CBC Gem!!\n\nActors:  Andrew Phung & Julie Nolke\nWriter: Julie Nolke\nCamera: Sam Larson\nEditor: Alec Mckay\nProduction Assistant: Jill Agopsowicz\n\nAlso, join my Patreon for behind the scenes videos, live q&as and early access to videos here: https://www.patreon.com/julienolke", "link": "https://www.youtube.com/watch?v=-ApETdXq0pY", "date_published": "2022-03-03 00:00:00+00:00", "persistent": false, "user": null, "language": "en-US"}]