[{"source": "https://www.theguardian.com/rss", "title": "\u2018Ukrainians are our friends\u2019: the young Russian anti-war protesters defying Putin \u2013\u00a0video", "description": "<p>Thousands of people in cities across Russia have been defying police threats and staging protests against the invasion of Ukraine. Authorities have a low tolerance for demonstrations and marches, and attending them can have serious\nconsequences, including fines, mass arrests and even imprisonment.&nbsp;</p><p>Despite the crackdown, Apollinaria Oleinikova, along\nwith her husband, Arshak Makichyan, and fellow protester Arina Adju have been attending anti-war rallies in Moscow and St Petersburg since the conflict began. As the death toll continues to rise, they say they\nfeel like they have no choice but to publicly oppose the Kremlin and stand in solidarity with Ukraine</p> <a href=\"https://www.theguardian.com/world/video/2022/mar/02/ukrainians-are-our-friends-the-young-russian-anti-war-protesters-defying-putin-video\">Continue reading...</a>", "link": "https://www.theguardian.com/world/video/2022/mar/02/ukrainians-are-our-friends-the-young-russian-anti-war-protesters-defying-putin-video", "date_published": "2022-03-02 15:06:20+00:00", "persistent": false, "user": null, "language": "en-UK"}, {"source": "https://www.theguardian.com/rss", "title": "From construction to further education: meet the quantity surveyor building futures", "description": "<p>After 16 years in the construction industry, a chance encounter led Nikki Davison to a career teaching in FE \u2013 and she hasn\u2019t looked back</p><p>Nikki Davison never planned to teach in further education (FE). The 39-year-old spent the first 16 years of her career in the construction industry \u2013 initially as a quantity surveyor (QS) for a major construction company, then as a QS/estimator for a joinery business.</p><p>It was a chance encounter while still working full-time as a QS/estimator that set her on a new career path. She got chatting to a National Vocational Qualification assessor, who was there to monitor her apprentice; the assessor made FE sound exciting, mentioning that Leeds college of building was recruiting for new teachers. \u201cAt first I thought it seemed too daunting \u2013 I had no experience and didn\u2019t know where to start \u2013 but she sent me a link about the programme and how to apply to become an FE teacher and it went from there.\u201d</p><p>Davison\u2019s industry experience gives her real-world references for her students</p> <a href=\"https://www.theguardian.com/further-education-share-your-skills/2022/mar/02/from-construction-to-further-education-meet-the-quantity-surveyor-building-futures\">Continue reading...</a>", "link": "https://www.theguardian.com/further-education-share-your-skills/2022/mar/02/from-construction-to-further-education-meet-the-quantity-surveyor-building-futures", "date_published": "2022-03-02 11:34:27+00:00", "persistent": false, "user": null, "language": "en-UK"}, {"source": "https://www.theguardian.com/rss", "title": "\u2018I\u2019m blessed to have the best of both worlds\u2019: how one busy mum found balance with a portfolio career", "description": "<p>A part-time role teaching in further education gave mother-of-four Mehnaz Ibrahim-Khan the flexibility to work around family life \u2013 and her industry job</p><p>Mehnaz Ibrahim-Khan is always on the go. When the 34-year-old isn\u2019t looking after her four children, aged one to 10, she\u2019s at one of her two part-time jobs. \u201cAs a parent, I am very used to multitasking and switching from one thing to the next,\u201d she says. \u201cThe trick is to be as organised as possible and plan ahead.\u201d</p><p>After studying for a degree in business management, Ibrahim-Khan got a job as a junior accounts receivable administrator at a security firm. Fast-forward 10 years, and she\u2019s worked her way up to a multifaceted role working across multiple departments. \u201cAs it\u2019s a small business, I\u2019m expected to wear different hats all the time and adapt my skillset as the business grows,\u201d she says. \u201cI now manage the whole accounts department, overseeing accounts receivable and accounts payable, along with liaising with our accountants. I\u2019m also in charge of HR and payroll, and assist on the marketing and sales side of things too.\u201d</p> <a href=\"https://www.theguardian.com/further-education-share-your-skills/2022/mar/02/im-blessed-to-have-the-best-of-both-worlds-how-one-busy-mum-found-balance-with-a-portfolio-career\">Continue reading...</a>", "link": "https://www.theguardian.com/further-education-share-your-skills/2022/mar/02/im-blessed-to-have-the-best-of-both-worlds-how-one-busy-mum-found-balance-with-a-portfolio-career", "date_published": "2022-03-02 11:31:46+00:00", "persistent": false, "user": null, "language": "en-UK"}, {"source": "https://www.theguardian.com/rss", "title": "Tell us: how have you been affected by soaring petrol and diesel prices?", "description": "<p>If you rely on driving for work or because of where you live, we\u2019d like to hear about how you are being affected by rising fuel costs</p><p>If you rely on driving for work or because of where you live, we\u2019d like to hear about how you are being affected by <a href=\"https://www.theguardian.com/business/2022/feb/28/uk-petrol-prices-pass-the-grim-milestone-of-150p-for-the-first-time\">rising fuel costs</a>.</p><p>How much does it now cost you to fill up? Are you driving less or making other changes to reduce how much you spend?</p> <a href=\"https://www.theguardian.com/money/2022/mar/02/tell-us-how-have-you-been-affected-by-soaring-petrol-and-diesel-prices\">Continue reading...</a>", "link": "https://www.theguardian.com/money/2022/mar/02/tell-us-how-have-you-been-affected-by-soaring-petrol-and-diesel-prices", "date_published": "2022-03-02 09:05:03+00:00", "persistent": false, "user": null, "language": "en-UK"}]