[{"source": "https://www.youtube.com/feeds/videos.xml?channel_id=UCLsnJt_eyqkGZ4ZEM__xCOg", "title": "Zaczynam now\u0105 podr\u00f3\u017c kamperem po USA! - USA #09", "description": "\ud83d\uddfa\ufe0f USA (2022) #09. Najwy\u017cszy czas rozpocz\u0105\u0107 now\u0105 podr\u00f3\u017c kamperem po USA! Zaczynamy w Las Vegas i ruszamy do Arizony!\n\n\u2757 Zosta\u0144 Patronem kana\u0142u!\nhttps://patronite.pl/vlogcasha\n\n5% zni\u017cki na Kuga Campervan na has\u0142o \"VlogCasha\" (wynajem na co najmniej 10 dni): https://www.travellers-autobarnrv.com/ \n\nPlaylisty film\u00f3w z moich podr\u00f3\u017cy:\nUSA (2022): https://bit.ly/3uGVdbd\nKuba (2021): https://bit.ly/3dhLIqK\nUSA (2021): https://bit.ly/35J0zKd\nMeksyk (2021): http://bit.ly/3c7Jycf\nTurcja (2019-2020): https://bit.ly/31VPCR3\nKolumbia (2020): https://bit.ly/36tqlhH\nTajlandia, Laos, Wietnam (2019): https://bit.ly/2wrM9t2\nAustralia (2018): https://bit.ly/2OJWYOy\nUSA (2017): https://bit.ly/2ya73NV\nAutostop (2018): https://bit.ly/2NbHzos\n\nM\u00f3j sprz\u0119t:\nAparat/Obiektywy: Sony A7IV / FE 16-35mm F2.8 / FE 24-105mm F4\nPlecak zielony: https://bit.ly/3y9cX1Y\nDron: https://bit.ly/3HCTZUv\n\n(Linki afiliacyjne. Je\u015bli dokonacie zakup\u00f3w po wej\u015bciu w m\u00f3j link, otrzymam prowizj\u0119 za polecenie.)\n\nMuzyka z vloga pochodzi z serwisu Artlist. Skorzystaj z mojej promocji i odbierz 2 miesi\u0105ce gratis!\nArtlist: https://bit.ly/3mWjQwo\n\n\u25b8 Instagram: https://www.instagram.com/vlogcasha\n\u25b8 Facebook: https://www.facebook.com/vlogcasha/\n\n#Podr\u00f3\u017ceCasha #USA", "link": "https://www.youtube.com/watch?v=YW9lgBiuEDs", "date_published": "2022-04-10 00:00:00+00:00", "persistent": false, "user": null, "language": "pl-PL"}]