[{"source": "https://www.youtube.com/feeds/videos.xml?channel_id=UC-2YHgc363EdcusLIBbgxzg", "title": "There's A \"Bermuda Triangle\" In Space | Answers With Joe", "description": "Visit http://www.brilliant.org/answerswithjoe to start learning STEM for free, and the first 200 people will get 20% off their annual premium subscription.\nThere's an area of space called the South Atlantic Anomaly, or the SAA, where the Earth's magnetic field is significantly weaker, allowing solar and cosmic radiation dangerously close to the atmosphere. From the beginning of the space age, it has caused issues with satellites and astronauts as they passed through it, with some satellites actually being destroyed because of it.\n\nBut... why is it there? What causes it? And should we be concerned about it?\n\nWant to support the channel? Here's how:\n\nPatreon: http://www.patreon.com/answerswithjoe\nChannel Memberships: https://www.youtube.com/channel/UC-2YHgc363EdcusLIBbgxzg/join\nT-Shirts & Merch: http://www.answerswithjoe.com/store\n\nCheck out my 2nd channel, Joe Scott TMI:\nhttps://www.youtube.com/channel/UCqi721JsXlf0wq3Z_cNA_Ew\n\nYou can listen to my podcast, Conversations With Joe on Spotify, Apple Podcasts, Google Podcasts, or wherever you get your podcasts.\nSpotify \ud83d\udc49 https://spoti.fi/37iPGzF\nApple Podcasts \ud83d\udc49 https://apple.co/3j94kfq\nGoogle Podcasts \ud83d\udc49 https://bit.ly/3qZCo1V\n\nInterested in getting a Tesla or going solar? Use my referral link and get discounts and perks:\nhttps://ts.la/joe74700\n\nFollow me at all my places!\nInstagram: https://instagram.com/answerswithjoe\nTikTok: https://www.tiktok.com/@answerswithjoe\nFacebook: http://www.facebook.com/answerswithjoe\nTwitter: https://www.twitter.com/answerswithjoe\n\n\nLINKS LINKS LINKS:\nhttps://science.thewire.in/the-sciences/earth-magnetic-field-south-atlantic-anomaly-solar-storms/\n\nhttps://www.popularmechanics.com/science/environment/a32702425/magnetic-field-anomaly/\n\nhttps://www.intel.com/content/www/us/en/support/programmable/support-resources/quality/seu.html\n\nhttps://www.sciencedirect.com/topics/earth-and-planetary-sciences/single-event-upset\n\nhttps://www.usgs.gov/landsat-missions/single-event-upset\n\nhttps://scitechdaily.com/new-hubblecast-video-explores-south-atlantic-anomaly/\n\nhttps://theconversation.com/how-much-radiation-damage-do-astronauts-really-suffer-in-space-60475\n\nhttps://www.bbc.com/future/article/20180208-what-its-like-in-the-bermuda-triangle-of-space\n\nhttps://www.livescience.com/65878-astronauts-cancer-space-radiation-risk.html\n\nhttps://spacenews.com/report-backs-nasa-proposal-to-change-astronaut-radiation-exposure-limits/\n\nhttps://www.jstor.org/stable/1740834\n\nhttps://www.solarpathfinder.com/magnetic\n\nhttps://www.ngdc.noaa.gov/geomag/GeomagneticPoles.shtml\n\nhttps://www.jagranjosh.com/general-knowledge/comparison-between-the-geographic-poles-and-magnetic-poles-of-the-earth-1554900577-1\n\nhttps://www.livescience.com/earth-core-superionic\n\nhttps://www.businessinsider.com/magnetic-field-weak-spot-linked-pieces-planet-inside-earth-2021-4\n\nhttps://www.sciencealert.com/mysterious-anomaly-weakening-earth-s-magnetic-field-seems-to-be-splitting-into-two\n\n\nTIMESTAMPS:\n0:00 - Intro\n1:05 - What is the South Atlantic Anomaly?\n3:03 - Single Event Upsets\n4:56 - JAXA's Hitomi mission failure\n5:44 - How the SAA affects astronauts\n7:27 - What causes the SAA?\n9:36 - They Theia Connection (maybe)\n10:17 - The weakening magnetic field", "link": "https://www.youtube.com/watch?v=_tyZsZkxsZ0", "date_published": "2022-04-11 00:00:00+00:00", "persistent": false, "user": null, "language": "en-US"}]