[{"source": "https://www.youtube.com/feeds/videos.xml?channel_id=UCF9IOB2TExg3QIBupFtBDxg", "title": "UK peaks, China locks down", "description": "UK, decline has just started\n\nhttps://covid.joinzoe.com/data\n\nSymptoms after two years\n\nhttps://www.youtube.com/watch?v=PuRu4fuI_rU&t=9s\n\nTim Spector vindicated, 1st April\n\nhttps://www.nhs.uk/conditions/coronavirus-covid-19/symptoms/main-symptoms/\n\nUpdated quietly, overnight, no announcement, no apology, no refencing\n\n1st April\n\nEnd of free testing in England\n\nTim Spector report\n\nhttps://www.youtube.com/watch?v=PuRu4fuI_rU&t=9s\n\nSymptoms\n\nRunny nose, 82%\n\nFatigue, 70%\n\nHeadache, 69%\n\nSore throat, 69%\n\nSneezing, 68%\n\nPersistent cough, 54%\n\nHoarse, 47%\n\nChills or shivers, 36%\n\nJoint pains, 33%\n\nFever, 32%\n\nDizzy, 30%\n\nBrain fog, 28%\n\nSore eyes, 25%\n\nAltered smell, 24%\n\nMuscle pains, 23%\n\nLower back pain, 23%\n\nSwollen glands, 21%\n\nSkipped meals, 18%\n\nEar ringing, 17%\n\nDiarrhoea\n\nLateral flow tests, 20% false negatives \n(confirmed by same day PCR positive tests)\n\n2.6 % of LTS tests give a false positive\n\nBest to swab nose AND throat\n\nR = 1\n\nPrevalence, One in 14\n\nRates will remain high for a long time\n\n75 +, plateau\n\nOther age groups downward trend\n\nChina, Shanghai\n\nhttps://www.nytimes.com/live/2022/04/10/world/covid-19-mandates-cases-vaccine?type=styln-live-updates&label=coronavirus%20updates&index=0\n\nTwo years of zero-Covid policies\n\nShanghai, 25 million people, citywide lockdown since early April,\n\nbecause of a surge in Omicron\n\nSaturday, cases + 25,000", "link": "https://www.youtube.com/watch?v=Oji34lcJ1Yg", "date_published": "2022-04-11 00:00:00+00:00", "persistent": false, "user": null, "language": "en-US"}, {"source": "https://www.youtube.com/feeds/videos.xml?channel_id=UCF9IOB2TExg3QIBupFtBDxg", "title": "US, Best guess", "description": "US cases still low, but I expect them to rise\n\nhttps://www.nytimes.com/2022/04/06/briefing/covid-cases-us-omicron-subvariant.html?action=click&pgtype=LegacyCollection&state=default&module=styln-coronavirus&variant=show&region=BELOW_MAIN_CONTENT&block=storyline_flex_guide_recirc\n\nDown about 1% as BA.2 has become the dominant\n\nOriginal Omicron, so contagious, predictable global spread\n\nMore immunity\n\nIn liberal parts of the U.S., vaccination rates high\n\nConservative communities, normal life for some time\n\n(death rates have been higher)\n\nBA.2 has recently become dominant variant in India, South Africa, Africa\n\nAndy Slavitt, former Biden Covid adviser\n\nBA.1 has infected 45% of Americans\n\nFewer tests\n\nUninsured people now must pay foe tests\n\nMany testing clinics have closed\n\nJessica Malaty Rivera, Boston Children\u2019s Hospital\n\nQuality of current Covid data \u201cabysmal.\u201d\n\nDr. Scott Gottlieb, former F.D.A. commissioner\n\nSome parts of the country \u201cdramatically\u201d underreporting cases\n\nTrends in Covid hospitalizations lag case trends by about a week\n\n(hospitalizations have continued to fall in the U.S.)\n\n\n\nBest guess\n\nU.S. infections will rise soon", "link": "https://www.youtube.com/watch?v=ifvlkY47KtY", "date_published": "2022-04-11 00:00:00+00:00", "persistent": false, "user": null, "language": "en-US"}]