[{"source": "https://www.youtube.com/feeds/videos.xml?channel_id=UCXuqSBlHAE6Xw-yeJA0Tunw", "title": "I want to love Apple, but they\u2019re making it hard - Mac Studio SSD Swapping", "description": "Visit https://www.squarespace.com/LTT and use offer code LTT for 10% off\n\nUse code LINUS and get 25% off GlassWire at https://lmg.gg/glasswire\n\nIs it possible to repair or upgrade the SSD in the Mac Studio?  We investigate.\n\nDiscuss on the forum: https://linustechtips.com/topic/1424143-i-want-to-love-apple-but-they%E2%80%99re-making-it-hard/\n\n\u25ba GET MERCH: https://lttstore.com\n\u25ba AFFILIATES, SPONSORS & REFERRALS: https://lmg.gg/sponsors\n\u25ba PODCAST GEAR: https://lmg.gg/podcastgear\n\u25ba SUPPORT US ON FLOATPLANE: https://www.floatplane.com/\n\nFOLLOW US \n---------------------------------------------------  \nTwitter: https://twitter.com/linustech\nFacebook: http://www.facebook.com/LinusTech\nInstagram: https://www.instagram.com/linustech\nTikTok: https://www.tiktok.com/@linustech\nTwitch: https://www.twitch.tv/linustech\n\nMUSIC CREDIT\n---------------------------------------------------\nIntro: Laszlo - Supernova\nVideo Link: https://www.youtube.com/watch?v=PKfxmFU3lWY\niTunes Download Link: https://itunes.apple.com/us/album/supernova/id936805712\nArtist Link: https://soundcloud.com/laszlomusic\n\nOutro: Approaching Nirvana - Sugar High\nVideo Link: https://www.youtube.com/watch?v=ngsGBSCDwcI\nListen on Spotify: http://spoti.fi/UxWkUw\nArtist Link: http://www.youtube.com/approachingnirvana\n\nIntro animation by MBarek Abdelwassaa https://www.instagram.com/mbarek_abdel/\nMonitor And Keyboard by vadimmihalkevich / CC BY 4.0  https://geni.us/PgGWp\nMechanical RGB Keyboard by BigBrotherECE / CC BY 4.0 https://geni.us/mj6pHk4\nMouse Gamer free Model By Oscar Creativo / CC BY 4.0 https://geni.us/Ps3XfE\n\nCHAPTERS\n---------------------------------------------------\n0:00 - Hey Apple!\n0:53 - GlassWire\n1:07 - LTT Intro\n1:15 - Unboxing the Mac Studio\n2:43 - Teardown & PSU Suprise\n5:05 - Not an SSD\n6:54 - Flash module vs. SSD\n9:17 - Putting the FU in DFU\n11:00 - Can you Upgrade?\n15:22 - Squarespace\n15:57 - Outro", "link": "https://www.youtube.com/watch?v=8IHqntr8FjY", "date_published": "2022-04-11 00:00:00+00:00", "persistent": false, "user": null, "language": "en-US"}, {"source": "https://www.youtube.com/feeds/videos.xml?channel_id=UCXuqSBlHAE6Xw-yeJA0Tunw", "title": "Building the $1,000,000 Computer", "description": "Try FreshBooks free, for 30 days, no credit card required at https://www.freshbooks.com/linus\n\nSmartDeploy: Claim your FREE IT software (worth $580!) at https://lmg.gg/SDQ2\n\nWe've unboxed it, we've built one of the servers, and now it's finally time! In this video, we're assembling the ENTIRE $1,000,000 petabyte of flash cluster, and powering it up for the FIRST TIME.\n\nDiscuss on the forum: https://linustechtips.com/topic/1423938-building-a-1000000-computer/\n\nCheck out the Kioxia CD6 Drives: https://lmg.gg/rkDFz\nCheck out AMD Epyc 32 Core Processors: https://geni.us/8KHx0\nCheck out AMD Epyc 64 Processors: https://lmg.gg/pN6lh\nCheck out the Supermicro Storage 1124US-TNRP: https://lmg.gg/6Qqcu\nCheck out the Supermicro GPU 4124GO-NART: https://lmg.gg/bgJiM\nCheck out Samsung DDR4 ECC Memory: https://lmg.gg/GAN0z\nCheck out the NVIDIA MSN3700-VS2F Switch: https://lmg.gg/0SKZE\nCheck out the NVIDIA ConnectX-6 200GbE Cards: https://lmg.gg/rfSEo\nBuy Infinite Cables Fibre Cables: https://lmg.gg/HGrgD\nBuy Infinite Cables Custom Cables: https://lmg.gg/K4JK8\nBuy FS.com 100GbE Transceivers: https://bit.ly/3IX9qpr\nCheck out RackStuds! https://lmg.gg/ze86d\n\nPurchases made through some store links may provide some compensation to Linus Media Group.\n\n\u25ba GET MERCH: https://lttstore.com\n\u25ba AFFILIATES, SPONSORS & REFERRALS: https://lmg.gg/sponsors\n\u25ba PODCAST GEAR: https://lmg.gg/podcastgear\n\u25ba SUPPORT US ON FLOATPLANE: https://www.floatplane.com/\n\nFOLLOW US \n---------------------------------------------------  \nTwitter: https://twitter.com/linustech\nFacebook: http://www.facebook.com/LinusTech\nInstagram: https://www.instagram.com/linustech\nTikTok: https://www.tiktok.com/@linustech\nTwitch: https://www.twitch.tv/linustech\n\nMUSIC CREDIT\n---------------------------------------------------\nIntro: Laszlo - Supernova\nVideo Link: https://www.youtube.com/watch?v=PKfxmFU3lWY\niTunes Download Link: https://itunes.apple.com/us/album/supernova/id936805712\nArtist Link: https://soundcloud.com/laszlomusic\n\nOutro: Approaching Nirvana - Sugar High\nVideo Link: https://www.youtube.com/watch?v=ngsGBSCDwcI\nListen on Spotify: http://spoti.fi/UxWkUw\nArtist Link: http://www.youtube.com/approachingnirvana\n\nIntro animation by MBarek Abdelwassaa https://www.instagram.com/mbarek_abdel/\nMonitor And Keyboard by vadimmihalkevich / CC BY 4.0  https://geni.us/PgGWp\nMechanical RGB Keyboard by BigBrotherECE / CC BY 4.0 https://geni.us/mj6pHk4\nMouse Gamer free Model By Oscar Creativo / CC BY 4.0 https://geni.us/Ps3XfE\n\nCHAPTERS\n---------------------------------------------------\n0:00 Intro", "link": "https://www.youtube.com/watch?v=5Hxr9k5Vdc4", "date_published": "2022-04-10 00:00:00+00:00", "persistent": false, "user": null, "language": "en-US"}]