[{"source": "https://www.youtube.com/feeds/videos.xml?channel_id=UC-2YHgc363EdcusLIBbgxzg", "title": "FINALLY! A Graphene Battery That Could Change Everything | Answers With Joe", "description": "Get a year of Nebula and Curiosity Stream for only $14.79 when you sign up at http://www.curiositystream.com/joescott\nWe've been hearing about the potential of graphene for decades, and yet very few of the big promises have come to pass. But a new aluminum graphene battery design is coming out this year that could charge a phone in less than a minute, and it may be the future of energy storage.\n\nWatch this video ad-free on Nebula: https://nebula.tv/videos/joescott-finally-a-graphene-battery-that-could-change-everything\n\n\nWant to support the channel? Here's how:\n\nPatreon: http://www.patreon.com/answerswithjoe\nChannel Memberships: https://www.youtube.com/channel/UC-2YHgc363EdcusLIBbgxzg/join\nT-Shirts & Merch: http://www.answerswithjoe.com/store\n\nCheck out my 2nd channel, Joe Scott TMI:\nhttps://www.youtube.com/channel/UCqi721JsXlf0wq3Z_cNA_Ew\n\nAnd my podcast channel, Conversations With Joe:\nhttps://www.youtube.com/channel/UCJzc7TiJ2nnuyJkUpOZ8RKA\n\nYou can listen to my podcast, Conversations With Joe on Spotify, Apple Podcasts, Google Podcasts, or wherever you get your podcasts.\nSpotify \ud83d\udc49 https://spoti.fi/37iPGzF\nApple Podcasts \ud83d\udc49 https://apple.co/3j94kfq\nGoogle Podcasts \ud83d\udc49 https://bit.ly/3qZCo1V\n\nInterested in getting a Tesla or going solar? Use my referral link and get discounts and perks:\nhttps://ts.la/joe74700\n\nFollow me at all my places!\nInstagram: https://instagram.com/answerswithjoe\nTikTok: https://www.tiktok.com/@answerswithjoe\nFacebook: http://www.facebook.com/answerswithjoe\nTwitter: https://www.twitter.com/answerswithjoe\n\nLINKS LINKS LINKS\nhttps://batteryuniversity.com/article/lithium-ion-safety-concerns\nhttps://iopscience.iop.org/article/10.1149/1945-7111/aba8b9\nhttps://www.theverge.com/2022/2/15/22933022/cobalt-mining-ev-electriv-vehicle-working-conditions-congo\nhttps://www.nature.com/articles/d41586-021-01735-z\nhttps://www.reuters.com/business/autos-transportation/soaring-battery-costs-fail-cool-electric-vehicle-sales-2022-04-19/\nhttps://www.greencarreports.com/news/1134307_report-ev-battery-costs-might-rise-in-2022\nhttps://www.graphene-info.com/graphene-introduction\nhttps://www.treehugger.com/ways-graphene-could-change-the-world-4863867\nhttps://www.newscientist.com/question/what-is-the-body-made-of/\nhttps://www.sciencenewsforstudents.org/article/explainer-batteries-capacitors\nhttps://www.sciencedirect.com/topics/materials-science/supercapacitors-performance\nhttps://www.graphenea.com/pages/graphene-supercapacitors\nhttps://www.quantachrome.com/general_pdf/graphene.pdf\nhttps://www.themeasureofthings.com/results.php?search=2629++square+meters&unit=m2&comp=area&amt=2629&searchTerm=2629++square+meters\nhttps://www.sciencedirect.com/science/article/pii/S1002007113000610#f0010 \nhttps://www.forbes.com/sites/michaeltaylor/2021/05/13/ev-range-breakthrough-as-new-aluminum-ion-battery-charges-60-times-faster-than-lithium-ion/?sh=3d1431a76d28\nhttps://graphenemg.com/energy-storage-solutions/aluminum-ion-battery/\nhttps://insideevs.com/news/532661/gm-lg-bolt-battery-recall/\nhttps://insideevs.com/news/532693/tesla-pouch-battery-cells-risk/\nhttps://www.lme.com/en/metals/ev/about-lithium\nhttps://www.newscientist.com/article/2321629-zapping-scrap-plastic-from-cars-can-turn-it-into-recyclable-graphene/\nhttps://investingnews.com/daily/tech-investing/nanoscience-investing/graphene-investing/graphene-cost/\nhttps://graphenemg.com/gmg-riotinto-energysavings-battery/\n\n\nTIMESTAMPS\n0:00 - Graphene Surface Area\n1:00 - Lithium Ion Issues\n3:25 - The Promise of Graphene\n5:28 - Supercapacitor Basics\n6:47 - The Graphene-Aluminum Hybrid\n7:28 - Cell vs Pack Density\n8:42 - Prototypes and Further Advantages\n9:40 - Isn't Graphene Expensive?\n10:40 - Graphene From Trash\n11:34 - Some Hurdles Remain\n13:07 - Sponsor - Curiosity Stream", "link": "https://www.youtube.com/watch?v=5kj83ouhXTo", "date_published": "2022-06-27 00:00:00+00:00", "persistent": false, "user": null, "language": "en-US"}]