[{"source": "https://www.youtube.com/feeds/videos.xml?channel_id=UCNvzD7Z-g64bPXxGzaQaa4g", "title": "10 Best Games of 2022 [FIRST HALF]", "description": "The first half of 2022 had some great games for PC, PS5, PS4, Xbox Series X/S/One, and Nintendo Switch.\nSubscribe for more: https://www.youtube.com/gameranxTV?sub_confirmation=1\n\n\n0:00 Intro \n0:22 Dying light 2 stay human \n1:42 Pok\u00e9mon legends Arceus\n2:27 The Quarry\n3:42 TMNT Shredders revenge\n4:39 Kirby and the Forgotten Land \n5:13 V Rising\n6:07 Lego Star Wars the Skywalker Saga\n7:26 Horizon Forbidden West\n8:28 Sifu\n9:37 Elden ring\n10:54 Bonus\n\n10 Dying light 2\n\nPlatform : PC PS4 PS5 Xbox One XSX|S\n\nRelease Date : February 4, 2022 \n\n\n\n9 Pok\u00e9mon legends Arceus\n\nPlatform : Switch \n\nRelease Date : 28 January 2022 \n\n\n\n8 The Quarry\n\nPlatform : PC PS4 PS5 Xbox One XSX|S \n\nRelease Date : 10 June 2022 \n\n\n\n7 TMNT Shredders revenge\n\nPlatform : PC PS4 Xbox One Switch Linux \n\nRelease Date : June 16, 2022  \n\n\n\n6 Kirby and the Forgotten Land \n\nPlatform : Switch \n\nRelease Date : March 25, 2022 \n\n\n\n5 V Rising\n\nPlatform : PC \n\nRelease Date : May 17, 2022 \n\n\n\n4 Lego Star Wars the Skywalker Saga\n\nPlatform : PC PS4 PS5 Xbox One XSX|S Switch \n\nRelease Date : 5 April 2022 \n\n\n\n3 Horizon Forbidden West\n\nPlatform : PS4 PS5 \n\nRelease Date : 18 February 2022 \n\n\n\n2 Sifu\n\nPlatform : PC PS4 PS5 \n\nRelease Date : 8 February 2022\n\n\n\n1 Elden ring\n\nPlatform : PC PS4 PS5 Xbox One XSX|S  \n\nRelease Date : February 25, 2022 \n\n\n\nBonus\n\nFire Emblem Warriors: Three Hopes \n\nPlatform : SWITCH \n\nRelease Date : June 24, 2022\n\n\n\nTiny Tina\u2019s wonderlands \n\nPlatform : PC PS4 PS5 Xbox One XSX|S \n\nRelease Date : March 25, 2022 \n\n\n\nEVIL DEAD: THE GAME\n\nPlatform : PC PS4 PS5 Xbox One XSX|S  \n\nRelease Date : May 13, 2022 \n\n\n\nCuphead dlc \n\nPlatform : PC PS4 XBOX ONE SWITCH \n\nRelease Date : June 30, 2022\n\n\n\nGod of War PC \n\nPlatform : PC \n\nRelease Date : 14 Jan, 2022\n\n\n\nThe Stanley Parable: Ultra Deluxe \n\nPlatform : PC PS4 PS5 Xbox One XSX|S SWITCH \n\nRelease Date : April 27, 2022", "link": "https://www.youtube.com/watch?v=F-PRl-MZ1h8", "date_published": "2022-06-28 00:00:00+00:00", "persistent": false, "user": null, "language": "en-US"}, {"source": "https://www.youtube.com/feeds/videos.xml?channel_id=UCNvzD7Z-g64bPXxGzaQaa4g", "title": "10 Big Brain Moves to CHEESE Hard Bosses", "description": "If a video game boss doesn't play fair, sometimes you have to fight fire with fire. Here are some dumb but brilliant cheese moves to conquer certain bosses.\nSubscribe for more: https://www.youtube.com/gameranxTV?sub_confirmation=1", "link": "https://www.youtube.com/watch?v=U50kOxZ6S-c", "date_published": "2022-06-27 00:00:00+00:00", "persistent": false, "user": null, "language": "en-US"}]