[{"source": "https://www.youtube.com/feeds/videos.xml?channel_id=UCLr4hMhk_2KE0GUBSBrspGA", "title": "Jaki smartfon do zdj\u0119\u0107? Samsung S22 Ultra vs iPhone 13 Pro vs Sony Xperia I IV vs Vivo X80 Pro", "description": "W projekcie udzia\u0142 wzi\u0119li (za co bardzo dzi\u0119kuj\u0119!):\nDominika Koszowska - https://instagram.com/dominika.koszowska_official\nKamil Filipiak - https://www.instagram.com/philipiakkamil\nB\u0142a\u017cej Jeli\u0144ski - https://instagram.com/blazej_jelen\nPrzemek Zmarz\u0142y - https://instagram.com/zmarzly\n\nDzi\u0119kujemy r\u00f3wnie\u017c kawiarni NA BANK - https://www.instagram.com/nabank_specialtycoffee/\n\nSmartfony, kt\u00f3rymi fotografowie robili zdj\u0119cia:\nSony Xperia I IV - https://bit.ly/3u9n1We\nSamsung S22 Ultra - https://bit.ly/3NquqY4\niPhone 13 Pro - https://bit.ly/3P58aUX \nVivo X80 Pro - https://www.vivo.com/pl/products/x80pro\n\nW odcinku:\n00:00 Jaki smartfon do zdj\u0119\u0107?\n01:08 Osoby bior\u0105ce udzia\u0142 w te\u015bcie\n01:50 Regu\u0142y rywalizacji\n02:07 Przebitki z dnia zdj\u0119ciowego\n02:17 Przygotowanie wybranych zdj\u0119\u0107 i g\u0142osowanie\n03:30 Wyniki g\u0142osowania w kawiarni NABANK\n03:58 Wyniki g\u0142osowania online\n04:24 Zsumowane wyniki\n05:56 Podsumowanie i podzi\u0119kowania\n06:32 Po\u017cegnanie\n\nMoje sociale:\nhttps://www.instagram.com/kubaklawiter/\nhttps://twitter.com/KubaKlawiter", "link": "https://www.youtube.com/watch?v=ugEftmLknFs", "date_published": "2022-06-28 00:00:00+00:00", "persistent": false, "user": null, "language": "en-US"}]