[{"source": "https://www.youtube.com/feeds/videos.xml?channel_id=UC3I2GFN_F8WudD_2jUZbojA", "title": "Rochelle Jordan - ALL ALONG (Live on KEXP)", "description": "http://KEXP.ORG presents Rochelle Jordan performing \u201cALL ALONG\u201d live in the KEXP studio. Recorded June 8, 2022.\n\nwith KLSH - Producer / DJ\n\nHost: Larry Mizell, Jr.\nAudio Engineer: Julian Martlew\nMastering: Ian Davidson\nCameras: Jim Beckmann, Carlos Cruz & Scott Holpainen\nEditor: Scott Holpainen\n\nhttps://www.rochellejordan.com\nhttp://kexp.org", "link": "https://www.youtube.com/watch?v=InQSHdqz0c0", "date_published": "2022-06-28 00:00:00+00:00", "persistent": false, "user": null, "language": "en-US"}, {"source": "https://www.youtube.com/feeds/videos.xml?channel_id=UC3I2GFN_F8WudD_2jUZbojA", "title": "Rochelle Jordan - ALREADY (Live on KEXP)", "description": "http://KEXP.ORG presents Rochelle Jordan performing \u201cALREADY\u201d live in the KEXP studio. Recorded June 8, 2022.\n\nwith KLSH - Producer / DJ\n\nHost: Larry Mizell, Jr.\nAudio Engineer: Julian Martlew\nMastering: Ian Davidson\nCameras: Jim Beckmann, Carlos Cruz & Scott Holpainen\nEditor: Scott Holpainen\n\nhttps://www.rochellejordan.com\nhttp://kexp.org", "link": "https://www.youtube.com/watch?v=MXqYHVK9-EI", "date_published": "2022-06-28 00:00:00+00:00", "persistent": false, "user": null, "language": "en-US"}, {"source": "https://www.youtube.com/feeds/videos.xml?channel_id=UC3I2GFN_F8WudD_2jUZbojA", "title": "Rochelle Jordan - DANCING ELEPHANTS (Live on KEXP)", "description": "http://KEXP.ORG presents Rochelle Jordan performing \u201cDANCING ELEPHANTS\u201d live in the KEXP studio. Recorded June 8, 2022.\n\nwith KLSH - Producer / DJ\n\nHost: Larry Mizell, Jr.\nAudio Engineer: Julian Martlew\nMastering: Ian Davidson\nCameras: Jim Beckmann, Carlos Cruz & Scott Holpainen\nEditor: Scott Holpainen\n\nhttps://www.rochellejordan.com\nhttp://kexp.org", "link": "https://www.youtube.com/watch?v=SD_-lEgs6Pc", "date_published": "2022-06-28 00:00:00+00:00", "persistent": false, "user": null, "language": "en-US"}, {"source": "https://www.youtube.com/feeds/videos.xml?channel_id=UC3I2GFN_F8WudD_2jUZbojA", "title": "Rochelle Jordan - Full Performance (Live on KEXP)", "description": "http://KEXP.ORG presents Rochelle Jordan performing live in the KEXP studio. Recorded June 8, 2022.\n\nSongs:\nALREADY\nDANCING ELEPHANTS\nLAY\nALL ALONG\n\nwith KLSH - Producer / DJ\n\nHost: Larry Mizell, Jr.\nAudio Engineer: Julian Martlew\nMastering: Ian Davidson\nCameras: Jim Beckmann, Carlos Cruz & Scott Holpainen\nEditor: Scott Holpainen\n\nhttps://www.rochellejordan.com\nhttp://kexp.org", "link": "https://www.youtube.com/watch?v=y8GFxCkgTEo", "date_published": "2022-06-28 00:00:00+00:00", "persistent": false, "user": null, "language": "en-US"}, {"source": "https://www.youtube.com/feeds/videos.xml?channel_id=UC3I2GFN_F8WudD_2jUZbojA", "title": "Rochelle Jordan - LAY (Live on KEXP)", "description": "http://KEXP.ORG presents Rochelle Jordan performing \u201cLAY\u201d live in the KEXP studio. Recorded June 8, 2022.\n\nwith KLSH - Producer / DJ\n\nHost: Larry Mizell, Jr.\nAudio Engineer: Julian Martlew\nMastering: Ian Davidson\nCameras: Jim Beckmann, Carlos Cruz & Scott Holpainen\nEditor: Scott Holpainen\n\nhttps://www.rochellejordan.com\nhttp://kexp.org", "link": "https://www.youtube.com/watch?v=-Udbmjj0dNI", "date_published": "2022-06-28 00:00:00+00:00", "persistent": false, "user": null, "language": "en-US"}, {"source": "https://www.youtube.com/feeds/videos.xml?channel_id=UC3I2GFN_F8WudD_2jUZbojA", "title": "Calexico - Caldera (Live on KEXP)", "description": "http://KEXP.ORG presents Calexico performing \u201cCaldera\u201d live in the KEXP studio. Recorded June 5, 2022.\n\nJoey Burns - Guitar / Vocals\nJohn Convertino - Drums\nBrian Lopez - Guitar / Vocals\nSergio Mendoza - Keys / Vibraphone / Vocals\nJacob Valenzuela - Trumpet / Vocals\nRick Peron - Trumpet / Vibraphone\nScott Colberg - Bass / Vocals\n\nHost: Miss Ashley\nAudio Engineer: Julian Martlew\nMastering: Ian Davidson\nCameras: Jim Beckmann, Alaia D\u2019Alessandro, Carlos Cruz & Ettie Wahl\nEditor: Jim Beckmann\n\nhttps://www.casadecalexico.com\nhttp://kexp.org", "link": "https://www.youtube.com/watch?v=h3ipoeh6BD0", "date_published": "2022-06-27 00:00:00+00:00", "persistent": false, "user": null, "language": "en-US"}, {"source": "https://www.youtube.com/feeds/videos.xml?channel_id=UC3I2GFN_F8WudD_2jUZbojA", "title": "Calexico - Cumbia Del Polvo (Live on KEXP)", "description": "http://KEXP.ORG presents Calexico performing \u201cCumbia Del Polvo\u201d live in the KEXP studio. Recorded June 5, 2022.\n\nJoey Burns - Guitar / Vocals\nJohn Convertino - Drums\nBrian Lopez - Guitar / Vocals\nSergio Mendoza - Keys / Vibraphone / Vocals\nJacob Valenzuela - Trumpet / Vocals\nRick Peron - Trumpet / Vibraphone\nScott Colberg - Bass / Vocals\n\nHost: Miss Ashley\nAudio Engineer: Julian Martlew\nMastering: Ian Davidson\nCameras: Jim Beckmann, Alaia D\u2019Alessandro, Carlos Cruz & Ettie Wahl\nEditor: Jim Beckmann\n\nhttps://www.casadecalexico.com\nhttp://kexp.org", "link": "https://www.youtube.com/watch?v=kPLx2qpkm0Y", "date_published": "2022-06-27 00:00:00+00:00", "persistent": false, "user": null, "language": "en-US"}, {"source": "https://www.youtube.com/feeds/videos.xml?channel_id=UC3I2GFN_F8WudD_2jUZbojA", "title": "Calexico - Full Performance (Live on KEXP)", "description": "http://KEXP.ORG presents Calexico performing live in the KEXP studio. Recorded June 5, 2022.\n\nSongs:\nCaldera\nThen You Might See\nRancho Azul\nCumbia Del Polvo\n\nJoey Burns - Guitar / Vocals\nJohn Convertino - Drums\nBrian Lopez - Guitar / Vocals\nSergio Mendoza - Keys / Vibraphone / Vocals\nJacob Valenzuela - Trumpet / Vocals\nRick Peron - Trumpet / Vibraphone\nScott Colberg - Bass / Vocals\n\nHost: Miss Ashley\nAudio Engineer: Julian Martlew\nMastering: Ian Davidson\nCameras: Jim Beckmann, Alaia D\u2019Alessandro, Carlos Cruz & Ettie Wahl\nEditor: Jim Beckmann\n\nhttps://www.casadecalexico.com\nhttp://kexp.org", "link": "https://www.youtube.com/watch?v=cpstW749DJA", "date_published": "2022-06-27 00:00:00+00:00", "persistent": false, "user": null, "language": "en-US"}, {"source": "https://www.youtube.com/feeds/videos.xml?channel_id=UC3I2GFN_F8WudD_2jUZbojA", "title": "Calexico - Rancho Azul (Live on KEXP)", "description": "http://KEXP.ORG presents Calexico performing \u201cRancho Azul\u201d live in the KEXP studio. Recorded June 5, 2022.\n\nJoey Burns - Guitar / Vocals\nJohn Convertino - Drums\nBrian Lopez - Guitar / Vocals\nSergio Mendoza - Keys / Vibraphone / Vocals\nJacob Valenzuela - Trumpet / Vocals\nRick Peron - Trumpet / Vibraphone\nScott Colberg - Bass / Vocals\n\nHost: Miss Ashley\nAudio Engineer: Julian Martlew\nMastering: Ian Davidson\nCameras: Jim Beckmann, Alaia D\u2019Alessandro, Carlos Cruz & Ettie Wahl\nEditor: Jim Beckmann\n\nhttps://www.casadecalexico.com\nhttp://kexp.org", "link": "https://www.youtube.com/watch?v=NPs8b6MGUHs", "date_published": "2022-06-27 00:00:00+00:00", "persistent": false, "user": null, "language": "en-US"}, {"source": "https://www.youtube.com/feeds/videos.xml?channel_id=UC3I2GFN_F8WudD_2jUZbojA", "title": "Calexico - Then You Might See (Live on KEXP)", "description": "http://KEXP.ORG presents Calexico performing \u201cThen You Might See\u201d live in the KEXP studio. Recorded June 5, 2022.\n\nJoey Burns - Guitar / Vocals\nJohn Convertino - Drums\nBrian Lopez - Guitar / Vocals\nSergio Mendoza - Keys / Vibraphone / Vocals\nJacob Valenzuela - Trumpet / Vocals\nRick Peron - Trumpet / Vibraphone\nScott Colberg - Bass / Vocals\n\nHost: Miss Ashley\nAudio Engineer: Julian Martlew\nMastering: Ian Davidson\nCameras: Jim Beckmann, Alaia D\u2019Alessandro, Carlos Cruz & Ettie Wahl\nEditor: Jim Beckmann\n\nhttps://www.casadecalexico.com\nhttp://kexp.org", "link": "https://www.youtube.com/watch?v=Figwv29sl40", "date_published": "2022-06-27 00:00:00+00:00", "persistent": false, "user": null, "language": "en-US"}]