[{"source": "https://www.youtube.com/feeds/videos.xml?channel_id=UCsM-ZFKD_8vlDjfhKRNUk1A", "title": "Myslovitz - Telefon - live MUZO.FM", "description": "Myslovitz - Telefon na \u017cywo w MUZO.FM. \n\nSubskrybuj nasz kana\u0142: http://www.muzo.tv\nFacebook: http://www.facebook.com/MUZO.FM\nFacebook: http://www.facebook.com/MUZO.TV\nFacebook Myslovitz: http://www.facebook.com/Myslovitz\nInstagram Myslovitz: http://www.instagram.com/myslovitz_official\nInstagram: http://www.instagram.com/muzofm\nTwitter: http://twitter.com/muzo_fm\nStrona: http://www.muzo.fm\n\n\n#popolsku", "link": "https://www.youtube.com/watch?v=ypR24hJCTFM", "date_published": "2022-06-28 00:00:00+00:00", "persistent": false, "user": null, "language": "en-US"}]