[{"source": "https://www.youtube.com/feeds/videos.xml?channel_id=UCmrLCXSDScliR7q8AxxjvXg", "title": "Why Abortion in Japan is NOT Political HYSTERIA", "description": "\u2b50 Get BPS Stuff in Worldwide (Both North America, Europe and Worldwide): \nhttps://bps-north-america.creator-spring.com/\n-------------------------------\n\n\n\u2705 Support Directly: https://felixrex.net/membership-tiers/\n\u2705 Support via SubscribeStar: https://www.subscribestar.com/black-pigeon-speaks\n\u2705 Support via Locals: https://felixrex.locals.com/\n\u2705 Tip Jar: via PayPal to: navyhato@gmail.com\n\u2705 Buy me a Coffee: https://ko-fi.com/felixrex\n\n\n-------------------------------\n\n\n\ud83d\udd35BTC (Bitcoin)\n3NiWatW8cAdGQChcbL9tCickW9JvouTs3L\n\ud83d\udd35BCH (Bitcoin Cash)\n35GrMSvJHHQ5DvCcNfJNe6Pj46w6HbckoF\n\ud83d\udd35LTC (Litecoin)\nMLbo7xkPJjRX9wFYxHG9YajWwbB14rmpJx\n\n\n\u2705 Your SUPPORT of this Channel is GREATLY appreciated.\n-------------------------------\n\ud83d\udd34 All Social Media can be found at this link: linktr.ee/felixrex\n\ud83d\udd34 Telegram: https://t.me/felixrex\n\ud83d\udd34 Dlive Livestreaming: https://dlive.tv/Felix_Rex\n\ud83d\udd34 Trovo Livestreaming: https://trovo.live/FelixRex\n\ud83d\udd34 Rumble: https://rumble.com/user/FelixRex\n\ud83d\udd34 Felix Rex Odysee: https://odysee.com/@felixrex:2\n\ud83d\udd34 BPS Odysee: https://odysee.com/@BlackPigeonSpeaks:c\n\ud83d\udd34 2nd Channel BPS: https://tinyurl.com/vbnywcw\n\ud83d\udd34 BitChute: https://www.bitchute.com/profile/bBzmz0SCxhFG/\n\ud83d\udd34 Gab: https://gab.ai/blackpigeon\n\ud83d\udd34 Minds: https://www.minds.com/blackpigeonspeaks\n\ud83d\udd34 Facebook: https://www.facebook.com/blackpigeonspeaks\n\ud83d\udd34 Twitter: https://twitter.com/navyhato\n\ud83d\udd34 Parler: https://parler.com/profile/FelixRex/posts\n\ud83d\udd34 Lbry for Felix Rex: https://lbry.tv/@felixrex:2\n\ud83d\udd34 Lbry for Black Pigeon: https://lbry.tv/@BlackPigeonSpeaks:c\n\ud83d\udd34 Vomvos: shorturl.at/nstxI:\n\n\n\ud83d\udd34 Related Channels\n\u25b6\ufe0f Felix Rex: https://www.youtube.com/user/TVShinjuku\n-------------------------------\n\n\n\u2705 Amazing Video Editor Materials can be found at:\nhttp://www.digitaljuice.com/Intl\n\n\n\u2705  More information: \nhhttps://felixrex.net/2022/07/notes-on-america-itching-for-wiii/\n\n\n-------------------------------\n\n\n#FelixRex  #BlackPigeonSpeaks", "link": "https://www.youtube.com/watch?v=VrZVhorznTM", "date_published": "2022-06-27 00:00:00+00:00", "persistent": false, "user": null, "language": "en-US"}]