[{"source": "https://www.youtube.com/feeds/videos.xml?channel_id=UCO2x-p9gg9TLKneXlibGR7w", "title": "The $650 Cat Box - Litter-Robot 4", "description": "Get your Litter-Robot 4 here: https://sdqk.me/vD74OI72/vzatYzBX\nLast year, my cat's life-altering medical condition required a diet change resulting in frequent and pungent potty breaks. I bought 7 different litter boxes but none of them measured up\u2014until I tried the new Litter-Robot 4. #LitterRobot #LitterBox #PetTech\n\nFollow me on Twitter - https://twitter.com/snazzyq\nFollow me on Instagram - https://instagram.com/snazzyq", "link": "https://www.youtube.com/watch?v=X0lKKLCeWy4", "date_published": "2022-05-23 00:00:00+00:00", "persistent": false, "user": null, "language": "en-US"}]