[{"source": "https://www.youtube.com/feeds/videos.xml?channel_id=UCyl5V3-J_Bsy3x-EBCJwepg", "title": "Fighting Fake News with Alex Marlow | A Bee Interview", "description": "Check out Private Internet Access here using our exclusive link to get the deal: http://privateinternetaccess.com/TheBabylonBee\n\nAlex Marlow is the Editor-in-Chief of Breitbart News and hosts the Breitbart News Daily Podcast. Marlow faces Adam Yenser\u2019s Real or Fake Headlines challenge and reminisces about Joe Biden\u2019s most memorable speeches. Marlow recently published a book called Breaking the News: Exposing the Establishment Media\u2019s Hidden Deals and Secret Corruption, which is available now: https://www.amazon.com/Breaking-News-Exposing-Establishment-Corruption/dp/B08PVZXZDX/ref=sr_1_1?crid=35CZXRY4M8D5D&keywords=breaking+the+news+alex+marlow&qid=1649958208&sprefix=breaking+the+news+alex+marlo%2Caps%2C176&sr=8-1\n\nThis episode is also brought to you by Faithful Counseling. Get help today from people who share you faith and values: https://faithfulcounseling.com/babylonbee", "link": "https://www.youtube.com/watch?v=CqHkmfM6ZcU", "date_published": "2022-04-15 00:00:00+00:00", "persistent": false, "user": null, "language": "en-US"}, {"source": "https://www.youtube.com/feeds/videos.xml?channel_id=UCyl5V3-J_Bsy3x-EBCJwepg", "title": "Twitter Employee Undergoes Therapy Over Elon Musk Takeover", "description": "Mandy is absolutely triggered by Twitter's possible takeover by Elon Musk. She attends a Twitter-sponsored therapy session to help her cope.\n\nBecome a premium subscriber:  https://babylonbee.com/plans\n\nThe Official The Babylon Bee Store:  https://shop.babylonbee.com/\n\nFollow The Babylon Bee:\nWebsite: https://babylonbee.com/\nTwitter: https://twitter.com/thebabylonbee\nFacebook: https://www.facebook.com/TheBabylonBee\nInstagram: http://instagram.com/thebabylonbee", "link": "https://www.youtube.com/watch?v=rFNCsSBnYVg", "date_published": "2022-04-15 00:00:00+00:00", "persistent": false, "user": null, "language": "en-US"}, {"source": "https://www.youtube.com/feeds/videos.xml?channel_id=UCyl5V3-J_Bsy3x-EBCJwepg", "title": "The Babylon Bee Tours The Ark Encounter", "description": "You might think the perfect crossover doesn't exist, but it does. It's The Babylon Bee doing the Ark Encounter! Join Editor-in-Chief Kyle Mann and Answers in Genesis founder Ken Ham as they tour the giant replica of Noah's Ark in Kentucky. It's real, and it's spectacular.\n\nCheck out Answers in Genesis: https://answersingenesis.org/\n\nLearn more about the Ark Encounter: https://arkencounter.com/\n\nBecome a premium subscriber:  https://babylonbee.com/plans\n\nThe Official The Babylon Bee Store:  https://shop.babylonbee.com/\n\nFollow The Babylon Bee:\nWebsite: https://babylonbee.com/\nTwitter: https://twitter.com/thebabylonbee\nFacebook: https://www.facebook.com/TheBabylonBee\nInstagram: http://instagram.com/thebabylonbee", "link": "https://www.youtube.com/watch?v=N-Cz3SmAO_M", "date_published": "2022-04-14 00:00:00+00:00", "persistent": false, "user": null, "language": "en-US"}]