[{"source": "http://rss.cnn.com/rss/edition.rss", "title": "Harry and Meghan visit Queen Elizabeth II on way to Invictus Games", "description": "A spokesperson for the Duke and Duchess of Sussex has confirmed to CNN that the couple visited Queen Elizabeth II on their way to The Hague to attend The Invictus Games, which begin on Saturday.", "link": "https://www.cnn.com/2022/04/14/uk/harry-megan-visit-queen-gbr-uk-intl/index.html", "date_published": "2022-04-14 23:21:20+00:00", "persistent": false, "user": null, "language": "en-US"}, {"source": "http://rss.cnn.com/rss/edition.rss", "title": "Unable to evacuate, these Ukrainians face the horrors of war every day", "description": "Unable to evacuate, hundreds of Ukrainians near the war front lines are living without water, electricity and in constant fear. CNN's Clarissa Ward reports.", "link": "https://www.cnn.com/videos/world/2022/04/14/ukraine-donbas-avdiivka-front-lines-living-war-shelling-tsr-ward-pkg-vpx.cnn", "date_published": "2022-04-14 22:51:48+00:00", "persistent": false, "user": null, "language": "en-US"}, {"source": "http://rss.cnn.com/rss/edition.rss", "title": "Top international prosecutor speaks to CNN after visiting Bucha", "description": "CNN's Jake Tapper speaks with International Criminal Court Prosecutor Karim Khan, who is leading the war crimes investigation in Ukraine, about what he saw while touring Bucha and Borodianka.", "link": "https://www.cnn.com/videos/world/2022/04/14/karim-khan-international-war-crimes-prosecutor-ukraine-sot-lead-vpx.cnn", "date_published": "2022-04-14 22:23:23+00:00", "persistent": false, "user": null, "language": "en-US"}, {"source": "http://rss.cnn.com/rss/edition.rss", "title": "Elon Musk says his offer to buy Twitter is about 'the future of civilization,' not making money", "description": "Elon Musk defended his offer to purchase Twitter on Thursday, saying during an on-stage interview at the TED conference that he sees the acquisition as nothing less than a turning point for civilization.", "link": "https://www.cnn.com/2022/04/14/tech/musk-twitter-offer-explanation/index.html", "date_published": "2022-04-14 22:04:17+00:00", "persistent": false, "user": null, "language": "en-US"}, {"source": "http://rss.cnn.com/rss/edition.rss", "title": "Bollywood mega-stars Alia Bhatt and Ranbir Kapoor wed in intimate Mumbai ceremony", "description": "Two of Bollywood's biggest stars, Alia Bhatt and Ranbir Kapoor, tied the knot in Mumbai on Thursday in an intimate ceremony attended by some of the greats of Indian cinema.", "link": "https://www.cnn.com/style/article/alia-bhatt-ranbir-kapoor-wedding-intl-scli/index.html", "date_published": "2022-04-14 19:26:48+00:00", "persistent": false, "user": null, "language": "en-US"}, {"source": "http://rss.cnn.com/rss/edition.rss", "title": "Analyst: This underscores Putin's terrible miscalculation", "description": "CNN global affairs analyst Susan Glasser says that Russian President Vladimir Putin's threat to deploy nuclear weapons if Sweden and Finland join NATO underscores the terrible miscalculation made when he decided to invade Ukraine.", "link": "https://www.cnn.com/videos/world/2022/04/14/putin-miscalculation-nato-susan-glasser-sot-vpx-ip.cnn", "date_published": "2022-04-14 19:14:05+00:00", "persistent": false, "user": null, "language": "en-US"}, {"source": "http://rss.cnn.com/rss/edition.rss", "title": "Some Belarusians want to fight Russians in Ukraine. They also hope to free their country from Putin's grip", "description": "In a wooded area on the Polish side of the Poland-Ukraine border, men dressed in crisp, clean, camouflage are given tourniquets. They kneel on the muddy ground and start to learn basic survival training.", "link": "https://www.cnn.com/2022/04/14/europe/belarus-ukraine-volunteers-intl/index.html", "date_published": "2022-04-14 18:45:05+00:00", "persistent": false, "user": null, "language": "en-US"}, {"source": "http://rss.cnn.com/rss/edition.rss", "title": "Atrocities are piling up across Ukraine. CNN witnessed some of the horrors", "description": "Indiscriminate killings of civilians attempting to flee the violence. Victims found with their hands tied behind their backs. An attack on a maternity hospital, a theater turned shelter bombed. The list of atrocities and apparent war crimes allegedly committed by Russian troops in Ukraine gets longer by the day.", "link": "https://www.cnn.com/2022/04/14/europe/ukraine-russia-atrocities-eyewitness-intl-cmd/index.html", "date_published": "2022-04-14 18:25:57+00:00", "persistent": false, "user": null, "language": "en-US"}, {"source": "http://rss.cnn.com/rss/edition.rss", "title": "ISIS 'Beatle' convicted in relation to kidnapping and deaths of four Americans", "description": "The last member of the ISIS cell known as the \"Beatles,\" a British group of fighters, was convicted by a jury Thursday of assisting in the kidnapping and deaths of four Americans between 2012 and 2015.", "link": "https://www.cnn.com/2022/04/14/politics/isis-beatle-convicted-on-all-counts/index.html", "date_published": "2022-04-14 17:50:58+00:00", "persistent": false, "user": null, "language": "en-US"}, {"source": "http://rss.cnn.com/rss/edition.rss", "title": "Team GB ordered to return Olympic medal from Tokyo 2020 Games", "description": "The British Olympic Association (BOA) announced on Thursday the team was informed by the Court of Arbitration for Sport (CAS) that it must return the silver medals from the 4x100m relay event won during the Tokyo 2020 Olympic Games.", "link": "https://www.cnn.com/2022/04/14/sport/team-gb-return-2020-olympics-medal-spt-intl/index.html", "date_published": "2022-04-14 17:28:34+00:00", "persistent": false, "user": null, "language": "en-US"}, {"source": "http://rss.cnn.com/rss/edition.rss", "title": "Video of mom at Elton John concert goes viral on TikTok", "description": "See the viral TikTok video of a mom's emotional reaction to Elton John in concert during his final tour.", "link": "https://www.cnn.com/videos/media/2022/04/14/elton-john-mom-tiktok-concert-tour-mxp-hln-vpx.hln", "date_published": "2022-04-14 17:08:11+00:00", "persistent": false, "user": null, "language": "en-US"}, {"source": "http://rss.cnn.com/rss/edition.rss", "title": "Even small amounts of exercise fight depression, study says", "description": "Get up and move -- even small doses of physical activity, such as brisk walking, may substantially lower the risk of depression, according to a new data analysis.", "link": "https://www.cnn.com/2022/04/14/health/exercise-depression-study-wellness/index.html", "date_published": "2022-04-14 16:45:20+00:00", "persistent": false, "user": null, "language": "en-US"}, {"source": "http://rss.cnn.com/rss/edition.rss", "title": "See the impact of Russia's war on countries around the world", "description": "Russia's war in Ukraine has caused a shortage of wheat and grain that many countries depend on. CNN's David McKenzie walks through the far-reaching impact of the conflict.", "link": "https://www.cnn.com/videos/world/2022/04/14/russia-ukraine-global-food-security-mckenzie-pkg-ctw-vpx.cnn", "date_published": "2022-04-14 16:32:13+00:00", "persistent": false, "user": null, "language": "en-US"}, {"source": "http://rss.cnn.com/rss/edition.rss", "title": "'It's insane': Johnny Depp's friend breaks down during testimony", "description": "Johnny Depp's longtime friend, Isaac Baruch, took the witness stand in the actor's defamation trial against his ex-wife Amber Heard.", "link": "https://www.cnn.com/videos/media/2022/04/14/johnny-depp-friend-emotional-testimony-amber-heard-defamation-trial-mpx-vpx.hln", "date_published": "2022-04-14 16:24:56+00:00", "persistent": false, "user": null, "language": "en-US"}, {"source": "http://rss.cnn.com/rss/edition.rss", "title": "Man convicted in Colombia of murdering his wife arrested after 27 years on the run, FBI says", "description": "A man who fled to the US from Colombia after the murder his wife in 1994 was arrested Wednesday in Massachusetts, the FBI said in a news release.", "link": "https://www.cnn.com/2022/04/14/us/william-hernando-usma-acosta-arrested/index.html", "date_published": "2022-04-14 16:20:30+00:00", "persistent": false, "user": null, "language": "en-US"}, {"source": "http://rss.cnn.com/rss/edition.rss", "title": "Mitch McConnell reveals a fundamental truth about Donald Trump", "description": "Donald Trump l-o-v-e-s a good scapegoat.", "link": "https://www.cnn.com/2022/04/14/politics/mitch-mcconnell-donald-trump-scapegoat/index.html", "date_published": "2022-04-14 15:25:15+00:00", "persistent": false, "user": null, "language": "en-US"}, {"source": "http://rss.cnn.com/rss/edition.rss", "title": "'They're coming and coming and coming': Hear from Ukrainian soldiers on front line", "description": "CNN's Ben Wedeman speaks to civilians and troops in Ukraine's eastern front as a Russian offensive begins in the region.", "link": "https://www.cnn.com/videos/tv/2022/04/13/eastern-ukraine-on-defense-ben-wedeman-the-lead.cnn", "date_published": "2022-04-14 15:11:26+00:00", "persistent": false, "user": null, "language": "en-US"}, {"source": "http://rss.cnn.com/rss/edition.rss", "title": "Joe Biden's poll numbers just aren't getting any better", "description": "With just more than 200 days left until the 2022 election, there's little evidence that President Joe Biden's poll numbers are improving -- and there's some data to suggest things are getting worse.", "link": "https://www.cnn.com/2022/04/14/politics/biden-approval-rating-polls/index.html", "date_published": "2022-04-14 15:00:41+00:00", "persistent": false, "user": null, "language": "en-US"}, {"source": "http://rss.cnn.com/rss/edition.rss", "title": "Powerful 'rivers in the sky' could cause Antarctic Peninsula's biggest ice shelf to collapse", "description": "When temperatures in Antarctica soared to 38 degrees Celsius above normal -- around 70 Fahrenheit -- in March, a teetering ice shelf the size of Los Angeles collapsed. Scientists don't know what role the extreme temperatures may have played in the event, but the heat rushed in through what's known as an atmospheric river, a long plume of moisture that transports warm air and water vapor from the tropics to other parts of the Earth.", "link": "https://www.cnn.com/2022/04/14/world/antarctica-larsen-c-ice-shelf-atmospheric-rivers-climate-intl/index.html", "date_published": "2022-04-14 14:59:43+00:00", "persistent": false, "user": null, "language": "en-US"}, {"source": "http://rss.cnn.com/rss/edition.rss", "title": "Hong Kong TV series sparks 'brownface' controversy after actor darkens skin", "description": "A Hong Kong TV series has sparked controversy over the use of \"brownface\" after one of its actors darkened her skin with makeup to play a Filipina domestic worker.", "link": "https://www.cnn.com/style/article/hong-kong-tv-series-brownface/index.html", "date_published": "2022-04-14 12:09:25+00:00", "persistent": false, "user": null, "language": "en-US"}, {"source": "http://rss.cnn.com/rss/edition.rss", "title": "Russian Navy's warship is either floating abandoned or at the bottom of the Black Sea", "description": "One of the Russian Navy's most important warships is either floating abandoned or at the bottom of the Black Sea, a massive blow to a military struggling against Ukrainian resistance 50 days into Vladimir Putin's invasion of his neighbor.", "link": "https://www.cnn.com/2022/04/14/europe/russia-navy-cruiser-moskva-fire-abandoned-intl-hnk-ml/index.html", "date_published": "2022-04-14 11:46:17+00:00", "persistent": false, "user": null, "language": "en-US"}, {"source": "http://rss.cnn.com/rss/edition.rss", "title": "Elon Musk offers to buy Twitter", "description": "Elon Musk has made an offer to buy Twitter.", "link": "https://www.cnn.com/2022/04/14/tech/elon-musk-twitter-offer/index.html", "date_published": "2022-04-14 11:43:44+00:00", "persistent": false, "user": null, "language": "en-US"}, {"source": "http://rss.cnn.com/rss/edition.rss", "title": "Colombia soccer great dies after car crash", "description": "Former Colombia soccer captain Freddy Rinc\u00f3n has died after being involved in a car crash in Cali, the hospital treating him said in a statement.", "link": "https://www.cnn.com/2022/04/14/football/freddy-rincon-dies-intl-spt/index.html", "date_published": "2022-04-14 11:20:00+00:00", "persistent": false, "user": null, "language": "en-US"}, {"source": "http://rss.cnn.com/rss/edition.rss", "title": "Curiosity rover comes up against dangerous 'scaly' terrain on Mars", "description": "The Curiosity rover just avoided a near run-in with some razor-sharp rocks on Mars.", "link": "https://www.cnn.com/2022/04/14/world/mars-curiosity-rover-sharp-rocks-scn/index.html", "date_published": "2022-04-14 11:14:26+00:00", "persistent": false, "user": null, "language": "en-US"}, {"source": "http://rss.cnn.com/rss/edition.rss", "title": "Opinion: The gender binary was always a story. Now we can tell ourselves a new one", "description": "As of Monday it is possible for US citizens to select \"X\" instead of \"F\" and \"M\" when applying for a passport. The US has now joined countries such as Germany, Canada, Nepal and Pakistan in offering a third gender category.", "link": "https://www.cnn.com/2022/04/14/world/gender-x-non-binary-language-as-equals-intl-cmd/index.html", "date_published": "2022-04-14 10:46:24+00:00", "persistent": false, "user": null, "language": "en-US"}, {"source": "http://rss.cnn.com/rss/edition.rss", "title": "Covid-19 booster raises antibody levels against Omicron for children ages 5 through 11, Pfizer and BioNTech say", "description": "A third shot of the children's dose of Pfizer/BioNTech's Covid-19 vaccine raised Omicron-fighting antibodies by 36 times in kids 5 through 11 years of age, the companies said in a news release Thursday. The companies plan to request emergency use authorization from the US Food and Drug Administration for a booster dose for this age group.", "link": "https://www.cnn.com/2022/04/14/health/pfizer-booster-5-to-11-results/index.html", "date_published": "2022-04-14 10:45:17+00:00", "persistent": false, "user": null, "language": "en-US"}, {"source": "http://rss.cnn.com/rss/edition.rss", "title": "Seven-time Olympic champion Allyson Felix announces plans to retire after 2022 season", "description": "Allyson Felix -- the most decorated US track and field athlete in Olympics history -- announced that she plans to retire following the conclusion of the 2022 season.", "link": "https://www.cnn.com/2022/04/14/sport/allyson-felix-announces-retirement-spt-intl/index.html", "date_published": "2022-04-14 09:44:57+00:00", "persistent": false, "user": null, "language": "en-US"}, {"source": "http://rss.cnn.com/rss/edition.rss", "title": "Death on a river shows the brutality of Russian occupation", "description": "Lviv, Ukraine (CNN) \u2014 All Vladimir Nesterenko wanted to do when he grew up was to play basketball. The brown haired 12-year-old dribbled and shot hoops with his dad Oleh in the village where they lived in Ukraine's southern Kherson region. He idolized NBA legend Michael Jordan.", "link": "https://www.cnn.com/2022/04/13/europe/ukraine-kherson-russia-boat-family-intl-cmd/index.html", "date_published": "2022-04-14 09:44:43+00:00", "persistent": false, "user": null, "language": "en-US"}, {"source": "http://rss.cnn.com/rss/edition.rss", "title": "Ugly scenes in Madrid as Manchester City edges past Atl\u00e9tico Madrid", "description": "Tensions boiled over as Manchester City reached the semifinals of the UEFA Champions League after surviving an intense battle in the second-leg against Atl\u00e9tico Madrid on Wednesday.", "link": "https://www.cnn.com/2022/04/14/football/manchester-city-atletico-madrid-quarterfinal-champions-league-spt-intl/index.html", "date_published": "2022-04-14 09:26:31+00:00", "persistent": false, "user": null, "language": "en-US"}, {"source": "http://rss.cnn.com/rss/edition.rss", "title": "CNN reporter explains significance of potential missile strike on Russian ship", "description": "There are conflicting reports about why one of the Russian Navy's most important warships is either floating abandoned or at the bottom of the Black Sea.  CNN's Clare Sebastian reports.", "link": "https://www.cnn.com/videos/world/2022/04/14/russia-warship-damage-potential-missile-strike-intl-vpx.cnn", "date_published": "2022-04-14 09:22:48+00:00", "persistent": false, "user": null, "language": "en-US"}, {"source": "http://rss.cnn.com/rss/edition.rss", "title": "Death toll jumps to 259 after flooding washed away roads, destroyed homes in South Africa", "description": "Heavy rains and flooding battered the eastern coast of South Africa on Wednesday, killing at least 259 people, damaging roads and destroying homes.", "link": "https://www.cnn.com/2022/04/13/africa/south-africa-rain-floods-climate-intl/index.html", "date_published": "2022-04-14 08:49:50+00:00", "persistent": false, "user": null, "language": "en-US"}, {"source": "http://rss.cnn.com/rss/edition.rss", "title": "Suspected Brooklyn shooter called in a tip on himself and was arrested about an hour later", "description": "", "link": "https://www.cnn.com/collections/subway-shooting-intl-041322/", "date_published": "2022-04-14 07:58:48+00:00", "persistent": false, "user": null, "language": "en-US"}, {"source": "http://rss.cnn.com/rss/edition.rss", "title": "Putin shrugs off heavy military losses", "description": "", "link": "https://www.cnn.com/collections/intl-ukraine-0413/", "date_published": "2022-04-14 07:49:07+00:00", "persistent": false, "user": null, "language": "en-US"}, {"source": "http://rss.cnn.com/rss/edition.rss", "title": "Opinion: Putin is shifting the goal posts. The West must too", "description": "What was once one of the most beautiful and thriving capitals in Europe has been transformed over weeks of Russian aggression into an eerie ghost town. Monuments to Kyiv's founders and notable Ukrainian cultural leaders have been boarded up to protect them from destruction.", "link": "https://www.cnn.com/2022/04/13/opinions/kyiv-ukraine-russia-brutality-west-bociurkiw/index.html", "date_published": "2022-04-14 07:46:58+00:00", "persistent": false, "user": null, "language": "en-US"}, {"source": "http://rss.cnn.com/rss/edition.rss", "title": "'God's going to help us get through all of this.' A 165 mph tornado causes widespread devastation in Texas community", "description": "After a tornado packing 165 mph winds rolled through Bell County, Texas, Tuesday, JudyLynn Hughes began sifting through what was left of her belongings.", "link": "https://www.cnn.com/2022/04/14/weather/severe-weather-tornadoes-texas-thursday/index.html", "date_published": "2022-04-14 07:41:22+00:00", "persistent": false, "user": null, "language": "en-US"}, {"source": "http://rss.cnn.com/rss/edition.rss", "title": "Meet the people who want to spend the rest of their lives on cruise ships", "description": "Angelyn Burk has been in love with cruising since she boarded a megaship for the first time back in 1992 to sail in the Caribbean.", "link": "https://www.cnn.com/travel/article/living-on-a-cruise-ship-cost-benefits/index.html", "date_published": "2022-04-14 06:56:08+00:00", "persistent": false, "user": null, "language": "en-US"}, {"source": "http://rss.cnn.com/rss/edition.rss", "title": "Analysis: US faces race against time with fresh assault looming", "description": "US officials are confronting fresh questions about whether a massive aid package for Ukraine will arrive soon enough and whether it will be enough to sustain Ukrainian forces in what is turning into a protracted war with Russia.", "link": "https://www.cnn.com/2022/04/14/politics/us-aid-ukraine-race-for-time/index.html", "date_published": "2022-04-14 06:28:29+00:00", "persistent": false, "user": null, "language": "en-US"}, {"source": "http://rss.cnn.com/rss/edition.rss", "title": "New Zealand court grants China's extradition request for murder suspect in landmark case", "description": "New Zealand's top court ruled Wednesday that a murder suspect can be extradited to China to face trial in a landmark decision following a more than decade-long legal battle.", "link": "https://www.cnn.com/2022/04/14/asia/new-zealand-china-extradite-kyung-yup-kim-intl-hnk/index.html", "date_published": "2022-04-14 06:17:00+00:00", "persistent": false, "user": null, "language": "en-US"}, {"source": "http://rss.cnn.com/rss/edition.rss", "title": "What images of Russian trucks say about its military's struggles", "description": "\u2022 Video: He was once Putin's Prime Minister. Now he supports Ukraine", "link": "https://www.cnn.com/2022/04/14/europe/ukraine-war-russia-trucks-logistics-intl-hnk-ml/index.html", "date_published": "2022-04-14 04:06:05+00:00", "persistent": false, "user": null, "language": "en-US"}, {"source": "http://rss.cnn.com/rss/edition.rss", "title": "Cuba Gooding Jr. pleads guilty to forcible touch", "description": "Actor Cuba Gooding Jr. entered a plea of guilty on Wednesday to a misdemeanor charge of forcibly touching a woman at a New York City nightclub in 2018.", "link": "https://www.cnn.com/2022/04/13/entertainment/cuba-gooding-jr/index.html", "date_published": "2022-04-14 03:46:40+00:00", "persistent": false, "user": null, "language": "en-US"}, {"source": "http://rss.cnn.com/rss/edition.rss", "title": "Frantic moment caught on camera as Iowa news crew escapes tornado", "description": "An Iowa meteorologist chasing a storm cuts his live shot short as a tornado touches down nearby.", "link": "https://www.cnn.com/videos/us/2022/04/14/iowa-tornado-meteorologist-news-crew-storms-escape-live-tv-aw-orig.cnn", "date_published": "2022-04-14 03:03:56+00:00", "persistent": false, "user": null, "language": "en-US"}, {"source": "http://rss.cnn.com/rss/edition.rss", "title": "Why the US is giving new, heavier weapons to Ukraine", "description": "For the first time since Russia's invasion of Ukraine, the US is providing Kyiv with the types of high-power capabilities some Biden administration officials viewed as too much of an escalation risk a few short weeks ago.", "link": "https://www.cnn.com/2022/04/13/politics/us-weapons-ukraine-war/index.html", "date_published": "2022-04-14 02:39:53+00:00", "persistent": false, "user": null, "language": "en-US"}, {"source": "http://rss.cnn.com/rss/edition.rss", "title": "Two US cities host Russia-backed radio station that spreads war propaganda", "description": "A radio station sponsored by Russian state media and hosted by Americans is spreading war propaganda in two US cities. CNN's Alex Marquardt reports.", "link": "https://www.cnn.com/videos/media/2022/04/14/russia-backed-radio-sputnik-war-propaganda-us-ac360-marquardt-dnt-vpx.cnn", "date_published": "2022-04-14 02:24:56+00:00", "persistent": false, "user": null, "language": "en-US"}, {"source": "http://rss.cnn.com/rss/edition.rss", "title": "'I had to do something to gain his respect': January 6 defendant testifies he believed Trump sent him to attack on US Capitol", "description": "Alleged rioter Dustin Thompson took the stand in his trial on Wednesday and told a Washington, DC, jury that he believed he had received \"presidential orders\" to go to the US Capitol on January 6, 2021.", "link": "https://www.cnn.com/2022/04/13/politics/january-6-rioter-trump-defense-dustin-thompson/index.html", "date_published": "2022-04-14 01:08:07+00:00", "persistent": false, "user": null, "language": "en-US"}, {"source": "http://rss.cnn.com/rss/edition.rss", "title": "'Kind of a misogynistic thing': Joan Collins pushes back on 'b*tch' characterization", "description": "Golden Globe-winning actress Joan Collins talks with CNN's Chris Wallace about the roles she's played and the label many applied to those characters. \"Who's Talking to Chris Wallace\" is available on CNN+ -- CNN's new subscription streaming service.", "link": "https://www.cnn.com/videos/us/2022/04/13/joan-collins-strong-assertive-roles-cwallace-cnnplus-vpx.cnn", "date_published": "2022-04-14 00:54:33+00:00", "persistent": false, "user": null, "language": "en-US"}, {"source": "http://rss.cnn.com/rss/edition.rss", "title": "Putin critic says he begged friend and fellow Kremlin critic not to go to Moscow", "description": "CNN's Erin Burnett talks to longtime Putin critic Bill Browder about his friend and fellow Putin critic, Vladimir Kara-Murza, being detained in Moscow as fears mount for his safety.", "link": "https://www.cnn.com/videos/world/2022/04/13/bill-browder-putin-critic-ebof-vpx.cnn", "date_published": "2022-04-14 00:53:26+00:00", "persistent": false, "user": null, "language": "en-US"}]