[{"source": "https://www.youtube.com/feeds/videos.xml?channel_id=UCAKcSON6PSG_JkTbXh2WdIg", "title": "Durry - Trauma Queen (live at Flowers Studio for The Current)", "description": "From their parent's basement in Burnsville, MN to Flowers Studio in Minneapolis--the nostalgic indie rock act Durry join The Current for the latest in the Minnesota Sessions series to perform \"Trauma Queen\" from their breakout debut EP, Suburban legends.\n\nYou rely on The Current to keep you connected to the music you love, and we rely on you to power this station. Everything you find here is only possible because of listener support. Give now at: http://www.support.mpr.org/youtube\n\nSubscribe to our channel:\nhttp://www.youtube.com/user/893TheCurrent?sub_confirmation=1\n\nLike/Follow:\nhttps://www.facebook.com/TheCurrent/\nhttps://twitter.com/TheCurrent\nhttps://www.instagram.com/thecurrent/\n\nCredits\nDirector, Camera Op, Editor, Colorist - Evan Clark\nCamera Op, Mix Engineer - Eric Romani\nCamera Op - Tom Campbell\nAudio Recording, Flowers Studio - Kris Johnson\nProducer - Jesse Wiza\nDurry - Austin Durry, Tarryn Durry, Ashley Durry, Dane Hoppe", "link": "https://www.youtube.com/watch?v=JFVUOkcAj1w", "date_published": "2022-04-15 00:00:00+00:00", "persistent": false, "user": null, "language": "en-US"}, {"source": "https://www.youtube.com/feeds/videos.xml?channel_id=UCAKcSON6PSG_JkTbXh2WdIg", "title": "Durry - Who's Laughing Now (live for The Current at Flowers Studio)", "description": "From their parent's basement in Burnsville, MN to Flowers Studio in Minneapolis--the nostalgic indie rock act Durry join The Current for the latest in the Minnesota Sessions series to perform \"Who's Laughing Now\" from their breakout debut EP, Suburban legends.\n\nYou rely on The Current to keep you connected to the music you love, and we rely on you to power this station. Everything you find here is only possible because of listener support. Give now at: http://www.support.mpr.org/youtube\n\nSubscribe to our channel:\nhttp://www.youtube.com/user/893TheCurrent?sub_confirmation=1\n\nLike/Follow:\nhttps://www.facebook.com/TheCurrent/\nhttps://twitter.com/TheCurrent\nhttps://www.instagram.com/thecurrent/\n\nCredits\nDirector, Camera Op, Editor, Colorist - Evan Clark\nCamera Op, Mix Engineer - Eric Romani\nCamera Op - Tom Campbell\nAudio Recording, Flowers Studio - Kris Johnson\nProducer - Jesse Wiza\nDurry - Austin Durry, Tarryn Durry, Ashley Durry, Dane Hoppe", "link": "https://www.youtube.com/watch?v=JvX1uSeH9o0", "date_published": "2022-04-15 00:00:00+00:00", "persistent": false, "user": null, "language": "en-US"}, {"source": "https://www.youtube.com/feeds/videos.xml?channel_id=UCAKcSON6PSG_JkTbXh2WdIg", "title": "Minnesota Sessions: Durry at Flowers Studio (live for The Current)", "description": "From their parent's basement in Burnsville, MN to Flowers Studio in Minneapolis--the nostalgic indie rock act Durry join The Current for the latest in the Minnesota Sessions series to perform tracks from their breakout debut EP, Suburban legends.\n\nSongs Played:\n00:00 Losers Club\n03:45 Trauma Queen\n07:15 Who's Laughing Now\n\nYou rely on The Current to keep you connected to the music you love, and we rely on you to power this station. Everything you find here is only possible because of listener support. Give now at: http://www.support.mpr.org/youtube\n\nSubscribe to our channel:\nhttp://www.youtube.com/user/893TheCurrent?sub_confirmation=1\n\nLike/Follow:\nhttps://www.facebook.com/TheCurrent/\nhttps://twitter.com/TheCurrent\nhttps://www.instagram.com/thecurrent/\n\nCredits\nDirector, Camera Op, Editor, Colorist - Evan Clark\nCamera Op, Mix Engineer - Eric Romani\nCamera Op - Tom Campbell\nAudio Recording, Flowers Studio - Kris Johnson\nProducer - Jesse Wiza\nDurry - Austin Durry, Tarryn Durry, Ashley Durry, Dane Hoppe", "link": "https://www.youtube.com/watch?v=LBG2IQjGBbY", "date_published": "2022-04-15 00:00:00+00:00", "persistent": false, "user": null, "language": "en-US"}, {"source": "https://www.youtube.com/feeds/videos.xml?channel_id=UCAKcSON6PSG_JkTbXh2WdIg", "title": "The Head and the Heart's Jonathan Russell talks 'Every Shade of Blue' (interview with The Current)", "description": "@theheadandtheheart's Jonathan Russell joins Mary Lucia of The Current to discuss the band's 2022 record 'Every Shade of Blue'. Plus, the two talk about overcoming writer's block, navigating touring with children, and the importance of trust in songwriting. \n\nYou rely on The Current to keep you connected to the music you love, and we rely on you to power this station. Everything you find here is only possible because of listener support. Give now at: http://www.support.mpr.org/youtube\n\nSubscribe to our channel:\nhttp://www.youtube.com/user/893TheCurrent?sub_confirmation=1\n\nLike/Follow:\nhttps://www.facebook.com/TheCurrent/\nhttps://twitter.com/TheCurrent\nhttps://www.instagram.com/thecurrent/\n\nCredits: \nGuest - Jonathan Russell\nHost - Mary Lucia\nProducers - Jesse Wiza, Derrick Stevens\nTechnical Director - Peter Ecklund", "link": "https://www.youtube.com/watch?v=A_x9Vu9JOWk", "date_published": "2022-04-14 00:00:00+00:00", "persistent": false, "user": null, "language": "en-US"}]