[{"source": "https://www.youtube.com/feeds/videos.xml?channel_id=UC1W8ShdwtfgjRHdbl1Lctcw", "title": "San Francisco 1920s in Color [60fps, Remastered] w/sound design added", "description": "I colorized, restored and created a sound design for this video of San Francisco 1920s, California Street cable car, Chinatown , Harbor from an elevated view , Golden Gate Park , Steinhart Aquarium , Ferry Building , Ferryboats on Bay, U.S.S. Pennsylvania, long shot, crossing the Bay , Coming into ferry slip at Oakland , Lake Merritt, Oakland, we can clearly see what is happening in broad daylight,\n\nVideo Restoration Process:\n\u2714 FPS boosted to 60 frames per second \n\u2714 Image resolution boosted up to HD \n\u2714 Improved video sharpness and brightness \n\u2714 Colorized only for the ambiance (not historically accurate)\n\u2714added sound design only for the ambiance\n\u2714restoration:(stabilisation,denoise,cleand,deblur) \n\nPlease, be aware that colorization colors are not real and fake, colorization was made only for the ambiance and do not represent real historical data.\n\nThanks to Prelinger Archives share the amazing B&W Video Source\n\nB&W Video Source from: Prelinger Archives on archive.org\nB&W Video Source: https://archive.org/details/0773_Gould_can_5570-1_13_07_42_00\n\nsound design resource: freesound.org, other\n\n- - - - - - - - - - - - - - - - - - - -\n\ud83d\udce8 Contact me at :nassthegoodman@gmail.com\n- - - - - - - - - - - - - - - - - - - -\nFor any Copyright issues, please reach out to us first before filing a claim with YouTube. Send us a message or email detailing your concerns and we'll make sure the matter is resolved immediately. All contact details in our channel's \"About\" page! Please consider \"fair use\" before filing a claim. Thank You!", "link": "https://www.youtube.com/watch?v=PShpDHmrXh8", "date_published": "2022-04-15 00:00:00+00:00", "persistent": false, "user": null, "language": "en-US"}]