[{"source": "https://www.youtube.com/feeds/videos.xml?channel_id=UCQDhxkSxZA6lxdeXE19aoRA", "title": "Repairing Apple's Strangest iPod - Nano 7th Generation", "description": "Making mum proud with a repair of her iPod Nano.\n--------------------------------------Socials-------------------------------------\nWebsite: https://www.hughjeffreys.com\nStore: https://www.hughjeffreys.com/store\nInstagram: http://instagram.com/hughjeffreys\n---------------------------------------Links---------------------------------------\nGet parts, tools and repair guides at iFixit:\nShop US: https://iFixit.com/hughjeffreys\nShop AU: https://ifix.gd/hughjeffreysau\n\nTools I Use: https://www.hughjeffreys.com/tools\n---------------------------------------------------------------------------------------\n\n\n(DISCLAIMER: This description contains affiliate links, which means that if you click on one of the product links, l will receive a small commission.)", "link": "https://www.youtube.com/watch?v=6kGteUfhZEc", "date_published": "2022-06-04 00:00:00+00:00", "persistent": false, "user": null, "language": "en-US"}]