[{"source": "https://www.youtube.com/feeds/videos.xml?channel_id=UCswH8ovgUp5Bdg-0_JTYFNw", "title": "Qatar World Cup - This Goes Deeper Than You Know", "description": "Here is my take on the Qatar World Cup & what it really means for Qatar to hold this competition. #qatar #worldcup #football \n--------------------------------------------------------------------------------------------------------------------------\nFOLLOW and WATCH me LIVE weekdays on Rumble https://rumble.com/russellbrand\n\nJoin The Community STAY FREE AF: https://russellbrand.locals.com/\n\nCome to My Festival COMMUNITY - https://www.russellbrand.com/community-2023/\nNEW MERCH! https://stuff.russellbrand.com/", "link": "https://www.youtube.com/watch?v=J5kkRMq-TBg", "date_published": "2022-11-23 00:00:00+00:00", "persistent": false, "user": null, "language": "en-US"}, {"source": "https://www.youtube.com/feeds/videos.xml?channel_id=UCswH8ovgUp5Bdg-0_JTYFNw", "title": "Wait, Did THIS Really Happen?", "description": "We beat Big Pharma! No you didn\u2019t Joe. But ordinary people found a way of denting the profits of Eli Lilly \u2013 the pharma company making billions from life-saving insulin by charging 4000 times what it costs to produce. Let\u2019s revel in this story. #elililly #bigpharma #twitter \n\nReferences\nhttps://www.fiercepharma.com/marketing/eli-lilly-pulls-twitter-ads-after-blue-check-fallout-report\nhttps://www.forbes.com/sites/brucelee/2022/11/12/fake-eli-lilly-twitter-account-claims-insulin-is-free-stock-falls-43/\nhttps://www.pharmaceutical-technology.com/news/lilly-full-year-2021-revenue/\nhttps://www.commondreams.org/news/2022/11/14/amid-eli-lilly-twitter-fiasco-groups-call-end-insulin-price-gouging\n--------------------------------------------------------------------------------------------------------------------------\nFOLLOW and WATCH me LIVE weekdays on Rumble https://rumble.com/russellbrand\n\nJoin The Community STAY FREE AF: https://russellbrand.locals.com/\n\nCome to My Festival COMMUNITY - https://www.russellbrand.com/community-2023/\nNEW MERCH! https://stuff.russellbrand.com/", "link": "https://www.youtube.com/watch?v=kk7d5JocgvY", "date_published": "2022-11-22 00:00:00+00:00", "persistent": false, "user": null, "language": "en-US"}]