[{"source": "https://www.lemonde.fr/en/science/rss_full.xml", "title": "'France's failure to innovate has significantly contributed to its loss of competitiveness'", "description": "In an op-ed, economists Philippe Aghion and C\u00e9line Antonin advocate a strong increase in funding and compensation for French research.", "link": "https://www.lemonde.fr/en/opinion/article/2022/11/22/france-s-failure-to-innovate-has-significantly-contributed-to-its-loss-of-competitiveness_6005138_23.html", "date_published": "2022-11-22 06:00:13+00:00", "persistent": false, "user": null, "language": "en-US"}, {"source": "https://www.lemonde.fr/en/science/rss_full.xml", "title": "European Space Program: 'The universal presence of space in our daily lives makes it a tool of sovereignty and a powerful lever for growth'", "description": "Philippe Baptiste, President and CEO of the French National Centre for Space Studies, discusses the economic, scientific, military and environmental considerations for the European Space Agency (ESA), whose budget will be discussed on November 22 and 23.", "link": "https://www.lemonde.fr/en/opinion/article/2022/11/22/european-space-program-the-universal-presence-of-space-in-our-daily-lives-makes-it-a-tool-of-sovereignty-and-a-powerful-lever-for-growth_6005130_23.html", "date_published": "2022-11-22 04:05:20+00:00", "persistent": false, "user": null, "language": "en-US"}]