[{"source": "https://www.lemonde.fr/en/rss/une.xml", "title": "OECD urges countries around the world to prioritize the battle against inflation", "description": "According to the Paris-based organization, the energy shock is reaching levels comparable to those of the 1970s. However, a global recession could be avoided.", "link": "https://www.lemonde.fr/en/economy/article/2022/11/22/oecd-urges-countries-around-the-world-to-prioritize-the-battle-against-inflation_6005265_19.html", "date_published": "2022-11-22 22:32:18+00:00", "persistent": false, "user": null, "language": "en-US"}, {"source": "https://www.lemonde.fr/en/rss/une.xml", "title": "War in Ukraine: Ukrainian soldiers accused of executing Russian prisoners", "description": "The UN has called for the allegations to be \"promptly, fully and effectively\" investigated by Kyiv.", "link": "https://www.lemonde.fr/en/international/article/2022/11/22/war-in-ukraine-ukrainian-soldiers-accused-of-executing-russian-prisoners_6005264_4.html", "date_published": "2022-11-22 22:16:20+00:00", "persistent": false, "user": null, "language": "en-US"}, {"source": "https://www.lemonde.fr/en/rss/une.xml", "title": "World Cup 2022: France thumps Australia 4-1 to launch World Cup defense", "description": "Olivier Giroud scored twice as World Cup holders France recovered from the shock of going behind to thump Australia 4-1 in their opener in Qatar on Tuesday, November 22.", "link": "https://www.lemonde.fr/en/sports/article/2022/11/22/france-thumps-australia-4-1-to-launch-world-cup-defense_6005259_9.html", "date_published": "2022-11-22 21:28:31+00:00", "persistent": false, "user": null, "language": "en-US"}, {"source": "https://www.lemonde.fr/en/rss/une.xml", "title": "In China, youth frustration over zero-Covid policy is taking a political turn", "description": "Young people feel robbed of their youth by an increasingly autocratic power, to the point of daring to criticize the regime more openly.", "link": "https://www.lemonde.fr/en/international/article/2022/11/22/in-china-youth-frustration-over-zero-covid-policy-is-taking-a-political-turn_6005251_4.html", "date_published": "2022-11-22 19:00:09+00:00", "persistent": false, "user": null, "language": "en-US"}, {"source": "https://www.lemonde.fr/en/rss/une.xml", "title": "Indonesian earthquake: More than 250 dead and thousands displaced amongst widespread destruction", "description": "The earthquake took place on the island of Java, 100 kilometers from Jakarta, in the mountainous region of Cianjur.", "link": "https://www.lemonde.fr/en/environment/article/2022/11/22/indonesian-earthquake-more-than-250-dead-and-thousands-displaced-amongst-widespread-destruction_6005249_114.html", "date_published": "2022-11-22 17:43:39+00:00", "persistent": false, "user": null, "language": "en-US"}, {"source": "https://www.lemonde.fr/en/rss/une.xml", "title": "Hungary's Orban under pressure over 'revisionist' map scarf", "description": "At a football game, the prime minister wore a scarf that depicted historical Hungary, including parts of Ukraine and neighboring countries.", "link": "https://www.lemonde.fr/en/international/article/2022/11/22/hungary-s-orban-under-pressure-over-revisionist-map-scarf_6005242_4.html", "date_published": "2022-11-22 17:12:56+00:00", "persistent": false, "user": null, "language": "en-US"}, {"source": "https://www.lemonde.fr/en/rss/une.xml", "title": "World Cup 2022: Why Belgium's second jersey was rejected", "description": "The Red Devils were asked to hide the word 'Love' on their second team shirt, but not for reasons relating to FIFA's rejection of the One Love anti-discrimination armbands.", "link": "https://www.lemonde.fr/en/football/article/2022/11/22/world-cup-2022-why-belgium-s-second-jersey-was-rejected_6005236_130.html", "date_published": "2022-11-22 17:04:56+00:00", "persistent": false, "user": null, "language": "en-US"}, {"source": "https://www.lemonde.fr/en/rss/une.xml", "title": "Migrant boat docks in Crete after dramatic rescue", "description": "The ship, holding some 500 migrants, faced gale-force winds over 30 kilometers an hour.", "link": "https://www.lemonde.fr/en/europe/article/2022/11/22/migrant-boat-docks-in-crete-after-dramatic-rescue_6005234_143.html", "date_published": "2022-11-22 17:00:16+00:00", "persistent": false, "user": null, "language": "en-US"}, {"source": "https://www.lemonde.fr/en/rss/une.xml", "title": "France in shock over murder of tax inspector during routine audit", "description": "A French tax inspector was killed during an audit at the home of a dealer in second-hand goods, police say.", "link": "https://www.lemonde.fr/en/france/article/2022/11/22/france-in-shock-over-murder-of-tax-inspector-during-routine-audit_6005232_7.html", "date_published": "2022-11-22 16:55:49+00:00", "persistent": false, "user": null, "language": "en-US"}, {"source": "https://www.lemonde.fr/en/rss/une.xml", "title": "World Cup 2022: Sporting the armband of discord", "description": "Seven European teams claimed they should be allowed to wear the 'One Love' armbands against discrimination during the competition, but FIFA refused to permit them.", "link": "https://www.lemonde.fr/en/football/article/2022/11/22/world-cup-2022-sporting-the-armband-of-discord_6005228_130.html", "date_published": "2022-11-22 16:51:45+00:00", "persistent": false, "user": null, "language": "en-US"}, {"source": "https://www.lemonde.fr/en/rss/une.xml", "title": "International community rallies around Moldova in the face of Russian threat", "description": "France has announced an aid package of \u20ac100 million for the vulnerable former Soviet republic, whose security is considered crucial in the context of the war in Ukraine.", "link": "https://www.lemonde.fr/en/europe/article/2022/11/22/international-community-rallies-around-moldova-in-the-face-of-russian-threat_6005227_143.html", "date_published": "2022-11-22 16:31:47+00:00", "persistent": false, "user": null, "language": "en-US"}, {"source": "https://www.lemonde.fr/en/rss/une.xml", "title": "'My first feminist protest was a liberating moment, I felt badass'", "description": "On the occasion of a major 'Nous Toutes' demonstration across France on November 19, 20-year-old Pauline talks about the intense emotion she felt during her first demonstration, which was decisive in her commitment.", "link": "https://www.lemonde.fr/en/campus/article/2022/11/22/my-first-feminist-protest-was-a-liberating-moment-i-felt-badass_6005224_11.html", "date_published": "2022-11-22 15:46:41+00:00", "persistent": false, "user": null, "language": "en-US"}, {"source": "https://www.lemonde.fr/en/rss/une.xml", "title": "Colombia opens negotiations with National Liberation Army guerrillas", "description": "The National Liberation Army still has 2,500 fighters on the ground.", "link": "https://www.lemonde.fr/en/international/article/2022/11/22/colombia-opens-negotiations-with-national-liberation-army-guerrillas_6005222_4.html", "date_published": "2022-11-22 15:45:14+00:00", "persistent": false, "user": null, "language": "en-US"}, {"source": "https://www.lemonde.fr/en/rss/une.xml", "title": "Social security budget: French PM bypasses Assembl\u00e9e Nationale for the fifth time", "description": "The move was criticized by both right and left groups, who denounced 'an umpteenth forced passage.'", "link": "https://www.lemonde.fr/en/politics/article/2022/11/22/social-security-budget-french-pm-bypasses-assemblee-nationale-for-the-fifth-time_6005220_5.html", "date_published": "2022-11-22 15:29:17+00:00", "persistent": false, "user": null, "language": "en-US"}, {"source": "https://www.lemonde.fr/en/rss/une.xml", "title": "The World Cup Qatari-style: A flat screen in the sand", "description": "During the cooler months, Qataris like to meet in camps in the middle of the desert. On Sunday, November 20, during the opening match of the World Cup, they did not depart from this tradition.", "link": "https://www.lemonde.fr/en/football/article/2022/11/22/the-world-cup-qatari-style-a-flat-screen-in-the-sand_6005217_130.html", "date_published": "2022-11-22 15:24:44+00:00", "persistent": false, "user": null, "language": "en-US"}, {"source": "https://www.lemonde.fr/en/rss/une.xml", "title": "A French start-up offers cheap movie tickets to fill theaters", "description": "Ozzak has already signed with 23 cinemas, including Le Grand Rex in Paris, and is targeting a casual cinema-going clientele.", "link": "https://www.lemonde.fr/en/economy/article/2022/11/22/a-french-start-up-offers-cheap-movie-tickets-to-fill-theaters_6005214_19.html", "date_published": "2022-11-22 15:17:08+00:00", "persistent": false, "user": null, "language": "en-US"}, {"source": "https://www.lemonde.fr/en/rss/une.xml", "title": "The Swedish right and far right seek to create a cultural canon", "description": "After Sweden's September 11 elections, the new majority wants to draw up lists of classics in several cultural domains, similar to what Danes did in 2006.", "link": "https://www.lemonde.fr/en/international/article/2022/11/22/the-swedish-right-and-far-right-seek-to-create-a-cultural-canon_6005206_4.html", "date_published": "2022-11-22 14:40:32+00:00", "persistent": false, "user": null, "language": "en-US"}, {"source": "https://www.lemonde.fr/en/rss/une.xml", "title": "World Cup 2022: Saudi Arabia stuns with victory over Argentina", "description": "Argentina's shock 2-1 World Cup defeat to Saudi Arabia hurt badly as the Copa America champions' long unbeaten run came to a shuddering halt.", "link": "https://www.lemonde.fr/en/sports/article/2022/11/22/world-cup-2022-saudi-arabia-stuns-with-victory-over-argentina_6005201_9.html", "date_published": "2022-11-22 14:09:23+00:00", "persistent": false, "user": null, "language": "en-US"}, {"source": "https://www.lemonde.fr/en/rss/une.xml", "title": "World Cup 2022: Iranian fans divided over support for their team", "description": "In their first game of the competition, Iranian players chose not to sing their national anthem in a show of support for protesters at home, to a mixed reaction from the stands.", "link": "https://www.lemonde.fr/en/football/article/2022/11/22/world-cup-2022-iranian-fans-divided-over-support-for-their-team_6005200_130.html", "date_published": "2022-11-22 14:07:25+00:00", "persistent": false, "user": null, "language": "en-US"}, {"source": "https://www.lemonde.fr/en/rss/une.xml", "title": "China's Guangzhou goes into lockdown to stop major Covid-19 outbreak", "description": "Beijing also announced new Covid restrictions for anyone arriving in the city.", "link": "https://www.lemonde.fr/en/covid-19-pandemic/article/2022/11/22/china-s-guangzhou-goes-into-lockdown-to-stop-major-covid-19-outbreak_6005194_122.html", "date_published": "2022-11-22 13:32:52+00:00", "persistent": false, "user": null, "language": "en-US"}, {"source": "https://www.lemonde.fr/en/rss/une.xml", "title": "The role of charity in the face of cuts to England's NHS", "description": "'The English malaise' (2/6). In this series, 'Le Monde' examines the deepening crisis that England is enduring, marked by political instability and a deteriorating social climate. Part two discovers that the celebrated NHS would have trouble surviving without the help of charities.", "link": "https://www.lemonde.fr/en/united-kingdom/article/2022/11/22/the-role-of-charity-in-the-face-of-cuts-to-england-s-nhs_6005187_135.html", "date_published": "2022-11-22 11:30:14+00:00", "persistent": false, "user": null, "language": "en-US"}, {"source": "https://www.lemonde.fr/en/rss/une.xml", "title": "Iran says it enriches uranium to 60% purity at Fordo site", "description": "Iran has begun producing its production at the Fordo nuclear plant, official media reported Tuesday, describing it as a response to a resolution by the United Nations' nuclear watchdog.", "link": "https://www.lemonde.fr/en/international/article/2022/11/22/iran-says-it-enriches-uranium-to-60-purity-at-fordo-site_6005186_4.html", "date_published": "2022-11-22 11:24:22+00:00", "persistent": false, "user": null, "language": "en-US"}, {"source": "https://www.lemonde.fr/en/rss/une.xml", "title": "Mali junta bans activities of NGOs funded by France", "description": "The Malian government's move comes in response to France's recent decision to halt development aid.", "link": "https://www.lemonde.fr/en/le-monde-africa/article/2022/11/22/mali-junta-bans-activities-of-ngos-funded-by-france_6005185_124.html", "date_published": "2022-11-22 11:19:36+00:00", "persistent": false, "user": null, "language": "en-US"}, {"source": "https://www.lemonde.fr/en/rss/une.xml", "title": "New nose successfully grown on French woman's arm", "description": "Surgeons in France successfully grew a nose on a 50-year-old woman's arm and transplanted it onto her face. She had lost a large portion of her original nose during cancer treatment.", "link": "https://www.lemonde.fr/en/science/article/2022/11/22/new-nose-successfully-grown-on-french-woman-s-arm_6005178_10.html", "date_published": "2022-11-22 10:53:14+00:00", "persistent": false, "user": null, "language": "en-US"}, {"source": "https://www.lemonde.fr/en/rss/une.xml", "title": "Luigi Di Maio's possible appointment to the European diplomatic service is creating waves", "description": "The former leader of the Euroskeptic anti-establishment Five Star Movement party is being considered to represent the European Union in the Gulf. Josep Borrell has yet to validate this choice.", "link": "https://www.lemonde.fr/en/international/article/2022/11/22/luigi-di-maio-s-possible-appointment-to-the-european-diplomatic-service-is-creating-waves_6005173_4.html", "date_published": "2022-11-22 10:34:07+00:00", "persistent": false, "user": null, "language": "en-US"}, {"source": "https://www.lemonde.fr/en/rss/une.xml", "title": "With three heat waves, the summer of 2022 was the deadliest in France since 2003", "description": "France recorded an excess of more than 2,800 deaths during the heat waves, according to new data.", "link": "https://www.lemonde.fr/en/france/article/2022/11/22/with-three-heat-waves-the-summer-of-2022-was-the-deadliest-in-france-since-2003_6005172_7.html", "date_published": "2022-11-22 10:30:16+00:00", "persistent": false, "user": null, "language": "en-US"}, {"source": "https://www.lemonde.fr/en/rss/une.xml", "title": "'Adapting the existing': Paris' plan to reach 40% affordable housing by 2035", "description": "The French capital is planning on converting offices, empty schools, and garages into social and affordable homes to meet this goal.", "link": "https://www.lemonde.fr/en/france/article/2022/11/22/adapting-the-existing-paris-plan-to-reach-40-affordable-housing-by-2035_6005169_7.html", "date_published": "2022-11-22 10:24:01+00:00", "persistent": false, "user": null, "language": "en-US"}, {"source": "https://www.lemonde.fr/en/rss/une.xml", "title": "Cross-Channel migration: An impossible status quo", "description": "The tragedy of November 24, 2021, in which 27 migrants drowned in the English Channel, demonstrates the need for the UK to play its part in the rescue and reception of asylum seekers.", "link": "https://www.lemonde.fr/en/opinion/article/2022/11/22/cross-channel-migration-an-impossible-status-quo_6005166_23.html", "date_published": "2022-11-22 10:12:14+00:00", "persistent": false, "user": null, "language": "en-US"}, {"source": "https://www.lemonde.fr/en/rss/une.xml", "title": "Indonesia earthquake death toll rises to over 250", "description": "Rescuers searching for survivors under the rubble of buildings on Java island have discovered dozens of bodies, making the official death toll jump dramatically.", "link": "https://www.lemonde.fr/en/international/article/2022/11/22/indonesia-earthquake-death-toll-rises-to-over-250_6005165_4.html", "date_published": "2022-11-22 10:08:45+00:00", "persistent": false, "user": null, "language": "en-US"}, {"source": "https://www.lemonde.fr/en/rss/une.xml", "title": "With the World Cup in Qatar, football is undergoing a new test of its endurance", "description": "Football has already had to overcome hardships during its history and it has also had to manage the economic transformation of its model. The World Cup in Qatar represents another challenge, as controversies around the event have multiplied.", "link": "https://www.lemonde.fr/en/football/article/2022/11/22/with-the-world-cup-in-qatar-football-is-undergoing-a-new-test-of-its-endurance_6005158_130.html", "date_published": "2022-11-22 09:53:38+00:00", "persistent": false, "user": null, "language": "en-US"}, {"source": "https://www.lemonde.fr/en/rss/une.xml", "title": "IMF tells France to end its 'whatever it takes' policy", "description": "The Washington-based institution is urging France to funnel aid towards the least well-off in the face of the energy crisis and to accelerate public spending cuts.", "link": "https://www.lemonde.fr/en/economy/article/2022/11/22/imf-tells-france-to-end-its-whatever-it-takes-policy_6005149_19.html", "date_published": "2022-11-22 09:04:50+00:00", "persistent": false, "user": null, "language": "en-US"}, {"source": "https://www.lemonde.fr/en/rss/une.xml", "title": "Greece rescuing hundreds on drifting boat off Crete", "description": "A fishing boat with up to 500 migrants onboard off the coast of Crete made an emergency call to Greek authorites Monday night.", "link": "https://www.lemonde.fr/en/europe/article/2022/11/22/greece-rescuing-hundreds-on-drifting-boat-off-crete_6005148_143.html", "date_published": "2022-11-22 08:47:18+00:00", "persistent": false, "user": null, "language": "en-US"}, {"source": "https://www.lemonde.fr/en/rss/une.xml", "title": "In Portugal, the energy crisis is putting livelihoods at stake", "description": "With more than two-thirds of Portugal's homes failing to meet minimum thermal insulation standards, many households will not be able to keep warm this winter.", "link": "https://www.lemonde.fr/en/economy/article/2022/11/22/in-portugal-the-energy-crisis-is-putting-livelihoods-at-stake_6005131_19.html", "date_published": "2022-11-22 04:08:23+00:00", "persistent": false, "user": null, "language": "en-US"}, {"source": "https://www.lemonde.fr/en/rss/une.xml", "title": "French government cuts length of unemployment insurance by 25%", "description": "Minister of Labor Olivier Dussopt at a press conference described 'difficulties recruiting new employees' that 'justifies a downward adjustment of the maximum duration of compensation.'", "link": "https://www.lemonde.fr/en/politics/article/2022/11/22/french-government-cuts-length-of-unemployment-insurance-by-25_6005129_5.html", "date_published": "2022-11-22 04:04:53+00:00", "persistent": false, "user": null, "language": "en-US"}, {"source": "https://www.lemonde.fr/en/rss/une.xml", "title": "The Louvre Abu Dhabi celebrates its 5th anniversary and hopes for many more", "description": "The commemoration of the cultural institution designed by Jean Nouvel elicits the ambiguity and tension in the marriage between France and the emirates.", "link": "https://www.lemonde.fr/en/culture/article/2022/11/22/the-louvre-abu-dhabi-celebrates-its-5th-anniversary-and-hopes-for-many-more_6005128_30.html", "date_published": "2022-11-22 04:04:34+00:00", "persistent": false, "user": null, "language": "en-US"}, {"source": "https://www.lemonde.fr/en/rss/une.xml", "title": "Who is the world's worst boss?", "description": "Despite stiff competition, Peter Hebblethwaite, the head of P&amp;O was awarded the prize of shame by the International Trade Union Confederation.", "link": "https://www.lemonde.fr/en/economy/article/2022/11/22/who-is-the-world-s-worst-boss_6005127_19.html", "date_published": "2022-11-22 04:04:06+00:00", "persistent": false, "user": null, "language": "en-US"}, {"source": "https://www.lemonde.fr/en/rss/une.xml", "title": "Death of 27 migrants crossing the Channel: Investigators consider criminal charges for French rescuers", "description": "The French police investigating the sinking of a migrant boat that left 27 people dead in November 2021, question the behavior of CROSS (Regional Operating Surveillance and Rescue Centers) who refused to send a rescue ship, despite urgent requests by the British coastguards.", "link": "https://www.lemonde.fr/en/les-decodeurs/article/2022/11/22/death-of-27-migrants-crossing-the-channel-investigators-consider-criminal-charges-for-french-rescuers_6005126_8.html", "date_published": "2022-11-22 04:03:36+00:00", "persistent": false, "user": null, "language": "en-US"}, {"source": "https://www.lemonde.fr/en/rss/une.xml", "title": "World Cups: France has seen it all \u2013 heaven and hell", "description": "France has gone from being the favorite for the 2022 World Cup in Qatar to a team in crisis. Can 'Les Bleus', who play their first game on Tuesday, escape the customary reigning champion slump?", "link": "https://www.lemonde.fr/en/football/article/2022/11/22/world-cups-france-has-seen-it-all-heaven-and-hell_6005125_130.html", "date_published": "2022-11-22 04:00:11+00:00", "persistent": false, "user": null, "language": "en-US"}, {"source": "https://www.lemonde.fr/en/rss/une.xml", "title": "38 dead in factory fire in central China", "description": "China has a history of industrial accidents caused by lax regard to safety measures fueled by rising competition and abetted by corruption among officials.", "link": "https://www.lemonde.fr/en/asia-and-pacific/article/2022/11/22/38-dead-in-factory-fire-in-central-china_6005124_153.html", "date_published": "2022-11-22 03:59:08+00:00", "persistent": false, "user": null, "language": "en-US"}, {"source": "https://www.lemonde.fr/en/rss/une.xml", "title": "World Cup 2022: US settles for draw after Bale penalty", "description": "After a first half dominated by the US, Welsh start Garreth Bale scored an 82nd-minute penalty to break American hearts.", "link": "https://www.lemonde.fr/en/united-states/article/2022/11/22/2022-world-cup-us-settles-for-draw-after-bale-penalty_6005121_133.html", "date_published": "2022-11-22 01:42:34+00:00", "persistent": false, "user": null, "language": "en-US"}]