[{"source": "https://feeds.a.dj.com/rss/RSSWorldNews.xml", "title": "Looming Oil-Supply Shock Launches Debate in OPEC", "description": "The prospect of a European embargo and a price cap on Russian oil, along with rising winter demand, are weighing on the production group.", "link": "https://www.wsj.com/articles/looming-oil-supply-shock-launches-debate-in-opec-11669150705", "date_published": "2022-11-22 21:06:00+00:00", "persistent": false, "user": null, "language": "en-US"}, {"source": "https://feeds.a.dj.com/rss/RSSWorldNews.xml", "title": "Confronting Iran Protests, Regime Uses Brute Force but Secretly Appeals to Moderates", "description": "The unrest poses a serious challenge to the clerical regime\u2019s rule. Purges of rivals and reformists from the government have narrowed officials\u2019 options for a response.", "link": "https://www.wsj.com/articles/iran-protests-government-mahsa-amini-11669137860", "date_published": "2022-11-22 18:11:00+00:00", "persistent": false, "user": null, "language": "en-US"}, {"source": "https://feeds.a.dj.com/rss/RSSWorldNews.xml", "title": "Western Allies Aim to Agree on Russian Oil Price Cap Wednesday", "description": "Officials are discussing setting the price cap at around $60 a barrel, as the group rushes to finalize the plan before it begins early next month.", "link": "https://www.wsj.com/articles/western-allies-aim-to-agree-on-russian-oil-price-cap-wednesday-11669134657", "date_published": "2022-11-22 17:30:00+00:00", "persistent": false, "user": null, "language": "en-US"}, {"source": "https://feeds.a.dj.com/rss/RSSWorldNews.xml", "title": "EU Unveils Proposal to Cap Natural-Gas Prices", "description": "The bloc\u2019s executive arm said its proposal was designed to deal with exceptional circumstances where the benchmark price for natural gas in Europe reaches a certain threshold.", "link": "https://www.wsj.com/articles/eu-unveils-proposal-to-cap-natural-gas-prices-11669129032", "date_published": "2022-11-22 15:45:00+00:00", "persistent": false, "user": null, "language": "en-US"}, {"source": "https://feeds.a.dj.com/rss/RSSWorldNews.xml", "title": "Iran Says It Has Stepped Up Production of Highly Enriched Uranium", "description": "Iranian officials said Tuesday that the country has started producing near-weapons-grade enriched uranium at a second nuclear facility in response to Tehran being formally rebuked last week for failing to cooperate with the United Nations\u2019 atomic-energy agency.", "link": "https://www.wsj.com/articles/iran-says-it-has-stepped-up-production-of-highly-enriched-uranium-11669128351", "date_published": "2022-11-22 14:45:00+00:00", "persistent": false, "user": null, "language": "en-US"}, {"source": "https://feeds.a.dj.com/rss/RSSWorldNews.xml", "title": "Senators Urge Biden Administration to Provide Ukraine With Armed Drones", "description": "A bipartisan group of legislators wants the U.S. to give Ukraine Grey Eagle drones, saying the technology could help Kyiv to hold its territory.", "link": "https://www.wsj.com/articles/senators-urge-biden-administration-to-provide-ukraine-with-armed-drones-11669122668", "date_published": "2022-11-22 13:59:00+00:00", "persistent": false, "user": null, "language": "en-US"}, {"source": "https://feeds.a.dj.com/rss/RSSWorldNews.xml", "title": "Ukraine Launches Assault to Oust Russia From Key Black Sea Peninsula", "description": "Ukrainian forces began an assault on the Kinburn Spit, a strip of land jutting into the sea south of Mykolaiv, that has been occupied for months by Russian forces, as Kyiv looks to open up its besieged ports.", "link": "https://www.wsj.com/articles/ukraine-launches-assault-to-oust-russia-from-key-black-sea-peninsula-11669114391", "date_published": "2022-11-22 13:12:00+00:00", "persistent": false, "user": null, "language": "en-US"}, {"source": "https://feeds.a.dj.com/rss/RSSWorldNews.xml", "title": "Kamala Harris Seeks to Strengthen Philippines Alliance Amid Fraught China Relations", "description": "Vice president touts the proposed expansion of a military pact and pledges $7.5 million for the country\u2019s maritime law-enforcement agencies on a visit to the country.", "link": "https://www.wsj.com/articles/kamala-harris-seeks-to-strengthen-philippines-alliance-amid-fraught-china-relations-11669122344", "date_published": "2022-11-22 13:05:00+00:00", "persistent": false, "user": null, "language": "en-US"}, {"source": "https://feeds.a.dj.com/rss/RSSWorldNews.xml", "title": "A Big Winner From Qatar's World Cup: Dubai", "description": "While its neighbor grapples with a culture clash and the logistics of running the tournament, Dubai is awash with supporters wanting easy access to beer, cheaper accommodation and a setting more accustomed to Western tourism.", "link": "https://www.wsj.com/articles/a-big-winner-from-qatars-world-cup-dubai-11669119365", "date_published": "2022-11-22 12:16:00+00:00", "persistent": false, "user": null, "language": "en-US"}, {"source": "https://feeds.a.dj.com/rss/RSSWorldNews.xml", "title": "Russia's Munitions Shortages Raise Questions Over How Long It Can Continue Ukraine War", "description": "Both sides have suffered heavy losses of men and materiel, but Moscow is more dependent on its shrinking economy to replenish supplies, while Kyiv has powerful backers.", "link": "https://www.wsj.com/articles/russias-munitions-shortages-raise-questions-over-how-long-it-can-continue-ukraine-war-11669107174", "date_published": "2022-11-22 10:30:00+00:00", "persistent": false, "user": null, "language": "en-US"}, {"source": "https://feeds.a.dj.com/rss/RSSWorldNews.xml", "title": "Indonesia Earthquake Death Toll Rises to at Least 268", "description": "Search-and-rescue teams continued to find bodies under wrecked buildings, a day after the 5.6-magnitude quake.", "link": "https://www.wsj.com/articles/after-deadly-indonesia-earthquake-rescue-workers-search-for-survivors-11669110920", "date_published": "2022-11-22 10:27:00+00:00", "persistent": false, "user": null, "language": "en-US"}, {"source": "https://feeds.a.dj.com/rss/RSSWorldNews.xml", "title": "U.S. and Chinese Defense Chiefs Meet in Reflection of Easing Tensions", "description": "The meeting was the latest sign of thawing ties between the two countries after a rupture in August following a trip to Taiwan by House Speaker Nancy Pelosi.", "link": "https://www.wsj.com/articles/u-s-and-chinese-defense-chiefs-meet-in-reflection-of-easing-tensions-11669110111", "date_published": "2022-11-22 09:41:00+00:00", "persistent": false, "user": null, "language": "en-US"}]