[{"source": "http://louderwithcrowder.com/feed/", "title": "Ye exposes what Adidas did to his ApplePay: 'If this can happen to me, this can happen to other Americans'", "description": "<img src=\"https://www.louderwithcrowder.com/media-library/image.png?id=32177664&amp;width=1245&amp;height=700&amp;coordinates=0%2C0%2C0%2C118\" /><br /><br /><p>Ye was a billionaire. Now, he can't access his bank accounts. His crime was saying something that offended the left. They got offended and demanded Ye be canceled. One of the companies that canceled him was Adidas. And now, at least according to Ye, he's lost access to HIS money because Adidas has frozen him out of his ApplePay account.</p><p>This is what we call one of them \"Pay Attention, America\" moments.</p><div class=\"rm-embed embed-media\"><blockquote class=\"twitter-tweet\">Kanye West: \"I went from being a multi-billionaire to not being able to use my ApplePay \"<br />...<br />\"And when I see this, I think, well if this can happen to me, this can happen to other Americans.\" <a href=\"https://t.co/S3Vlk7IbPP\">pic.twitter.com/S3Vlk7IbPP</a><br />\u2014 Catch Up (@CatchUpNetwork) <a href=\"https://twitter.com/CatchUpNetwork/status/1595144433279737856?ref_src=twsrc%5Etfw\">November 22, 2022</a></blockquote> </div><blockquote>I went from being a multi-billionaire to not being able to use my ApplePay four nights ago. Somehow, Addidas was allowed to go in and freeze my money. And when I see this, I think, well if this can happen to me, this can happen to other Americans. And for what? This can happen to you for saying the wrong idea out loud.</blockquote><p class=\"shortcode-media shortcode-media-rebelmouse-image\">\n<img alt=\"\" class=\"rm-shortcode\" id=\"e0629\" src=\"https://www.louderwithcrowder.com/media-library/image.gif?id=32177666&amp;width=980\" />\n</p><p>This is no longer about the specific wrong idea Ye said out loud. All I'll say about that is <a href=\"https://www.louderwithcrowder.com/dave-chappelle-snl\" target=\"_blank\">I denounce anti-Semitism in all its forms and I stand with my friends in the Jewish community</a>.</p><p>But to Ye's broader point, it's already happening to other citizens. It's not just for saying the wrong thing. It's for thinking the wrong thing, or for otherwise not embracing the left's agenda.</p><p>Banks can <a href=\"https://www.louderwithcrowder.com/paypal-terms-changed\" target=\"_blank\">take money out of your accounts</a> for spreading what they call \"misinformation.\" <a href=\"https://www.louderwithcrowder.com/xcel-energy-thermostats\" target=\"_blank\">Your energy company can control the thermostat in YOUR HOME</a> if the government *suggests* keeping things at a normal temperature. And this is all in a country where we still have a Bill of Rights for now. In Canada, <a href=\"https://www.louderwithcrowder.com/justin-trudeau-emergencies-act\" target=\"_blank\">they will freeze your bank accounts</a> for peacefully protesting and <a href=\"https://www.louderwithcrowder.com/freedom-convoy-police-facebook\" target=\"_blank\">send police to your house</a> for Facebook posts.</p><p>The government can do most of all this, and if they need to work with businesses to work around the Constitution for the rest. It's happening now. Ye is nothing more than the most famous person we've seen it happen to. Let's hope that at least amplifies it.</p><p><p>\n<em><strong>Editor\u2019s Note</strong>\n</em>\n</p>\n<p>\n<em><strong><a href=\"https://lwcnewswire.substack.com/\" target=\"_blank\">LwC is on Substack now</a></strong>! Each day we overwhelm your brains with the content you've come to love from the Louder with Crowder Dot Com website.. but algorithms hide our ranting and raving as best they can. The best way to stick it to Big Tech? </em><strong><a href=\"https://lwcnewswire.substack.com/\" target=\"_blank\"><em>Subscribe to For the Content!</em></a></strong>\n</p></p><p class=\"shortcode-media shortcode-media-youtube\">\n<span class=\"rm-shortcode\" style=\"display: block; padding-top: 56.25%;\"></span>\n<small class=\"image-media media-caption\">Iran Soccer RISKS IT ALL at the World Cup | Louder With Crowder</small>\n<small class=\"image-media media-photo-credit\">\n<a href=\"https://youtu.be/Ki4WbUW5vVk\" target=\"_blank\">youtu.be</a>\n</small>\n</p>", "link": "https://www.louderwithcrowder.com/ye-applepay-other-americans", "date_published": "2022-11-22 22:46:21+00:00", "persistent": false, "user": null, "language": "en-US"}, {"source": "http://louderwithcrowder.com/feed/", "title": "There is a vegan hotline for people triggered by Thanksgiving because being vegan isn't embarrassing enough", "description": "<img src=\"https://www.louderwithcrowder.com/media-library/image.png?id=32176494&amp;width=1245&amp;height=700&amp;coordinates=0%2C58%2C0%2C60\" /><br /><br /><p>For Thanksgiving this year, in between sips of bourbon and Buffalo Bills touchdowns, I will be smoking the Thanksgiving Tri-Tip along with smoking my Mesquittewood Mac. It boasts seven different cheeses! Everything comes from a cow in one form or the other. Why? Because meat and cheese are delicious. Other people choose to be miserable and shun animal-based deliciousness for whatever reason they are signaling their virtue for that week. They are called <a href=\"https://www.louderwithcrowder.com/animal-rights-activists-shish-kebaab\" target=\"_blank\">vegans</a>.</p><p>Because being around meat can be triggering for <a href=\"https://www.louderwithcrowder.com/starbucks-cement-vegan\" target=\"_blank\">vegans</a>, and because <a href=\"https://www.louderwithcrowder.com/vegan-chicken-cries\" target=\"_blank\">vegans</a> don't give us enough to laugh at them over, there is now a Thanksgiving Emotional Support Hotline. I swear I <a href=\"https://notthebee.com/article/triggered-by-all-the-meat-and-dairy-grandma-cooked-up-for-thanksgiving-you-can-call-this-vegan-hotline-for-emotional-support\" target=\"_blank\">got this from <em>Not</em> the Bee</a> and not their brother site.</p><div class=\"rm-embed embed-media\"><blockquote class=\"twitter-tweet\">OMG! <a href=\"https://twitter.com/hashtag/Vegans?src=hash&amp;ref_src=twsrc%5Etfw\">#Vegans</a>, did U hear we have our own support hotline to survive <a href=\"https://twitter.com/hashtag/Thanksgiving?src=hash&amp;ref_src=twsrc%5Etfw\">#Thanksgiving</a>? TY, <a href=\"https://twitter.com/oatly?ref_src=twsrc%5Etfw\">@oatly</a>!<br /><br />I called + it's legit. And yeah, I might have pressed 3 to scream ... b/c I get depressed that >45 million turkeys are killed. Who even likes turkey anyway?<a href=\"https://t.co/aj2FP8m7XJ\">https://t.co/aj2FP8m7XJ</a><br />\u2014 Karen Asp \ud83c\udf31\ud83d\udc3e\u270d\ufe0f\ud83d\udc5f (@karenaspwriter) <a href=\"https://twitter.com/karenaspwriter/status/1594735615383420928?ref_src=twsrc%5Etfw\">November 21, 2022</a></blockquote> </div><p>No truth to the rumor that the phone number is 1-800-H8T-MEAT. But should you find yourself surrounded by people who have a different opinion than you and are unable to \"deal,\" the Vegan Emotional Support Hotline has got you covered.</p><p>Press 1 for \"personal affirmations to help emotionally navigate a traditional meat- and dairy-heavy Thanksgiving dinner.\" Also to remind you that, contrary to what your cousin Chad says, you are not a soyboy.</p><p>Press 2 for \"useful stats and talking points\" about veganism and climate. Because the best way to prevent the trauma of Thanksgiving dinner is to ensure you are never invited back.</p><p>Press 3 to scream into the phone. Yes, you need to dial a number and press option 3 to scream. As opposed to, you know, just screaming.</p><p>And pressing 4 gives you a motivational speech inspired by the movie <em>Rudy</em>, the most overrated sports movie ever.</p><p>There's also an option for tips on \"weaving the benefits of plant-based eating into conversation.\" That goes back to making sure you never get invited back.</p><p>Or, and this is an option, you can exercise self-control over your fee-fees and choose not to be lame during Thanksgiving. </p><p>I'll let you in on a little secret. Most of us normie carnivores don't give a <a href=\"https://www.louderwithcrowder.com/weird-dude-bug-burgers\" target=\"_blank\">bug burger</a> that you are vegan and choose to deprive yourself of happiness. You do you. It's when you refuse to shut up about it and make <em>our</em> lives miserable that we decide we don't want you around. </p><p>You can eat your bug-based soy. I'll eat my cow-based steak. Happy Thanksgiving!</p><p><p>\n<em><strong>Editor\u2019s Note</strong>\n</em>\n</p>\n<p>\n<em><strong><a href=\"https://lwcnewswire.substack.com/\" target=\"_blank\">LwC is on Substack now</a></strong>! Each day we overwhelm your brains with the content you've come to love from the Louder with Crowder Dot Com website.. but algorithms hide our ranting and raving as best they can. The best way to stick it to Big Tech? </em><strong><a href=\"https://lwcnewswire.substack.com/\" target=\"_blank\"><em>Subscribe to For the Content!</em></a></strong>\n</p></p><p class=\"shortcode-media shortcode-media-youtube\">\n<span class=\"rm-shortcode\" style=\"display: block; padding-top: 56.25%;\"></span>\n<small class=\"image-media media-caption\">How The Media GASLIGHTS The Masses | Louder With Crowder</small>\n<small class=\"image-media media-photo-credit\">\n<a href=\"https://youtu.be/xjVSOb0y0FM\" target=\"_blank\">youtu.be</a>\n</small>\n</p><p><br /></p>", "link": "https://www.louderwithcrowder.com/vegan-hotline-thanksgiving", "date_published": "2022-11-22 19:43:48+00:00", "persistent": false, "user": null, "language": "en-US"}, {"source": "http://louderwithcrowder.com/feed/", "title": "Watch: Ice Cube confirms not getting the 'motherf***ing jab' cost him nine million dollars in Hollywood", "description": "<img src=\"https://www.louderwithcrowder.com/media-library/image.png?id=32175928&amp;width=1245&amp;height=700&amp;coordinates=0%2C0%2C0%2C118\" /><br /><br /><p>It seems like so long ago that in America you could lose work and lose your livelihood over your personal health decisions. Especially knowing what we know now that the people forcing those personal health decisions were wrong. Though, some of us knew then that those people were wrong. Like Editor Emeritus Courtney Kirchoff, and rapper/actor <a href=\"https://www.louderwithcrowder.com/ice-cube-trending-black-america\" target=\"_blank\">Ice Cube</a>.</p><p>Ice Cube was rumored to have turned down a NINE MILLION DOLLAR MOVIE ROLE because he refused to make the personal medical decision Hollywood wanted him to make. As Cube confirmed on the Million Dollaz Worth of Game podcast, the Fauci Ouchie mandates did in fact f*ck him with no vaseline.</p><p class=\"shortcode-media shortcode-media-rumble\">\n\n</p>\n<blockquote>I turned down a movie because I didn't want to get the motherf*cking jab. I turned down nine million because I didn't want to get the jab. </blockquote><p>It all seems so silly a year later, now that we know the jab didn't prevent people from getting sick AND that most if not all mandates have been rescinded. I wonder if Ice Cube has any feelings about that.</p><blockquote>F*ck that jab. And f*ck y'all for trying to make me get it. </blockquote><p class=\"shortcode-media shortcode-media-rebelmouse-image\">\n<img alt=\"\" class=\"rm-shortcode\" id=\"d0822\" src=\"https://www.louderwithcrowder.com/media-library/image.gif?id=32175964&amp;width=980\" />\n</p>\n<p>As originally reported by <a href=\"https://www.louderwithcrowder.com/ice-cube-movie-walks-away\" target=\"_blank\">the Louder with Crowder Dot Com website</a>, Ice Cube was supposed to star in a movie called <em>Oh Hell No</em>. Cube had signed on to the film in June 2021 when being allowed to make personal medical decisions wasn't frowned upon. Months later, the producers answered Joe Biden's call to mandate employees do what Joe Biden wanted them to do at the time. Producers told Ice Cube that he needed to stick a needle in his arm. Cube said \"F*ck Tha Mandate\" and bounced.</p><p>I can only hope that the next time Ice Cube meets with the producer who yanked the movie deal over \"the science,\" a member of Cube's entourage has their smartphone recording. We've all seen <em>Straight Out of Compton</em>.</p><p class=\"shortcode-media shortcode-media-rebelmouse-image\">\n<img alt=\"\" class=\"rm-shortcode\" id=\"a30cc\" src=\"https://www.louderwithcrowder.com/media-library/image.gif?id=32176014&amp;width=980\" />\n</p><p>At least in Ice Cube's case, he's rich and has money to fall back on. Others didn't, and some of them are still unemployed because of a personal medical decision we know now they were not wrong about.</p><p>Also, Cube didn't jab AND managed to not catch schmovid either. Go figure.</p><p><p>\n<em><strong>Editor\u2019s Note</strong>\n</em>\n</p>\n<p>\n<em><strong><a href=\"https://lwcnewswire.substack.com/\" target=\"_blank\">LwC is on Substack now</a></strong>! Each day we overwhelm your brains with the content you've come to love from the Louder with Crowder Dot Com website.. but algorithms hide our ranting and raving as best they can. The best way to stick it to Big Tech? </em><strong><a href=\"https://lwcnewswire.substack.com/\" target=\"_blank\"><em>Subscribe to For the Content!</em></a></strong>\n</p></p><p class=\"shortcode-media shortcode-media-youtube\">\n<span class=\"rm-shortcode\" style=\"display: block; padding-top: 56.25%;\"></span>\n<small class=\"image-media media-caption\">Elon BRINGS BACK Trump, LET THAT SINK IN!!! | Louder With Crowder</small>\n<small class=\"image-media media-photo-credit\">\n<a href=\"https://youtu.be/qROpsszu5U0\" target=\"_blank\">youtu.be</a>\n</small>\n</p>", "link": "https://www.louderwithcrowder.com/ice-cube-nine-million", "date_published": "2022-11-22 18:31:32+00:00", "persistent": false, "user": null, "language": "en-US"}, {"source": "http://louderwithcrowder.com/feed/", "title": "Watch: Weird dude is way too excited for you to try his burger made of bugs", "description": "<img src=\"https://www.louderwithcrowder.com/media-library/image.png?id=32167746&amp;width=1245&amp;height=700&amp;coordinates=0%2C5%2C0%2C113\" /><br /><br /><p>Research has shown testosterone levels in men have dropped nearly 25% over the last quarter century. Also, you may know it, but this guy explaining how easy it is to eat his \"bug burgers\" is responsible for 24% of that.</p><div class=\"rm-embed embed-media\"><blockquote class=\"twitter-tweet\">\ud83e\udd22 <a href=\"https://t.co/nR1uj5FqM1\">pic.twitter.com/nR1uj5FqM1</a><br />\u2014 Clown World \u2122 \ud83e\udd21 (@ClownWorld_) <a href=\"https://twitter.com/ClownWorld_/status/1594755304142827521?ref_src=twsrc%5Etfw\">November 21, 2022</a></blockquote> </div><p>Crowder and the gang had A LOT to say about it on today's show.<br /></p><p class=\"shortcode-media shortcode-media-youtube\">\n<span class=\"rm-shortcode\" style=\"display: block; padding-top: 56.25%;\"></span>\n<small class=\"image-media media-caption\">NEWSFLASH IDIOTS! CBS Discovers Hunter Biden Laptop and AP Tries to Start WW3 | Louder with Crowder</small>\n<small class=\"image-media media-photo-credit\">\n<a href=\"https://youtu.be/yhEOS23GsE8?t=642\" target=\"_blank\">youtu.be</a>\n</small>\n</p><p>It's weird when we're saying the same thing. He's saying \"look at that.\" And we're saying LOOK AT THAT! Gross.</p><p class=\"shortcode-media shortcode-media-rebelmouse-image\">\n<img alt=\"\" class=\"rm-shortcode\" id=\"23167\" src=\"https://www.louderwithcrowder.com/media-library/image.gif?id=32169311&amp;width=980\" />\n</p><p>Here's the thing. If you want to eat bugs, fine. Whatever. You do you.</p><p>But, the problem is they want you ALL to eat bugs.</p><p class=\"shortcode-media shortcode-media-rebelmouse-image\">\n<img alt=\"\" class=\"rm-shortcode\" id=\"7fdc6\" src=\"https://www.louderwithcrowder.com/media-library/image.gif?id=32169424&amp;width=980\" />\n</p><p>Also on today's show, CBS News discovers Hunter Biden's laptop, two years later. Go figure? Also, the Iranian soccer team showed real courage in standing up against their oppressive regime. Other virtue-signaling soccer teams, not so much. Taylor Swift fans refuse to calm down about Ticketmaster. And the Associated Press fired the guy who almost started World War III.</p><p><p>\n<em><strong>Editor\u2019s Note</strong>\n</em>\n</p>\n<p>\n<em><strong><a href=\"https://lwcnewswire.substack.com/\" target=\"_blank\">LwC is on Substack now</a></strong>! Each day we overwhelm your brains with the content you've come to love from the Louder with Crowder Dot Com website.. but algorithms hide our ranting and raving as best they can. The best way to stick it to Big Tech? </em><strong><a href=\"https://lwcnewswire.substack.com/\" target=\"_blank\"><em>Subscribe to For the Content!</em></a></strong>\n</p></p>", "link": "https://www.louderwithcrowder.com/weird-dude-bug-burgers", "date_published": "2022-11-22 17:15:40+00:00", "persistent": false, "user": null, "language": "en-US"}, {"source": "http://louderwithcrowder.com/feed/", "title": "News Flash: IDIOTS! CBS Discovers Hunter Biden Laptop and AP Tries to Start WW3 (Show Notes)", "description": "<img src=\"https://www.louderwithcrowder.com/media-library/image.jpg?id=32166214&amp;width=1245&amp;height=700&amp;coordinates=0%2C0%2C0%2C1\" /><br /><br /><p>CBS News discovers Hunter Biden's laptop, two years later. Go figure? Also, the Iranian soccer team showed real courage in standing up against their oppressive regime. Other virtue-signaling soccer teams, not so much. Taylor Swift fans refuse to calm down about Ticketmaster. And the Associated Press fired the guy who almost started World War III.</p><p class=\"shortcode-media shortcode-media-youtube\">\n<span class=\"rm-shortcode\" style=\"display: block; padding-top: 56.25%;\"></span>\n<small class=\"image-media media-caption\">NEWSFLASH IDIOTS! CBS Discovers Hunter Biden Laptop and AP Tries to Start WW3 | Louder with Crowder</small>\n<small class=\"image-media media-photo-credit\">\n<a href=\"https://youtu.be/yhEOS23GsE8\" target=\"_blank\">youtu.be</a>\n</small>\n</p><p><strong>TICKETMASTER MELTDOWN</strong></p><ul><li><a href=\"https://www.yahoo.com/entertainment/taylor-swift-eras-tour-ticket-debacle-explained-234745687.html\" rel=\"noopener noreferrer\" target=\"_blank\">Taylor Swift 'Eras' tour ticket debacle explained</a></li><li><a href=\"https://www.yahoo.com/entertainment/taylor-swift-eras-tour-ticket-debacle-explained-234745687.html\" rel=\"noopener noreferrer\" target=\"_blank\"></a><a href=\"https://www.theguardian.com/music/2022/nov/18/taylor-swift-tickets-ticketmaster-live-nation-us-justice-department\" rel=\"noopener noreferrer\" target=\"_blank\">Taylor Swift slams Ticketmaster over \u2018excruciating\u2019 ticket debacle</a></li><li><a href=\"https://www.theguardian.com/music/2022/nov/18/taylor-swift-tickets-ticketmaster-live-nation-us-justice-department\" rel=\"noopener noreferrer\" target=\"_blank\"></a><a href=\"https://www.youtube.com/watch?v=8cE6jN5TrMw\" rel=\"noopener noreferrer\" target=\"_blank\">Senator Klobuchar: Ticketmaster Is A Story Of A Monopoly Gone Wild</a><span></span></li></ul><p><strong>WORLD CUP REAL BRAVERY VS. VIRTUE SIGNALING (QH)</strong></p><ul><li><a href=\"https://twitter.com/jonstewart/status/1594784586781052928?s=20&amp;t=pjqrgrVaSzj6WHqrvwWB4A\" target=\"_blank\">In solidarity with the incredible courage and resilience of the women of Iran.</a></li><li><a href=\"https://iranwire.com/en/politics/110126-at-least-378-killed-in-iran-protest-crackdown-rights-group-says/\" target=\"_blank\">At Least 378 killed In Iran Protest Crackdown, Rights Group Says</a></li><li><a href=\"https://time.com/6234737/iran-protesters-sentences-death-penalty/\" target=\"_blank\">What to Know About Protesters Facing Execution in Iran</a></li><li><a href=\"https://twitter.com/OxfordDiplomat/status/1594957040698511361?s=20&amp;t=pjqrgrVaSzj6WHqrvwWB4A\" target=\"_blank\">Iran\u2019s World Cup captain</a><span></span></li></ul><p><strong>AP Fires Reporter of Poland Missile Fiasco</strong></p><ul><li><a href=\"https://nypost.com/2022/11/22/associated-press-fires-reporter-over-retracted-russian-missiles-story-report/\" target=\"_blank\">Associated Press fires reporter over retracted Russian missiles story: report</a></li><li><a href=\"https://nypost.com/2022/11/22/associated-press-fires-reporter-over-retracted-russian-missiles-story-report/\" target=\"_blank\"></a><a href=\"https://www.cnn.com/2022/11/16/europe/poland-missile-russia-ukraine-investigation-wednesday-intl-hnk\" target=\"_blank\">Poland, NATO say missile that killed two likely fired by Ukraine defending against Russian attack</a></li><li><a href=\"https://www.cnn.com/2022/11/16/europe/poland-missile-russia-ukraine-investigation-wednesday-intl-hnk\" target=\"_blank\"></a><a href=\"https://apnews.com/article/russia-ukraine-war-zelenskyy-kherson-9202c032cf3a5c22761ee71b52ff9d52\" rel=\"noopener noreferrer\" target=\"_blank\">Correction: Russia-Ukraine-War story</a></li><li><a href=\"https://apnews.com/article/russia-ukraine-war-zelenskyy-kherson-9202c032cf3a5c22761ee71b52ff9d52\" rel=\"noopener noreferrer\" target=\"_blank\"></a><a href=\"https://www.youtube.com/watch?v=bdfvo2SUqzc&amp;t=1s\" rel=\"noopener noreferrer\" target=\"_blank\">Two killed after missiles cross into Poland</a><span></span></li><li><span></span><a href=\"https://www.ap.org/about/\" target=\"_blank\">Advancing the power of facts</a></li></ul><p><strong>CBS AND HUNTER BIDEN\u2019S LAPTOP </strong></p><ul><li><a href=\"https://www.cbsnews.com/news/hunter-biden-laptop-data-analysis/\" target=\"_blank\">Copy of what's believed to be Hunter Biden's laptop data turned over by repair shop to FBI showed no tampering, analysis says</a></li><li><a href=\"https://www.cbsnews.com/news/hunter-biden-laptop-data-analysis/\" target=\"_blank\"></a><a href=\"https://www.youtube.com/watch?v=FdAh2HJ98WE\" target=\"_blank\">President Donald Trump: The 60 Minutes 2020 Election Interview</a></li><li><a href=\"https://nypost.com/2020/10/14/email-reveals-how-hunter-biden-introduced-ukrainian-biz-man-to-dad/\" rel=\"noopener noreferrer\" target=\"_blank\">Smoking-gun email reveals how Hunter Biden introduced Ukrainian businessman to VP dad</a></li><li><a href=\"https://nypost.com/2020/10/14/email-reveals-how-hunter-biden-introduced-ukrainian-biz-man-to-dad/\" rel=\"noopener noreferrer\" target=\"_blank\"></a><a href=\"https://nypost.com/2020/10/14/facebook-twitter-block-the-post-from-posting/\" rel=\"noopener noreferrer\" target=\"_blank\">Twitter, Facebook censor Post over Hunter Biden expos\u00e9</a></li><li><a href=\"https://www.youtube.com/watch?v=bPiofmZGb8o\" rel=\"noopener noreferrer\" target=\"_blank\">Second 2020 Presidential Debate between Donald Trump and Joe Biden</a></li><li><a href=\"https://www.youtube.com/watch?v=bPiofmZGb8o\" rel=\"noopener noreferrer\" target=\"_blank\"></a><a href=\"https://www.rasmussenreports.com/public_content/politics/partner_surveys/most_voters_say_hunter_biden_s_laptop_from_hell_still_an_important_story\" rel=\"noopener noreferrer\" target=\"_blank\">Most Voters Say Hunter Biden\u2019s \u2018Laptop From Hell\u2019 Still an Important Story</a></li><li><a href=\"https://www.rasmussenreports.com/public_content/politics/partner_surveys/most_voters_say_hunter_biden_s_laptop_from_hell_still_an_important_story\" rel=\"noopener noreferrer\" target=\"_blank\"></a><a href=\"https://www.youtube.com/watch?v=BN3PIGLDscQ\" rel=\"noopener noreferrer\" target=\"_blank\">Mark Zuckerberg Answers to Facebook's Moderation of Controversial Content</a><span></span></li><li><span></span><a href=\"https://www.nytimes.com/2020/10/22/us/politics/hunter-biden-laptop.html\" target=\"_blank\">What We Know and Don\u2019t About Hunter Biden and a Laptop</a></li></ul><p><p>\n<em><strong>Editor\u2019s Note</strong>\n</em>\n</p>\n<p>\n<em><strong><a href=\"https://lwcnewswire.substack.com/\" target=\"_blank\">LwC is on Substack now</a></strong>! Each day we overwhelm your brains with the content you've come to love from the Louder with Crowder Dot Com website.. but algorithms hide our ranting and raving as best they can. The best way to stick it to Big Tech? </em><strong><a href=\"https://lwcnewswire.substack.com/\" target=\"_blank\"><em>Subscribe to For the Content!</em></a></strong>\n</p></p>", "link": "https://www.louderwithcrowder.com/show-notes-hunter-cbs-news", "date_published": "2022-11-22 15:14:03+00:00", "persistent": false, "user": null, "language": "en-US"}, {"source": "http://louderwithcrowder.com/feed/", "title": "Tampax feels this vulgar and sexualized tweet is an effective way to sell more feminine hygiene products", "description": "<img src=\"https://www.louderwithcrowder.com/media-library/image.jpg?id=32158197&amp;width=600&amp;height=600&amp;coordinates=221%2C0%2C221%2C0\" /><br /><br /><p>Tampax, maker of tampons, is a product women use when the way God intelligently designed their bodies makes them hate everyone for a few days every month. When I saw the feminine hygiene product trending on Twitter, I assumed it would be a campaign to market their product to people who have no biological reason to use it. <a href=\"https://www.louderwithcrowder.com/baymax-disney-video-leaked\" target=\"_blank\">Since this is 2022</a> and it would be <a href=\"https://www.louderwithcrowder.com/california-menstrual-products-to-men\" target=\"_blank\">a beautiful and brave thing for them to do</a>.</p><p>I got the marketing part right. I'm not so sure who the target audience for this is though:</p><div class=\"rm-embed embed-media\"><blockquote class=\"twitter-tweet\">You're in their DMs. We're in them. <br />We are not the same.<br />\u2014 Tampax US (@Tampax) <a href=\"https://twitter.com/Tampax/status/1594719218632720385?ref_src=twsrc%5Etfw\">November 21, 2022</a></blockquote> </div><blockquote>You're in their DMs. We're in them. <br /><br />We are not the same.<br /></blockquote><p class=\"shortcode-media shortcode-media-rebelmouse-image\">\n<img alt=\"\" class=\"rm-shortcode\" id=\"f42ea\" src=\"https://www.louderwithcrowder.com/media-library/image.gif?id=32158818&amp;width=980\" />\n</p>\n<p>This tweet takes the expression \"slide into their DMs,\" which is when someone will contact someone from the female persuasion via direct message to say 'Sup,\" \"You up,\" or to lay the groundwork for future sexual activity. And compares it to the fact the Tampax product is literally inserted into the person using said product. Ironically enough, in the same place a person sliding into your DMs would like to insert themselves.<br /></p><p>Unclear is what connection the two have to do with each other. Or what the target audience of this new marketing campaign is.</p><div class=\"rm-embed embed-media\"><blockquote class=\"twitter-tweet\">I don\u2019t even have a vaginer but this post is so hip and relatable that I\u2019m going to start finding a way to use your product (anally).<br />\u2014 LOGAN (@GatoradeUser) <a href=\"https://twitter.com/GatoradeUser/status/1594776970927407104?ref_src=twsrc%5Etfw\">November 21, 2022</a></blockquote> </div><p>There remains the possibility this is a rogue employee on the Tampax social media team. This would not be the first time a social media brand's Twitter account went into business for itself. The ensuing humor when these incidents occur could be either <a href=\"https://www.louderwithcrowder.com/steak-umm-neil-degrasse-tyson\" target=\"_blank\">intentional</a> or <a href=\"https://www.louderwithcrowder.com/pabst-blue-ribbon-apology\" target=\"_blank\">unintentional</a>. We here at the Louder with Crowder website are unsure which one this is.</p><p><p>\n<em><strong>Editor\u2019s Note</strong>\n</em>\n</p>\n<p>\n<em><strong><a href=\"https://lwcnewswire.substack.com/\" target=\"_blank\">LwC is on Substack now</a></strong>! Each day we overwhelm your brains with the content you've come to love from the Louder with Crowder Dot Com website.. but algorithms hide our ranting and raving as best they can. The best way to stick it to Big Tech? </em><strong><a href=\"https://lwcnewswire.substack.com/\" target=\"_blank\"><em>Subscribe to For the Content!</em></a></strong>\n</p></p><p class=\"shortcode-media shortcode-media-youtube\">\n<span class=\"rm-shortcode\" style=\"display: block; padding-top: 56.25%;\"></span>\n<small class=\"image-media media-caption\">DEBUNKED: Democrats F*CKING LOVE Gerrymandering | Louder With Crowder</small>\n<small class=\"image-media media-photo-credit\">\n<a href=\"https://youtu.be/4DAP2GORwp0\" target=\"_blank\">youtu.be</a>\n</small>\n</p>", "link": "https://www.louderwithcrowder.com/tampax-tweet", "date_published": "2022-11-22 14:24:56+00:00", "persistent": false, "user": null, "language": "en-US"}, {"source": "http://louderwithcrowder.com/feed/", "title": "Business Insider blows the roof off of Elon Musk's Twitter 2.0... he expects employees to send weekly updates", "description": "<img src=\"https://www.louderwithcrowder.com/media-library/image.png?id=32155471&amp;width=1200&amp;height=800&amp;coordinates=0%2C0%2C46%2C0\" /><br /><br /><p>Elon Musk has gone too far now. It's bad enough he has been <a href=\"https://www.louderwithcrowder.com/elon-musk-rehires-ligma\" target=\"_blank\">future endeavoring Twitter's bloated payroll</a> and <a href=\"https://www.louderwithcrowder.com/elon-musk-free-lunch\" target=\"_blank\">expecting people to feed themselves</a>. Now with the remaining employees, Elon is expecting them to a) work, and b) keep him updated on their work.</p><div class=\"rm-embed embed-media\"><blockquote class=\"twitter-tweet\">BREAKING: Leaked email shows that Twitter employees must send Elon Musk weekly updates of everything they've worked on to 'innovate rapidly,\u2019 per BI.<br />\u2014 unusual_whales (@unusual_whales) <a href=\"https://twitter.com/unusual_whales/status/1594926549999951873?ref_src=twsrc%5Etfw\">November 22, 2022</a></blockquote> </div><p>This explosive allegation was leaked to <a href=\"https://www.louderwithcrowder.com/dave-portnoy-defends-elon-musk\" target=\"_blank\">leftwing gossip rag Business Insider</a>. Their article is behind a paywall and I refuse to give them money. But <a href=\"https://www.teslarati.com/elon-musk-explains-twitter-weekly-update-employees/\" target=\"_blank\">according to another website who read the article</a>, in a leaked email Elon Musk is expecting WEEKLY UPDATES on what his employees are working on. </p><p>Musk believes that in order to \"innovate rapidly on software,\" it is critical to understand what everyone is working on and who is coding what. So once a week he expects his employees to tell him:<br /></p><ul><li>What project they are working on</li><li>What they are trying to accomplish </li><li>Provide samples of code they wrote</li></ul><p class=\"shortcode-media shortcode-media-rebelmouse-image\">\n<img alt=\"\" class=\"rm-shortcode\" id=\"3bdde\" src=\"https://www.louderwithcrowder.com/media-library/image.gif?id=32154048&amp;width=980\" />\n</p>\n<p>Elon Musk does not see what the big deal is.</p><div class=\"rm-embed embed-media\"><blockquote class=\"twitter-tweet\">Perhaps not unreasonable to know if anything was accomplished \ud83e\udef6<br />\u2014 Elon Musk (@elonmusk) <a href=\"https://twitter.com/elonmusk/status/1594958650694574080?ref_src=twsrc%5Etfw\">November 22, 2022</a></blockquote> </div><p>And it's apparent that with the people he reinstated on Twitter, Elon did so under the condition they defend Musk against all attacks.</p><div class=\"rm-embed embed-media\"><blockquote class=\"twitter-tweet\">\"Leaked\": as if this is something to hide.<br />\u2014 Dr Jordan B Peterson (@jordanbpeterson) <a href=\"https://twitter.com/jordanbpeterson/status/1594980446877913093?ref_src=twsrc%5Etfw\">November 22, 2022</a></blockquote> </div><p>I don't even know what else to say. In my job, I provide a weekly update in an email to my boss about performance, metrics, and what new things I've worked on to improve performance and metrics. And I've ALWAYS been expecting to provide my own sustenance during the day.</p><p>I thought I was doing it because I'm a grown-ass adult who has a job. As it turns out, I have been mistreated and forced to perform unreasonable work tasks this entire time.</p><p>Please allow me my privacy while I give prayerful consideration to what I'm going to do now.</p><p><p>\n<em><strong>Editor\u2019s Note</strong>\n</em>\n</p>\n<p>\n<em><strong><a href=\"https://lwcnewswire.substack.com/\" target=\"_blank\">LwC is on Substack now</a></strong>! Each day we overwhelm your brains with the content you've come to love from the Louder with Crowder Dot Com website.. but algorithms hide our ranting and raving as best they can. The best way to stick it to Big Tech? </em><strong><a href=\"https://lwcnewswire.substack.com/\" target=\"_blank\"><em>Subscribe to For the Content!</em></a></strong>\n</p></p><p class=\"shortcode-media shortcode-media-youtube\">\n<span class=\"rm-shortcode\" style=\"display: block; padding-top: 56.25%;\"></span>\n<small class=\"image-media media-caption\">Elon BRINGS BACK Trump, LET THAT SINK IN!!! | Louder With Crowder</small>\n<small class=\"image-media media-photo-credit\">\n<a href=\"https://youtu.be/qROpsszu5U0\" target=\"_blank\">youtu.be</a>\n</small>\n</p>", "link": "https://www.louderwithcrowder.com/elon-musk-weekly-updates", "date_published": "2022-11-22 13:51:29+00:00", "persistent": false, "user": null, "language": "en-US"}, {"source": "http://louderwithcrowder.com/feed/", "title": "Teacher's aide has job for all of two weeks before getting arrested for sexing up a high school student", "description": "<img src=\"https://www.louderwithcrowder.com/media-library/image.png?id=32147374&amp;width=1200&amp;height=800&amp;coordinates=24%2C0%2C0%2C0\" /><br /><br /><p>A twenty-two-year-old woman mistook her new job at an Oklahoma High School for a speed dating service. She is now fired and incarcerated for having an inappropriate relationship with a student two weeks after accepting employment.</p><p class=\"shortcode-media shortcode-media-rebelmouse-image\">\n<img alt=\"\" class=\"rm-shortcode\" id=\"4edbe\" src=\"https://www.louderwithcrowder.com/media-library/image.gif?id=32149384&amp;width=980\" />\n</p><p>Ashley Waffle -- I swear that <a href=\"https://nypost.com/2022/11/21/oklahoma-teachers-aide-arrested-for-sex-with-student-two-weeks-after-starting-job-at-school/\" target=\"_blank\">the New York Post</a> swears that's her name -- was hired as a temporary teacher's aide with Granite Public Schools. Two weeks later, Waffle started sliding into a sixteen-year-old student's DMs on Snapchat. That was her first mistake.</p><p>Actually, no. Her first mistake was not knowing having sex with a high school student is wrong. Her second mistake was contacting a high school student via a social media app about having sex with that high school student. The third mistake is not listing to Miranda Lambert's \"Everybody's Famous in a Small Town\" and starting a sexual relationship with a student in a small town of fewer than 2000 people. </p><p class=\"shortcode-media shortcode-media-rebelmouse-image\">\n<img alt=\"\" class=\"rm-shortcode\" id=\"2fce5\" src=\"https://www.louderwithcrowder.com/media-library/image.gif?id=32149848&amp;width=980\" />\n</p>\n<p>You should expect a grown adult to know better. You can't expect a sixteen-year-old to not be bragging to his friends \"Dude, I'm banging my teacher.\" </p><p>Waffle was hired on October 10th. She started sexing up the student on October 25th and was fired on November 10th. She is now a guest at the Greer County jail where she faces two counts of second-degree rape. </p><p>Waffle joins <a href=\"https://www.louderwithcrowder.com/teacher-twerks-on-student-arrested\" target=\"_blank\">2022's growing list</a> of <a href=\"https://www.louderwithcrowder.com/teacher-house-arrest-statutory-rape\" target=\"_blank\">teachers who mistook</a> their <a href=\"https://www.louderwithcrowder.com/high-school-teacher-husband-arrested\" target=\"_blank\">job at a high school</a> for Tinder.  Though two weeks may be a record. And, no, other teacher's aides. It is NOT a record you should try breaking,</p><p><p>\n<em><strong>Editor\u2019s Note</strong>\n</em>\n</p>\n<p>\n<em><strong><a href=\"https://lwcnewswire.substack.com/\" target=\"_blank\">LwC is on Substack now</a></strong>! Each day we overwhelm your brains with the content you've come to love from the Louder with Crowder Dot Com website.. but algorithms hide our ranting and raving as best they can. The best way to stick it to Big Tech? </em><strong><a href=\"https://lwcnewswire.substack.com/\" target=\"_blank\"><em>Subscribe to For the Content!</em></a></strong>\n</p></p><p class=\"shortcode-media shortcode-media-youtube\">\n<span class=\"rm-shortcode\" style=\"display: block; padding-top: 56.25%;\"></span>\n<small class=\"image-media media-caption\">Elon BRINGS BACK Trump, LET THAT SINK IN!!! | Louder With Crowder</small>\n<small class=\"image-media media-photo-credit\">\n<a href=\"https://youtu.be/qROpsszu5U0\" target=\"_blank\">youtu.be</a>\n</small>\n</p>", "link": "https://www.louderwithcrowder.com/teachers-aide-arrested", "date_published": "2022-11-22 13:10:50+00:00", "persistent": false, "user": null, "language": "en-US"}]