[{"source": "https://www.youtube.com/feeds/videos.xml?channel_id=UCl2mFZoRqjw_ELax4Yisf6w", "title": "Taking your computer to the repair shop? BE VERY AFRAID!", "description": "\ud83d\udc49 Rossmann chat - send Louis a letter: https://tinyurl.com/writetolouis\n\ud83d\udc49 Study: https://arxiv.org/pdf/2211.05824.pdf\n\ud83d\udc49 Article: https://arstechnica.com/information-technology/2022/11/half-of-computer-repairs-result-in-snooping-of-sensitive-data-study-finds/?comments=1&comments-page=1\n\n\ud83d\udc49 Apple privacy violations w/ privacy policy: \n\ud83d\udd35 https://www.telegraph.co.uk/business/2021/06/06/apple-pays-millions-woman-explicit-photos-posted-online/\n\ud83d\udd35 https://www.washingtonpost.com/technology/2019/11/12/an-apple-store-employee-helped-customerby-texting-himself-private-photo-her-phone/\n\n\ud83d\udc49 Video citations:\n\ud83d\udd35 My trainer's channel: https://www.youtube.com/@TalkinShit\n\ud83d\udd35 Genius bar secret shopper: https://www.youtube.com/watch?v=o2_SZ4tfLns\n\ud83d\udd35 Best Buy secret shopper: https://www.youtube.com/watch?v=iuxpRtojAHw\n\n\ud83d\udc49 Equipment used:\n\ud83d\udd35 Chair: https://amzn.to/3MjLrnT\n\ud83d\udd35 Microphone: https://amzn.to/3g1hsok\n\ud83d\udd35 Mic stand: https://amzn.to/3Vg47ZI\n\ud83d\udd35 Audio interface: https://amzn.to/3VuKihx\n\ud83d\udd35 Camera: https://amzn.to/3CTk1Av (YOU CAN FIND THIS FOR $250 ON EBAY WITH A BROKEN FLASH FROM TIME TO TIME, I HAVE NEVER SPENT MORE THAN $300 ON THIS CAMERA!)\n\ud83d\udd35 Lighting: https://amzn.to/3RSriGC\n\n\ud83d\udc49 Stream FAQ: https://store.rossmanngroup.com/faq.txt\n\n\ud83d\udc49 Affiliate:\n\u203a Buying on eBay? Support us while you shop! https://www.rossmanngroup.com/ebay\n\u203a Rossmann Repair Group Inc is a participant in the Amazon Services LLC Associates Program, an affiliate advertising program designed to provide a means for sites to earn advertising fees by advertising and linking to amazon.com\n\n\ud83d\udc49 Leave a tip for us via cryptocurrency if we've helped you out:\n\u203a Credit card: http://bit.ly/postamessage\n\u203a Bitcoin: 1EaEv8DBeFfg6fE6BimEmvEFbYLkhpcvhj\n\u203a Bitcoin Cash: qzwtptwa8h0wjjawr5fsm0ku8kf40amgqgm6lx4jxh\n\u203a Dash: XwQpZuvMvU44JT7C7Uh6xHvkSadzJw9fMN\n\u203a Dogecoin: DKetsoCvwa2hF29ssgUA4Wz4hxT4kj3KLU\n\u203a Ethereum: 0x6f6870feb48f08388ee345cf0261e2f03d2fa310\n\u203a Ethereum classic: 0x671bfd61ba87edf6365c97cea33d66ba73645510\n\u203a Litecoin: LWnbTTAjojZQt68ihFJFgQq3cYHUsTcyd7\n\u203a Verge: DFumZ5sMhi3JktLQpsTVtV9xUt3zKDrcZV\n\u203a Zcash: t1Ko3FkphQYoQroQc8k2DVk4WKMAbmNR8PH\n\u203a Zcoin: a8QdvArHmdRYe1MjiqtP6jDNe6Z4JgnRKZ\n\n00:00 Introduction\n00:25 Study on privacy\n01:17 There is no excuse for these shops looking through customer data\n02:14 Why their privacy policy take pisses me off\n02:40 My \"privacy policy\"\n03:20 How this works - what we do\n03:29 Oreo the cat\n03:30 Back to how this works - what we do\n04:06 I dislike giving people a false sense of security\n05:30 Why a privacy policy/legal notice isn't enough\n06:10 Privacy can never be gotten back via a lawsuit resulting from a privacy policy violation\n06:40 NEVER give unencrypted data to someone you do not fully trust, regardless of privacy policy\n07:04 An example of a violation & what I mean when I say you will never be made whole again\n09:45 Example of useless privacy policies from Apple\n10:16 What were the RATINGS of the stores?\n10:38 What happened to Sunny?\n10:48 What were the RATINGS of the stores?\n12:05 I want to be able to tell people how to know what shops toa void\n12:48 My secret shoppers differ from here on a key point.\n13:30 The wankery of \"controls\"\n15:40 The \"process\"\n16:30 Codes of ethics\n17:23 Procedures and controls\n18:01 Ask why info is needed, and communicate it to customers\n18:10 Why techs ask for your password\n19:24 The cold, hard truth\n19:48 More cold hard truth\n20:34 What areas was this study done in?\n20:44 What are we actually controlling/testing for?\n21:13 How is this different from CBC secret shopper on genius bar?\n22:24 What I hope you learn from this\n22:46 How I would handle my personal repairs", "link": "https://www.youtube.com/watch?v=31zuywqzZME", "date_published": "2022-11-23 00:00:00+00:00", "persistent": false, "user": null, "language": "en-US"}, {"source": "https://www.youtube.com/feeds/videos.xml?channel_id=UCl2mFZoRqjw_ELax4Yisf6w", "title": "A fresh start \ud83d\ude42", "description": "New Rossmann Repair Group business location: 2410 San Antonio St, Austin, TX, 78705\n\n\ud83d\udd35 What is FUTO? https://youtu.be/vawcnCv1_1w\n\ud83d\udd35 Louis' interview w/ FUTO's founder: https://www.youtube.com/watch?v=OJPmbcU-Vzo\n\ud83d\udd35 Social media plan: https://futo.org/the-internet-and-social-media/\n\ud83d\udd35 Grants: https://futo.org/grants/legendary-grants/\n\ud83d\udd35 Quitting: https://youtu.be/5UHF84gyVWg", "link": "https://www.youtube.com/watch?v=-YcbGC1z8TA", "date_published": "2022-11-22 00:00:00+00:00", "persistent": false, "user": null, "language": "en-US"}, {"source": "https://www.youtube.com/feeds/videos.xml?channel_id=UCl2mFZoRqjw_ELax4Yisf6w", "title": "A message to New York State Governor, Kathy Hochul", "description": "\ud83d\udc49 Rossmann chat - send Louis a letter: https://tinyurl.com/writetolouis\n\ud83d\udc49 reddit post with billboard: https://old.reddit.com/r/nyc/comments/z1bfwx/theres_a_right_to_repair_billboard_on_gov_hochuls/?\n\n\ud83d\udc49 Video citations:\n\ud83d\udd35 Bill passes in New York state: https://www.youtube.com/watch?v=1_3FXnqeUpQ\n\ud83d\udd35 What does this bill passing mean? https://www.youtube.com/watch?v=dS_qCiVFNCs\n\n\ud83d\udc49 Equipment used:\n\ud83d\udd35 Chair: https://amzn.to/3MjLrnT\n\ud83d\udd35 Microphone: https://amzn.to/3g1hsok\n\ud83d\udd35 Mic stand: https://amzn.to/3Vg47ZI\n\ud83d\udd35 Audio interface: https://amzn.to/3VuKihx\n\ud83d\udd35 Camera: https://amzn.to/3CTk1Av (YOU CAN FIND THIS FOR $250 ON EBAY WITH A BROKEN FLASH FROM TIME TO TIME, I HAVE NEVER SPENT MORE THAN $300 ON THIS CAMERA!)\n\ud83d\udd35 Lighting: https://amzn.to/3RSriGC\n\n\ud83d\udc49 Stream FAQ: https://store.rossmanngroup.com/faq.txt\n\n\ud83d\udc49 Affiliate:\n\u203a Buying on eBay? Support us while you shop! https://www.rossmanngroup.com/ebay\n\u203a Rossmann Repair Group Inc is a participant in the Amazon Services LLC Associates Program, an affiliate advertising program designed to provide a means for sites to earn advertising fees by advertising and linking to amazon.com\n\n\ud83d\udc49 Leave a tip for us via cryptocurrency if we've helped you out:\n\u203a Credit card: http://bit.ly/postamessage\n\u203a Bitcoin: 1EaEv8DBeFfg6fE6BimEmvEFbYLkhpcvhj\n\u203a Bitcoin Cash: qzwtptwa8h0wjjawr5fsm0ku8kf40amgqgm6lx4jxh\n\u203a Dash: XwQpZuvMvU44JT7C7Uh6xHvkSadzJw9fMN\n\u203a Dogecoin: DKetsoCvwa2hF29ssgUA4Wz4hxT4kj3KLU\n\u203a Ethereum: 0x6f6870feb48f08388ee345cf0261e2f03d2fa310\n\u203a Ethereum classic: 0x671bfd61ba87edf6365c97cea33d66ba73645510\n\u203a Litecoin: LWnbTTAjojZQt68ihFJFgQq3cYHUsTcyd7\n\u203a Verge: DFumZ5sMhi3JktLQpsTVtV9xUt3zKDrcZV\n\u203a Zcash: t1Ko3FkphQYoQroQc8k2DVk4WKMAbmNR8PH\n\u203a Zcoin: a8QdvArHmdRYe1MjiqtP6jDNe6Z4JgnRKZ", "link": "https://www.youtube.com/watch?v=1Wtmby4Yovc", "date_published": "2022-11-22 00:00:00+00:00", "persistent": false, "user": null, "language": "en-US"}, {"source": "https://www.youtube.com/feeds/videos.xml?channel_id=UCl2mFZoRqjw_ELax4Yisf6w", "title": "Apple store unionizing? Louis Rossmann chimes in", "description": "\ud83d\udc49 Rossmann chat - send Louis a letter: https://tinyurl.com/writetolouis\n\ud83d\udc49 Article: https://www.bloomberg.com/news/features/2022-11-14/apple-appl-stores-join-us-retail-union-fight\n\n\ud83d\udc49 Video references:\n\ud83d\udd35 https://youtu.be/o2_SZ4tfLns\n\n\ud83d\udc49 Equipment used:\n\ud83d\udd35 Chair: https://amzn.to/3MjLrnT\n\ud83d\udd35 Microphone: https://amzn.to/3g1hsok\n\ud83d\udd35 Mic stand: https://amzn.to/3Vg47ZI\n\ud83d\udd35 Audio interface: https://amzn.to/3VuKihx\n\ud83d\udd35 Camera: https://amzn.to/3CTk1Av (YOU CAN FIND THIS FOR $250 ON EBAY WITH A BROKEN FLASH FROM TIME TO TIME, I HAVE NEVER SPENT MORE THAN $300 ON THIS CAMERA!)\n\ud83d\udd35 Lighting: https://amzn.to/3RSriGC\n\n\ud83d\udc49 Stream FAQ: https://store.rossmanngroup.com/faq.txt\n\n\ud83d\udc49 Affiliate:\n\u203a Buying on eBay? Support us while you shop! https://www.rossmanngroup.com/ebay\n\u203a Rossmann Repair Group Inc is a participant in the Amazon Services LLC Associates Program, an affiliate advertising program designed to provide a means for sites to earn advertising fees by advertising and linking to amazon.com\n\n\ud83d\udc49 Leave a tip for us via cryptocurrency if we've helped you out:\n\u203a Credit card: http://bit.ly/postamessage\n\u203a Bitcoin: 1EaEv8DBeFfg6fE6BimEmvEFbYLkhpcvhj\n\u203a Bitcoin Cash: qzwtptwa8h0wjjawr5fsm0ku8kf40amgqgm6lx4jxh\n\u203a Dash: XwQpZuvMvU44JT7C7Uh6xHvkSadzJw9fMN\n\u203a Dogecoin: DKetsoCvwa2hF29ssgUA4Wz4hxT4kj3KLU\n\u203a Ethereum: 0x6f6870feb48f08388ee345cf0261e2f03d2fa310\n\u203a Ethereum classic: 0x671bfd61ba87edf6365c97cea33d66ba73645510\n\u203a Litecoin: LWnbTTAjojZQt68ihFJFgQq3cYHUsTcyd7\n\u203a Verge: DFumZ5sMhi3JktLQpsTVtV9xUt3zKDrcZV\n\u203a Zcash: t1Ko3FkphQYoQroQc8k2DVk4WKMAbmNR8PH\n\u203a Zcoin: a8QdvArHmdRYe1MjiqtP6jDNe6Z4JgnRKZ\n\n00:00 Intro\n00:17 Our sponsor, Clinton the cat\n00:38 An important message about Clinton the cat\n01:13 Real Intro\n01:20 Apple doublespeak on \"ownership\"\n02:53 Apple's focus on upselling over customer experience\n04:42 Apple's pay sucks...\n06:57 Apple is proud to pay people... less than we do\n08:24 The shift to short term sales over long term customer loyalty\n09:13 The Apple store doesn't have your best interest at heart\n09:26 Unpopular thoughts on hazard pay\n10:24 Even less popular thoughts on hazard pay\n11:20 Race baiting for union busting\n12:15 Marriage analogies for union busting\n13:22 Handling multiple customers simultaneously\n14:08 Visibly ill employee reprimanded for not upselling customer\n15:53 It was always like this\n15:54 Apple store service has been bad for a long time\n16:45 Let's assume I'm an unprofessional idiot\n17:32 You should be able to outpay me\n18:19 Our sponsor, Oreo the cat", "link": "https://www.youtube.com/watch?v=cd4KXHsJ07I", "date_published": "2022-11-22 00:00:00+00:00", "persistent": false, "user": null, "language": "en-US"}, {"source": "https://www.youtube.com/feeds/videos.xml?channel_id=UCl2mFZoRqjw_ELax4Yisf6w", "title": "Mercedes is worse than Tesla: acceleration speed is now a $100/month subscription...", "description": "\ud83d\udc49 Rossmann chat - send Louis a letter: https://tinyurl.com/writetolouis\n\ud83d\udc49 Article: hhttps://www.thedrive.com/news/mercedes-makes-better-performance-a-1200-subscription-in-its-evs\n\n\ud83d\udc49 https://shop.mbusa.com/en-us/connect/pdp/Acceleration-Increase/709\n\n\ud83d\udc49 Equipment used:\n\ud83d\udd35 Chair: https://amzn.to/3MjLrnT\n\ud83d\udd35 Microphone: https://amzn.to/3g1hsok\n\ud83d\udd35 Mic stand: https://amzn.to/3Vg47ZI\n\ud83d\udd35 Audio interface: https://amzn.to/3VuKihx\n\ud83d\udd35 Camera: https://amzn.to/3CTk1Av (YOU CAN FIND THIS FOR $250 ON EBAY WITH A BROKEN FLASH FROM TIME TO TIME, I HAVE NEVER SPENT MORE THAN $300 ON THIS CAMERA!)\n\ud83d\udd35 Lighting: https://amzn.to/3RSriGC\n\n\ud83d\udc49 Stream FAQ: https://store.rossmanngroup.com/faq.txt\n\n\ud83d\udc49 Affiliate:\n\u203a Buying on eBay? Support us while you shop! https://www.rossmanngroup.com/ebay\n\u203a Rossmann Repair Group Inc is a participant in the Amazon Services LLC Associates Program, an affiliate advertising program designed to provide a means for sites to earn advertising fees by advertising and linking to amazon.com\n\n\ud83d\udc49 Leave a tip for us via cryptocurrency if we've helped you out:\n\u203a Credit card: http://bit.ly/postamessage\n\u203a Bitcoin: 1EaEv8DBeFfg6fE6BimEmvEFbYLkhpcvhj\n\u203a Bitcoin Cash: qzwtptwa8h0wjjawr5fsm0ku8kf40amgqgm6lx4jxh\n\u203a Dash: XwQpZuvMvU44JT7C7Uh6xHvkSadzJw9fMN\n\u203a Dogecoin: DKetsoCvwa2hF29ssgUA4Wz4hxT4kj3KLU\n\u203a Ethereum: 0x6f6870feb48f08388ee345cf0261e2f03d2fa310\n\u203a Ethereum classic: 0x671bfd61ba87edf6365c97cea33d66ba73645510\n\u203a Litecoin: LWnbTTAjojZQt68ihFJFgQq3cYHUsTcyd7\n\u203a Verge: DFumZ5sMhi3JktLQpsTVtV9xUt3zKDrcZV\n\u203a Zcash: t1Ko3FkphQYoQroQc8k2DVk4WKMAbmNR8PH\n\u203a Zcoin: a8QdvArHmdRYe1MjiqtP6jDNe6Z4JgnRKZ", "link": "https://www.youtube.com/watch?v=qGeDzDZpLKo", "date_published": "2022-11-22 00:00:00+00:00", "persistent": false, "user": null, "language": "en-US"}]