[{"source": "https://wydarzenia.interia.pl/swiat/feed", "title": "Badania: Coraz gro\u017aniejsze infekcje bakteryjne. Niemal osiem milion\u00f3w zgon\u00f3w w ci\u0105gu roku", "description": "<p><a href=\"https://wydarzenia.interia.pl/zagranica/news-badania-coraz-grozniejsze-infekcje-bakteryjne-niemal-osiem-m,nId,6427479\"><img align=\"left\" alt=\"Badania: Coraz gro\u017aniejsze infekcje bakteryjne. Niemal osiem milion\u00f3w zgon\u00f3w w ci\u0105gu roku\" src=\"https://i.iplsc.com/badania-coraz-grozniejsze-infekcje-bakteryjne-niemal-osiem-m/000514EYAYY2DN5S-C321.jpg\" /></a>Za jedn\u0105 \u00f3sm\u0105 \u015bmierci na \u015bwiecie odpowiadaj\u0105 infekcje bakteryjne. To druga najcz\u0119stsza przyczyna zgon\u00f3w w skali ca\u0142ego globu - wynika z mi\u0119dzynarodowego badania, kt\u00f3re przeprowadzono przy u\u017cyciu danych za 2019 rok. Wyniki opublikowano w renomowanym czasopi\u015bmie medycznym &quot;The Lancet&quot;. Naukowcy zwracaj\u0105 uwag\u0119, \u017ce istotnym problemem staje si\u0119 odporno\u015b\u0107 bakterii na antybiotyki.</p><br clear=\"all\" />", "link": "https://wydarzenia.interia.pl/zagranica/news-badania-coraz-grozniejsze-infekcje-bakteryjne-niemal-osiem-m,nId,6427479", "date_published": "2022-11-22 18:38:32+00:00", "persistent": false, "user": null, "language": "pl-PL"}]