[{"source": "https://www.youtube.com/feeds/videos.xml?channel_id=UCJKt_QVDyUbqdm3ag_py2eQ", "title": "Amiga Paula does XM: !Cube - Scotchman in a Skirt (A1200\ud83c\udfa7Dolbyfied)", "description": "\"Scotchman in a Skirt\" by !Cube/Trauma^SCS^TRC, 1st at Assembly 1998. C64 art \"Technovikings\" (2017) by iLKke/DataDoor^Funkenst\u00f6rt^RGCD.\n\nMade using real A1200 Rev. 1D.4 audio. Playback from DeliTracker 2.34 with 14Bit-NotePlayer 4.30:\n- 14-bit calibrated Paula output\n- Exact interpolation with 44336 Hz mixing frequency\n- No panning, no 3D and DSP off. Anti-click enabled\n- Module reports 32 channels\n- 100% flawless playback not guaranteed (the XM replayer is not perfect)\n\nVisit my channel for more Amiga music.", "link": "https://www.youtube.com/watch?v=wpmltu1NcMg", "date_published": "2022-08-20 00:00:00+00:00", "persistent": false, "user": null, "language": "en-US"}, {"source": "https://www.youtube.com/feeds/videos.xml?channel_id=UCJKt_QVDyUbqdm3ag_py2eQ", "title": "Amiga Paula does XM: Cactus - Encabeza Dura Mezo (A1200\ud83c\udfa7Dolbyfied)", "description": "\"Encabeza Dura Mezo\" (1998) by Cactus/HellTrot (Peter Kozak). Art \"Dragon Eye\" (1992?) by R.W.O./Kefrens.\n\nTrack name is Encabeza Dura Mezo, but sample data spells Mezo as Mazo.\n\nMade using real A1200 Rev. 1D.4 audio. Playback from DeliTracker 2.34 with 14Bit-NotePlayer 4.30:\n- 14-bit calibrated Paula output\n- Exact interpolation with 44336 Hz mixing frequency\n- No panning, no 3D and DSP off. Anti-click enabled\n- Module reports 32 channels\n- 100% flawless playback not guaranteed (the XM replayer is not perfect)\n\nVisit my channel for more Amiga music.", "link": "https://www.youtube.com/watch?v=VifRXIrWlA0", "date_published": "2022-08-20 00:00:00+00:00", "persistent": false, "user": null, "language": "en-US"}, {"source": "https://www.youtube.com/feeds/videos.xml?channel_id=UCJKt_QVDyUbqdm3ag_py2eQ", "title": "Amiga Paula does XM: Candybag - Gravity Drive (A1200\ud83c\udfa7Dolbyfied)", "description": "\"Gravity Drive\" (2000) by Candybag/Smeuch^Confine. C64 art \"Medusa\" (2019) by Fabs/Hokuto Force.\n\nMade using real A1200 Rev. 1D.4 audio. Playback from DeliTracker 2.34 with 14Bit-NotePlayer 4.30:\n- 14-bit calibrated Paula output\n- Exact interpolation with 44336 Hz mixing frequency\n- No panning, no 3D and DSP off. Anti-click enabled\n- Module reports 32 channels\n- 100% flawless playback not guaranteed (the XM replayer is not perfect)\n\nVisit my channel for more Amiga music.", "link": "https://www.youtube.com/watch?v=y9K4drMyOvw", "date_published": "2022-08-20 00:00:00+00:00", "persistent": false, "user": null, "language": "en-US"}]