[{"source": "http://feeds.bbci.co.uk/news/rss.xml", "title": "Why are bakers' fortunes on the rise?", "description": "What is helping purveyors of bread and cake bake back better?", "link": "https://www.bbc.co.uk/news/uk-england-derbyshire-61480259?at_medium=RSS&at_campaign=KARANGA", "date_published": "2022-08-20 23:58:51+00:00", "persistent": false, "user": null, "language": "en-US"}, {"source": "http://feeds.bbci.co.uk/news/rss.xml", "title": "Tory leadership contest: Under-18s who get to pick the next PM", "description": "They can't vote in general elections, but teen Tories are having a say on their next party leader.", "link": "https://www.bbc.co.uk/news/uk-politics-62585183?at_medium=RSS&at_campaign=KARANGA", "date_published": "2022-08-20 23:58:36+00:00", "persistent": false, "user": null, "language": "en-US"}, {"source": "http://feeds.bbci.co.uk/news/rss.xml", "title": "Cost of living: Help is coming, says Kwasi Kwarteng", "description": "Kwasi Kwarteng, an ally of Tory leadership candidate Liz Truss, says the Treasury is \"working on options\".", "link": "https://www.bbc.co.uk/news/uk-politics-62619761?at_medium=RSS&at_campaign=KARANGA", "date_published": "2022-08-20 23:19:09+00:00", "persistent": false, "user": null, "language": "en-US"}, {"source": "http://feeds.bbci.co.uk/news/rss.xml", "title": "Inside Amapiano, the new sound of South Africa", "description": "In Zulu, Amapiano literally means \u201cthe pianos\u201d and it's a blend of house, kwaito, jazz, and lounge music.", "link": "https://www.bbc.co.uk/news/world-africa-62552242?at_medium=RSS&at_campaign=KARANGA", "date_published": "2022-08-20 23:04:07+00:00", "persistent": false, "user": null, "language": "en-US"}, {"source": "http://feeds.bbci.co.uk/news/rss.xml", "title": "'I broke the world record with my last ever run'", "description": "Kate Jayden, from Derbyshire, finished her final run on 15 April, despite suffering a broken knee.", "link": "https://www.bbc.co.uk/news/uk-england-derbyshire-62470947?at_medium=RSS&at_campaign=KARANGA", "date_published": "2022-08-20 23:04:03+00:00", "persistent": false, "user": null, "language": "en-US"}, {"source": "http://feeds.bbci.co.uk/news/rss.xml", "title": "Demi Lovato is back, and this time she's angry", "description": "\"I'm owning my truths,\" says the star, whose new album takes aim at the press and the music business.", "link": "https://www.bbc.co.uk/news/entertainment-arts-62603941?at_medium=RSS&at_campaign=KARANGA", "date_published": "2022-08-20 23:00:48+00:00", "persistent": false, "user": null, "language": "en-US"}, {"source": "http://feeds.bbci.co.uk/news/rss.xml", "title": "Pondoland: South Africa's cannabis growers left behind by legalisation plans", "description": "South Africa is on the brink of legalising cannabis, but many traditional growers feel left out.", "link": "https://www.bbc.co.uk/news/world-africa-62524501?at_medium=RSS&at_campaign=KARANGA", "date_published": "2022-08-20 23:00:35+00:00", "persistent": false, "user": null, "language": "en-US"}, {"source": "http://feeds.bbci.co.uk/news/rss.xml", "title": "Greece promotes smaller islands over Mykonos and Corfu", "description": "Greece promotes its lesser-known holiday destinations, but do locals embrace the trend?", "link": "https://www.bbc.co.uk/news/business-62595814?at_medium=RSS&at_campaign=KARANGA", "date_published": "2022-08-20 23:00:17+00:00", "persistent": false, "user": null, "language": "en-US"}, {"source": "http://feeds.bbci.co.uk/news/rss.xml", "title": "Jurgen Klopp: Liverpool should get points if Manchester United game postponed over protests", "description": "Jurgen Klopp believes Liverpool should be awarded the points if their Premier League match against Manchester United is postponed over fan protests.", "link": "https://www.bbc.co.uk/sport/football/62620170?at_medium=RSS&at_campaign=KARANGA", "date_published": "2022-08-20 21:30:31+00:00", "persistent": false, "user": null, "language": "en-US"}, {"source": "http://feeds.bbci.co.uk/news/rss.xml", "title": "European Championships 2022: Keely Hodgkinson claims 800m gold", "description": "Great Britain's Keely Hodgkinson wins her first major outdoor title as she claims gold in the women's 800m at the European Championships.", "link": "https://www.bbc.co.uk/sport/athletics/62618928?at_medium=RSS&at_campaign=KARANGA", "date_published": "2022-08-20 21:03:13+00:00", "persistent": false, "user": null, "language": "en-US"}, {"source": "http://feeds.bbci.co.uk/news/rss.xml", "title": "Arsenal mentality shift 'crazy' - how far can Mikel Arteta's Gunners go?", "description": "Arsenal look like a team reborn as three straight wins send them top - with Aaron Ramsdale saying their change in mentality has been \"crazy\" - so just how far can the Gunners go?", "link": "https://www.bbc.co.uk/sport/football/62620534?at_medium=RSS&at_campaign=KARANGA", "date_published": "2022-08-20 20:28:30+00:00", "persistent": false, "user": null, "language": "en-US"}, {"source": "http://feeds.bbci.co.uk/news/rss.xml", "title": "Zulu King Misuzulu ka Zwelithini crowned in South Africa", "description": "Misuzulu ka Zwelithini takes the throne in spite of some relatives and royals launching legal challenges.", "link": "https://www.bbc.co.uk/news/world-africa-62604497?at_medium=RSS&at_campaign=KARANGA", "date_published": "2022-08-20 15:30:00+00:00", "persistent": false, "user": null, "language": "en-US"}, {"source": "http://feeds.bbci.co.uk/news/rss.xml", "title": "European Championships Munich 2022: Great Britain's gymnasts claim stunning men's team gold", "description": "Great Britain dominate with a stunning performance in the gymnastics men's team final at the European Championships in Munich.", "link": "https://www.bbc.co.uk/sport/gymnastics/62618597?at_medium=RSS&at_campaign=KARANGA", "date_published": "2022-08-20 15:17:43+00:00", "persistent": false, "user": null, "language": "en-US"}, {"source": "http://feeds.bbci.co.uk/news/rss.xml", "title": "BTec delays: Exam board Pearson apologies to students waiting for results", "description": "Some students have still not received their BTec results which were due out on Thursday.", "link": "https://www.bbc.co.uk/news/education-62617693?at_medium=RSS&at_campaign=KARANGA", "date_published": "2022-08-20 14:34:40+00:00", "persistent": false, "user": null, "language": "en-US"}, {"source": "http://feeds.bbci.co.uk/news/rss.xml", "title": "Tottenham Hotspur 1-0 Wolverhampton Wanderers", "description": "Harry Kane scores his 250th goal for Tottenham as they move top of the Premier League with a hard-fought win over Wolves.", "link": "https://www.bbc.co.uk/sport/football/62529371?at_medium=RSS&at_campaign=KARANGA", "date_published": "2022-08-20 14:32:39+00:00", "persistent": false, "user": null, "language": "en-US"}, {"source": "http://feeds.bbci.co.uk/news/rss.xml", "title": "European Aquatics Championships: Spendolini-Sirieix and Toulson win gold", "description": "Watch GB's Andrea Spendolini-Sirieix and Lois Toulson win gold in the women's synchronised 10m at the European Aquatics Championships.", "link": "https://www.bbc.co.uk/sport/av/swimming/62617801?at_medium=RSS&at_campaign=KARANGA", "date_published": "2022-08-20 14:22:16+00:00", "persistent": false, "user": null, "language": "en-US"}, {"source": "http://feeds.bbci.co.uk/news/rss.xml", "title": "Rail strikes: Passengers told not to travel by rail as disruption hits", "description": "Rail passengers face further disruption amid the sixth one-day strike of the summer.", "link": "https://www.bbc.co.uk/news/business-62612433?at_medium=RSS&at_campaign=KARANGA", "date_published": "2022-08-20 13:48:59+00:00", "persistent": false, "user": null, "language": "en-US"}, {"source": "http://feeds.bbci.co.uk/news/rss.xml", "title": "Actor Stephen Tompkinson due in court charged with inflicting GBH", "description": "The CPS says DCI Banks star Stephen Tompkinson, who denies the charge, is due in court in September.", "link": "https://www.bbc.co.uk/news/uk-england-tyne-62617439?at_medium=RSS&at_campaign=KARANGA", "date_published": "2022-08-20 12:40:09+00:00", "persistent": false, "user": null, "language": "en-US"}, {"source": "http://feeds.bbci.co.uk/news/rss.xml", "title": "UK record after Welsh man shears 902 sheep in nine hours", "description": "Lloyd Rees, 28, beat the previous record, set last week, by more than 20 sheep.", "link": "https://www.bbc.co.uk/news/uk-wales-62615764?at_medium=RSS&at_campaign=KARANGA", "date_published": "2022-08-20 12:34:35+00:00", "persistent": false, "user": null, "language": "en-US"}, {"source": "http://feeds.bbci.co.uk/news/rss.xml", "title": "Ukraine displays destroyed Russian tanks in Kyiv", "description": "Destroyed Russian military vehicles are on display in Kyiv, ahead of Ukraine's Independence Day.", "link": "https://www.bbc.co.uk/news/world-europe-62617278?at_medium=RSS&at_campaign=KARANGA", "date_published": "2022-08-20 11:54:21+00:00", "persistent": false, "user": null, "language": "en-US"}, {"source": "http://feeds.bbci.co.uk/news/rss.xml", "title": "Jonah Hill to stop promoting films to protect his mental health", "description": "A psychologist says the Superbad actor \"should be applauded\" for opening up about anxiety attacks.", "link": "https://www.bbc.co.uk/news/newsbeat-62605099?at_medium=RSS&at_campaign=KARANGA", "date_published": "2022-08-20 10:17:41+00:00", "persistent": false, "user": null, "language": "en-US"}, {"source": "http://feeds.bbci.co.uk/news/rss.xml", "title": "Seized Russian superyacht to go under the hammer", "description": "The monster boat can sleep 12 guests and boasts a swimming pool, jacuzzi, spa and 3D cinema.", "link": "https://www.bbc.co.uk/news/world-europe-62615958?at_medium=RSS&at_campaign=KARANGA", "date_published": "2022-08-20 09:32:39+00:00", "persistent": false, "user": null, "language": "en-US"}, {"source": "http://feeds.bbci.co.uk/news/rss.xml", "title": "Droylsden: Man charged after girl, 6, abducted and sexually assaulted", "description": "A 23-year-old is charged after the abduction and sexual assault of a girl, who was later found.", "link": "https://www.bbc.co.uk/news/uk-england-manchester-62616385?at_medium=RSS&at_campaign=KARANGA", "date_published": "2022-08-20 08:55:02+00:00", "persistent": false, "user": null, "language": "en-US"}, {"source": "http://feeds.bbci.co.uk/news/rss.xml", "title": "DJ Archie, aged seven, has hopes of playing Glastonbury", "description": "He became the world's youngest club DJ aged four and has since built a huge social media following.", "link": "https://www.bbc.co.uk/news/uk-england-essex-62605367?at_medium=RSS&at_campaign=KARANGA", "date_published": "2022-08-20 06:30:48+00:00", "persistent": false, "user": null, "language": "en-US"}, {"source": "http://feeds.bbci.co.uk/news/rss.xml", "title": "250 rabbits to be given to activists as farm closes", "description": "Comedian Ricky Gervais is among those to have spoken out against T&amp;S Rabbits.", "link": "https://www.bbc.co.uk/news/uk-england-nottinghamshire-62590106?at_medium=RSS&at_campaign=KARANGA", "date_published": "2022-08-20 06:19:19+00:00", "persistent": false, "user": null, "language": "en-US"}, {"source": "http://feeds.bbci.co.uk/news/rss.xml", "title": "Capturing Ireland's love of surfing", "description": "Ulster Transport Museum's new exhibition explores the sport's rich history here since the 1960s.", "link": "https://www.bbc.co.uk/news/uk-northern-ireland-62574877?at_medium=RSS&at_campaign=KARANGA", "date_published": "2022-08-20 05:47:30+00:00", "persistent": false, "user": null, "language": "en-US"}, {"source": "http://feeds.bbci.co.uk/news/rss.xml", "title": "Oleksandr Usyk v Anthony Joshua 2: Pundits and pros make predictions for heavyweight world title fight", "description": "Can Anthony Joshua gain revenge over Oleksandr Usyk? Is the Ukrainian simply too good to beat? We have some predictions from the boxing world.", "link": "https://www.bbc.co.uk/sport/boxing/62570082?at_medium=RSS&at_campaign=KARANGA", "date_published": "2022-08-20 05:27:46+00:00", "persistent": false, "user": null, "language": "en-US"}, {"source": "http://feeds.bbci.co.uk/news/rss.xml", "title": "Untreated sewage causes beaches to shut", "description": "Untreated wastewater has caused beaches across the South East to close due to a pollution risk.", "link": "https://www.bbc.co.uk/news/uk-62614739?at_medium=RSS&at_campaign=KARANGA", "date_published": "2022-08-20 03:33:32+00:00", "persistent": false, "user": null, "language": "en-US"}, {"source": "http://feeds.bbci.co.uk/news/rss.xml", "title": "How students missing exams in pandemic felt 'stressed and alone'", "description": "Students receiving their A-level results speak about the struggles of studying during a pandemic.", "link": "https://www.bbc.co.uk/news/uk-62593667?at_medium=RSS&at_campaign=KARANGA", "date_published": "2022-08-20 00:12:46+00:00", "persistent": false, "user": null, "language": "en-US"}, {"source": "http://feeds.bbci.co.uk/news/rss.xml", "title": "Train and Tube strikes: Salon owner says strikes make it feel like the pandemic", "description": "Cancellations and no-shows - how industrial action on transport is affecting the hospitality business.", "link": "https://www.bbc.co.uk/news/uk-62602410?at_medium=RSS&at_campaign=KARANGA", "date_published": "2022-08-20 00:12:29+00:00", "persistent": false, "user": null, "language": "en-US"}, {"source": "http://feeds.bbci.co.uk/news/rss.xml", "title": "Aretha Franklin Prom will explore 'the core of who she was'", "description": "Conductor Jules Buckley says the show will take a journey from the church to the top of the charts.", "link": "https://www.bbc.co.uk/news/entertainment-arts-62565695?at_medium=RSS&at_campaign=KARANGA", "date_published": "2022-08-20 00:11:05+00:00", "persistent": false, "user": null, "language": "en-US"}, {"source": "http://feeds.bbci.co.uk/news/rss.xml", "title": "UK drought: Why do the trees think it's autumn already?", "description": "Experts say the unusual weather has triggered a 'false autumn' as trees struggle to cope with drought.", "link": "https://www.bbc.co.uk/news/science-environment-62582186?at_medium=RSS&at_campaign=KARANGA", "date_published": "2022-08-20 00:07:31+00:00", "persistent": false, "user": null, "language": "en-US"}]