[{"source": "https://www.youtube.com/feeds/videos.xml?channel_id=UCctjGdm2NlMNzIlxz02IsXA", "title": "Better Than Breaking Bad?! - Ray Gun Retrospective (no spoilers)", "description": "Go to https://buyraycon.com/raygun for 15% off your order! Brought to you by Raycon.\n\nBreaking Bad was an S+ tier TV show. \n\nSocial Media!\nTWITTER \u25ba https://twitter.com/ChrisRGun\nINSTAGRAM \u25ba https://www.instagram.com/chris_ray_gun/\nTWITCH \u25ba https://www.twitch.tv/chrisraygun\nTIKTOK \u25ba https://www.tiktok.com/@chrisraygun\nSUBREDDIT \u25ba https://www.reddit.com/r/ChrisRayGun/\n\nSupport Me Over Here!\nMERCH \u25ba https://teespring.com/stores/chris-ray-gun\nPATREON \u25ba https://www.patreon.com/ChrisRay\n\nPodcasts!\nSACRED SYMBOLS : A PLAYSTATION PODCAST \u25ba https://apple.co/2Rqmklc\nSNARK TANK \u25ba https://www.youtube.com/c/TheSnarkTank", "link": "https://www.youtube.com/watch?v=moAz9DegY_4", "date_published": "2022-08-20 21:03:09+00:00", "persistent": false, "user": null, "language": "en-US"}]