[{"source": "https://www.youtube.com/feeds/videos.xml?channel_id=UCNvzD7Z-g64bPXxGzaQaa4g", "title": "10 Ridiculous Video Game Cliff-Hangers That Never Got Resolved", "description": "Some games end with serious cliffhanger endings that don't quite land, leave us beyond puzzled or even laughably unsatisfied.\nSubscribe for more: https://www.youtube.com/gameranxTV?sub_confirmation=1\n\n0:00 Intro\n0:39 The Conduit 2\n2:40 XIII\n3:55 Dead Space 3 DLC\n5:49 Shenmue 3\n7:16 Condemned 2\n8:08 Freedom Force vs. The Third Reich\n9:10 Star Wars Force Unleashed 2\n10:13 Darkness 2 \n11:07 Mega Man Legends 2\n11:56 Half-life 2", "link": "https://www.youtube.com/watch?v=JrJ2cdM1kUc", "date_published": "2022-08-21 00:00:00+00:00", "persistent": false, "user": null, "language": "en-US"}, {"source": "https://www.youtube.com/feeds/videos.xml?channel_id=UCNvzD7Z-g64bPXxGzaQaa4g", "title": "Top 10 NEW Zombie Games of 2022", "description": "Looking for a new zombie game on PC, PS5, PS4, or Xbox Series X/S/One? We've got you covered with these upcoming game releases.\nSubscribe for more: https://www.youtube.com/gameranxTV?sub_confirmation=1\n\n10-Projekt Z \n\nPlatform : PC\n\nRelease Date : TBA\n\n\n\n9-REQUISITION VR\n\nPlatform : PC PS4\n\nRelease Date : Sep 22, 2022\n\n\n\n8-Showa American Story\n\nPlatform : PC PS4 PS5\n\nRelease Date : TBA\n\n\n\n7-No More Room in Hell 2 \n\nPlatform : PC\n\nRelease Date : October 31, 2022\n\n\n\n6-Ill\n\nPlatform : PC\n\nRelease Date : TBA\n\n\n\n5-Daymare: 1994 Sandcastle \n\nPlatform : PC PS4 XBOX ONE PS5 XSX|S\n\nRelease Date : TBA 2022\n\n\n\n4-Aftermath\n\nPlatform : PC PS4 XBOX ONE PS5 XSX|S\n\nRelease Date : TBA 2022\n\n\n\n3-SurrounDead\n\nPlatform : PC \n\nRelease Date : 24 Jun, 2022\n\n\n\n2-Dying Light 2\n\nPlatform : PC PS4 XBOX ONE PS5 XSX|S \n\nRelease Date : February 4, 2022\n\n\n\n1-The Callisto Protocol\n\nPlatform : PC PS4 XBOX ONE PS5 XSX|S \n\nRelease Date : December 2, 2022\n\n\n\nBonus:\n\n\n\nEvil Dead the game\n\nPlatform : PC PS4 XBOX ONE PS5 XSX|S \n\nRelease Date : May 13, 2022\n\n\n\nResident Evil Re:Verse\n\nPlatform : PC PS4 XBOX ONE PS5 XSX|S \n\nRelease Date : Oct 28, 2022\n\n\n\nOutbreak Island: Pendulum \n\nPlatform : PC\n\nRelease Date : TBA\n\n\n0:00 Intro\n0:10 Projekt Z \n1:11 REQUISITION VR\n2:13 Showa American Story\n2:58 No More Room in Hell 2 \n3:52 Ill\n4:53 Daymare: 1994 Sandcastle \n5:42 Aftermath\n6:37 SurrounDead\n8:05 Dying Light 2\n8:54 The Callisto Protocol\n9:47 Bonus", "link": "https://www.youtube.com/watch?v=teQW8_m6Wuw", "date_published": "2022-08-20 00:00:00+00:00", "persistent": false, "user": null, "language": "en-US"}]