[{"source": "https://www.youtube.com/feeds/videos.xml?channel_id=UCwSv086EAByBY-Z7y-QR_cQ", "title": "Krajowa Przepustka Paliwowa na Sri Lance! Czy pomys\u0142 przyjmie si\u0119 tak\u017ce w Polsce?", "description": "\ud83d\udcfa Zapraszam do ogl\u0105dania\n\n\u2b07\ufe0fRozwi\u0144 opis\u2b07\ufe0f\n------------------------------------------------------------\n\ud83d\udc40 Uszi po godzinach: https://goo.gl/cdCFKe\n\ud83d\udc40 Hello World_: http://bit.ly/31BEhnv\n------------------------------------------------------------\n\u2709\ufe0f Ludzie listy pisz\u0105 \n\ud83d\udd8a\ufe0f uszi@protonmail.com\n------------------------------------------------------------\n\ud83d\udc7a Niecenzuralne i agresywne komentarze zostan\u0105 usuni\u0119te.  Jak ju\u017c musisz zakl\u0105\u0107 dawaj znaki (&*%@%).\n------------------------------------------------------------\n\ud83d\udcb2 Donate/ Darowizna\nPLN / SMS / Blik: http://bit.ly/3bsXtJj\nBTC: 174EmE88YFtvs6fuM8ZL5yYbik8hcaY6ud\n-------------------------------------------------------------\n\u2705 \u0179r\u00f3d\u0142a:\n1. https://bit.ly/3JtFHGB\n2. https://bbc.in/3Q2GoZQ\n3. https://bit.ly/3Q0taNr\n4. https://bit.ly/3OZhn0k\n5. https://bit.ly/3SEdPUz\n6. https://bit.ly/3OUlKdf\n7. https://bit.ly/3Q2FH2J\n8. https://nyti.ms/3BDdKu5\n9. https://bit.ly/3JvjCr3\n10. https://bit.ly/3Jt0LNz\n11. https://n.pr/3JzkCuj\n---------------------------------------------------------------\n\ud83d\udca1 Tagi: #polityka #srilanka \n--------------------------------------------------------------", "link": "https://www.youtube.com/watch?v=UsIIkPSG1-I", "date_published": "2022-08-04 00:00:00+00:00", "persistent": false, "user": null, "language": "en-US"}, {"source": "https://www.youtube.com/feeds/videos.xml?channel_id=UCwSv086EAByBY-Z7y-QR_cQ", "title": "Chc\u0105 wiedzie\u0107 co jesz! Chc\u0105 wiedzie\u0107 co kupujesz! Czy zostanie nam odrobina prywatno\u015bci?", "description": "\ud83d\udcfa Zapraszam do ogl\u0105dania\n\n\u2b07\ufe0fRozwi\u0144 opis\u2b07\ufe0f\n------------------------------------------------------------\n\ud83d\udc40 Uszi po godzinach: https://goo.gl/cdCFKe\n\ud83d\udc40 Hello World_: http://bit.ly/31BEhnv\n------------------------------------------------------------\n\u2709\ufe0f Ludzie listy pisz\u0105 \n\ud83d\udd8a\ufe0f uszi@protonmail.com\n------------------------------------------------------------\n\ud83d\udc7a Niecenzuralne i agresywne komentarze zostan\u0105 usuni\u0119te.  Jak ju\u017c musisz zakl\u0105\u0107 dawaj znaki (&*%@%).\n------------------------------------------------------------\n\ud83d\udcb2 Donate/ Darowizna\nPLN / SMS / Blik: http://bit.ly/3bsXtJj\nBTC: 174EmE88YFtvs6fuM8ZL5yYbik8hcaY6ud\n-------------------------------------------------------------\n\u2705 \u0179r\u00f3d\u0142a:\n1. https://bit.ly/3Sn3v2U\n2. https://bit.ly/3SqEfbU\n3. https://bit.ly/3Sr0Y7K\n4. https://bit.ly/3PZDzsG\n5. https://bit.ly/3d4ExVW\n---------------------------------------------------------------\n\ud83d\udca1 Tagi: #zakupy #gospodarka\n--------------------------------------------------------------", "link": "https://www.youtube.com/watch?v=3yuqS0B5-HA", "date_published": "2022-08-03 00:00:00+00:00", "persistent": false, "user": null, "language": "en-US"}]