[{"source": "https://www.youtube.com/feeds/videos.xml?channel_id=UCQSpnDG3YsFNf5-qHocF-WQ", "title": "The \"New\" File System in Windows: ReFS", "description": "Well it's not exactly new, but it's still rare!\n\u21d2 Become a channel member for special emojis, early videos, and more! Check it out here: https://www.youtube.com/ThioJoe/join\n\nBetter explanation of Sparse VDL: https://www.osr.com/nt-insider/2015-issue1/logical-physical-file-sizes-windows/\n\n\u25bc Time Stamps: \u25bc\n0:00 - Intro\n1:48 - How is it Resilient?\n3:32 - ReFS Features\n3:38 - Block Cloning\n4:26 - Sparse VDL\n5:28 - Mirror Accelerated Parity\n7:17 - File Level Snapshots\n8:06 - Features NOT in ReFS\n10:32 - Are You Missing Out?\n\n\u25ac\u25ac\u25ac\u25ac\u25ac\u25ac\u25ac\u25ac\u25ac\u25ac\u25ac\u25ac\u25ac\u25ac\u25ac\u25ac\u25ac\u25ac\u25ac\u25ac\u25ac\u25ac\u25ac\u25ac\u25ac\u25ac\nMerch \u21e8 https://teespring.com/stores/thiojoe\n\u21e8 http://Instagram.com/ThioJoe\n\u21e8 http://Twitter.com/ThioJoe\n\u21e8 http://Facebook.com/ThioJoeTV\nMy Gear & Equipment \u21e8 https://kit.co/ThioJoe\n\u25ac\u25ac\u25ac\u25ac\u25ac\u25ac\u25ac\u25ac\u25ac\u25ac\u25ac\u25ac\u25ac\u25ac\u25ac\u25ac\u25ac\u25ac\u25ac\u25ac\u25ac\u25ac\u25ac\u25ac\u25ac\u25ac", "link": "https://www.youtube.com/watch?v=lxrF9FzxeTU", "date_published": "2022-08-03 00:00:00+00:00", "persistent": false, "user": null, "language": "en-US"}]