[{"source": "https://www.youtube.com/feeds/videos.xml?channel_id=UC3I2GFN_F8WudD_2jUZbojA", "title": "Ty Segall & Freedom Band - Erased (Live on KEXP)", "description": "http://KEXP.ORG presents Ty Segall & Freedom Band performing \u201cErased\u201d live in the KEXP studio. Recorded February 5, 2022.\n\nTy Segall - Vocals / Guitar\nEmmett Kelly - Guitar\nMikal Cronin - Bass\nBen Boye - Keys\nCharles Moothart - Drums\n\nHost: Morgan\nAudio Engineer: Julian Martlew\nMastering: Matt Ogaz\nCameras: Jim Beckmann, Carlos Cruz, Alaia D\u2019Alessandro & Scott Holpainen\nEditor: Scott Holpainen\n\nhttps://ty-segall.com\nhttp://kexp.org", "link": "https://www.youtube.com/watch?v=hezGB1xsuyc", "date_published": "2022-02-18 00:00:00+00:00", "persistent": false, "user": null, "language": "en-US"}, {"source": "https://www.youtube.com/feeds/videos.xml?channel_id=UC3I2GFN_F8WudD_2jUZbojA", "title": "Ty Segall & Freedom Band - Full Performance (Live on KEXP)", "description": "http://KEXP.ORG presents Ty Segall & Freedom Band performing live in the KEXP studio. Recorded February 5, 2022.\n\nSongs:\nWhisper\nErased\nHarmonizer\nWaxman\n\nTy Segall - Vocals / Guitar\nEmmett Kelly - Guitar\nMikal Cronin - Bass\nBen Boye - Keys\nCharles Moothart - Drums\n\nHost: Morgan\nAudio Engineer: Julian Martlew\nMastering: Matt Ogaz\nCameras: Jim Beckmann, Carlos Cruz, Alaia D\u2019Alessandro & Scott Holpainen\nEditor: Scott Holpainen\n\nhttps://ty-segall.com\nhttp://kexp.org", "link": "https://www.youtube.com/watch?v=Jnix5PwZy2s", "date_published": "2022-02-18 00:00:00+00:00", "persistent": false, "user": null, "language": "en-US"}, {"source": "https://www.youtube.com/feeds/videos.xml?channel_id=UC3I2GFN_F8WudD_2jUZbojA", "title": "Ty Segall & Freedom Band - Harmonizer (Live on KEXP)", "description": "http://KEXP.ORG presents Ty Segall & Freedom Band performing \u201cHarmonizer\u201d live in the KEXP studio. Recorded February 5, 2022.\n\nTy Segall - Vocals / Guitar\nEmmett Kelly - Guitar\nMikal Cronin - Bass\nBen Boye - Keys\nCharles Moothart - Drums\n\nHost: Morgan\nAudio Engineer: Julian Martlew\nMastering: Matt Ogaz\nCameras: Jim Beckmann, Carlos Cruz, Alaia D\u2019Alessandro & Scott Holpainen\nEditor: Scott Holpainen\n\nhttps://ty-segall.com\nhttp://kexp.org", "link": "https://www.youtube.com/watch?v=q7AyzfOkgj8", "date_published": "2022-02-18 00:00:00+00:00", "persistent": false, "user": null, "language": "en-US"}, {"source": "https://www.youtube.com/feeds/videos.xml?channel_id=UC3I2GFN_F8WudD_2jUZbojA", "title": "Ty Segall & Freedom Band - Waxman (Live on KEXP)", "description": "http://KEXP.ORG presents Ty Segall & Freedom Band performing \u201cWaxman\u201d live in the KEXP studio. Recorded February 5, 2022.\n\nTy Segall - Vocals / Guitar\nEmmett Kelly - Guitar\nMikal Cronin - Bass\nBen Boye - Keys\nCharles Moothart - Drums\n\nHost: Morgan\nAudio Engineer: Julian Martlew\nMastering: Matt Ogaz\nCameras: Jim Beckmann, Carlos Cruz, Alaia D\u2019Alessandro & Scott Holpainen\nEditor: Scott Holpainen\n\nhttps://ty-segall.com\nhttp://kexp.org", "link": "https://www.youtube.com/watch?v=21HVihTLI5w", "date_published": "2022-02-18 00:00:00+00:00", "persistent": false, "user": null, "language": "en-US"}, {"source": "https://www.youtube.com/feeds/videos.xml?channel_id=UC3I2GFN_F8WudD_2jUZbojA", "title": "Ty Segall & Freedom Band - Whisper (Live on KEXP)", "description": "http://KEXP.ORG presents Ty Segall & Freedom Band performing \u201cWhisper\u201d live in the KEXP studio. Recorded February 5, 2022.\n\nTy Segall - Vocals / Guitar\nEmmett Kelly - Guitar\nMikal Cronin - Bass\nBen Boye - Keys\nCharles Moothart - Drums\n\nHost: Morgan\nAudio Engineer: Julian Martlew\nMastering: Matt Ogaz\nCameras: Jim Beckmann, Carlos Cruz, Alaia D\u2019Alessandro & Scott Holpainen\nEditor: Scott Holpainen\n\nhttps://ty-segall.com\nhttp://kexp.org", "link": "https://www.youtube.com/watch?v=VID3I3rYU6k", "date_published": "2022-02-18 00:00:00+00:00", "persistent": false, "user": null, "language": "en-US"}]