[{"source": "https://www.youtube.com/feeds/videos.xml?channel_id=UCsM-ZFKD_8vlDjfhKRNUk1A", "title": "Patrick the Pan - Nie chc\u0119 psa - live MUZO.FM", "description": "Patrick the Pan na \u017cywo w MUZO.FM. Utw\u00f3r Nie chc\u0119 psa pochodzi z p\u0142yty Mi\u0142o wszystko. \n\nSubskrybuj nasz kana\u0142: http://www.muzo.tv\nFacebook: http://www.facebook.com/MUZO.FM\nFacebook: http://www.facebook.com/MUZO.TV\nFacebook Patrick the Pan: http://www.facebook.com/patrickthepan\nInstagram Patrick the Pan: http://www.instagram.com/patrick_the_pan\nInstagram: http://www.instagram.com/muzofm\nTwitter: http://twitter.com/muzo_fm\nStrona: http://www.muzo.fm\n\n#popolsku", "link": "https://www.youtube.com/watch?v=8S3HqRKxDvw", "date_published": "2022-02-17 00:00:00+00:00", "persistent": false, "user": null, "language": "en-US"}]