[{"source": "https://www.youtube.com/feeds/videos.xml?channel_id=UCy0Pr5u-MwGXXzp_GDd4m_g", "title": "Interrogation gone wrong...", "description": "When good cop bad cop goes too far... Subscribe to me! and then head over to @ChristianNat and subscribe there!!\n\nActors:  @ChristianNat  , Julie Nolke, and Jill Agopsowicz\nWriter: Julie Nolke\nCamera: Sam Larson\nEditor: Alec Mckay\nProduction Assistant: Jill Agopsowicz\n\nAlso, join my Patreon for behind the scenes videos, live q&as and early access to videos here: https://www.patreon.com/julienolke", "link": "https://www.youtube.com/watch?v=6ZwwkRkFhdA", "date_published": "2022-02-17 00:00:00+00:00", "persistent": false, "user": null, "language": "en-US"}]