[{"source": "https://www.youtube.com/feeds/videos.xml?channel_id=UC_7PqixGIdE-jjoHKMPYpGA", "title": "Dlatego nie reklamuj\u0119 CBD...", "description": "\ud83d\udcda Kup moj\u0105 najnowsz\u0105 ksi\u0105\u017ck\u0119 \u25ba https://siedem.alt.pl\nDo 9 listopada darmowa wysy\u0142ka na terenie Polski\n\n\ud83d\udc49 Patronite \u25ba https://patronite.pl/NaukowyBelkot \n\ud83d\udc49 Nasz naukowy portal\u25ba https://naukowybelkot.pl\n\n\ud83d\udcda Moja ksi\u0105\u017cka \u25ba https://altenberg.pl/geny/\n\ud83d\udcda E-book \u25ba https://tinyurl.com/pnp-ebook\n\ud83c\udfa7 Mix audio \u25ba http://ratstudios.pl/\n\nTak... B\u0119dzie o olejkach CBD...\n\n===\nCzy mo\u017cna wierzy\u0107 publikacjom\n\ud83d\udc49 https://www.youtube.com/watch?v=Avq9X0SSiLU\n\nPlacebo\n\ud83d\udc49 https://www.youtube.com/watch?v=rgtPI8urtkE\n\n===\nRozk\u0142ad jazdy:\n\n0:00 Tw\u00f3j ulubiony celebryta vs CBD\n2:10 \u0179r\u00f3d\u0142a #disclaimer\n3:52 Braki dowod\u00f3w #disclaimer\n5:00 Placebo #disclaimer\n6:30 Czy dzia\u0142a na ludzi?\n8:20 Czy uzale\u017cnia?\n8:52 Bezpiecze\u0144stwo\n11:50 Epilepsja\n12:58 B\u00f3l\n14:50 Nowotwory\n15:17 L\u0119ki\n16:35 Choroby psychiczne\n17:55 Przypad\u0142o\u015bci neurologiczne\n18:40 Sen\n19:01 Uzale\u017cnienia\n19:40 Wiarygodno\u015b\u0107\n\n===\n\u0179r\u00f3d\u0142a (wybrane):\n\nN. Black i in. - Cannabinoids for the treatment of mental disorders and symptoms of mental disorders: A systematic review and metaanalysis\nD. Larsen i in. - Dosage, Efficacy and Safety of Cannabidiol Administration in Adults: A Systematic Review of Human Trials\nJ. Moltke i in. - Reasons for cannabidiol use: a crosssectional study of CBD users, focusing on self-perceived stress, anxiety, and sleep problems\nM. Eisenstein - From menace to medicine\nF. Pampolina i in. - Potential Clinical Benefits of CBD-Rich Cannabis Extracts Over Purified CBD in Treatment-Resistant Epilepsy: Observational Data Meta-analysis\nC. White - Potential Clinical Benefits of CBD-Rich Cannabis Extracts Over Purified CBD in Treatment-Resistant Epilepsy: Observational Data Meta-analysis\nD. Sholler i in. - Potential Clinical Benefits of CBD-Rich Cannabis Extracts Over Purified CBD in Treatment-Resistant Epilepsy: Observational Data Meta-analysis\nE. Chesney i in. - Adverse effects of cannabidiol: a systematic review and meta-analysis of randomized clinical trials\nK. Iffland i in. - An Update on Safety and Side Effects of Cannabidiol: A Review of Clinical Data and Relevant Animal Studies\nN. Vozoris i in. - Morbidity and mortality associated with prescription cannabinoid drug use in COPD\nE. Seltzer i in. - Cannabidiol (CBD) as a Promising Anti-Cancer Drug\nE. Boland i in. - Cannabinoids for adult cancer-related pain: systematic review and meta-analysis\nM. Mucke i in. - Systematic review and meta\u2010analysis of cannabinoids in palliative medicine\nA. Hazekamp i in. - Grote variatie in samenstelling cannabisolie noopt tot rege\nhttps://sciencebasedmedicine.org/where-are-we-with-cbd/", "link": "https://www.youtube.com/watch?v=zv_CoSRC710", "date_published": "2022-04-06 00:00:00+00:00", "persistent": false, "user": null, "language": "en-US"}]