[{"source": "https://www.youtube.com/feeds/videos.xml?channel_id=UCIFlYVfPnvukmFOvC4JUfOg", "title": "#4 To juz\u0307 jest koniec, ostatki w Miami z @vlogcasha", "description": "Wszystko co dobre szybko si\u0119 ko\u0144czy, skondensowany zapis ostatnich kilku dni z @vlogcasha  w Miami przed rozstaniem si\u0119 na dobre.\n\nA Simple Eggstaurant\n1516 Washington Ave, Miami Beach, FL 33139 \nAdres: https://g.page/eggstaurant?share\n\ud83d\udcf7 Instagram https://www.instagram.com/eggstaurant \n\ud83e\uddd7\ud83c\udffbWesprzyj moje przygody na patronite: https://patronite.pl/Nejtan\n\ud83d\udcf7 Instagram: https://www.instagram.com/nejthan\n\ud83d\udcdc Napisz do mnie: swiatwedlugnejtana@gmail.com\n\ud83c\udfb5 Muzyka: https://share.epidemicsound.com/m7uq26\n\n2022 Trip z  @vlogcasha    po Florydzie https://bit.ly/3uueZGV\n2021 Trip z  @vlogcasha    po zachodzie Usa i Alaska\nhttps://bit.ly/3D6ClpI\n#swiatwedlugnejtana #nejtan", "link": "https://www.youtube.com/watch?v=O-VIbL2XH3Q", "date_published": "2022-04-05 00:00:00+00:00", "persistent": false, "user": null, "language": "en-US"}]