[{"source": "https://www.youtube.com/feeds/videos.xml?channel_id=UCXuqSBlHAE6Xw-yeJA0Tunw", "title": "The Prettiest Gaming Setup - Intel $5,000 Extreme Tech Upgrade", "description": "Thanks to Intel for continuing to sponsor this series! Buy an Intel CORE 12700K: https://geni.us/BoeG\n\nDiscuss on the forum: https://linustechtips.com/topic/1423097-the-prettiest-gaming-setup-intel-5000-extreme-tech-upgrade/\n\nGroveMade: https://bit.ly/LINUSGM\n\nBuy a Zotac RTX 3060 AMP: https://geni.us/G3zfVDR\n\nBuy an ASUS Z690-A Strix: https://geni.us/SpRnZ\n\nBuy a Corsair 4000X RGB: https://geni.us/QrSYGN\n\nBuy an Gigabyte G27Q 27\" Monitor: https://geni.us/3Mdzsg\n\nBuy a Logitech C920S: https://geni.us/caAjFv\n\nBuy an LG G Pro X Superlight: https://geni.us/U3bA\n\nBuy a Rode PSA1 Mic Arm: https://geni.us/XYc7aE\n\nBuy an AT2020 USB Mic: https://geni.us/AtsD5Wx\n\nBuy a AT8458a Mic Shock Mount: https://geni.us/rHjDhqx\n\nBuy the Kanto YU2 Speakers: https://geni.us/o03c4\n\nBuy the Kanto S2 Stands: https://geni.us/sHcN\n\nBuy a SecretLab TITAN EVO 2022: https://lmg.gg/SecretlabSC\n\nBuy a Wacom Intuos Tablet: https://geni.us/EvxnJT\n\nBuy the Posca Pens set: https://geni.us/PzerlMM\n\nBuy an Anker PowerExpand 9-in-2 Media Hub: https://geni.us/omxgZw\n\nBuy a Vitruvi Diffuser: https://geni.us/kvyRDTR\n\nBuy an IKEA Lack Shelf: https://geni.us/IPKfx\n\nBuy an Nanoleaf Light Panels Smarter Kit: https://geni.us/puS6\n\nBuy a Universal Audio Volt 1 USB-C Audio Interface: https://geni.us/FHCQr6\n\nPurchases made through some store links may provide some compensation to Linus Media Group.\n\n\u25ba GET MERCH: https://lttstore.com\n\u25ba AFFILIATES, SPONSORS & REFERRALS: https://lmg.gg/sponsors\n\u25ba PODCAST GEAR: https://lmg.gg/podcastgear\n\u25ba SUPPORT US ON FLOATPLANE: https://www.floatplane.com/\n\nFOLLOW US ELSEWHERE\n---------------------------------------------------  \nTwitter: https://twitter.com/linustech\nFacebook: http://www.facebook.com/LinusTech\nInstagram: https://www.instagram.com/linustech\nTikTok: https://www.tiktok.com/@linustech\nTwitch: https://www.twitch.tv/linustech\n\nMUSIC CREDIT\n---------------------------------------------------\nIntro: Laszlo - Supernova\nVideo Link: https://www.youtube.com/watch?v=PKfxmFU3lWY\niTunes Download Link: https://itunes.apple.com/us/album/supernova/id936805712\nArtist Link: https://soundcloud.com/laszlomusic\n\nOutro: Approaching Nirvana - Sugar High\nVideo Link: https://www.youtube.com/watch?v=ngsGBSCDwcI\nListen on Spotify: http://spoti.fi/UxWkUw\nArtist Link: http://www.youtube.com/approachingnirvana\n\nIntro animation by MBarek Abdelwassaa https://www.instagram.com/mbarek_abdel/\nMonitor And Keyboard by vadimmihalkevich / CC BY 4.0  https://geni.us/PgGWp\nMechanical RGB Keyboard by BigBrotherECE / CC BY 4.0 https://geni.us/mj6pHk4\nMouse Gamer free Model By Oscar Creativo / CC BY 4.0 https://geni.us/Ps3XfE\n\nCHAPTERS\n---------------------------------------------------\n0:00 \u2013 Intro \n1:38 \u2013 Sarah\u2019s Parts\n4:46 \u2013 Building the PC\n14:14 \u2013 Setting up her Streaming and Design Space\n20:53 \u2013 Unboxing the rest\n23:12 - Conclusion", "link": "https://www.youtube.com/watch?v=gCnJjWRf5dk", "date_published": "2022-04-06 00:00:00+00:00", "persistent": false, "user": null, "language": "en-US"}, {"source": "https://www.youtube.com/feeds/videos.xml?channel_id=UCXuqSBlHAE6Xw-yeJA0Tunw", "title": "I Tried to Break a Million Dollar Computer - IBM Z16 Facility Tour!", "description": "Try FreshBooks free, for 30 days, no credit card required at https://www.freshbooks.com/linus\n\nSave 10% and Free Worldwide Shipping at Ridge Wallet by using offer code LINUS at https://www.ridge.com/LINUS\n\nIBM invited us to do a facility tour showing off the mainframes they sell to high frequency trading customers and the like. You want to see wacky, custom hardware? This is it!\n\nDiscuss on the forum: https://linustechtips.com/topic/1422880-i-tried-to-break-a-million-dollar-computer-ibm-tour/\n\n\u25ba GET MERCH: https://lttstore.com\n\u25ba AFFILIATES, SPONSORS & REFERRALS: https://lmg.gg/sponsors\n\u25ba PODCAST GEAR: https://lmg.gg/podcastgear\n\u25ba SUPPORT US ON FLOATPLANE: https://www.floatplane.com/\n\nFOLLOW US ELSEWHERE\n---------------------------------------------------  \nTwitter: https://twitter.com/linustech\nFacebook: http://www.facebook.com/LinusTech\nInstagram: https://www.instagram.com/linustech\nTikTok: https://www.tiktok.com/@linustech\nTwitch: https://www.twitch.tv/linustech\n\nMUSIC CREDIT\n---------------------------------------------------\nIntro: Laszlo - Supernova\nVideo Link: https://www.youtube.com/watch?v=PKfxmFU3lWY\niTunes Download Link: https://itunes.apple.com/us/album/supernova/id936805712\nArtist Link: https://soundcloud.com/laszlomusic\n\nOutro: Approaching Nirvana - Sugar High\nVideo Link: https://www.youtube.com/watch?v=ngsGBSCDwcI\nListen on Spotify: http://spoti.fi/UxWkUw\nArtist Link: http://www.youtube.com/approachingnirvana\n\nIntro animation by MBarek Abdelwassaa https://www.instagram.com/mbarek_abdel/\nMonitor And Keyboard by vadimmihalkevich / CC BY 4.0  https://geni.us/PgGWp\nMechanical RGB Keyboard by BigBrotherECE / CC BY 4.0 https://geni.us/mj6pHk4\nMouse Gamer free Model By Oscar Creativo / CC BY 4.0 https://geni.us/Ps3XfE\n\nCHAPTERS\n---------------------------------------------------\n0:00 Intro\n1:16 What's a Z16?\n1:55 Cooling\n3:00 Power\n3:40 Compute\n6:00 Nutty Socket\n9:18 Crazy VRMs\n11:24 RAM like you've never seen it before\n12:50 Cache work weird\n15:00 now THIS is networking!\n19:30 Welcome to the Patch Room\n21:15 \"my wife unit\"\n21:42 What's this for?\n22:15 Price $$\n23:45 Outro", "link": "https://www.youtube.com/watch?v=ZDtaanCENbc", "date_published": "2022-04-05 00:00:00+00:00", "persistent": false, "user": null, "language": "en-US"}]