[{"source": "https://www.youtube.com/feeds/videos.xml?channel_id=UCbu2SsF-Or3Rsn3NxqODImw", "title": "Everything New In Black Desert Online's Eternal Winter Expansion", "description": "(Presented by Pearl Abyss) Blizzards? Check. A sick new player class? Check. A fox sherpa? Check.\u00a0Black Desert Online's new Eternal Winter (free) update has something for everyone, even if you've never played the hugely popular MMO before. Whether you're a long time Black Desert Online player or just getting started, you can jump straight into the new Eternal Winter expansion. Just don't forget to bring a coat!", "link": "https://www.youtube.com/watch?v=xatvbQrZRUU", "date_published": "2022-04-06 00:00:00+00:00", "persistent": false, "user": null, "language": "en-US"}, {"source": "https://www.youtube.com/feeds/videos.xml?channel_id=UCbu2SsF-Or3Rsn3NxqODImw", "title": "Ubisoft NFTs: Your Favorite Games Aren't Safe Yet | GameSpot News", "description": "Ubisoft may still have plans for NFTs in its future games, the next Ghost Recon is reportedly in development, and Call of Duty Warzone season 3 may include sniper nerfs.\n#GamingNews #Ubisoft #Warzone\n\nThe Ubisoft Quartz website shows that the company seems to have plans to continue its NFT push. The site thanks the players who claimed their in-game NFTs and goes on to say \u201cstay tuned for more updates with features to the platform and future drops coming with other games!\u201d\n\nAccording to Kotaku, the next mainline Ghost Recon game could launch as early as the fiscal year 2023, and is codenamed Over. Not much other information about a new Ghost Recon is currently available.\n\nNews of the upcoming sniper nerf for Season 3 comes from Ted Timmins, who works on Warzone as Raven Software's Senior Creative Director. Timmins said, \"I think we would all agree it\u2019s long overdue. The sniper meta hasn\u2019t changed in what feels like forever.\"\n\nSTAMPS\n00:00 - Intro\n00:06 - Ubisoft NFT\n00:51 - New Ghost Recon\n01:45 - Warzone", "link": "https://www.youtube.com/watch?v=cJ9iakYNW8c", "date_published": "2022-04-06 00:00:00+00:00", "persistent": false, "user": null, "language": "en-US"}, {"source": "https://www.youtube.com/feeds/videos.xml?channel_id=UCbu2SsF-Or3Rsn3NxqODImw", "title": "New Ubisoft Battle Royale Reports Amid Ghost Recon Breakpoint Support Loss | GameSpot News", "description": "Ubisoft is ending support for Ghost Recon Breakpoint, Ubisoft are reportedly working on a new hero shooter style battle royale and a new Tomb Raider Game is announced.\n#GameingNews #TombRaider #GhostRecon\u00a0\n\nGhost Recon Breakpoint will no longer be supported. Ubisoft made the announcement in a Twitter update and said, \u201cThe last four months marked the release of our final piece of content.\u201d Over the last several months, Ghost Recon Breakpoint content began winding down with the launch of Operation Motherlode mode and anniversary content that celebrated the 20th anniversary of the series.\n\nA new report states that a new third-person hero shooter take on the genre tentatively titled Pathfinder is reportedly in early stages of development at Ubisoft Montreal. Pathfinder is said to be a PvPvE take on battle royale, with players having to battle both AI enemies and other competitors as they work their way towards the center of a map to defeat a boss-like enemy.\n\nDuring Epic's State of Unreal event, Crystal Dynamics confirmed that it has begun work on the next Tomb Raider game and that it will run on Unreal Engine 5. The studio added: \"Our goal is to push the envelope of fidelity, and to deliver the high quality cinematic action-adventure experience that fans deserve from both Crystal Dynamics and the Tomb Raider franchise.\"\n\nSTAMPS\n00:00 - Intro\n00:09 - Breakpoint\n01:06 - New Battle Royale\n02:34 - New Tomb Raider", "link": "https://www.youtube.com/watch?v=rFCu-60IykM", "date_published": "2022-04-05 00:00:00+00:00", "persistent": false, "user": null, "language": "en-US"}, {"source": "https://www.youtube.com/feeds/videos.xml?channel_id=UCbu2SsF-Or3Rsn3NxqODImw", "title": "State of Unreal Full Presentation (April 2022)", "description": "Watch the State of Unreal 2022 full opening keynote presentation.\n\nIn this year\u2019s State of Unreal, you\u2019ll hear the latest news and dive into insightful tech talks. Learn more from the Coalition, CD Projekt Red, and Crystal Dynamics.", "link": "https://www.youtube.com/watch?v=y0r_F2C1CuI", "date_published": "2022-04-05 00:00:00+00:00", "persistent": false, "user": null, "language": "en-US"}, {"source": "https://www.youtube.com/feeds/videos.xml?channel_id=UCbu2SsF-Or3Rsn3NxqODImw", "title": "The State of Unreal 2022 Livestream", "description": "In this year\u2019s State of Unreal, you\u2019ll hear our latest news and dive into insightful tech talks. And that\u2019s all on top of a very special announcement.\r\n\r\nSchedule\r\n\r\n8:00am PDT / 11:00 AM EDT - State of Unreal Keynote\r\nReady for what\u2019s next? Don\u2019t miss our keynote for some very special Unreal Engine news.\r\n\r\n9:30am PDT / 12:30 PM EDT - The Matrix Awakens: Creating a World\r\nDiscover how Epic's Special Projects team leveraged UE5 to create the environment in The Matrix Awakens. We\u2019ll cover our modular procedural approach to building creation; Open World workflows (One File Per Actor, Data Layers, HLODs, level instancing); lookdev breakdowns of materials and texturing; and updates on improvements to Lumen, our global illumination and reflections system.\r\n\r\n10:30am PDT / 1:30 PM EDT - The Matrix Awakens: Generating a World\r\nFind out how we procedurally generated the city for The Matrix Awakens demo using a combination of Unreal Engine-native procedural tools and a game-changing new Houdini workflow. We\u2019ll dive into the different construction steps and technical challenges that we faced along the way.\r\n\r\n11:30am PDT / 2:30 PM EDT - Creating your first game in Unreal Engine\r\nTune in for a fast-paced and inspirational tech talk on creating a game in Unreal Engine.", "link": "https://www.youtube.com/watch?v=T28ZzPADgt4", "date_published": "2022-04-05 00:00:00+00:00", "persistent": false, "user": null, "language": "en-US"}]