[{"source": "https://www.youtube.com/feeds/videos.xml?channel_id=UCh9IfI45mmk59eDvSWtuuhQ", "title": "What Shopping On Amazon Feels Like", "description": "Find out which companies have your data and reclaim it with Mine! Sign up right here: https://bit.ly/saymine-ryangeorge\n\nHi there hello please click the subscribe button and turn on notifications so I can feed my cats.\nTwitter/Instagram: @TheRyanGeorge", "link": "https://www.youtube.com/watch?v=nQpxAvjD_30", "date_published": "2022-01-29 00:00:00+00:00", "persistent": false, "user": null, "language": "en-US"}]