[{"source": "https://www.youtube.com/feeds/videos.xml?channel_id=UCW0gH2G-cMKAEjEkI4YhnPA", "title": "The Complete Travels of Th\u00e9oden, King of Rohan | Tolkien Explained", "description": "Born in Gondor, Th\u00e9oden would live the rest of his life in Rohan when his father ascends to the throne.  When his time comes, he becomes the 17th King of Rohan.  As king, he would not only rule the realm, but raise three children as a single father: Th\u00e9odred, as well as his nephew \u00c9omer and niece \u00c9owyn. So great was Th\u00e9oden in the Battle of the Pelennor Fields, that he is compared to one of the Valar.\n\nGo to www.LordofMaps.com and use the code NERDOFMAPS to save 15% off your order of great maps!\n\nHit subscribe - and the bell!\nNerd of the Rings on PATREON: https://www.patreon.com/NerdoftheRings\n\nTo purchase artist work, check out these amazing artists!\n\nJenny Dolfen - goldseven.wordpress.com/\nTurner Mohan - www.instagram.com/turner_mohan\nTed Nasmith - www.tednasmith.com/shop/\nJerry Vanderstelt - store.vandersteltstudio.com/main.sc\nAnke Eissmann - http://anke.edoras-art.de/anke_illustration.html\nDonato Giancola - https://www.donatoarts.com/online-store/secure-store/Middle-earth-c34110463\nAronja Art - https://www.instagram.com/aronjaart/\nSteamey - https://www.deviantart.com/steamey\nKip Rasmussen - https://www.kiprasmussen.com/\nCK Goksoy - https://www.artstation.com/ckgoksoy\nIvan Cavini - https://www.instagram.com/ivan_cavini/\n\nTheoden - Jenny Dolfen\nPersuassive Words - Donato Giancola\nForth Eorlingas - Jenny Dolfen\nTheoden vs Captain of the Haradrim - Kip Rasmussen\nTheoden & Snowmane - Magdalena Katanska\nRider of Rohan - JG Jones\nMinas Tirith - Ralph Damiani\nEdoras - Ralph Damiani\nRohirrim - Matthew Stewart\nEdoras - Alan Lee\nMeadhall - Pete Amachree\nHouse of Eorl, Deor - Aegeri\nAt the Crossing of the Mering Stream - Steamey\nTheoden in the Aldburg Eastfold - Steamey\nTheoden - Jenny Dolfen\nRiders of Rohan - Turner Mohan\nOrthanc in the Second Age - Ted Nasmith\nTheoden and Grima - Alan Lee\nTheoden and Wormtongue - Aegeri\nWormtongue - Steve Airola\nSons of Rohan - Jenny Dolfen\nTheoden King - Jenny Dolfen\nGandalf rides to Minas Tirith - Rafael Damiani\nBattle of the Fords of Isen - James Rinere\nSaruman - Angus McBride\nRohirrim - Angus McBride\nApproaching Edoras - Ted Nasmith\nEdoras - John Howe\nGandalf the White - Andrea Piparo\nGandalf and Narya - Donato Giancola\nGandalf in Hollin - Donato Giancola\nGandalf command - Matthew Stewart\nTheoden Corrupted - Steve Airola\nThe House of Eorl, Brego - Aegeri\nGandalf judges Grima Wormtongue - Anke Eissmann\nThe Rohirrim - Aegeri\nTheoden - Daniel Falconer\nEdoras - John Howe\nGandalf - JG Jones\nRohirrim in Battle of Pelennor Fields - Ivan Cavini\nEowyn Alone Before the Golden Hall - Matthew Stewart\nHelm's Deep - John Howe\nTheoden - Steve Airola\nIsengard - Ivan Cavini\nGandalf Rides to Minas Tirith - Ted Nasmith\nRiders of Rohan - Ted Nasmith\nMerry - John Howe\nThe Red Arrow - Paula DiSante\nThe Aid of the Wild Men - Ted Nasmith\nEowyn and Merry - Matthew Stewart\nBattle of Pelennor Fields - Magdalena Katanska\nOrome Hunts the Creatures of Morgoth - Kip Rasmussen\nRohan charge - Tom Romain\nThe Black Serpent Flounders - Anke Eissmann\nEowyn and the Witch King - Angus McBride\nEowyn and Nazgul - Donato Giancola\nEowyn and the Nazgul - Matthew Stewart\nEowyn Stands Against the Witch King - Kip Rasmussen\nThe House of Eorl, Gram - Aegeri\nThe House of Eorl, Freawine - Aegeri\nEowyn - Matthew Stewart\nEowyn and the Witch King - Ivan Cavini\nEomer and Aragorn Ride to the Lands of the East - Kip Rasmussen\nRide of the Rohirrim - Anke Eissmann\nBattle of the Black Gate - Ted Nasmith\nFuneral of Haldad, Haldar - Steamey\nCharge of the Rohirrim - John Howe\n\nFor more on the life of Th\u00e9oden, check out: \nThe Lord of the Rings by JRR Tolkien\nTolkien Gateway\nThe Encyclopedia of Arda\n\nAll content falls under fair use: any copying of copyrighted material done for a limited and \u201ctransformative\u201d purpose, such as to comment upon, criticize, or parody a copyrighted work. Such uses can be done without permission from the copyright owner.   If your artwork appears and you are not listed here, please let me know! I want to make sure all artists are credited for their amazing work.\n\n#theoden #lordoftherings #tolkien", "link": "https://www.youtube.com/watch?v=ZSiPx2Fo4uo", "date_published": "2022-01-29 00:00:00+00:00", "persistent": false, "user": null, "language": "en-US"}]