[{"source": "https://www.youtube.com/feeds/videos.xml?channel_id=UCwUizOU8pPWXdXNniXypQEQ", "title": "Calling all LIONS!", "description": "", "link": "https://www.youtube.com/watch?v=a6FL8_kyM98", "date_published": "2022-01-29 00:00:00+00:00", "persistent": false, "user": null, "language": "en-US"}, {"source": "https://www.youtube.com/feeds/videos.xml?channel_id=UCwUizOU8pPWXdXNniXypQEQ", "title": "Why I Was WRONG About Guns!", "description": "Grab your Red/Blue Light Teeth Whitening Kit at https://naturalteethwhiteners.com/jp\n\nCheck Out My Merch Here - https://awakenwithjp.com\n\nTake a stand against censorship. Join my Awakened Warriors Email List - https://awakenwithjp.com/joinme\n\nWhy I was WRONG about guns! In this video I share why are used to be anti-gun and why I changed my mind to now be pro gun, pro 2A.\nYou can Watch my old anti-gun video in full here: https://youtu.be/MWA0rukqrYQ\n\nListen and Subscribe to my Podcast here: \nhttps://apple.co/3fFTbPC\nAlso available everywhere else you get podcasts. Just search and subscribe to \"Awaken With JP Sears Show\"\n\nConnect with me at: \nhttp://www.facebook.com/AwakenWithJP\nhttp://www.Instagram.com/AwakenWithJP\nhttp://www.twitter.com/AwakenWithJP\nhttps://mewe.com/p/awakenwithjp\nhttps://parler.com/profile/AwakenWithJP\nhttp://www.AwakenWithJP.com", "link": "https://www.youtube.com/watch?v=7fKO1-hE2Wg", "date_published": "2022-01-29 00:00:00+00:00", "persistent": false, "user": null, "language": "en-US"}]