[{"source": "https://www.youtube.com/feeds/videos.xml?channel_id=UC_7PqixGIdE-jjoHKMPYpGA", "title": "[1/2] Analiza \"Ukrytych terapii\" dla WO\u015aP / zapis live", "description": "\ud83d\udc49 https://www.siepomaga.pl/unbxwosp\n\nW zamian za wp\u0142at\u0119 wysy\u0142amy model 3D miodo\u017cera. Autork\u0105 modeli jest Barbara Lemieszczuk - artystka 3D https://www.instagram.com/barbaric_concepts/\n\nLicytacja ksi\u0105\u017cki:\nhttps://allegro.pl/oferta/naukowy-belkot-ksiazka-z-notatkami-11691122386\n\nGo\u015b\u0107 specjalny:\nhttps://www.youtube.com/c/KasiaGandor\n\nBingo:\nhttps://naukowybelkot.pl/storage/app/media/JZ_Bingo.pdf\nhttps://drive.google.com/file/d/1LIGgtOkUrbB26PHbKPL3GecQZ6lr2kfd/view\n\nRegulamin:\nhttps://cutt.ly/TOdRVzq\n\nFilm Kasi:\nhttps://www.youtube.com/watch?v=7fMjE4tRdzk\n\nTED:\nhttps://www.youtube.com/watch?v=RF8eJ2iN2Rk\n\nMegadawki i Pauling:\nhttps://youtu.be/HItFOF7iSn8\n\nO publikacjach i \u017ar\u00f3d\u0142ach wiedz:\nhttps://www.youtube.com/watch?v=Avq9X0SSiLU\n\nEfekt placebo:\nhttps://www.youtube.com/watch?v=rgtPI8urtkE\nhttps://www.youtube.com/watch?v=cKvLIBoOXRY\n\nWitamina C:\nhttps://www.youtube.com/watch?v=9CS4KYxpc4g\n\nDokonamy krytycznej analizy pierwszej ksi\u0105\u017cki Jerzego Zi\u0119by zatytu\u0142owanej \"Ukryte terapie. Czego ci lekarz nie powie\". Podziel\u0119 si\u0119 wra\u017ceniami z lektury i, przede wszystkim, postaram si\u0119 merytorycznie odnie\u015b\u0107 do zawartych w niej rewelacji i twierdze\u0144.\n\nTo jak du\u017c\u0105 cz\u0119\u015b\u0107 ksi\u0105\u017cki przeanalizujemy zale\u017cy tylko od Was - od tego, jak du\u017c\u0105 kwot\u0119 zbierzemy do tej skarbonki. Ka\u017cdy kolejny pr\u00f3g b\u0119dzie \"odblokowywa\u0142\" fragment ksi\u0105\u017cki. Link do zbi\u00f3rki znajdziecie powy\u017cej!\n\n\n\n\ud83d\udc49 Patronite \u25ba https://patronite.pl/NaukowyBelkot \n\ud83d\udcda Moja ksi\u0105\u017cka \u25ba https://altenberg.pl/geny/\n\ud83d\udcda E-book \u25ba https://tinyurl.com/pnp-ebook\n\ud83c\udfa7 Mix audio \u25ba http://ratstudios.pl/", "link": "https://www.youtube.com/watch?v=3qk8Ey1caog", "date_published": "2022-01-29 00:00:00+00:00", "persistent": false, "user": null, "language": "en-US"}]