[{"source": "https://www.youtube.com/feeds/videos.xml?channel_id=UCswH8ovgUp5Bdg-0_JTYFNw", "title": "The REAL Reason They Hate Musk", "description": "As Elon Musk continues to offer clues as to a potential purchase of Twitter, what are the many protestations from the media REALLY about? \n#ElonMusk #Twitter #Musk #FreeSpeech #Censorship\n\nReferences\nhttps://www.theguardian.com/technology/2022/apr/15/twitter-poison-pill-elon-musk-takeover\nhttps://vancouversun.com/news/local-news/elon-musk-offers-to-buy-twitter-talks-about-it-at-ted-in-vancouver\nhttps://taibbi.substack.com/p/twitters-chickens-come-home-to-roost?s=r\n\nGet tickets for my 2022 tour here: http://bit.ly/33_2022\n\nJoin Our Community HERE: https://www.russellbrand.com/join \n\nTo listen, subscribe to the Luminary Channel on Apple Podcasts at apple.co/russell or on the Luminary app http://luminary.link/russell\n\nFor meditation and breath work, subscribe to my side-channel: \nhttps://www.youtube.com/c/AwakeningWithRussell\n\nMy Weekly meditation podcast, Above the Noise, is available now on Apple & Luminary\nhttp://apple.co/meditate\nhttp://luminary.link/meditate\n\nFOOTBALL IS NICE is my free, weekly, full-length podcast - subscribe here: https://www.youtube.com/c/FootballisNiceRussellBrand\n\nRumble:\nhttps://rumble.com/c/russellbrand\n\nLocals:\nhttps://russellbrand.locals.com/", "link": "https://www.youtube.com/watch?v=2Qui-0bVzrc", "date_published": "2022-04-19 00:00:00+00:00", "persistent": false, "user": null, "language": "en-US"}, {"source": "https://www.youtube.com/feeds/videos.xml?channel_id=UCswH8ovgUp5Bdg-0_JTYFNw", "title": "The Great Reset: It Begins", "description": "Klaus Schwab and the WEF tout their work in saving the world using environmental metrics called ESGs. But if companies that have good scores are actually the worst environmental violators, could it be that what the WEF are really working towards is a social credit scoring system?\n#KlausSchwab #WEF #BillGates #TheGreatReset  \n\nGet tickets for my 2022 tour here: http://bit.ly/33_2022\n\nJoin Our Community HERE: https://www.russellbrand.com/join \n\nTo listen, subscribe to the Luminary Channel on Apple Podcasts at apple.co/russell or on the Luminary app http://luminary.link/russell\n\nFor meditation and breath work, subscribe to my side-channel: \nhttps://www.youtube.com/c/AwakeningWithRussell\n\nMy Weekly meditation podcast, Above the Noise, is available now on Apple & Luminary\nhttp://apple.co/meditate\nhttp://luminary.link/meditate\n\nFOOTBALL IS NICE is my free, weekly, full-length podcast - subscribe here: https://www.youtube.com/c/FootballisNiceRussellBrand\n\nRumble:\nhttps://rumble.com/c/russellbrand\n\nLocals:\nhttps://russellbrand.locals.com/", "link": "https://www.youtube.com/watch?v=fjGYsner6oI", "date_published": "2022-04-18 00:00:00+00:00", "persistent": false, "user": null, "language": "en-US"}]