[{"source": "https://www.youtube.com/feeds/videos.xml?channel_id=UCsM-ZFKD_8vlDjfhKRNUk1A", "title": "Rita Pax - Gdyby\u015b kocha\u0142, hej! - live MUZO.FM", "description": "Rita Pax - Gdyby\u015b kocha\u0142, hej! na \u017cywo w MUZO.FM. Utw\u00f3r pochodzi z p\u0142yty Pi\u0119kno. Tribute to Breakout. Piosenka autorstwa Tadeusza Nalepy i Jacka Grania pochodzi z pierwszej p\u0142yty grupy Breakout - \u201eNa drugim brzegu t\u0119czy\u201d.\n\nSubskrybuj nasz kana\u0142: http://www.muzo.tv\nFacebook: http://www.facebook.com/MUZO.FM\nFacebook: http://www.facebook.com/MUZO.TV\nFacebook Rita Pax: http://www.facebook.com/ritapaxmusic\nInstagram Rita Pax: http://www.instagram.com/ritapax\nInstagram: http://www.instagram.com/muzofm\nTwitter: http://twitter.com/muzo_fm\nStrona: http://www.muzo.fm\n\n\nPaulina Przybysz - wokal\nKasia Piszek - instr. klawiszowe\nPawe\u0142 Zalewski - gitara\nPiotr Zalewski - gitara basowa\nJerzy Markuszewki - perkusja\nRejestracja audio - Jacek Antosik\n\n\n#popolsku", "link": "https://www.youtube.com/watch?v=jrTZ9a8r0kU", "date_published": "2022-05-26 00:00:00+00:00", "persistent": false, "user": null, "language": "en-US"}]