[{"source": "https://www.youtube.com/feeds/videos.xml?channel_id=UCmFeOdJI3IXgTBDzqBLD8qg", "title": "YouTube Won't Exist In 5 Years. Here's Why.", "description": "Download Cleanfox today:  https://app.adjust.com/s90qrxp\n@Cleanfoxapp (TikTok) #cleanfox #cleanyourmalbox #cleantok #techtok\n\nYouTube might not exist in 5 or 10 years because of a few bad decisions, here's why.\nSusan Wojcicki is ruining Youtube by some bad business decisions and selling lots of youtube's creativity for big profits at a big cost, making youtube bad and is why youtube is now trash. Here's why Youtube sucks nows, and the golden age of youtube is dead and tiktok is taking over youtube. Here's why youtube is dying. It all comes from Youtube's business strategy and business model making money from killing youtube's creativity. \n\nInspired by:\n- justmehibi's 'Susan Wojcicki is Ruining YouTube'\nhttps://www.youtube.com/watch?v=Qbok9Aju0JA\n- Jack Gordon's 'Tiktok is eating Youtube Alive'\nhttps://www.youtube.com/watch?v=q-ycCiEw8BQ&t=155s\n\n00:00 - Youtube Won't Exist In 5 Years\n01:10 - The Origins\n06:43 - Cleanfox\n08:18 - The Golden Years\n12:25 - The Turning Point\n14:38 - The Decline\n20:02 - Youtube v Tiktok\n\n\nSupport the channel here (all money goes straight back into the channel):\n\u25ba  Become a Patron:  https://www.patreon.com/MoonReal\n\u25ba Follow my Twitter: https://twitter.com/MoonRealYT", "link": "https://www.youtube.com/watch?v=QBJ9Zg_7XR8", "date_published": "2022-05-25 00:00:00+00:00", "persistent": false, "user": null, "language": "en-US"}]