[{"source": "https://tvn24.pl/najwazniejsze.xml", "title": "\"Wchodz\u0105c do wyrobiska, gdzie jest ogie\u0144, wchodzimy do lufy armatniej. Tam nie ma gdzie si\u0119 schowa\u0107\"", "description": "<img alt=\"\" src=\"https://tvn24.pl/najnowsze/cdn-zdjecie-jfjjbf-schodzimy-do-piekla-5725554/alternates/LANDSCAPE_1280\" />\n    O tym, kim s\u0105 ratownicy g\u00f3rniczy, co czuj\u0105, gdy zje\u017cd\u017caj\u0105 do akcji i jak radz\u0105 sobie z tym ich rodziny.", "link": "https://tvn24.pl/go/programy,7/tylko-w-tvn24-go-odcinki,283316/odcinek-2251,S00E2251,778990?source=rss", "date_published": "2022-05-25 02:30:00+00:00", "persistent": false, "user": null, "language": "pl-PL"}]