[{"source": "https://www.youtube.com/feeds/videos.xml?channel_id=UCNvzD7Z-g64bPXxGzaQaa4g", "title": "20 Best Single Player Games of 2000s (2000-2010)", "description": "Single player games on PC, PS2, PS3, Xbox, Xbox 360, Wii and Gamecube were some of the best. Here are a few of our favorite single-player/story games from the 2000s.\nSubscribe for more: https://www.youtube.com/gameranxTV?sub_confirmation=1", "link": "https://www.youtube.com/watch?v=D--NPA_5dVM", "date_published": "2022-04-18 00:00:00+00:00", "persistent": false, "user": null, "language": "en-US"}, {"source": "https://www.youtube.com/feeds/videos.xml?channel_id=UCNvzD7Z-g64bPXxGzaQaa4g", "title": "10 Games That Offer MANY DIFFERENT WAYS TO PLAY", "description": "Some of the best video games provide you with a bunch of completely different ways to play, from combat styles to in-game decisions. Here are some fun examples.\nSubscribe for more: https://www.youtube.com/gameranxTV?sub_confirmation=1\n\n0:00 Intro\n0:14 Devil May Cry 5\n1:25 Monster Hunter World\n2:27 Dark Souls Series + Elden Ring\n4:00 Skyrim\n5:02 Nioh Series\n5:59 Slay The Spire\n6:55 Fallout New Vegas\n7:58 Dragon\u2019s Dogma\n9:04 Warframe\n9:59 Path of Exile", "link": "https://www.youtube.com/watch?v=rOsA4zRylmA", "date_published": "2022-04-17 00:00:00+00:00", "persistent": false, "user": null, "language": "en-US"}]