[{"source": "https://www.youtube.com/feeds/videos.xml?channel_id=UCSJPFQdZwrOutnmSFYtbstA", "title": "Morbius - Yup, It's Terrible", "description": "So... Morbius was awful. But hey, at least you get to watch me tear it a new one. \n\nWant to help support this channel? \nCheck out my books on Amazon: https://www.amazon.com/Will-Jordan/e/B00BCO7SA8/ref=dp_byline_cont_pop_ebooks_1\nSubscribe on Patreon: https://www.patreon.com/TheCriticalDrinker\nSubscribe on Subscribestar: https://www.subscribestar.com/the-critical-drinker", "link": "https://www.youtube.com/watch?v=j4ru5MD2ViI", "date_published": "2022-04-18 00:00:00+00:00", "persistent": false, "user": null, "language": "en-US"}]