[{"source": "https://www.youtube.com/feeds/videos.xml?channel_id=UCTTZqMWBvLsUYqYwKTdjvkw", "title": "Jak sprzedaje si\u0119 VPNy w Internecie?", "description": "To b\u0119dzie odcinek troch\u0119 inny ni\u017c zwykle. Natkn\u0105\u0142em si\u0119 ostatnio na prac\u0119 naukow\u0105, gdzie postanowiono przyjrze\u0107 si\u0119 reklamom VPN\u00f3w. My\u015bl\u0119, \u017ce to dobra okazja, aby opowiedzie\u0107 w jaki spos\u00f3b sprzedaje si\u0119 produkty poprzez reklamy. Jakiego j\u0119zyka si\u0119 u\u017cywa? Czy stwierdzenia, kt\u00f3re tam si\u0119 znajduj\u0105 s\u0105 zgodne z prawd\u0105? A mo\u017ce du\u017co si\u0119 obiecuje, a tak naprawd\u0119 niewiele za tym idzie?\nInspirowa\u0142em si\u0119 formatem Czytamy natur\u0119 kana\u0142u @CopernicusCenter kt\u00f3ry bardzo lubi\u0119 i serdecznie polecam.\nZapraszam!\n\n\u0179r\u00f3d\u0142a:\n\ud83d\udcdd Praca badawcza o reklamowaniu VPN\u00f3w przez influencer\u00f3w na Youtube\nhttps://bit.ly/3NXGT6P\n\n\u25b6\ufe0f Materia\u0142 o zdecentralizowanym VPNie Deeper dla @centrumtestow6722 \nhttps://www.youtube.com/watch?v=8keaPBSlYhw\n\n\ud83d\udcfa Kana\u0142 @CopernicusCenter  kt\u00f3rego seria Czytamy natur\u0119 \u0141ukasza Lam\u017cy by\u0142a dla mnie inspiracj\u0105 przy tworzeniu tego odcinka\nhttps://www.youtube.com/c/CopernicuscenterEduPl\n\n\u25b6\ufe0f M\u00f3j materia\u0142 o tym, jak wybra\u0107 VPNa\nhttps://www.youtube.com/watch?v=87u0matbDPU\n\nJe\u017celi nie ufasz skracanym linkom (bardzo dobrze!) to dodaj na ich ko\u0144cu plusik \u2018+\u2019.\nW ten spos\u00f3b podejrzysz na stronie bit.ly dok\u0105d prowadz\u0105.\n\nRelevant xkcd: https://xkcd.com/341/\n\n\u00a9 Wszystkie znaki handlowe nale\u017c\u0105 do ich prawowitych w\u0142a\u015bcicieli.\n\nDzi\u0119kuj\u0119 za Wasz\u0105 uwag\u0119. \u2764\ufe0f\n\nZnajdziecie mnie r\u00f3wnie\u017c na;\nInstagramie @mateuszemsi https://www.instagram.com/mateuszemsi/\nTwitterze @MateuszChrobok https://twitter.com/MateuszChrobok\nLinkedInie @mateuszchrobok https://www.linkedin.com/in/mateuszchrobok/\nPodcasty na Anchor https://anchor.fm/mateusz-chrobok\nPodcasty na Spotify https://open.spotify.com/show/6y6oWs20HwRejktOWHTteR\nPodcast na Apple Podcasts https://podcasts.apple.com/us/podcast/mateusz-chrobok-bezpiecze%C5%84stwo-startupy-i-sztuczna-inteligencja/id1617335932 \nPatronite @MateuszChrobok https://patronite.pl/MateuszChrobok\n\n#nordvpn #wsp\u00f3\u0142praca #surfshark #cyberbezpiecze\u0144stwo\n\nRozdzia\u0142y:\n00:00 Intro\n00:47 Na\u015bladownictwo\n02:37 Metodologia\n05:55 Wnioski\n11:55 Problemy\n15:03 Case Study\n16:37 Podsumowanie\n19:03 Co Robi\u0107 i Jak \u017by\u0107?", "link": "https://www.youtube.com/watch?v=Ijdkl9GVh3c", "date_published": "2022-04-17 00:00:00+00:00", "persistent": false, "user": null, "language": "en-US"}]